{
	"effort" : [ 0.0, 0.0, 0.0, 0.0, 0.0, 0.0, 0.0 ],
	"position" : 
	[
		0.47662241200000005,
		1.76899604,
		-0.92024077599999998,
		-2.2153880000000004,
		-0.50486424800000007,
		2.6696995360000004,
		0.0688
	],
	"velocity" : [ 0.0, 0.0, 0.0, 0.0, 0.0, 0.0, 0.0 ]
}
