{
	"effort" : [ 0.0, 0.0, 0.0, 0.0, 0.0, 0.0, 0.0 ],
	"position" : 
	[
		0.464132508,
		1.554382508,
		-0.96072830000000009,
		-2.2153880000000004,
		-0.58690338000000009,
		2.5884279399999999,
		-0.0001
	],
	"velocity" : [ 0.0, 0.0, 0.0, 0.0, 0.0, 0.0, 0.0 ]
}
