{
	"effort" : [ 0.0, 0.0, 0.0, 0.0, 0.0, 0.0, 0.0 ],
	"position" : 
	[
		0.41162606800000007,
		1.8308873520000002,
		-0.89147562000000002,
		-2.2153007800000002,
		-0.42062717199999999,
		2.7177403120000001,
		0.091299999999999992
	],
	"velocity" : [ 0.0, 0.0, 0.0, 0.0, 0.0, 0.0, 0.0 ]
}
