{
	"effort" : [ 0.0, 0.0, 0.0, 0.0, 0.0, 0.0, 0.0 ],
	"position" : 
	[
		0.32105682000000002,
		1.48439718,
		-0.68715404800000013,
		-1.5161975920000001,
		-1.0094493920000001,
		1.3512820160000001,
		0.056500000000000002
	],
	"velocity" : [ 0.0, 0.0, 0.0, 0.0, 0.0, 0.0, 0.0 ]
}
