{
	"effort" : [ 0.0, 0.0, 0.0, 0.0, 0.0, 0.0, 0.0 ],
	"position" : 
	[
		0.47597698400000005,
		0.59506717200000003,
		-0.32089982400000006,
		-2.2153880000000004,
		-0.12899838,
		2.7587860440000003,
		0.0027000000000000001
	],
	"velocity" : [ 0.0, 0.0, 0.0, 0.0, 0.0, 0.0, 0.0 ]
}
