{
	"effort" : [ 0.0, 0.0, 0.0, 0.0, 0.0, 0.0, 0.0 ],
	"position" : 
	[
		0.43773973600000005,
		1.4959625519999999,
		-0.68715404800000013,
		-1.559197052,
		-1.0673111400000002,
		1.1768071280000001,
		-0.0001
	],
	"velocity" : [ 0.0, 0.0, 0.0, 0.0, 0.0, 0.0, 0.0 ]
}
