{
	"effort" : [ 0.0, 0.0, 0.0, 0.0, 0.0, 0.0, 0.0 ],
	"position" : 
	[
		0.60138190000000002,
		1.4497010640000001,
		-0.61809325200000009,
		-1.2465656840000001,
		-0.32744132400000003,
		1.1490711680000001,
		0.043800000000000006
	],
	"velocity" : [ 0.0, 0.0, 0.0, 0.0, 0.0, 0.0, 0.0 ]
}
