{
	"effort" : [ 0.0, 0.0, 0.0, 0.0, 0.0, 0.0, 0.0 ],
	"position" : 
	[
		0.47597698400000005,
		0.65352201600000004,
		-0.37769748800000003,
		-2.2153880000000004,
		-0.14574462000000002,
		2.7587860440000003,
		0.022900000000000004
	],
	"velocity" : [ 0.0, 0.0, 0.0, 0.0, 0.0, 0.0, 0.0 ]
}
