{
	"effort" : [ 0.0, 0.0, 0.0, 0.0, 0.0, 0.0, 0.0 ],
	"position" : 
	[
		0.20899656400000002,
		1.44977084,
		-0.8643676440000001,
		-2.2153880000000004,
		-0.68452000400000002,
		2.7952265600000001,
		0.048200000000000007
	],
	"velocity" : [ 0.0, 0.0, 0.0, 0.0, 0.0, 0.0, 0.0 ]
}
