{
	"effort" : [ 0.0, 0.0, 0.0, 0.0, 0.0, 0.0, 0.0 ],
	"position" : 
	[
		0.47597698400000005,
		0.726054168,
		-0.39665911600000003,
		-2.2153880000000004,
		-0.15118714799999999,
		2.8143975160000001,
		0.047200000000000006
	],
	"velocity" : [ 0.0, 0.0, 0.0, 0.0, 0.0, 0.0, 0.0 ]
}
