{
	"effort" : [ 0.0, 0.0, 0.0, 0.0, 0.0, 0.0, 0.0 ],
	"position" : 
	[
		0.34589707600000003,
		1.7378236120000001,
		-0.92024077599999998,
		-2.2153880000000004,
		-0.6565398280000001,
		2.5630120320000001,
		0.0688
	],
	"velocity" : [ 0.0, 0.0, 0.0, 0.0, 0.0, 0.0, 0.0 ]
}
