{
	"effort" : [ 0.0, 0.0, 0.0, 0.0, 0.0, 0.0, 0.0 ],
	"position" : 
	[
		0.41131207600000003,
		1.828584744,
		-0.89147562000000002,
		-2.2153007800000002,
		-0.431163348,
		2.7046573120000001,
		0.091299999999999992
	],
	"velocity" : [ 0.0, 0.0, 0.0, 0.0, 0.0, 0.0, 0.0 ]
}
