{
	"effort" : [ 0.0, 0.0, 0.0, 0.0, 0.0, 0.0, 0.0 ],
	"position" : 
	[
		0.50636443200000003,
		1.7604484800000002,
		-0.93539961199999999,
		-2.2127888440000003,
		-0.363934172,
		2.715350484,
		0.0688
	],
	"velocity" : [ 0.0, 0.0, 0.0, 0.0, 0.0, 0.0, 0.0 ]
}
