{
	"effort" : [ 0.0, 0.0, 0.0, 0.0, 0.0, 0.0, 0.0 ],
	"position" : 
	[
		0.29698409999999997,
		1.4959625519999999,
		-0.68715404800000013,
		-1.6380439320000002,
		-1.14528582,
		1.225911988,
		-0.0001
	],
	"velocity" : [ 0.0, 0.0, 0.0, 0.0, 0.0, 0.0, 0.0 ]
}
