{
	"effort" : [ 0.0, 0.0, 0.0, 0.0, 0.0, 0.0, 0.0 ],
	"position" : 
	[
		0.51138830400000002,
		1.48439718,
		-0.61863401600000001,
		-1.503812352,
		-0.88608542400000001,
		1.3050030840000002,
		0.011200000000000002
	],
	"velocity" : [ 0.0, 0.0, 0.0, 0.0, 0.0, 0.0, 0.0 ]
}
