{
	"effort" : [ 0.0, 0.0, 0.0, 0.0, 0.0, 0.0, 0.0 ],
	"position" : 
	[
		0.19582634400000004,
		1.4959625519999999,
		-0.80169135200000008,
		-1.8497966480000001,
		-1.3335938000000001,
		1.3189757280000001,
		0.060400000000000002
	],
	"velocity" : [ 0.0, 0.0, 0.0, 0.0, 0.0, 0.0, 0.0 ]
}
