{
	"effort" : [ 0.0, 0.0, 0.0, 0.0, 0.0, 0.0, 0.0 ],
	"position" : 
	[
		0.41162606800000007,
		1.8451914320000002,
		-0.89147562000000002,
		-2.2153007800000002,
		-0.405416004,
		2.7220315360000003,
		0.091299999999999992
	],
	"velocity" : [ 0.0, 0.0, 0.0, 0.0, 0.0, 0.0, 0.0 ]
}
