{
	"effort" : [ 0.0, 0.0, 0.0, 0.0, 0.0, 0.0, 0.0 ],
	"position" : 
	[
		0.23620920400000003,
		1.3596900240000001,
		-0.79837699200000012,
		-2.2153880000000004,
		-0.58962464400000003,
		2.8036345680000005,
		0.048200000000000007
	],
	"velocity" : [ 0.0, 0.0, 0.0, 0.0, 0.0, 0.0, 0.0 ]
}
