{
	"effort" : [ 0.0, 0.0, 0.0, 0.0, 0.0, 0.0, 0.0 ],
	"position" : 
	[
		0.41453921600000004,
		1.9034195040000002,
		-0.92200261999999999,
		-2.2129632840000002,
		-0.32934271999999998,
		2.6855212440000003,
		0.010400000000000001
	],
	"velocity" : [ 0.0, 0.0, 0.0, 0.0, 0.0, 0.0, 0.0 ]
}
