{
	"effort" : [ 0.0, 0.0, 0.0, 0.0, 0.0, 0.0, 0.0 ],
	"position" : 
	[
		0.39624046000000002,
		1.5408459640000001,
		-0.96072830000000009,
		-2.2153880000000004,
		-0.80135991600000001,
		2.4812520040000003,
		0.060400000000000002
	],
	"velocity" : [ 0.0, 0.0, 0.0, 0.0, 0.0, 0.0, 0.0 ]
}
