{
	"effort" : [ 0.0, 0.0, 0.0, 0.0, 0.0, 0.0, 0.0 ],
	"position" : 
	[
		0.26516624400000005,
		1.5142613080000003,
		-0.848807596,
		-2.2153880000000004,
		-0.58704293200000002,
		2.7557159000000002,
		0.074800000000000005
	],
	"velocity" : [ 0.0, 0.0, 0.0, 0.0, 0.0, 0.0, 0.0 ]
}
