{
	"effort" : [ 0.0, 0.0, 0.0, 0.0, 0.0, 0.0, 0.0 ],
	"position" : 
	[
		0.20617063600000002,
		1.4795303040000001,
		-0.87846239600000009,
		-2.2153880000000004,
		-0.69193370399999998,
		2.7600420120000004,
		0.048200000000000007
	],
	"velocity" : [ 0.0, 0.0, 0.0, 0.0, 0.0, 0.0, 0.0 ]
}
