{
	"effort" : [ 0.0, 0.0, 0.0, 0.0, 0.0, 0.0, 0.0 ],
	"position" : 
	[
		0.34280948800000005,
		1.7712812040000001,
		-0.84078335599999998,
		-2.2153007800000002,
		-0.45063085200000003,
		2.6231415,
		0.091299999999999992
	],
	"velocity" : [ 0.0, 0.0, 0.0, 0.0, 0.0, 0.0, 0.0 ]
}
