{
	"effort" : [ 0.0, 0.0, 0.0, 0.0, 0.0, 0.0, 0.0 ],
	"position" : 
	[
		0.43327407200000007,
		1.0283238000000001,
		-0.49401408000000002,
		-2.2153880000000004,
		-0.22832451600000003,
		2.8239917160000005,
		0.048200000000000007
	],
	"velocity" : [ 0.0, 0.0, 0.0, 0.0, 0.0, 0.0, 0.0 ]
}
