{
	"effort" : [ 0.0, 0.0, 0.0, 0.0, 0.0, 0.0, 0.0 ],
	"position" : 
	[
		0.20617063600000002,
		1.4760415040000001,
		-0.87621212000000004,
		-2.2153880000000004,
		-0.69193370399999998,
		2.768694236,
		0.048200000000000007
	],
	"velocity" : [ 0.0, 0.0, 0.0, 0.0, 0.0, 0.0, 0.0 ]
}
