{
	"effort" : [ 0.0, 0.0, 0.0, 0.0, 0.0, 0.0, 0.0 ],
	"position" : 
	[
		0.208560464,
		1.5086617840000003,
		-0.86605971200000009,
		-2.2153880000000004,
		-0.59419497200000004,
		2.6455047080000003,
		0.048200000000000007
	],
	"velocity" : [ 0.0, 0.0, 0.0, 0.0, 0.0, 0.0, 0.0 ]
}
