{
	"effort" : [ 0.0, 0.0, 0.0, 0.0, 0.0, 0.0, 0.0 ],
	"position" : 
	[
		0.23235408000000002,
		1.5086617840000003,
		-0.848807596,
		-2.2153880000000004,
		-0.60438226800000006,
		2.737364812,
		0.072700000000000001
	],
	"velocity" : [ 0.0, 0.0, 0.0, 0.0, 0.0, 0.0, 0.0 ]
}
