{
	"effort" : [ 0.0, 0.0, 0.0, 0.0, 0.0, 0.0, 0.0 ],
	"position" : 
	[
		0.60337051600000002,
		0.62978073200000007,
		-0.38272136000000007,
		-1.3608064400000002,
		-0.14952996799999999,
		1.2482054200000001,
		0.041300000000000003
	],
	"velocity" : [ 0.0, 0.0, 0.0, 0.0, 0.0, 0.0, 0.0 ]
}
