{
	"effort" : [ 0.0, 0.0, 0.0, 0.0, 0.0, 0.0, 0.0 ],
	"position" : 
	[
		0.26185188399999998,
		1.5123075799999999,
		-0.848807596,
		-2.2153880000000004,
		-0.5893106520000001,
		2.7525062040000003,
		0.074800000000000005
	],
	"velocity" : [ 0.0, 0.0, 0.0, 0.0, 0.0, 0.0, 0.0 ]
}
