{
	"effort" : [ 0.0, 0.0, 0.0, 0.0, 0.0, 0.0, 0.0 ],
	"position" : 
	[
		0.28695379999999998,
		1.6895735080000001,
		-0.92024077599999998,
		-2.2153880000000004,
		-0.66732022000000013,
		2.5293625560000002,
		0.0688
	],
	"velocity" : [ 0.0, 0.0, 0.0, 0.0, 0.0, 0.0, 0.0 ]
}
