{
	"effort" : [ 0.0, 0.0, 0.0, 0.0, 0.0, 0.0, 0.0 ],
	"position" : 
	[
		0.41823734400000001,
		1.6129769039999999,
		-0.96072830000000009,
		-2.2128935080000001,
		-0.47004602400000006,
		2.6375327999999998,
		-0.0001
	],
	"velocity" : [ 0.0, 0.0, 0.0, 0.0, 0.0, 0.0, 0.0 ]
}
