{
	"effort" : [ 0.0, 0.0, 0.0, 0.0, 0.0, 0.0, 0.0 ],
	"position" : 
	[
		0.38127350800000004,
		1.48439718,
		-0.62285546400000014,
		-1.508417568,
		-1.0397670640000001,
		1.3581898400000001,
		0.046100000000000002
	],
	"velocity" : [ 0.0, 0.0, 0.0, 0.0, 0.0, 0.0, 0.0 ]
}
