{
	"effort" : [ 0.0, 0.0, 0.0, 0.0, 0.0, 0.0, 0.0 ],
	"position" : 
	[
		0.28257535600000006,
		1.68744534,
		-0.90668678800000002,
		-2.2153880000000004,
		-0.62384977200000002,
		2.5270250600000002,
		0.0688
	],
	"velocity" : [ 0.0, 0.0, 0.0, 0.0, 0.0, 0.0, 0.0 ]
}
