{
	"effort" : [ 0.0, 0.0, 0.0, 0.0, 0.0, 0.0, 0.0 ],
	"position" : 
	[
		0.048773424000000003,
		1.4984047120000001,
		-0.96072830000000009,
		-1.9146011080000003,
		-1.1770513440000001,
		2.2414842240000001,
		0.060400000000000002
	],
	"velocity" : [ 0.0, 0.0, 0.0, 0.0, 0.0, 0.0, 0.0 ]
}
