{
	"effort" : [ 0.0, 0.0, 0.0, 0.0, 0.0, 0.0, 0.0 ],
	"position" : 
	[
		0.39334475600000002,
		1.6832064480000002,
		-0.92196773200000004,
		-2.2153880000000004,
		-0.47264518,
		2.6325089280000005,
		0.0688
	],
	"velocity" : [ 0.0, 0.0, 0.0, 0.0, 0.0, 0.0, 0.0 ]
}
