{
	"effort" : [ 0.0, 0.0, 0.0, 0.0, 0.0, 0.0, 0.0 ],
	"position" : 
	[
		0.072096052000000008,
		1.4959625519999999,
		-0.92038032800000003,
		-1.8751078919999999,
		-1.4609350000000001,
		1.5322286280000001,
		0.060400000000000002
	],
	"velocity" : [ 0.0, 0.0, 0.0, 0.0, 0.0, 0.0, 0.0 ]
}
