{
	"effort" : [ 0.0, 0.0, 0.0, 0.0, 0.0, 0.0, 0.0 ],
	"position" : 
	[
		0.49725866400000002,
		1.7545698520000002,
		-0.92789869199999997,
		-2.2127888440000003,
		-0.37283061200000006,
		2.715350484,
		0.0688
	],
	"velocity" : [ 0.0, 0.0, 0.0, 0.0, 0.0, 0.0, 0.0 ]
}
