{
	"effort" : [ 0.0, 0.0, 0.0, 0.0, 0.0, 0.0, 0.0 ],
	"position" : 
	[
		0.40590443599999998,
		1.6913527960000001,
		-0.92196773200000004,
		-2.2153880000000004,
		-0.46383596000000005,
		2.6449988319999997,
		0.0688
	],
	"velocity" : [ 0.0, 0.0, 0.0, 0.0, 0.0, 0.0, 0.0 ]
}
