{
	"effort" : [ 0.0, 0.0, 0.0, 0.0, 0.0, 0.0, 0.0 ],
	"position" : 
	[
		0.34799035600000006,
		1.7766888440000002,
		-0.843016188,
		-2.2153007800000002,
		-0.44777003600000004,
		2.6231415,
		0.091299999999999992
	],
	"velocity" : [ 0.0, 0.0, 0.0, 0.0, 0.0, 0.0, 0.0 ]
}
