{
	"effort" : [ 0.0, 0.0, 0.0, 0.0, 0.0, 0.0, 0.0 ],
	"position" : 
	[
		0.35346777200000007,
		1.4885488520000001,
		-0.68715404800000013,
		-1.5291759280000001,
		-1.0034312120000002,
		1.3002234280000002,
		0.040700000000000007
	],
	"velocity" : [ 0.0, 0.0, 0.0, 0.0, 0.0, 0.0, 0.0 ]
}
