{
	"effort" : [ 0.0, 0.0, 0.0, 0.0, 0.0, 0.0, 0.0 ],
	"position" : 
	[
		0.32979626400000001,
		1.7505402880000003,
		-0.83896917999999998,
		-2.2153007800000002,
		-0.46430694800000005,
		2.6184141760000004,
		0.091299999999999992
	],
	"velocity" : [ 0.0, 0.0, 0.0, 0.0, 0.0, 0.0, 0.0 ]
}
