{
	"effort" : [ 0.0, 0.0, 0.0, 0.0, 0.0, 0.0, 0.0 ],
	"position" : 
	[
		0.47105777600000004,
		1.7373002920000002,
		-0.92196773200000004,
		-2.2153880000000004,
		-0.40386348800000005,
		2.7102742800000001,
		0.0688
	],
	"velocity" : [ 0.0, 0.0, 0.0, 0.0, 0.0, 0.0, 0.0 ]
}
