{
	"effort" : [ 0.0, 0.0, 0.0, 0.0, 0.0, 0.0, 0.0 ],
	"position" : 
	[
		0.39318776,
		1.0976288120000002,
		-0.54775904400000008,
		-2.2153880000000004,
		-0.28752945200000002,
		2.8221252080000006,
		0.048200000000000007
	],
	"velocity" : [ 0.0, 0.0, 0.0, 0.0, 0.0, 0.0, 0.0 ]
}
