{
	"effort" : [ 0.0, 0.0, 0.0, 0.0, 0.0, 0.0, 0.0 ],
	"position" : 
	[
		0.39763598000000006,
		1.0905988800000002,
		-0.54198508000000001,
		-2.2153880000000004,
		-0.28111005999999999,
		2.8221252080000006,
		0.048200000000000007
	],
	"velocity" : [ 0.0, 0.0, 0.0, 0.0, 0.0, 0.0, 0.0 ]
}
