{
	"effort" : [ 0.0, 0.0, 0.0, 0.0, 0.0, 0.0, 0.0 ],
	"position" : 
	[
		0.47597698400000005,
		0.29408839600000003,
		-0.13773782400000001,
		-2.2118468680000003,
		0.10347780800000002,
		2.7570939760000002,
		-0.0001
	],
	"velocity" : [ 0.0, 0.0, 0.0, 0.0, 0.0, 0.0, 0.0 ]
}
