{
	"effort" : [ 0.0, 0.0, 0.0, 0.0, 0.0, 0.0, 0.0 ],
	"position" : 
	[
		0.35812532000000002,
		1.7434754680000002,
		-0.92024077599999998,
		-2.2153880000000004,
		-0.64127632800000001,
		2.5658728480000006,
		0.0688
	],
	"velocity" : [ 0.0, 0.0, 0.0, 0.0, 0.0, 0.0, 0.0 ]
}
