{
	"effort" : [ 0.0, 0.0, 0.0, 0.0, 0.0, 0.0, 0.0 ],
	"position" : 
	[
		0.60146911999999997,
		1.48439718,
		-0.58275170799999998,
		-1.3981017120000001,
		-0.55464942400000006,
		1.2469494520000002,
		0.0111
	],
	"velocity" : [ 0.0, 0.0, 0.0, 0.0, 0.0, 0.0, 0.0 ]
}
