{
	"effort" : [ 0.0, 0.0, 0.0, 0.0, 0.0, 0.0, 0.0 ],
	"position" : 
	[
		0.37434824000000005,
		1.66616366,
		-0.92444477999999997,
		-2.2153880000000004,
		-0.50805650000000002,
		2.6026796880000003,
		0.0688
	],
	"velocity" : [ 0.0, 0.0, 0.0, 0.0, 0.0, 0.0, 0.0 ]
}
