{
	"effort" : [ 0.0, 0.0, 0.0, 0.0, 0.0, 0.0, 0.0 ],
	"position" : 
	[
		0.47597698400000005,
		0.66493039200000004,
		-0.38266902800000002,
		-2.2153880000000004,
		-0.14574462000000002,
		2.7587860440000003,
		0.0286
	],
	"velocity" : [ 0.0, 0.0, 0.0, 0.0, 0.0, 0.0, 0.0 ]
}
