{
	"effort" : [ 0.0, 0.0, 0.0, 0.0, 0.0, 0.0, 0.0 ],
	"position" : 
	[
		0.60337051600000002,
		0.56881395199999996,
		-0.32028928400000001,
		-1.3608064400000002,
		-0.10839701600000001,
		1.2482054200000001,
		0.027900000000000001
	],
	"velocity" : [ 0.0, 0.0, 0.0, 0.0, 0.0, 0.0, 0.0 ]
}
