{
	"effort" : [ 0.0, 0.0, 0.0, 0.0, 0.0, 0.0, 0.0 ],
	"position" : 
	[
		0.031172428000000002,
		1.4984047120000001,
		-0.96072830000000009,
		-2.060502724,
		-1.1248588959999999,
		2.3661041599999999,
		0.060400000000000002
	],
	"velocity" : [ 0.0, 0.0, 0.0, 0.0, 0.0, 0.0, 0.0 ]
}
