{
	"effort" : [ 0.0, 0.0, 0.0, 0.0, 0.0, 0.0, 0.0 ],
	"position" : 
	[
		0.59946306000000005,
		1.48439718,
		-0.58275170799999998,
		-1.429396248,
		-0.712011748,
		1.2683357960000001,
		0.011200000000000002
	],
	"velocity" : [ 0.0, 0.0, 0.0, 0.0, 0.0, 0.0, 0.0 ]
}
