{
	"effort" : [ 0.0, 0.0, 0.0, 0.0, 0.0, 0.0, 0.0 ],
	"position" : 
	[
		0.47597698400000005,
		0.077939792000000008,
		-0.064682352000000012,
		-2.2118468680000003,
		0.13641208000000002,
		2.7381149040000001,
		-0.0001
	],
	"velocity" : [ 0.0, 0.0, 0.0, 0.0, 0.0, 0.0, 0.0 ]
}
