{
	"effort" : [ 0.0, 0.0, 0.0, 0.0, 0.0, 0.0, 0.0 ],
	"position" : 
	[
		0.47444191200000002,
		1.739184244,
		-0.92414823200000007,
		-2.2153880000000004,
		-0.40060146000000002,
		2.7132048720000004,
		0.0688
	],
	"velocity" : [ 0.0, 0.0, 0.0, 0.0, 0.0, 0.0, 0.0 ]
}
