{
	"effort" : [ 0.0, 0.0, 0.0, 0.0, 0.0, 0.0, 0.0 ],
	"position" : 
	[
		0.28257535600000006,
		1.68744534,
		-0.88434102400000003,
		-2.2153880000000004,
		-0.59712556400000005,
		2.5270250600000002,
		0.070699999999999999
	],
	"velocity" : [ 0.0, 0.0, 0.0, 0.0, 0.0, 0.0, 0.0 ]
}
