{
	"effort" : [ 0.0, 0.0, 0.0, 0.0, 0.0, 0.0, 0.0 ],
	"position" : 
	[
		0.25560693200000001,
		1.5123075799999999,
		-0.848807596,
		-2.2153880000000004,
		-0.59210169199999996,
		2.7458774840000002,
		0.074700000000000003
	],
	"velocity" : [ 0.0, 0.0, 0.0, 0.0, 0.0, 0.0, 0.0 ]
}
