{
	"effort" : [ 0.0, 0.0, 0.0, 0.0, 0.0, 0.0, 0.0 ],
	"position" : 
	[
		0.45773056000000001,
		1.48439718,
		-0.62285546400000014,
		-1.5066208360000002,
		-0.94300519599999999,
		1.3370651560000002,
		0.018200000000000001
	],
	"velocity" : [ 0.0, 0.0, 0.0, 0.0, 0.0, 0.0, 0.0 ]
}
