{
	"effort" : [ 0.0, 0.0, 0.0, 0.0, 0.0, 0.0, 0.0 ],
	"position" : 
	[
		0.058228072000000006,
		1.4984047120000001,
		-0.94555202000000005,
		-1.8749683400000001,
		-1.4148653959999999,
		1.5818219200000003,
		0.060400000000000002
	],
	"velocity" : [ 0.0, 0.0, 0.0, 0.0, 0.0, 0.0, 0.0 ]
}
