{
	"effort" : [ 0.0, 0.0, 0.0, 0.0, 0.0, 0.0, 0.0 ],
	"position" : 
	[
		0.34945565200000006,
		1.7790437840000002,
		-0.843016188,
		-2.2153007800000002,
		-0.44834568800000008,
		2.6231415,
		0.091299999999999992
	],
	"velocity" : [ 0.0, 0.0, 0.0, 0.0, 0.0, 0.0, 0.0 ]
}
