{
	"effort" : [ 0.0, 0.0, 0.0, 0.0, 0.0, 0.0, 0.0 ],
	"position" : 
	[
		0.30987521600000001,
		1.48439718,
		-0.67077413200000013,
		-1.5161975920000001,
		-1.061502288,
		1.3667548440000001,
		0.062899999999999998
	],
	"velocity" : [ 0.0, 0.0, 0.0, 0.0, 0.0, 0.0, 0.0 ]
}
