{
	"effort" : [ 0.0, 0.0, 0.0, 0.0, 0.0, 0.0, 0.0 ],
	"position" : 
	[
		0.40368904799999999,
		1.764687372,
		-0.92024077599999998,
		-2.2153880000000004,
		-0.55902786800000004,
		2.6044938640000002,
		0.0688
	],
	"velocity" : [ 0.0, 0.0, 0.0, 0.0, 0.0, 0.0, 0.0 ]
}
