{
	"effort" : [ 0.0, 0.0, 0.0, 0.0, 0.0, 0.0, 0.0 ],
	"position" : 
	[
		0.41298670000000004,
		1.4959625519999999,
		-0.68715404800000013,
		-1.5762398400000002,
		-1.0882090520000001,
		1.215044376,
		-0.0001
	],
	"velocity" : [ 0.0, 0.0, 0.0, 0.0, 0.0, 0.0, 0.0 ]
}
