{
	"effort" : [ 0.0, 0.0, 0.0, 0.0, 0.0, 0.0, 0.0 ],
	"position" : 
	[
		0.47597698400000005,
		0.013728428000000001,
		-0.037504599999999999,
		-2.2153880000000004,
		0.13641208000000002,
		2.7358995160000004,
		-0.0001
	],
	"velocity" : [ 0.0, 0.0, 0.0, 0.0, 0.0, 0.0, 0.0 ]
}
