{
	"effort" : [ 0.0, 0.0, 0.0, 0.0, 0.0, 0.0, 0.0 ],
	"position" : 
	[
		0.060809784000000006,
		1.4984047120000001,
		-0.93419597600000015,
		-1.8751078919999999,
		-1.458213736,
		1.5528125480000001,
		0.060400000000000002
	],
	"velocity" : [ 0.0, 0.0, 0.0, 0.0, 0.0, 0.0, 0.0 ]
}
