{
	"effort" : [ 0.0, 0.0, 0.0, 0.0, 0.0, 0.0, 0.0 ],
	"position" : 
	[
		0.46280676400000004,
		1.48439718,
		-0.62285546400000014,
		-1.5066208360000002,
		-0.94075492000000005,
		1.3326867120000001,
		0.017299999999999999
	],
	"velocity" : [ 0.0, 0.0, 0.0, 0.0, 0.0, 0.0, 0.0 ]
}
