{
	"effort" : [ 0.0, 0.0, 0.0, 0.0, 0.0, 0.0, 0.0 ],
	"position" : 
	[
		0.41823734400000001,
		1.6834855520000001,
		-0.96072830000000009,
		-2.2148297920000002,
		-0.42280767200000002,
		2.6375327999999998,
		-0.0001
	],
	"velocity" : [ 0.0, 0.0, 0.0, 0.0, 0.0, 0.0, 0.0 ]
}
