{
	"effort" : [ 0.0, 0.0, 0.0, 0.0, 0.0, 0.0, 0.0 ],
	"position" : 
	[
		0.42929684000000001,
		1.4959625519999999,
		-0.68715404800000013,
		-1.55940638,
		-1.0795742720000001,
		1.1897156879999999,
		-0.0001
	],
	"velocity" : [ 0.0, 0.0, 0.0, 0.0, 0.0, 0.0, 0.0 ]
}
