{
	"effort" : [ 0.0, 0.0, 0.0, 0.0, 0.0, 0.0, 0.0 ],
	"position" : 
	[
		0.41162606800000007,
		1.8347075880000003,
		-0.89147562000000002,
		-2.2153007800000002,
		-0.41214938800000001,
		2.7220315360000003,
		0.091299999999999992
	],
	"velocity" : [ 0.0, 0.0, 0.0, 0.0, 0.0, 0.0, 0.0 ]
}
