{
	"effort" : [ 0.0, 0.0, 0.0, 0.0, 0.0, 0.0, 0.0 ],
	"position" : 
	[
		0.32939505200000002,
		1.532874056,
		-0.96072830000000009,
		-2.2153880000000004,
		-0.89009754400000007,
		2.4833103960000003,
		0.060400000000000002
	],
	"velocity" : [ 0.0, 0.0, 0.0, 0.0, 0.0, 0.0, 0.0 ]
}
