{
	"effort" : [ 0.0, 0.0, 0.0, 0.0, 0.0, 0.0, 0.0 ],
	"position" : 
	[
		0.32536548800000004,
		1.6994817,
		-0.83896917999999998,
		-2.2153880000000004,
		-0.49260111600000006,
		2.5605698720000003,
		0.08320000000000001
	],
	"velocity" : [ 0.0, 0.0, 0.0, 0.0, 0.0, 0.0, 0.0 ]
}
