{
	"effort" : [ 0.0, 0.0, 0.0, 0.0, 0.0, 0.0, 0.0 ],
	"position" : 
	[
		0.47597698400000005,
		0.68593296800000014,
		-0.39030950000000003,
		-2.2153880000000004,
		-0.14574462000000002,
		2.7653101000000002,
		0.037200000000000004
	],
	"velocity" : [ 0.0, 0.0, 0.0, 0.0, 0.0, 0.0, 0.0 ]
}
