{
	"effort" : [ 0.0, 0.0, 0.0, 0.0, 0.0, 0.0, 0.0 ],
	"position" : 
	[
		0.28257535600000006,
		1.68744534,
		-0.86977528400000004,
		-2.2153880000000004,
		-0.58240282800000009,
		2.5270250600000002,
		0.072400000000000006
	],
	"velocity" : [ 0.0, 0.0, 0.0, 0.0, 0.0, 0.0, 0.0 ]
}
