{
	"effort" : [ 0.0, 0.0, 0.0, 0.0, 0.0, 0.0, 0.0 ],
	"position" : 
	[
		0.60146911999999997,
		1.4710350759999999,
		-0.58275170799999998,
		-1.24428052,
		-0.47695384800000001,
		1.1143052760000001,
		-0.0001
	],
	"velocity" : [ 0.0, 0.0, 0.0, 0.0, 0.0, 0.0, 0.0 ]
}
