{
	"effort" : [ 0.0, 0.0, 0.0, 0.0, 0.0, 0.0, 0.0 ],
	"position" : 
	[
		0.22157368800000002,
		1.5086617840000003,
		-0.84849360400000007,
		-2.2153880000000004,
		-0.60567312399999995,
		2.737364812,
		0.069800000000000001
	],
	"velocity" : [ 0.0, 0.0, 0.0, 0.0, 0.0, 0.0, 0.0 ]
}
