{
	"effort" : [ 0.0, 0.0, 0.0, 0.0, 0.0, 0.0, 0.0 ],
	"position" : 
	[
		0.45288112800000002,
		1.48439718,
		-0.62285546400000014,
		-1.5066208360000002,
		-0.94560435200000004,
		1.33917588,
		0.018800000000000001
	],
	"velocity" : [ 0.0, 0.0, 0.0, 0.0, 0.0, 0.0, 0.0 ]
}
