{
	"effort" : [ 0.0, 0.0, 0.0, 0.0, 0.0, 0.0, 0.0 ],
	"position" : 
	[
		0.36437027200000005,
		1.7967320000000002,
		-0.85416290400000006,
		-2.2153007800000002,
		-0.44890389600000008,
		2.6231415,
		0.091299999999999992
	],
	"velocity" : [ 0.0, 0.0, 0.0, 0.0, 0.0, 0.0, 0.0 ]
}
