{
	"effort" : [ 0.0, 0.0, 0.0, 0.0, 0.0, 0.0, 0.0 ],
	"position" : 
	[
		0.38300046400000004,
		1.48439718,
		-0.62285546400000014,
		-1.5066208360000002,
		-1.0328941280000001,
		1.3581898400000001,
		0.044700000000000004
	],
	"velocity" : [ 0.0, 0.0, 0.0, 0.0, 0.0, 0.0, 0.0 ]
}
