{
	"effort" : [ 0.0, 0.0, 0.0, 0.0, 0.0, 0.0, 0.0 ],
	"position" : 
	[
		0.41162606800000007,
		1.87034568,
		-0.89147562000000002,
		-2.2153007800000002,
		-0.39957226400000001,
		2.7040467720000003,
		0.091299999999999992
	],
	"velocity" : [ 0.0, 0.0, 0.0, 0.0, 0.0, 0.0, 0.0 ]
}
