{
	"effort" : [ 0.0, 0.0, 0.0, 0.0, 0.0, 0.0, 0.0 ],
	"position" : 
	[
		0.49540960000000001,
		1.48439718,
		-0.62285546400000014,
		-1.5066208360000002,
		-0.90832652400000002,
		1.3077417920000001,
		0.0123
	],
	"velocity" : [ 0.0, 0.0, 0.0, 0.0, 0.0, 0.0, 0.0 ]
}
