{
	"effort" : [ 0.0, 0.0, 0.0, 0.0, 0.0, 0.0, 0.0 ],
	"position" : 
	[
		0.44018189600000007,
		1.0148395880000001,
		-0.48468154000000002,
		-2.2153880000000004,
		-0.21691614000000004,
		2.8239917160000005,
		0.048200000000000007
	],
	"velocity" : [ 0.0, 0.0, 0.0, 0.0, 0.0, 0.0, 0.0 ]
}
