{
	"effort" : [ 0.0, 0.0, 0.0, 0.0, 0.0, 0.0, 0.0 ],
	"position" : 
	[
		0.60146911999999997,
		1.48439718,
		-0.58275170799999998,
		-1.3582072840000001,
		-0.55464942400000006,
		1.2322790480000001,
		0.0070000000000000001
	],
	"velocity" : [ 0.0, 0.0, 0.0, 0.0, 0.0, 0.0, 0.0 ]
}
