{
	"effort" : [ 0.0, 0.0, 0.0, 0.0, 0.0, 0.0, 0.0 ],
	"position" : 
	[
		0.29152412799999999,
		1.68744534,
		-0.84884248400000006,
		-2.2153880000000004,
		-0.55700436400000009,
		2.5270250600000002,
		0.073100000000000012
	],
	"velocity" : [ 0.0, 0.0, 0.0, 0.0, 0.0, 0.0, 0.0 ]
}
