{
	"effort" : [ 0.0, 0.0, 0.0, 0.0, 0.0, 0.0, 0.0 ],
	"position" : 
	[
		0.39938038000000003,
		1.8209966040000003,
		-0.88045101200000009,
		-2.2153007800000002,
		-0.44890389600000008,
		2.6641523440000001,
		0.091299999999999992
	],
	"velocity" : [ 0.0, 0.0, 0.0, 0.0, 0.0, 0.0, 0.0 ]
}
