{
	"effort" : [ 0.0, 0.0, 0.0, 0.0, 0.0, 0.0, 0.0 ],
	"position" : 
	[
		0.38706491600000004,
		1.48439718,
		-0.62285546400000014,
		-1.5066208360000002,
		-1.0305740760000002,
		1.3581898400000001,
		0.043200000000000002
	],
	"velocity" : [ 0.0, 0.0, 0.0, 0.0, 0.0, 0.0, 0.0 ]
}
