{
	"effort" : [ 0.0, 0.0, 0.0, 0.0, 0.0, 0.0, 0.0 ],
	"position" : 
	[
		0.60337051600000002,
		0.58934553999999995,
		-0.34338513999999998,
		-1.3608064400000002,
		-0.12364307200000001,
		1.2482054200000001,
		0.033799999999999997
	],
	"velocity" : [ 0.0, 0.0, 0.0, 0.0, 0.0, 0.0, 0.0 ]
}
