{
	"effort" : [ 0.0, 0.0, 0.0, 0.0, 0.0, 0.0, 0.0 ],
	"position" : 
	[
		0.41453921600000004,
		1.9034195040000002,
		-0.89147562000000002,
		-2.2153007800000002,
		-0.36105591200000003,
		2.6855212440000003,
		0.019199999999999998
	],
	"velocity" : [ 0.0, 0.0, 0.0, 0.0, 0.0, 0.0, 0.0 ]
}
