{
	"effort" : [ 0.0, 0.0, 0.0, 0.0, 0.0, 0.0, 0.0 ],
	"position" : 
	[
		0.56595313600000008,
		1.48439718,
		-0.58810701600000004,
		-1.4841529640000002,
		-0.74105600800000004,
		1.300816524,
		0.011200000000000002
	],
	"velocity" : [ 0.0, 0.0, 0.0, 0.0, 0.0, 0.0, 0.0 ]
}
