{
	"effort" : [ 0.0, 0.0, 0.0, 0.0, 0.0, 0.0, 0.0 ],
	"position" : 
	[
		0.45148560800000004,
		1.4959625519999999,
		-0.68715404800000013,
		-1.559197052,
		-1.0015123720000001,
		1.1658348520000001,
		0.0001
	],
	"velocity" : [ 0.0, 0.0, 0.0, 0.0, 0.0, 0.0, 0.0 ]
}
