{
	"effort" : [ 0.0, 0.0, 0.0, 0.0, 0.0, 0.0, 0.0 ],
	"position" : 
	[
		0.048965307999999999,
		1.4984047120000001,
		-0.96072830000000009,
		-1.9010645640000001,
		-1.1898029079999999,
		2.2311573760000001,
		0.060400000000000002
	],
	"velocity" : [ 0.0, 0.0, 0.0, 0.0, 0.0, 0.0, 0.0 ]
}
