{
	"effort" : [ 0.0, 0.0, 0.0, 0.0, 0.0, 0.0, 0.0 ],
	"position" : 
	[
		0.40576488399999999,
		1.4959625519999999,
		-0.68715404800000013,
		-1.553231204,
		-1.0034312120000002,
		1.1973736040000003,
		0.015800000000000002
	],
	"velocity" : [ 0.0, 0.0, 0.0, 0.0, 0.0, 0.0, 0.0 ]
}
