{
	"effort" : [ 0.0, 0.0, 0.0, 0.0, 0.0, 0.0, 0.0 ],
	"position" : 
	[
		0.37309227200000006,
		1.8032211680000001,
		-0.85625618400000003,
		-2.2153007800000002,
		-0.44890389600000008,
		2.6253568880000002,
		0.091299999999999992
	],
	"velocity" : [ 0.0, 0.0, 0.0, 0.0, 0.0, 0.0, 0.0 ]
}
