{
	"effort" : [ 0.0, 0.0, 0.0, 0.0, 0.0, 0.0, 0.0 ],
	"position" : 
	[
		0.35346777200000007,
		1.4885488520000001,
		-0.68715404800000013,
		-1.529350368,
		-1.0034312120000002,
		1.307009144,
		0.042300000000000004
	],
	"velocity" : [ 0.0, 0.0, 0.0, 0.0, 0.0, 0.0, 0.0 ]
}
