{
	"effort" : [ 0.0, 0.0, 0.0, 0.0, 0.0, 0.0, 0.0 ],
	"position" : 
	[
		0.347903136,
		1.6578254280000002,
		-0.94129568400000008,
		-2.2153880000000004,
		-0.63002494799999997,
		2.5580753800000005,
		0.0688
	],
	"velocity" : [ 0.0, 0.0, 0.0, 0.0, 0.0, 0.0, 0.0 ]
}
