{
	"effort" : [ 0.0, 0.0, 0.0, 0.0, 0.0, 0.0, 0.0 ],
	"position" : 
	[
		0.34277459999999998,
		1.6561333600000001,
		-0.87537480800000012,
		-2.196705476,
		-0.50584111200000004,
		2.4213318640000003,
		0.0688
	],
	"velocity" : [ 0.0, 0.0, 0.0, 0.0, 0.0, 0.0, 0.0 ]
}
