{
	"effort" : [ 0.0, 0.0, 0.0, 0.0, 0.0, 0.0, 0.0 ],
	"position" : 
	[
		0.31570151200000002,
		1.48439718,
		-0.68715404800000013,
		-1.5161975920000001,
		-1.0124148719999999,
		1.3577014080000001,
		0.0591
	],
	"velocity" : [ 0.0, 0.0, 0.0, 0.0, 0.0, 0.0, 0.0 ]
}
