{
	"effort" : [ 0.0, 0.0, 0.0, 0.0, 0.0, 0.0, 0.0 ],
	"position" : 
	[
		0.43674542799999999,
		1.575472304,
		-0.96072830000000009,
		-2.2113409920000002,
		-0.54587509200000006,
		2.6375327999999998,
		-0.0001
	],
	"velocity" : [ 0.0, 0.0, 0.0, 0.0, 0.0, 0.0, 0.0 ]
}
