{
	"effort" : [ 0.0, 0.0, 0.0, 0.0, 0.0, 0.0, 0.0 ],
	"position" : 
	[
		0.60370195199999999,
		1.4497010640000001,
		-0.65566762800000011,
		-1.251659332,
		-0.31791690000000006,
		1.023927912,
		0.043800000000000006
	],
	"velocity" : [ 0.0, 0.0, 0.0, 0.0, 0.0, 0.0, 0.0 ]
}
