{
	"effort" : [ 0.0, 0.0, 0.0, 0.0, 0.0, 0.0, 0.0 ],
	"position" : 
	[
		0.32560970400000006,
		1.48439718,
		-0.65029487600000013,
		-1.5161975920000001,
		-1.0594613400000001,
		1.3667548440000001,
		0.059800000000000006
	],
	"velocity" : [ 0.0, 0.0, 0.0, 0.0, 0.0, 0.0, 0.0 ]
}
