{
	"effort" : [ 0.0, 0.0, 0.0, 0.0, 0.0, 0.0, 0.0 ],
	"position" : 
	[
		0.31721914000000001,
		1.48439718,
		-0.66097060399999996,
		-1.5161975920000001,
		-1.061502288,
		1.3667548440000001,
		0.062
	],
	"velocity" : [ 0.0, 0.0, 0.0, 0.0, 0.0, 0.0, 0.0 ]
}
