{
	"effort" : [ 0.0, 0.0, 0.0, 0.0, 0.0, 0.0, 0.0 ],
	"position" : 
	[
		0.60337051600000002,
		0.54515988800000004,
		-0.29625145200000003,
		-1.3608064400000002,
		-0.098436492,
		1.2482054200000001,
		0.023100000000000002
	],
	"velocity" : [ 0.0, 0.0, 0.0, 0.0, 0.0, 0.0, 0.0 ]
}
