{
	"effort" : [ 0.0, 0.0, 0.0, 0.0, 0.0, 0.0, 0.0 ],
	"position" : 
	[
		0.60337051600000002,
		0.67199521200000012,
		-0.41879555200000002,
		-1.3608064400000002,
		-0.15089060000000001,
		1.2482054200000001,
		0.0436
	],
	"velocity" : [ 0.0, 0.0, 0.0, 0.0, 0.0, 0.0, 0.0 ]
}
