{
	"effort" : [ 0.0, 0.0, 0.0, 0.0, 0.0, 0.0, 0.0 ],
	"position" : 
	[
		0.32306288,
		1.48439718,
		-0.65296380800000009,
		-1.5161975920000001,
		-1.061502288,
		1.3667548440000001,
		0.060600000000000001
	],
	"velocity" : [ 0.0, 0.0, 0.0, 0.0, 0.0, 0.0, 0.0 ]
}
