{
	"effort" : [ 0.0, 0.0, 0.0, 0.0, 0.0, 0.0, 0.0 ],
	"position" : 
	[
		0.47597698400000005,
		0.70506903600000004,
		-0.39458328000000004,
		-2.2153880000000004,
		-0.14628538399999999,
		2.7936740440000003,
		0.0436
	],
	"velocity" : [ 0.0, 0.0, 0.0, 0.0, 0.0, 0.0, 0.0 ]
}
