{
	"effort" : [ 0.0, 0.0, 0.0, 0.0, 0.0, 0.0, 0.0 ],
	"position" : 
	[
		0.188988296,
		1.4959625519999999,
		-0.80418584400000004,
		-1.8538785440000001,
		-1.341426156,
		1.3279768320000001,
		0.060400000000000002
	],
	"velocity" : [ 0.0, 0.0, 0.0, 0.0, 0.0, 0.0, 0.0 ]
}
