{
	"effort" : [ 0.0, 0.0, 0.0, 0.0, 0.0, 0.0, 0.0 ],
	"position" : 
	[
		0.058228072000000006,
		1.4984047120000001,
		-0.96072830000000009,
		-1.8537041040000002,
		-1.2585148240000001,
		2.0787142600000004,
		0.060400000000000002
	],
	"velocity" : [ 0.0, 0.0, 0.0, 0.0, 0.0, 0.0, 0.0 ]
}
