{
	"effort" : [ 0.0, 0.0, 0.0, 0.0, 0.0, 0.0, 0.0 ],
	"position" : 
	[
		0.60337051600000002,
		0.52516906400000007,
		-0.26560234400000005,
		-1.3567943200000001,
		-0.098436492,
		1.2549736920000001,
		0.018400000000000003
	],
	"velocity" : [ 0.0, 0.0, 0.0, 0.0, 0.0, 0.0, 0.0 ]
}
