{
	"effort" : [ 0.0, 0.0, 0.0, 0.0, 0.0, 0.0, 0.0 ],
	"position" : 
	[
		0.60178311200000001,
		1.447799668,
		-0.64148565600000007,
		-1.2550783560000001,
		-0.33551789600000004,
		1.0423836640000002,
		0.043800000000000006
	],
	"velocity" : [ 0.0, 0.0, 0.0, 0.0, 0.0, 0.0, 0.0 ]
}
