{
	"effort" : [ 0.0, 0.0, 0.0, 0.0, 0.0, 0.0, 0.0 ],
	"position" : 
	[
		0.43343106800000003,
		1.7125995880000002,
		-0.92196773200000004,
		-2.2153880000000004,
		-0.44138553200000002,
		2.6746013,
		0.0688
	],
	"velocity" : [ 0.0, 0.0, 0.0, 0.0, 0.0, 0.0, 0.0 ]
}
