{
	"effort" : [ 0.0, 0.0, 0.0, 0.0, 0.0, 0.0, 0.0 ],
	"position" : 
	[
		0.34277459999999998,
		1.6561333600000001,
		-0.87537480800000012,
		-2.1914025000000001,
		-0.51069054400000002,
		2.4481084040000005,
		0.0688
	],
	"velocity" : [ 0.0, 0.0, 0.0, 0.0, 0.0, 0.0, 0.0 ]
}
