{
	"effort" : [ 0.0, 0.0, 0.0, 0.0, 0.0, 0.0, 0.0 ],
	"position" : 
	[
		0.40897458000000003,
		1.4959625519999999,
		-0.68715404800000013,
		-1.584124528,
		-1.090284888,
		1.2230686160000002,
		-0.0001
	],
	"velocity" : [ 0.0, 0.0, 0.0, 0.0, 0.0, 0.0, 0.0 ]
}
