{
	"effort" : [ 0.0, 0.0, 0.0, 0.0, 0.0, 0.0, 0.0 ],
	"position" : 
	[
		0.37464478800000001,
		1.48439718,
		-0.62285546400000014,
		-1.51448808,
		-1.046762108,
		1.3581898400000001,
		0.050000000000000003
	],
	"velocity" : [ 0.0, 0.0, 0.0, 0.0, 0.0, 0.0, 0.0 ]
}
