{
	"effort" : [ 0.0, 0.0, 0.0, 0.0, 0.0, 0.0, 0.0 ],
	"position" : 
	[
		0.60337051600000002,
		0.54149664800000008,
		-0.28812254800000003,
		-1.3590271520000001,
		-0.098436492,
		1.2499847079999999,
		0.021600000000000001
	],
	"velocity" : [ 0.0, 0.0, 0.0, 0.0, 0.0, 0.0, 0.0 ]
}
