{
	"effort" : [ 0.0, 0.0, 0.0, 0.0, 0.0, 0.0, 0.0 ],
	"position" : 
	[
		0.39282143600000002,
		1.815554076,
		-0.87312453200000006,
		-2.2153007800000002,
		-0.44890389600000008,
		2.6500575920000005,
		0.091299999999999992
	],
	"velocity" : [ 0.0, 0.0, 0.0, 0.0, 0.0, 0.0, 0.0 ]
}
