{
	"effort" : [ 0.0, 0.0, 0.0, 0.0, 0.0, 0.0, 0.0 ],
	"position" : 
	[
		0.24002944000000001,
		1.5103538520000002,
		-0.848807596,
		-2.2153880000000004,
		-0.59941072800000006,
		2.737364812,
		0.074100000000000013
	],
	"velocity" : [ 0.0, 0.0, 0.0, 0.0, 0.0, 0.0, 0.0 ]
}
