{
	"effort" : [ 0.0, 0.0, 0.0, 0.0, 0.0, 0.0, 0.0 ],
	"position" : 
	[
		0.20617063600000002,
		1.5086617840000003,
		-0.87581090800000005,
		-2.2153880000000004,
		-0.67944380000000004,
		2.537683344,
		0.048200000000000007
	],
	"velocity" : [ 0.0, 0.0, 0.0, 0.0, 0.0, 0.0, 0.0 ]
}
