{
	"effort" : [ 0.0, 0.0, 0.0, 0.0, 0.0, 0.0, 0.0 ],
	"position" : 
	[
		0.17095120000000003,
		1.5149765120000001,
		-0.96072830000000009,
		-2.2153880000000004,
		-1.0819641,
		2.4859095520000003,
		0.060400000000000002
	],
	"velocity" : [ 0.0, 0.0, 0.0, 0.0, 0.0, 0.0, 0.0 ]
}
