{
	"effort" : [ 0.0, 0.0, 0.0, 0.0, 0.0, 0.0, 0.0 ],
	"position" : 
	[
		0.41194006,
		1.828584744,
		-0.89147562000000002,
		-2.2153007800000002,
		-0.42866885600000004,
		2.7077623440000003,
		0.091299999999999992
	],
	"velocity" : [ 0.0, 0.0, 0.0, 0.0, 0.0, 0.0, 0.0 ]
}
