{
	"effort" : [ 0.0, 0.0, 0.0, 0.0, 0.0, 0.0, 0.0 ],
	"position" : 
	[
		0.39332731199999998,
		1.48439718,
		-0.62285546400000014,
		-1.5066208360000002,
		-1.022427728,
		1.3581898400000001,
		0.039899999999999998
	],
	"velocity" : [ 0.0, 0.0, 0.0, 0.0, 0.0, 0.0, 0.0 ]
}
