{
	"effort" : [ 0.0, 0.0, 0.0, 0.0, 0.0, 0.0, 0.0 ],
	"position" : 
	[
		0.090691356000000001,
		1.4959625519999999,
		-0.89705769999999996,
		-1.8751078919999999,
		-1.4609350000000001,
		1.4966079800000001,
		0.060400000000000002
	],
	"velocity" : [ 0.0, 0.0, 0.0, 0.0, 0.0, 0.0, 0.0 ]
}
