{
	"effort" : [ 0.0, 0.0, 0.0, 0.0, 0.0, 0.0, 0.0 ],
	"position" : 
	[
		0.47597698400000005,
		0.72052442000000005,
		-0.39665911600000003,
		-2.2153880000000004,
		-0.15118714799999999,
		2.8110308239999999,
		0.046899999999999997
	],
	"velocity" : [ 0.0, 0.0, 0.0, 0.0, 0.0, 0.0, 0.0 ]
}
