{
	"effort" : [ 0.0, 0.0, 0.0, 0.0, 0.0, 0.0, 0.0 ],
	"position" : 
	[
		0.32836585600000007,
		1.1965362920000002,
		-0.63927026799999997,
		-2.2153880000000004,
		-0.40096778400000005,
		2.8107517200000003,
		0.048200000000000007
	],
	"velocity" : [ 0.0, 0.0, 0.0, 0.0, 0.0, 0.0, 0.0 ]
}
