{
	"effort" : [ 0.0, 0.0, 0.0, 0.0, 0.0, 0.0, 0.0 ],
	"position" : 
	[
		0.41453921600000004,
		1.9016402160000001,
		-0.93705679200000014,
		-2.2148297920000002,
		-0.33314551199999998,
		2.6855212440000003,
		0.0038999999999999998
	],
	"velocity" : [ 0.0, 0.0, 0.0, 0.0, 0.0, 0.0, 0.0 ]
}
