{
	"effort" : [ 0.0, 0.0, 0.0, 0.0, 0.0, 0.0, 0.0 ],
	"position" : 
	[
		0.37694739600000005,
		1.48439718,
		-0.62285546400000014,
		-1.5109120600000001,
		-1.043029092,
		1.3581898400000001,
		0.048300000000000003
	],
	"velocity" : [ 0.0, 0.0, 0.0, 0.0, 0.0, 0.0, 0.0 ]
}
