{
	"effort" : [ 0.0, 0.0, 0.0, 0.0, 0.0, 0.0, 0.0 ],
	"position" : 
	[
		0.29326852800000003,
		1.4959625519999999,
		-0.68715404800000013,
		-1.65534838,
		-1.264533004,
		1.225911988,
		0.0111
	],
	"velocity" : [ 0.0, 0.0, 0.0, 0.0, 0.0, 0.0, 0.0 ]
}
