{
	"effort" : [ 0.0, 0.0, 0.0, 0.0, 0.0, 0.0, 0.0 ],
	"position" : 
	[
		0.55859176799999999,
		1.48439718,
		-0.58943276,
		-1.4910084560000001,
		-0.74833015600000008,
		1.3050030840000002,
		0.011200000000000002
	],
	"velocity" : [ 0.0, 0.0, 0.0, 0.0, 0.0, 0.0, 0.0 ]
}
