{
	"effort" : [ 0.0, 0.0, 0.0, 0.0, 0.0, 0.0, 0.0 ],
	"position" : 
	[
		0.39008272799999999,
		1.7596111680000002,
		-0.92024077599999998,
		-2.2153880000000004,
		-0.58573463200000009,
		2.5877127360000003,
		0.0688
	],
	"velocity" : [ 0.0, 0.0, 0.0, 0.0, 0.0, 0.0, 0.0 ]
}
