{
	"effort" : [ 0.0, 0.0, 0.0, 0.0, 0.0, 0.0, 0.0 ],
	"position" : 
	[
		0.44035633600000001,
		1.4959625519999999,
		-0.68715404800000013,
		-1.5552895960000002,
		-0.99743047600000012,
		1.1658348520000001,
		0.0007000000000000001
	],
	"velocity" : [ 0.0, 0.0, 0.0, 0.0, 0.0, 0.0, 0.0 ]
}
