{
	"effort" : [ 0.0, 0.0, 0.0, 0.0, 0.0, 0.0, 0.0 ],
	"position" : 
	[
		0.048965307999999999,
		1.4984047120000001,
		-0.96072830000000009,
		-1.8953778200000002,
		-1.19386736,
		2.228314004,
		0.060400000000000002
	],
	"velocity" : [ 0.0, 0.0, 0.0, 0.0, 0.0, 0.0, 0.0 ]
}
