{
	"effort" : [ 0.0, 0.0, 0.0, 0.0, 0.0, 0.0, 0.0 ],
	"position" : 
	[
		0.060583011999999999,
		1.4984047120000001,
		-0.9375626680000001,
		-1.8751078919999999,
		-1.455980904,
		1.5576096480000001,
		0.060400000000000002
	],
	"velocity" : [ 0.0, 0.0, 0.0, 0.0, 0.0, 0.0, 0.0 ]
}
