{
	"effort" : [ 0.0, 0.0, 0.0, 0.0, 0.0, 0.0, 0.0 ],
	"position" : 
	[
		0.24425088800000003,
		1.4959625519999999,
		-0.78114232000000006,
		-1.7181816680000002,
		-1.2592998040000001,
		1.2305346480000001,
		0.048100000000000004
	],
	"velocity" : [ 0.0, 0.0, 0.0, 0.0, 0.0, 0.0, 0.0 ]
}
