{
	"effort" : [ 0.0, 0.0, 0.0, 0.0, 0.0, 0.0, 0.0 ],
	"position" : 
	[
		0.48911231600000005,
		1.48439718,
		-0.62285546400000014,
		-1.5066208360000002,
		-0.91085590400000005,
		1.31248656,
		0.012800000000000001
	],
	"velocity" : [ 0.0, 0.0, 0.0, 0.0, 0.0, 0.0, 0.0 ]
}
