{
	"effort" : [ 0.0, 0.0, 0.0, 0.0, 0.0, 0.0, 0.0 ],
	"position" : 
	[
		0.39739176399999998,
		1.4936599440000002,
		-0.68715404800000013,
		-1.54876554,
		-1.0034312120000002,
		1.2110148120000002,
		0.019600000000000003
	],
	"velocity" : [ 0.0, 0.0, 0.0, 0.0, 0.0, 0.0, 0.0 ]
}
