{
	"effort" : [ 0.0, 0.0, 0.0, 0.0, 0.0, 0.0, 0.0 ],
	"position" : 
	[
		0.099291248000000012,
		1.5067080560000001,
		-0.96072830000000009,
		-2.2153880000000004,
		-1.1143227200000001,
		2.4859095520000003,
		0.060400000000000002
	],
	"velocity" : [ 0.0, 0.0, 0.0, 0.0, 0.0, 0.0, 0.0 ]
}
