{
	"effort" : [ 0.0, 0.0, 0.0, 0.0, 0.0, 0.0, 0.0 ],
	"position" : 
	[
		0.058228072000000006,
		1.4984047120000001,
		-0.95847802400000004,
		-1.8814749520000003,
		-1.3386525600000001,
		1.6631807359999999,
		0.060400000000000002
	],
	"velocity" : [ 0.0, 0.0, 0.0, 0.0, 0.0, 0.0, 0.0 ]
}
