{
	"effort" : [ 0.0, 0.0, 0.0, 0.0, 0.0, 0.0, 0.0 ],
	"position" : 
	[
		0.60146911999999997,
		1.447799668,
		-0.59752677600000004,
		-1.253421176,
		-0.36356784800000003,
		1.0767832320000001,
		0.027100000000000003
	],
	"velocity" : [ 0.0, 0.0, 0.0, 0.0, 0.0, 0.0, 0.0 ]
}
