{
	"effort" : [ 0.0, 0.0, 0.0, 0.0, 0.0, 0.0, 0.0 ],
	"position" : 
	[
		0.34080342800000002,
		1.7690832600000002,
		-0.84078335599999998,
		-2.2153007800000002,
		-0.45263691200000006,
		2.6231415,
		0.091299999999999992
	],
	"velocity" : [ 0.0, 0.0, 0.0, 0.0, 0.0, 0.0, 0.0 ]
}
