{
	"effort" : [ 0.0, 0.0, 0.0, 0.0, 0.0, 0.0, 0.0 ],
	"position" : 
	[
		0.35590993199999998,
		1.4959625519999999,
		-0.68715404800000013,
		-1.6370670679999999,
		-1.111461904,
		1.225911988,
		-0.0001
	],
	"velocity" : [ 0.0, 0.0, 0.0, 0.0, 0.0, 0.0, 0.0 ]
}
