{
	"effort" : [ 0.0, 0.0, 0.0, 0.0, 0.0, 0.0, 0.0 ],
	"position" : 
	[
		0.48534441200000006,
		1.7686820480000001,
		-0.92024077599999998,
		-2.2153880000000004,
		-0.399362936,
		2.6677283640000002,
		0.0688
	],
	"velocity" : [ 0.0, 0.0, 0.0, 0.0, 0.0, 0.0, 0.0 ]
}
