{
	"effort" : [ 0.0, 0.0, 0.0, 0.0, 0.0, 0.0, 0.0 ],
	"position" : 
	[
		0.47597698400000005,
		0.68359547200000004,
		-0.38828599600000002,
		-2.2153880000000004,
		-0.14574462000000002,
		2.763077268,
		0.037200000000000004
	],
	"velocity" : [ 0.0, 0.0, 0.0, 0.0, 0.0, 0.0, 0.0 ]
}
