{
	"effort" : [ 0.0, 0.0, 0.0, 0.0, 0.0, 0.0, 0.0 ],
	"position" : 
	[
		0.60337051600000002,
		0.43032603600000002,
		-0.10169852000000001,
		-1.3518751120000001,
		0.026898648000000004,
		1.2739353200000001,
		0.011300000000000001
	],
	"velocity" : [ 0.0, 0.0, 0.0, 0.0, 0.0, 0.0, 0.0 ]
}
