{
	"effort" : [ 0.0, 0.0, 0.0, 0.0, 0.0, 0.0, 0.0 ],
	"position" : 
	[
		0.45066574000000004,
		1.7238858560000001,
		-0.92196773200000004,
		-2.2153880000000004,
		-0.42406364000000002,
		2.6926035080000004,
		0.0688
	],
	"velocity" : [ 0.0, 0.0, 0.0, 0.0, 0.0, 0.0, 0.0 ]
}
