{
	"effort" : [ 0.0, 0.0, 0.0, 0.0, 0.0, 0.0, 0.0 ],
	"position" : 
	[
		0.60337051600000002,
		0.48862388400000001,
		-0.22148646799999999,
		-1.353462516,
		-0.098436492,
		1.2549736920000001,
		0.0126
	],
	"velocity" : [ 0.0, 0.0, 0.0, 0.0, 0.0, 0.0, 0.0 ]
}
