{
	"effort" : [ 0.0, 0.0, 0.0, 0.0, 0.0, 0.0, 0.0 ],
	"position" : 
	[
		0.60370195199999999,
		1.447799668,
		-0.64567221600000013,
		-1.2550783560000001,
		-0.33307573600000007,
		1.0396972879999999,
		0.043800000000000006
	],
	"velocity" : [ 0.0, 0.0, 0.0, 0.0, 0.0, 0.0, 0.0 ]
}
