{
	"effort" : [ 0.0, 0.0, 0.0, 0.0, 0.0, 0.0, 0.0 ],
	"position" : 
	[
		0.43299496800000004,
		1.5445964240000003,
		-0.96072830000000009,
		-2.2153880000000004,
		-0.76247724000000006,
		2.4812520040000003,
		0.060400000000000002
	],
	"velocity" : [ 0.0, 0.0, 0.0, 0.0, 0.0, 0.0, 0.0 ]
}
