{
	"effort" : [ 0.0, 0.0, 0.0, 0.0, 0.0, 0.0, 0.0 ],
	"position" : 
	[
		0.47597698400000005,
		0.62545461999999996,
		-0.35156637600000001,
		-2.2153880000000004,
		-0.14574462000000002,
		2.7587860440000003,
		0.010700000000000001
	],
	"velocity" : [ 0.0, 0.0, 0.0, 0.0, 0.0, 0.0, 0.0 ]
}
