{
	"effort" : [ 0.0, 0.0, 0.0, 0.0, 0.0, 0.0, 0.0 ],
	"position" : 
	[
		0.502020876,
		1.766867872,
		-0.92024077599999998,
		-2.2153880000000004,
		-0.33919858000000003,
		2.6857480160000002,
		0.0688
	],
	"velocity" : [ 0.0, 0.0, 0.0, 0.0, 0.0, 0.0, 0.0 ]
}
