{
	"effort" : [ 0.0, 0.0, 0.0, 0.0, 0.0, 0.0, 0.0 ],
	"position" : 
	[
		0.20617063600000002,
		1.5086617840000003,
		-0.87131035600000006,
		-2.2153880000000004,
		-0.67213476400000005,
		2.5069644600000003,
		0.048200000000000007
	],
	"velocity" : [ 0.0, 0.0, 0.0, 0.0, 0.0, 0.0, 0.0 ]
}
