{
	"effort" : [ 0.0, 0.0, 0.0, 0.0, 0.0, 0.0, 0.0 ],
	"position" : 
	[
		0.22094570400000002,
		1.3982412640000002,
		-0.83010762800000015,
		-2.2153880000000004,
		-0.63415917600000005,
		2.7963953080000001,
		0.048200000000000007
	],
	"velocity" : [ 0.0, 0.0, 0.0, 0.0, 0.0, 0.0, 0.0 ]
}
