{
	"effort" : [ 0.0, 0.0, 0.0, 0.0, 0.0, 0.0, 0.0 ],
	"position" : 
	[
		0.44473478000000005,
		1.4959625519999999,
		-0.68715404800000013,
		-1.559197052,
		-0.99743047600000012,
		1.1658348520000001,
		0.0001
	],
	"velocity" : [ 0.0, 0.0, 0.0, 0.0, 0.0, 0.0, 0.0 ]
}
