{
	"effort" : [ 0.0, 0.0, 0.0, 0.0, 0.0, 0.0, 0.0 ],
	"position" : 
	[
		0.47597698400000005,
		0.48161139600000008,
		-0.23113300000000001,
		-2.2153880000000004,
		-0.021578228000000005,
		2.7587860440000003,
		0.0001
	],
	"velocity" : [ 0.0, 0.0, 0.0, 0.0, 0.0, 0.0, 0.0 ]
}
