{
	"effort" : [ 0.0, 0.0, 0.0, 0.0, 0.0, 0.0, 0.0 ],
	"position" : 
	[
		0.40623587200000005,
		1.8259507000000001,
		-0.89119651600000005,
		-2.2153007800000002,
		-0.43721641600000005,
		2.6929175000000001,
		0.091299999999999992
	],
	"velocity" : [ 0.0, 0.0, 0.0, 0.0, 0.0, 0.0, 0.0 ]
}
