{
	"effort" : [ 0.0, 0.0, 0.0, 0.0, 0.0, 0.0, 0.0 ],
	"position" : 
	[
		0.035376432000000006,
		1.4984047120000001,
		-0.96072830000000009,
		-2.0535774560000002,
		-1.1248588959999999,
		2.3598417640000005,
		0.060400000000000002
	],
	"velocity" : [ 0.0, 0.0, 0.0, 0.0, 0.0, 0.0, 0.0 ]
}
