{
	"effort" : [ 0.0, 0.0, 0.0, 0.0, 0.0, 0.0, 0.0 ],
	"position" : 
	[
		0.50871937200000006,
		1.7624022080000001,
		-0.93546938800000012,
		-2.2127888440000003,
		-0.35929406800000002,
		2.7133967560000003,
		0.0688
	],
	"velocity" : [ 0.0, 0.0, 0.0, 0.0, 0.0, 0.0, 0.0 ]
}
