{
	"effort" : [ 0.0, 0.0, 0.0, 0.0, 0.0, 0.0, 0.0 ],
	"position" : 
	[
		0.60337051600000002,
		0.44907833600000002,
		-0.15898461600000002,
		-1.353462516,
		-0.050953923999999998,
		1.2549736920000001,
		0.011300000000000001
	],
	"velocity" : [ 0.0, 0.0, 0.0, 0.0, 0.0, 0.0, 0.0 ]
}
