{
	"effort" : [ 0.0, 0.0, 0.0, 0.0, 0.0, 0.0, 0.0 ],
	"position" : 
	[
		0.15071616000000002,
		1.4959625519999999,
		-0.83947505600000005,
		-1.8751078919999999,
		-1.4176215480000001,
		1.3907054560000001,
		0.060400000000000002
	],
	"velocity" : [ 0.0, 0.0, 0.0, 0.0, 0.0, 0.0, 0.0 ]
}
