{
	"effort" : [ 0.0, 0.0, 0.0, 0.0, 0.0, 0.0, 0.0 ],
	"position" : 
	[
		0.036475404000000003,
		1.4984047120000001,
		-0.96072830000000009,
		-2.0316852359999999,
		-1.130772412,
		2.3386473040000002,
		0.060400000000000002
	],
	"velocity" : [ 0.0, 0.0, 0.0, 0.0, 0.0, 0.0, 0.0 ]
}
