{
	"effort" : [ 0.0, 0.0, 0.0, 0.0, 0.0, 0.0, 0.0 ],
	"position" : 
	[
		0.40607887600000003,
		1.076800676,
		-0.53043715200000008,
		-2.2153880000000004,
		-0.26930047200000001,
		2.8239917160000005,
		0.048200000000000007
	],
	"velocity" : [ 0.0, 0.0, 0.0, 0.0, 0.0, 0.0, 0.0 ]
}
