{
	"effort" : [ 0.0, 0.0, 0.0, 0.0, 0.0, 0.0, 0.0 ],
	"position" : 
	[
		0.31327679600000002,
		1.546445488,
		-0.85074388000000012,
		-2.2153880000000004,
		-0.57493679600000014,
		2.7818644560000001,
		0.074800000000000005
	],
	"velocity" : [ 0.0, 0.0, 0.0, 0.0, 0.0, 0.0, 0.0 ]
}
