{
	"effort" : [ 0.0, 0.0, 0.0, 0.0, 0.0, 0.0, 0.0 ],
	"position" : 
	[
		0.47597698400000005,
		0.72052442000000005,
		-0.39711266000000006,
		-2.2153880000000004,
		-0.15151858400000001,
		2.8085363320000001,
		0.046600000000000003
	],
	"velocity" : [ 0.0, 0.0, 0.0, 0.0, 0.0, 0.0, 0.0 ]
}
