{
	"effort" : [ 0.0, 0.0, 0.0, 0.0, 0.0, 0.0, 0.0 ],
	"position" : 
	[
		0.60337051600000002,
		0.55995240000000002,
		-0.31275347599999997,
		-1.3608064400000002,
		-0.100111116,
		1.2482054200000001,
		0.026200000000000001
	],
	"velocity" : [ 0.0, 0.0, 0.0, 0.0, 0.0, 0.0, 0.0 ]
}
