{
	"effort" : [ 0.0, 0.0, 0.0, 0.0, 0.0, 0.0, 0.0 ],
	"position" : 
	[
		0.60337051600000002,
		0.63419406400000011,
		-0.39072815600000005,
		-1.3608064400000002,
		-0.14952996799999999,
		1.2482054200000001,
		0.0419
	],
	"velocity" : [ 0.0, 0.0, 0.0, 0.0, 0.0, 0.0, 0.0 ]
}
