{
	"effort" : [ 0.0, 0.0, 0.0, 0.0, 0.0, 0.0, 0.0 ],
	"position" : 
	[
		0.42301700000000003,
		1.705360328,
		-0.92196773200000004,
		-2.2153880000000004,
		-0.45049130000000004,
		2.6636988000000001,
		0.0688
	],
	"velocity" : [ 0.0, 0.0, 0.0, 0.0, 0.0, 0.0, 0.0 ]
}
