{
	"effort" : [ 0.0, 0.0, 0.0, 0.0, 0.0, 0.0, 0.0 ],
	"position" : 
	[
		0.30769471600000003,
		1.48439718,
		-0.68528754000000003,
		-1.5161975920000001,
		-1.0540711440000001,
		1.3667548440000001,
		0.063
	],
	"velocity" : [ 0.0, 0.0, 0.0, 0.0, 0.0, 0.0, 0.0 ]
}
