{
	"effort" : [ 0.0, 0.0, 0.0, 0.0, 0.0, 0.0, 0.0 ],
	"position" : 
	[
		0.48815289600000006,
		1.766867872,
		-0.92024077599999998,
		-2.2153880000000004,
		-0.38167472000000002,
		2.6604542160000002,
		0.068900000000000003
	],
	"velocity" : [ 0.0, 0.0, 0.0, 0.0, 0.0, 0.0, 0.0 ]
}
