{
	"effort" : [ 0.0, 0.0, 0.0, 0.0, 0.0, 0.0, 0.0 ],
	"position" : 
	[
		0.179097548,
		1.4959625519999999,
		-0.81554188800000005,
		-1.8644496080000001,
		-1.3713077279999999,
		1.3428740080000001,
		0.060400000000000002
	],
	"velocity" : [ 0.0, 0.0, 0.0, 0.0, 0.0, 0.0, 0.0 ]
}
