{
	"effort" : [ 0.0, 0.0, 0.0, 0.0, 0.0, 0.0, 0.0 ],
	"position" : 
	[
		0.058228072000000006,
		1.4984047120000001,
		-0.96072830000000009,
		-1.8813702880000003,
		-1.2958100960000003,
		1.8122397160000001,
		0.060400000000000002
	],
	"velocity" : [ 0.0, 0.0, 0.0, 0.0, 0.0, 0.0, 0.0 ]
}
