{
	"effort" : [ 0.0, 0.0, 0.0, 0.0, 0.0, 0.0, 0.0 ],
	"position" : 
	[
		0.60370195199999999,
		1.4497010640000001,
		-0.65566762800000011,
		-1.2550783560000001,
		-0.32969159999999997,
		1.02649218,
		0.043800000000000006
	],
	"velocity" : [ 0.0, 0.0, 0.0, 0.0, 0.0, 0.0, 0.0 ]
}
