{
	"effort" : [ 0.0, 0.0, 0.0, 0.0, 0.0, 0.0, 0.0 ],
	"position" : 
	[
		0.23090622800000002,
		1.372877688,
		-0.80950626400000003,
		-2.2153880000000004,
		-0.60480092400000007,
		2.8036345680000005,
		0.048200000000000007
	],
	"velocity" : [ 0.0, 0.0, 0.0, 0.0, 0.0, 0.0, 0.0 ]
}
