{
	"effort" : [ 0.0, 0.0, 0.0, 0.0, 0.0, 0.0, 0.0 ],
	"position" : 
	[
		0.43629188400000002,
		1.4959625519999999,
		-0.68715404800000013,
		-1.553231204,
		-0.99941909200000001,
		1.1658348520000001,
		0.0023000000000000004
	],
	"velocity" : [ 0.0, 0.0, 0.0, 0.0, 0.0, 0.0, 0.0 ]
}
