{
	"effort" : [ 0.0, 0.0, 0.0, 0.0, 0.0, 0.0, 0.0 ],
	"position" : 
	[
		0.30961355600000001,
		1.2239059280000002,
		-0.66693645199999996,
		-2.2153880000000004,
		-0.43772229200000001,
		2.81083894,
		0.048200000000000007
	],
	"velocity" : [ 0.0, 0.0, 0.0, 0.0, 0.0, 0.0, 0.0 ]
}
