{
	"effort" : [ 0.0, 0.0, 0.0, 0.0, 0.0, 0.0, 0.0 ],
	"position" : 
	[
		0.32810419600000001,
		1.48439718,
		-0.68715404800000013,
		-1.5163022560000001,
		-1.005315164,
		1.3438334280000002,
		0.053200000000000004
	],
	"velocity" : [ 0.0, 0.0, 0.0, 0.0, 0.0, 0.0, 0.0 ]
}
