{
	"effort" : [ 0.0, 0.0, 0.0, 0.0, 0.0, 0.0, 0.0 ],
	"position" : 
	[
		0.21040952800000001,
		1.4959625519999999,
		-0.79016086799999996,
		-1.8273462200000001,
		-1.293542376,
		1.2913618760000001,
		0.060400000000000002
	],
	"velocity" : [ 0.0, 0.0, 0.0, 0.0, 0.0, 0.0, 0.0 ]
}
