{
	"effort" : [ 0.0, 0.0, 0.0, 0.0, 0.0, 0.0, 0.0 ],
	"position" : 
	[
		0.60146911999999997,
		1.447799668,
		-0.62904808400000001,
		-1.253421176,
		-0.342286168,
		1.0423836640000002,
		0.043400000000000001
	],
	"velocity" : [ 0.0, 0.0, 0.0, 0.0, 0.0, 0.0, 0.0 ]
}
