{
	"effort" : [ 0.0, 0.0, 0.0, 0.0, 0.0, 0.0, 0.0 ],
	"position" : 
	[
		0.29534436400000003,
		1.6925564320000002,
		-0.92024077599999998,
		-2.2153880000000004,
		-0.66732022000000013,
		2.531874492,
		0.0688
	],
	"velocity" : [ 0.0, 0.0, 0.0, 0.0, 0.0, 0.0, 0.0 ]
}
