{
	"effort" : [ 0.0, 0.0, 0.0, 0.0, 0.0, 0.0, 0.0 ],
	"position" : 
	[
		0.34457133200000001,
		1.6578254280000002,
		-0.94129568400000008,
		-2.2153880000000004,
		-0.65149851199999997,
		2.4342229799999999,
		0.0688
	],
	"velocity" : [ 0.0, 0.0, 0.0, 0.0, 0.0, 0.0, 0.0 ]
}
