{
	"effort" : [ 0.0, 0.0, 0.0, 0.0, 0.0, 0.0, 0.0 ],
	"position" : 
	[
		0.47597698400000005,
		0.52005797200000003,
		-0.25572904000000002,
		-2.2153880000000004,
		-0.049715400000000007,
		2.7587860440000003,
		0.0001
	],
	"velocity" : [ 0.0, 0.0, 0.0, 0.0, 0.0, 0.0, 0.0 ]
}
