{
	"effort" : [ 0.0, 0.0, 0.0, 0.0, 0.0, 0.0, 0.0 ],
	"position" : 
	[
		0.40360182800000005,
		1.48439718,
		-0.62285546400000014,
		-1.5066208360000002,
		-1.000081964,
		1.3581898400000001,
		0.033399999999999999
	],
	"velocity" : [ 0.0, 0.0, 0.0, 0.0, 0.0, 0.0, 0.0 ]
}
