{
	"effort" : [ 0.0, 0.0, 0.0, 0.0, 0.0, 0.0, 0.0 ],
	"position" : 
	[
		0.47597698400000005,
		0.6557199600000001,
		-0.37769748800000003,
		-2.2153880000000004,
		-0.14574462000000002,
		2.7587860440000003,
		0.024
	],
	"velocity" : [ 0.0, 0.0, 0.0, 0.0, 0.0, 0.0, 0.0 ]
}
