{
	"effort" : [ 0.0, 0.0, 0.0, 0.0, 0.0, 0.0, 0.0 ],
	"position" : 
	[
		0.32318498800000006,
		1.48439718,
		-0.68715404800000013,
		-1.5161975920000001,
		-1.0073735560000001,
		1.348892188,
		0.055500000000000001
	],
	"velocity" : [ 0.0, 0.0, 0.0, 0.0, 0.0, 0.0, 0.0 ]
}
