{
	"effort" : [ 0.0, 0.0, 0.0, 0.0, 0.0, 0.0, 0.0 ],
	"position" : 
	[
		0.31653882400000005,
		1.6897479480000002,
		-0.83896917999999998,
		-2.2153880000000004,
		-0.51637728800000005,
		2.5340549920000002,
		0.075100000000000014
	],
	"velocity" : [ 0.0, 0.0, 0.0, 0.0, 0.0, 0.0, 0.0 ]
}
