{
	"effort" : [ 0.0, 0.0, 0.0, 0.0, 0.0, 0.0, 0.0 ],
	"position" : 
	[
		0.24002944000000001,
		1.5104236280000001,
		-0.848807596,
		-2.2153880000000004,
		-0.59899207200000004,
		2.737364812,
		0.073900000000000007
	],
	"velocity" : [ 0.0, 0.0, 0.0, 0.0, 0.0, 0.0, 0.0 ]
}
