{
	"effort" : [ 0.0, 0.0, 0.0, 0.0, 0.0, 0.0, 0.0 ],
	"position" : 
	[
		0.44260661200000007,
		1.4959625519999999,
		-0.68715404800000013,
		-1.557435208,
		-0.99743047600000012,
		1.1658348520000001,
		0.00020000000000000001
	],
	"velocity" : [ 0.0, 0.0, 0.0, 0.0, 0.0, 0.0, 0.0 ]
}
