{
	"effort" : [ 0.0, 0.0, 0.0, 0.0, 0.0, 0.0, 0.0 ],
	"position" : 
	[
		0.29222188799999999,
		1.5257394600000003,
		-0.848807596,
		-2.2153880000000004,
		-0.57502401599999997,
		2.7739797680000002,
		0.074800000000000005
	],
	"velocity" : [ 0.0, 0.0, 0.0, 0.0, 0.0, 0.0, 0.0 ]
}
