{
	"effort" : [ 0.0, 0.0, 0.0, 0.0, 0.0, 0.0, 0.0 ],
	"position" : 
	[
		0.43273330799999998,
		1.48439718,
		-0.62285546400000014,
		-1.5066208360000002,
		-0.96481019600000006,
		1.3560965599999999,
		0.024199999999999999
	],
	"velocity" : [ 0.0, 0.0, 0.0, 0.0, 0.0, 0.0, 0.0 ]
}
