{
	"effort" : [ 0.0, 0.0, 0.0, 0.0, 0.0, 0.0, 0.0 ],
	"position" : 
	[
		0.44061799600000001,
		1.48439718,
		-0.62285546400000014,
		-1.5066208360000002,
		-0.95497178000000005,
		1.351334348,
		0.021600000000000001
	],
	"velocity" : [ 0.0, 0.0, 0.0, 0.0, 0.0, 0.0, 0.0 ]
}
