{
	"effort" : [ 0.0, 0.0, 0.0, 0.0, 0.0, 0.0, 0.0 ],
	"position" : 
	[
		0.34144885600000008,
		1.617093688,
		-0.85233128400000002,
		-2.2153880000000004,
		-0.56937216000000002,
		2.7888071680000004,
		0.074800000000000005
	],
	"velocity" : [ 0.0, 0.0, 0.0, 0.0, 0.0, 0.0, 0.0 ]
}
