{
	"effort" : [ 0.0, 0.0, 0.0, 0.0, 0.0, 0.0, 0.0 ],
	"position" : 
	[
		0.31427110399999997,
		1.68744534,
		-0.83896917999999998,
		-2.2153880000000004,
		-0.51922066,
		2.5340549920000002,
		0.074300000000000005
	],
	"velocity" : [ 0.0, 0.0, 0.0, 0.0, 0.0, 0.0, 0.0 ]
}
