{
	"effort" : [ 0.0, 0.0, 0.0, 0.0, 0.0, 0.0, 0.0 ],
	"position" : 
	[
		0.46462094000000004,
		1.7328171840000002,
		-0.92196773200000004,
		-2.2153880000000004,
		-0.41138185199999999,
		2.7035060080000002,
		0.0688
	],
	"velocity" : [ 0.0, 0.0, 0.0, 0.0, 0.0, 0.0, 0.0 ]
}
