{
	"effort" : [ 0.0, 0.0, 0.0, 0.0, 0.0, 0.0, 0.0 ],
	"position" : 
	[
		0.24425088800000003,
		1.4959625519999999,
		-0.72935108400000004,
		-1.7181816680000002,
		-1.2935074880000001,
		1.2259643200000001,
		0.0111
	],
	"velocity" : [ 0.0, 0.0, 0.0, 0.0, 0.0, 0.0, 0.0 ]
}
