{
	"effort" : [ 0.0, 0.0, 0.0, 0.0, 0.0, 0.0, 0.0 ],
	"position" : 
	[
		0.47597698400000005,
		0.57254696800000004,
		-0.298257512,
		-2.2153880000000004,
		-0.102431168,
		2.7587860440000003,
		0.00040000000000000002
	],
	"velocity" : [ 0.0, 0.0, 0.0, 0.0, 0.0, 0.0, 0.0 ]
}
