{
	"effort" : [ 0.0, 0.0, 0.0, 0.0, 0.0, 0.0, 0.0 ],
	"position" : 
	[
		0.47597698400000005,
		0.69057307200000007,
		-0.39062349200000002,
		-2.2153880000000004,
		-0.14574462000000002,
		2.7716248280000002,
		0.039899999999999998
	],
	"velocity" : [ 0.0, 0.0, 0.0, 0.0, 0.0, 0.0, 0.0 ]
}
