{
	"effort" : [ 0.0, 0.0, 0.0, 0.0, 0.0, 0.0, 0.0 ],
	"position" : 
	[
		0.47597698400000005,
		0.64656186000000004,
		-0.37021401199999998,
		-2.2153880000000004,
		-0.14574462000000002,
		2.7587860440000003,
		0.018499999999999999
	],
	"velocity" : [ 0.0, 0.0, 0.0, 0.0, 0.0, 0.0, 0.0 ]
}
