{
	"effort" : [ 0.0, 0.0, 0.0, 0.0, 0.0, 0.0, 0.0 ],
	"position" : 
	[
		0.49356053600000005,
		1.766867872,
		-0.92024077599999998,
		-2.2153880000000004,
		-0.366568216,
		2.6629487080000005,
		0.0688
	],
	"velocity" : [ 0.0, 0.0, 0.0, 0.0, 0.0, 0.0, 0.0 ]
}
