{
	"effort" : [ 0.0, 0.0, 0.0, 0.0, 0.0, 0.0, 0.0 ],
	"position" : 
	[
		0.38277369200000005,
		1.7567503520000001,
		-0.92024077599999998,
		-2.2153880000000004,
		-0.59965494399999997,
		2.5805781400000001,
		0.0688
	],
	"velocity" : [ 0.0, 0.0, 0.0, 0.0, 0.0, 0.0, 0.0 ]
}
