{
	"effort" : [ 0.0, 0.0, 0.0, 0.0, 0.0, 0.0, 0.0 ],
	"position" : 
	[
		0.40121200000000001,
		1.6856137200000001,
		-0.92196773200000004,
		-2.2153880000000004,
		-0.46798763200000004,
		2.638823656,
		0.0688
	],
	"velocity" : [ 0.0, 0.0, 0.0, 0.0, 0.0, 0.0, 0.0 ]
}
