{
	"effort" : [ 0.0, 0.0, 0.0, 0.0, 0.0, 0.0, 0.0 ],
	"position" : 
	[
		0.208560464,
		1.5086617840000003,
		-0.854250124,
		-2.2153880000000004,
		-0.60602200400000006,
		2.7323583840000003,
		0.055600000000000004
	],
	"velocity" : [ 0.0, 0.0, 0.0, 0.0, 0.0, 0.0, 0.0 ]
}
