{
	"effort" : [ 0.0, 0.0, 0.0, 0.0, 0.0, 0.0, 0.0 ],
	"position" : 
	[
		0.22753953600000001,
		1.4959625519999999,
		-0.78700350400000008,
		-1.8154843000000003,
		-1.26373058,
		1.2587939280000002,
		0.060400000000000002
	],
	"velocity" : [ 0.0, 0.0, 0.0, 0.0, 0.0, 0.0, 0.0 ]
}
