{
	"effort" : [ 0.0, 0.0, 0.0, 0.0, 0.0, 0.0, 0.0 ],
	"position" : 
	[
		0.36970813600000002,
		1.49120034,
		-0.68715404800000013,
		-1.538368916,
		-1.0034312120000002,
		1.2634689200000002,
		0.032899999999999999
	],
	"velocity" : [ 0.0, 0.0, 0.0, 0.0, 0.0, 0.0, 0.0 ]
}
