{
	"effort" : [ 0.0, 0.0, 0.0, 0.0, 0.0, 0.0, 0.0 ],
	"position" : 
	[
		0.32285355199999999,
		1.6955393560000001,
		-0.83896917999999998,
		-2.2153880000000004,
		-0.50231742400000001,
		2.5527724040000002,
		0.080000000000000002
	],
	"velocity" : [ 0.0, 0.0, 0.0, 0.0, 0.0, 0.0, 0.0 ]
}
