{
	"effort" : [ 0.0, 0.0, 0.0, 0.0, 0.0, 0.0, 0.0 ],
	"position" : 
	[
		0.60337051600000002,
		0.46889471999999999,
		-0.19312252400000002,
		-1.353462516,
		-0.089697048000000015,
		1.2549736920000001,
		0.0114
	],
	"velocity" : [ 0.0, 0.0, 0.0, 0.0, 0.0, 0.0, 0.0 ]
}
