{
	"effort" : [ 0.0, 0.0, 0.0, 0.0, 0.0, 0.0, 0.0 ],
	"position" : 
	[
		0.38882675999999999,
		1.104676188,
		-0.55951630000000008,
		-2.2153880000000004,
		-0.29441983200000005,
		2.8221252080000006,
		0.048200000000000007
	],
	"velocity" : [ 0.0, 0.0, 0.0, 0.0, 0.0, 0.0, 0.0 ]
}
