{
	"effort" : [ 0.0, 0.0, 0.0, 0.0, 0.0, 0.0, 0.0 ],
	"position" : 
	[
		0.51733670800000009,
		1.7650188080000002,
		-0.93749289200000008,
		-2.2127888440000003,
		-0.348984664,
		2.7133967560000003,
		0.0688
	],
	"velocity" : [ 0.0, 0.0, 0.0, 0.0, 0.0, 0.0, 0.0 ]
}
