{
	"effort" : [ 0.0, 0.0, 0.0, 0.0, 0.0, 0.0, 0.0 ],
	"position" : 
	[
		0.32536548800000004,
		1.713907888,
		-0.83896917999999998,
		-2.2153007800000002,
		-0.49089160399999998,
		2.564163336,
		0.089499999999999996
	],
	"velocity" : [ 0.0, 0.0, 0.0, 0.0, 0.0, 0.0, 0.0 ]
}
