{
	"effort" : [ 0.0, 0.0, 0.0, 0.0, 0.0, 0.0, 0.0 ],
	"position" : 
	[
		0.21586950000000002,
		1.5086617840000003,
		-0.85041244400000005,
		-2.2153880000000004,
		-0.60825483600000008,
		2.737364812,
		0.068400000000000002
	],
	"velocity" : [ 0.0, 0.0, 0.0, 0.0, 0.0, 0.0, 0.0 ]
}
