{
	"effort" : [ 0.0, 0.0, 0.0, 0.0, 0.0, 0.0, 0.0 ],
	"position" : 
	[
		0.42737800000000004,
		1.4959625519999999,
		-0.68715404800000013,
		-1.553231204,
		-1.0010937160000002,
		1.1675966959999999,
		0.0056000000000000008
	],
	"velocity" : [ 0.0, 0.0, 0.0, 0.0, 0.0, 0.0, 0.0 ]
}
