{
	"effort" : [ 0.0, 0.0, 0.0, 0.0, 0.0, 0.0, 0.0 ],
	"position" : 
	[
		0.24425088800000003,
		1.4959625519999999,
		-0.68905544399999996,
		-1.6619247680000002,
		-1.2935074880000001,
		1.225911988,
		0.0111
	],
	"velocity" : [ 0.0, 0.0, 0.0, 0.0, 0.0, 0.0, 0.0 ]
}
