{
	"effort" : [ 0.0, 0.0, 0.0, 0.0, 0.0, 0.0, 0.0 ],
	"position" : 
	[
		0.46188223200000006,
		1.5483817720000002,
		-0.96072830000000009,
		-2.2153880000000004,
		-0.62447775599999999,
		2.5218267480000005,
		0.00020000000000000001
	],
	"velocity" : [ 0.0, 0.0, 0.0, 0.0, 0.0, 0.0, 0.0 ]
}
