{
	"effort" : [ 0.0, 0.0, 0.0, 0.0, 0.0, 0.0, 0.0 ],
	"position" : 
	[
		0.39156546800000003,
		1.48439718,
		-0.62285546400000014,
		-1.5066208360000002,
		-1.0243989,
		1.3581898400000001,
		0.040700000000000007
	],
	"velocity" : [ 0.0, 0.0, 0.0, 0.0, 0.0, 0.0, 0.0 ]
}
