{
	"effort" : [ 0.0, 0.0, 0.0, 0.0, 0.0, 0.0, 0.0 ],
	"position" : 
	[
		0.17860911600000001,
		1.516023152,
		-0.96072830000000009,
		-2.2153880000000004,
		-1.0754051560000002,
		2.4859095520000003,
		0.060400000000000002
	],
	"velocity" : [ 0.0, 0.0, 0.0, 0.0, 0.0, 0.0, 0.0 ]
}
