{
	"effort" : [ 0.0, 0.0, 0.0, 0.0, 0.0, 0.0, 0.0 ],
	"position" : 
	[
		0.28351733200000001,
		1.4959625519999999,
		-0.68715404800000013,
		-1.65534838,
		-1.2864775559999999,
		1.225911988,
		0.0111
	],
	"velocity" : [ 0.0, 0.0, 0.0, 0.0, 0.0, 0.0, 0.0 ]
}
