{
	"effort" : [ 0.0, 0.0, 0.0, 0.0, 0.0, 0.0, 0.0 ],
	"position" : 
	[
		0.50268374800000004,
		1.766867872,
		-0.92029310799999997,
		-2.2153880000000004,
		-0.33455847599999999,
		2.6969993960000003,
		0.0688
	],
	"velocity" : [ 0.0, 0.0, 0.0, 0.0, 0.0, 0.0, 0.0 ]
}
