{
	"effort" : [ 0.0, 0.0, 0.0, 0.0, 0.0, 0.0, 0.0 ],
	"position" : 
	[
		0.22371930000000001,
		1.4959625519999999,
		-0.78700350400000008,
		-1.8190777640000002,
		-1.2697138720000001,
		1.2628932680000002,
		0.060400000000000002
	],
	"velocity" : [ 0.0, 0.0, 0.0, 0.0, 0.0, 0.0, 0.0 ]
}
