{
	"effort" : [ 0.0, 0.0, 0.0, 0.0, 0.0, 0.0, 0.0 ],
	"position" : 
	[
		0.42266812000000004,
		1.48439718,
		-0.62285546400000014,
		-1.5066208360000002,
		-0.97675933600000009,
		1.3581898400000001,
		0.027300000000000001
	],
	"velocity" : [ 0.0, 0.0, 0.0, 0.0, 0.0, 0.0, 0.0 ]
}
