{
	"effort" : [ 0.0, 0.0, 0.0, 0.0, 0.0, 0.0, 0.0 ],
	"position" : 
	[
		0.42552893600000002,
		1.4959625519999999,
		-0.68715404800000013,
		-1.553231204,
		-1.0017391440000001,
		1.1695853120000002,
		0.0073000000000000001
	],
	"velocity" : [ 0.0, 0.0, 0.0, 0.0, 0.0, 0.0, 0.0 ]
}
