{
	"effort" : [ 0.0, 0.0, 0.0, 0.0, 0.0, 0.0, 0.0 ],
	"position" : 
	[
		0.29987980400000003,
		1.68744534,
		-0.84605144399999999,
		-2.2153880000000004,
		-0.54938133600000005,
		2.5315081680000002,
		0.073100000000000012
	],
	"velocity" : [ 0.0, 0.0, 0.0, 0.0, 0.0, 0.0, 0.0 ]
}
