{
	"effort" : [ 0.0, 0.0, 0.0, 0.0, 0.0, 0.0, 0.0 ],
	"position" : 
	[
		0.21304357199999999,
		1.5086617840000003,
		-0.85210451200000004,
		-2.2153880000000004,
		-0.60825483600000008,
		2.737364812,
		0.0659
	],
	"velocity" : [ 0.0, 0.0, 0.0, 0.0, 0.0, 0.0, 0.0 ]
}
