{
	"effort" : [ 0.0, 0.0, 0.0, 0.0, 0.0, 0.0, 0.0 ],
	"position" : 
	[
		0.41984219200000006,
		1.7028309480000001,
		-0.92196773200000004,
		-2.2153880000000004,
		-0.45350911200000005,
		2.6591982480000005,
		0.0688
	],
	"velocity" : [ 0.0, 0.0, 0.0, 0.0, 0.0, 0.0, 0.0 ]
}
