{
	"effort" : [ 0.0, 0.0, 0.0, 0.0, 0.0, 0.0, 0.0 ],
	"position" : 
	[
		0.35001386000000007,
		1.66206432,
		-0.93278301200000002,
		-2.2153880000000004,
		-0.57504146000000012,
		2.5780662040000002,
		0.0688
	],
	"velocity" : [ 0.0, 0.0, 0.0, 0.0, 0.0, 0.0, 0.0 ]
}
