{
	"effort" : [ 0.0, 0.0, 0.0, 0.0, 0.0, 0.0, 0.0 ],
	"position" : 
	[
		0.24425088800000003,
		1.4959625519999999,
		-0.78482300400000005,
		-1.722211232,
		-1.250595248,
		1.2351049760000001,
		0.060400000000000002
	],
	"velocity" : [ 0.0, 0.0, 0.0, 0.0, 0.0, 0.0, 0.0 ]
}
