{
	"effort" : [ 0.0, 0.0, 0.0, 0.0, 0.0, 0.0, 0.0 ],
	"position" : 
	[
		0.48532696800000003,
		1.746894492,
		-0.92414823200000007,
		-2.212876064,
		-0.38734402000000001,
		2.715350484,
		0.0688
	],
	"velocity" : [ 0.0, 0.0, 0.0, 0.0, 0.0, 0.0, 0.0 ]
}
