{
	"effort" : [ 0.0, 0.0, 0.0, 0.0, 0.0, 0.0, 0.0 ],
	"position" : 
	[
		0.43990279200000004,
		1.4959625519999999,
		-0.68715404800000013,
		-1.559197052,
		-1.0640142240000001,
		1.1740509760000002,
		-0.0001
	],
	"velocity" : [ 0.0, 0.0, 0.0, 0.0, 0.0, 0.0, 0.0 ]
}
