{
	"effort" : [ 0.0, 0.0, 0.0, 0.0, 0.0, 0.0, 0.0 ],
	"position" : 
	[
		0.48070430800000002,
		1.768420388,
		-0.92024077599999998,
		-2.2153880000000004,
		-0.496578348,
		2.6674667040000002,
		0.0688
	],
	"velocity" : [ 0.0, 0.0, 0.0, 0.0, 0.0, 0.0, 0.0 ]
}
