{
	"effort" : [ 0.0, 0.0, 0.0, 0.0, 0.0, 0.0, 0.0 ],
	"position" : 
	[
		0.31154984000000002,
		1.68744534,
		-0.83933550400000001,
		-2.2153880000000004,
		-0.52441897199999998,
		2.5340549920000002,
		0.073700000000000002
	],
	"velocity" : [ 0.0, 0.0, 0.0, 0.0, 0.0, 0.0, 0.0 ]
}
