{
	"effort" : [ 0.0, 0.0, 0.0, 0.0, 0.0, 0.0, 0.0 ],
	"position" : 
	[
		0.42488350800000002,
		1.4959625519999999,
		-0.68715404800000013,
		-1.5615171040000002,
		-1.079731268,
		1.1942511280000001,
		-0.0001
	],
	"velocity" : [ 0.0, 0.0, 0.0, 0.0, 0.0, 0.0, 0.0 ]
}
