{
	"effort" : [ 0.0, 0.0, 0.0, 0.0, 0.0, 0.0, 0.0 ],
	"position" : 
	[
		0.43428582400000004,
		1.4959625519999999,
		-0.68715404800000013,
		-1.553231204,
		-1.0010937160000002,
		1.1658348520000001,
		0.0033999999999999998
	],
	"velocity" : [ 0.0, 0.0, 0.0, 0.0, 0.0, 0.0, 0.0 ]
}
