{
	"effort" : [ 0.0, 0.0, 0.0, 0.0, 0.0, 0.0, 0.0 ],
	"position" : 
	[
		0.30376981600000003,
		1.7002492360000001,
		-0.92024077599999998,
		-2.2153880000000004,
		-0.66732022000000013,
		2.5380845560000003,
		0.0688
	],
	"velocity" : [ 0.0, 0.0, 0.0, 0.0, 0.0, 0.0, 0.0 ]
}
