{
	"effort" : [ 0.0, 0.0, 0.0, 0.0, 0.0, 0.0, 0.0 ],
	"position" : 
	[
		0.60337051600000002,
		0.46256254800000002,
		-0.18410397600000003,
		-1.353462516,
		-0.080556392000000004,
		1.2549736920000001,
		0.011200000000000002
	],
	"velocity" : [ 0.0, 0.0, 0.0, 0.0, 0.0, 0.0, 0.0 ]
}
