{
	"effort" : [ 0.0, 0.0, 0.0, 0.0, 0.0, 0.0, 0.0 ],
	"position" : 
	[
		0.47597698400000005,
		0.63007727999999996,
		-0.35646813999999999,
		-2.2153880000000004,
		-0.14574462000000002,
		2.7587860440000003,
		0.011599999999999999
	],
	"velocity" : [ 0.0, 0.0, 0.0, 0.0, 0.0, 0.0, 0.0 ]
}
