{
	"effort" : [ 0.0, 0.0, 0.0, 0.0, 0.0, 0.0, 0.0 ],
	"position" : 
	[
		0.47597698400000005,
		0.67189054800000014,
		-0.38554728800000004,
		-2.2153880000000004,
		-0.14574462000000002,
		2.7587860440000003,
		0.030900000000000004
	],
	"velocity" : [ 0.0, 0.0, 0.0, 0.0, 0.0, 0.0, 0.0 ]
}
