{
	"effort" : [ 0.0, 0.0, 0.0, 0.0, 0.0, 0.0, 0.0 ],
	"position" : 
	[
		0.34277459999999998,
		1.6556972600000002,
		-0.852906936,
		-2.2153880000000004,
		-0.51123130800000005,
		2.7723051440000002,
		0.069600000000000009
	],
	"velocity" : [ 0.0, 0.0, 0.0, 0.0, 0.0, 0.0, 0.0 ]
}
