{
	"effort" : [ 0.0, 0.0, 0.0, 0.0, 0.0, 0.0, 0.0 ],
	"position" : 
	[
		0.44485688800000001,
		1.76899604,
		-0.92024077599999998,
		-2.2153880000000004,
		-0.50231742400000001,
		2.6777237760000001,
		0.0688
	],
	"velocity" : [ 0.0, 0.0, 0.0, 0.0, 0.0, 0.0, 0.0 ]
}
