{
	"effort" : [ 0.0, 0.0, 0.0, 0.0, 0.0, 0.0, 0.0 ],
	"position" : 
	[
		0.35018830000000001,
		1.5364500759999999,
		-0.96072830000000009,
		-2.2153880000000004,
		-0.86093117600000002,
		2.4833103960000003,
		0.060400000000000002
	],
	"velocity" : [ 0.0, 0.0, 0.0, 0.0, 0.0, 0.0, 0.0 ]
}
