{
	"effort" : [ 0.0, 0.0, 0.0, 0.0, 0.0, 0.0, 0.0 ],
	"position" : 
	[
		0.36906270800000002,
		1.48439718,
		-0.62285546400000014,
		-1.5161975920000001,
		-1.046762108,
		1.3581898400000001,
		0.051900000000000002
	],
	"velocity" : [ 0.0, 0.0, 0.0, 0.0, 0.0, 0.0, 0.0 ]
}
