{
	"effort" : [ 0.0, 0.0, 0.0, 0.0, 0.0, 0.0, 0.0 ],
	"position" : 
	[
		0.60337051600000002,
		0.61265072400000009,
		-0.36700431600000005,
		-1.3608064400000002,
		-0.13895890400000002,
		1.2482054200000001,
		0.037899999999999996
	],
	"velocity" : [ 0.0, 0.0, 0.0, 0.0, 0.0, 0.0, 0.0 ]
}
