{
	"effort" : [ 0.0, 0.0, 0.0, 0.0, 0.0, 0.0, 0.0 ],
	"position" : 
	[
		0.35639836400000002,
		1.1615436280000002,
		-0.60426016000000005,
		-2.2153880000000004,
		-0.34807757600000006,
		2.814798728,
		0.048200000000000007
	],
	"velocity" : [ 0.0, 0.0, 0.0, 0.0, 0.0, 0.0, 0.0 ]
}
