{
	"effort" : [ 0.0, 0.0, 0.0, 0.0, 0.0, 0.0, 0.0 ],
	"position" : 
	[
		0.41082364399999999,
		1.6967429920000001,
		-0.92196773200000004,
		-2.2153880000000004,
		-0.45947496000000004,
		2.6501099240000001,
		0.0688
	],
	"velocity" : [ 0.0, 0.0, 0.0, 0.0, 0.0, 0.0, 0.0 ]
}
