{
	"effort" : [ 0.0, 0.0, 0.0, 0.0, 0.0, 0.0, 0.0 ],
	"position" : 
	[
		0.29799585200000001,
		1.5304493400000001,
		-0.848807596,
		-2.2153880000000004,
		-0.57493679600000014,
		2.7761079360000003,
		0.074800000000000005
	],
	"velocity" : [ 0.0, 0.0, 0.0, 0.0, 0.0, 0.0, 0.0 ]
}
