{
	"effort" : [ 0.0, 0.0, 0.0, 0.0, 0.0, 0.0, 0.0 ],
	"position" : 
	[
		0.49244412000000004,
		1.48439718,
		-0.62285546400000014,
		-1.5066208360000002,
		-0.91069890800000008,
		1.310166508,
		0.012500000000000001
	],
	"velocity" : [ 0.0, 0.0, 0.0, 0.0, 0.0, 0.0, 0.0 ]
}
