{
	"effort" : [ 0.0, 0.0, 0.0, 0.0, 0.0, 0.0, 0.0 ],
	"position" : 
	[
		0.34277459999999998,
		1.6556972600000002,
		-0.852906936,
		-2.2153880000000004,
		-0.51095220400000008,
		2.7693745520000004,
		0.0693
	],
	"velocity" : [ 0.0, 0.0, 0.0, 0.0, 0.0, 0.0, 0.0 ]
}
