{
	"effort" : [ 0.0, 0.0, 0.0, 0.0, 0.0, 0.0, 0.0 ],
	"position" : 
	[
		0.31392222399999997,
		1.48439718,
		-0.66330810000000007,
		-1.5161975920000001,
		-1.061502288,
		1.3667548440000001,
		0.062200000000000005
	],
	"velocity" : [ 0.0, 0.0, 0.0, 0.0, 0.0, 0.0, 0.0 ]
}
