{
	"effort" : [ 0.0, 0.0, 0.0, 0.0, 0.0, 0.0, 0.0 ],
	"position" : 
	[
		0.50837049200000006,
		1.766867872,
		-0.92268293600000006,
		-2.2153880000000004,
		-0.33190698800000001,
		2.7046573120000001,
		0.0688
	],
	"velocity" : [ 0.0, 0.0, 0.0, 0.0, 0.0, 0.0, 0.0 ]
}
