{
	"effort" : [ 0.0, 0.0, 0.0, 0.0, 0.0, 0.0, 0.0 ],
	"position" : 
	[
		0.021194460000000002,
		1.4984047120000001,
		-0.96072830000000009,
		-2.1511766360000002,
		-1.116014788,
		2.4662850520000004,
		0.060400000000000002
	],
	"velocity" : [ 0.0, 0.0, 0.0, 0.0, 0.0, 0.0, 0.0 ]
}
