{
	"effort" : [ 0.0, 0.0, 0.0, 0.0, 0.0, 0.0, 0.0 ],
	"position" : 
	[
		0.505823668,
		1.48439718,
		-0.62285546400000014,
		-1.5066208360000002,
		-0.89219082400000005,
		1.3050030840000002,
		0.011200000000000002
	],
	"velocity" : [ 0.0, 0.0, 0.0, 0.0, 0.0, 0.0, 0.0 ]
}
