{
	"effort" : [ 0.0, 0.0, 0.0, 0.0, 0.0, 0.0, 0.0 ],
	"position" : 
	[
		0.47597698400000005,
		0.56565658800000007,
		-0.29157646000000004,
		-2.2153880000000004,
		-0.092017100000000018,
		2.7587860440000003,
		0.00020000000000000001
	],
	"velocity" : [ 0.0, 0.0, 0.0, 0.0, 0.0, 0.0, 0.0 ]
}
