{
	"effort" : [ 0.0, 0.0, 0.0, 0.0, 0.0, 0.0, 0.0 ],
	"position" : 
	[
		0.51669128000000009,
		1.766867872,
		-0.93208525200000003,
		-2.2147949040000001,
		-0.32255700400000004,
		2.7133967560000003,
		0.0688
	],
	"velocity" : [ 0.0, 0.0, 0.0, 0.0, 0.0, 0.0, 0.0 ]
}
