{
	"effort" : [ 0.0, 0.0, 0.0, 0.0, 0.0, 0.0, 0.0 ],
	"position" : 
	[
		0.28461630399999999,
		1.68744534,
		-0.92024077599999998,
		-2.2153880000000004,
		-0.66732022000000013,
		2.5294672199999999,
		0.0688
	],
	"velocity" : [ 0.0, 0.0, 0.0, 0.0, 0.0, 0.0, 0.0 ]
}
