{
	"effort" : [ 0.0, 0.0, 0.0, 0.0, 0.0, 0.0, 0.0 ],
	"position" : 
	[
		0.058228072000000006,
		1.4984047120000001,
		-0.96072830000000009,
		-1.8565649200000003,
		-1.2644457840000001,
		2.050646864,
		0.060400000000000002
	],
	"velocity" : [ 0.0, 0.0, 0.0, 0.0, 0.0, 0.0, 0.0 ]
}
