{
	"effort" : [ 0.0, 0.0, 0.0, 0.0, 0.0, 0.0, 0.0 ],
	"position" : 
	[
		0.60146911999999997,
		1.48439718,
		-0.58275170799999998,
		-1.3433449960000001,
		-0.55464942400000006,
		1.21514904,
		0.0038000000000000004
	],
	"velocity" : [ 0.0, 0.0, 0.0, 0.0, 0.0, 0.0, 0.0 ]
}
