{
	"effort" : [ 0.0, 0.0, 0.0, 0.0, 0.0, 0.0, 0.0 ],
	"position" : 
	[
		0.60138190000000002,
		1.3682899159999999,
		-0.61809325200000009,
		-1.2465656840000001,
		-0.42458696000000001,
		1.2553400160000001,
		0.043800000000000006
	],
	"velocity" : [ 0.0, 0.0, 0.0, 0.0, 0.0, 0.0, 0.0 ]
}
