{
	"effort" : [ 0.0, 0.0, 0.0, 0.0, 0.0, 0.0, 0.0 ],
	"position" : 
	[
		0.41724303600000001,
		1.7670074240000002,
		-0.92024077599999998,
		-2.2153880000000004,
		-0.53575757200000007,
		2.6279037120000002,
		0.0688
	],
	"velocity" : [ 0.0, 0.0, 0.0, 0.0, 0.0, 0.0, 0.0 ]
}
