{
	"effort" : [ 0.0, 0.0, 0.0, 0.0, 0.0, 0.0, 0.0 ],
	"position" : 
	[
		0.60146911999999997,
		1.447799668,
		-0.58655450000000009,
		-1.251188344,
		-0.40431703200000002,
		1.1143052760000001,
		0.0111
	],
	"velocity" : [ 0.0, 0.0, 0.0, 0.0, 0.0, 0.0, 0.0 ]
}
