{
	"effort" : [ 0.0, 0.0, 0.0, 0.0, 0.0, 0.0, 0.0 ],
	"position" : 
	[
		0.026061336000000001,
		1.4984047120000001,
		-0.96072830000000009,
		-2.0917449280000002,
		-1.119311704,
		2.398009236,
		0.060400000000000002
	],
	"velocity" : [ 0.0, 0.0, 0.0, 0.0, 0.0, 0.0, 0.0 ]
}
