{
	"effort" : [ 0.0, 0.0, 0.0, 0.0, 0.0, 0.0, 0.0 ],
	"position" : 
	[
		0.078602664000000003,
		1.5043705599999999,
		-0.96072830000000009,
		-2.2153880000000004,
		-1.1143227200000001,
		2.4859095520000003,
		0.060400000000000002
	],
	"velocity" : [ 0.0, 0.0, 0.0, 0.0, 0.0, 0.0, 0.0 ]
}
