{
	"effort" : [ 0.0, 0.0, 0.0, 0.0, 0.0, 0.0, 0.0 ],
	"position" : 
	[
		0.41560330000000001,
		1.4959625519999999,
		-0.68715404800000013,
		-1.553231204,
		-1.0034312120000002,
		1.1802435960000002,
		0.011200000000000002
	],
	"velocity" : [ 0.0, 0.0, 0.0, 0.0, 0.0, 0.0, 0.0 ]
}
