{
	"effort" : [ 0.0, 0.0, 0.0, 0.0, 0.0, 0.0, 0.0 ],
	"position" : 
	[
		0.47597698400000005,
		0.73147925200000008,
		-0.39665911600000003,
		-2.2153880000000004,
		-0.15408285200000002,
		2.8178165399999999,
		0.047600000000000003
	],
	"velocity" : [ 0.0, 0.0, 0.0, 0.0, 0.0, 0.0, 0.0 ]
}
