{
	"effort" : [ 0.0, 0.0, 0.0, 0.0, 0.0, 0.0, 0.0 ],
	"position" : 
	[
		0.49636901999999999,
		1.766867872,
		-0.92024077599999998,
		-2.2153880000000004,
		-0.35817765200000007,
		2.6653908680000002,
		0.0688
	],
	"velocity" : [ 0.0, 0.0, 0.0, 0.0, 0.0, 0.0, 0.0 ]
}
