{
	"effort" : [ 0.0, 0.0, 0.0, 0.0, 0.0, 0.0, 0.0 ],
	"position" : 
	[
		0.28257535600000006,
		1.68744534,
		-0.8592739960000001,
		-2.2153880000000004,
		-0.57183176400000002,
		2.5270250600000002,
		0.073100000000000012
	],
	"velocity" : [ 0.0, 0.0, 0.0, 0.0, 0.0, 0.0, 0.0 ]
}
