{
	"effort" : [ 0.0, 0.0, 0.0, 0.0, 0.0, 0.0, 0.0 ],
	"position" : 
	[
		0.335674892,
		1.5960736680000001,
		-0.85233128400000002,
		-2.2153880000000004,
		-0.57493679600000014,
		2.7818644560000001,
		0.074800000000000005
	],
	"velocity" : [ 0.0, 0.0, 0.0, 0.0, 0.0, 0.0, 0.0 ]
}
