{
	"effort" : [ 0.0, 0.0, 0.0, 0.0, 0.0, 0.0, 0.0 ],
	"position" : 
	[
		0.40773605600000001,
		1.4959625519999999,
		-0.68715404800000013,
		-1.5812288240000001,
		-1.0884881560000002,
		1.2230686160000002,
		-0.0001
	],
	"velocity" : [ 0.0, 0.0, 0.0, 0.0, 0.0, 0.0, 0.0 ]
}
