{
	"effort" : [ 0.0, 0.0, 0.0, 0.0, 0.0, 0.0, 0.0 ],
	"position" : 
	[
		0.20522866000000003,
		1.4959625519999999,
		-0.79225414800000005,
		-1.8356844520000002,
		-1.304758868,
		1.3062590519999999,
		0.060400000000000002
	],
	"velocity" : [ 0.0, 0.0, 0.0, 0.0, 0.0, 0.0, 0.0 ]
}
