{
	"effort" : [ 0.0, 0.0, 0.0, 0.0, 0.0, 0.0, 0.0 ],
	"position" : 
	[
		0.51034166400000003,
		1.766867872,
		-0.92683460800000006,
		-2.2153880000000004,
		-0.32662145600000003,
		2.7105359400000002,
		0.0688
	],
	"velocity" : [ 0.0, 0.0, 0.0, 0.0, 0.0, 0.0, 0.0 ]
}
