{
	"effort" : [ 0.0, 0.0, 0.0, 0.0, 0.0, 0.0, 0.0 ],
	"position" : 
	[
		0.46188223200000006,
		1.5483817720000002,
		-0.96072830000000009,
		-2.2153880000000004,
		-0.62676292,
		2.5052898360000002,
		0.0027000000000000001
	],
	"velocity" : [ 0.0, 0.0, 0.0, 0.0, 0.0, 0.0, 0.0 ]
}
