{
	"effort" : [ 0.0, 0.0, 0.0, 0.0, 0.0, 0.0, 0.0 ],
	"position" : 
	[
		0.50610277200000009,
		1.48439718,
		-0.62285546400000014,
		-1.5066208360000002,
		-0.89431899200000009,
		1.3050030840000002,
		0.0114
	],
	"velocity" : [ 0.0, 0.0, 0.0, 0.0, 0.0, 0.0, 0.0 ]
}
