{
	"effort" : [ 0.0, 0.0, 0.0, 0.0, 0.0, 0.0, 0.0 ],
	"position" : 
	[
		0.06550222,
		1.4984047120000001,
		-0.93082928399999998,
		-1.8751078919999999,
		-1.4609001120000003,
		1.5466722600000002,
		0.060400000000000002
	],
	"velocity" : [ 0.0, 0.0, 0.0, 0.0, 0.0, 0.0, 0.0 ]
}
