{
	"effort" : [ 0.0, 0.0, 0.0, 0.0, 0.0, 0.0, 0.0 ],
	"position" : 
	[
		0.48398378000000003,
		1.768420388,
		-0.92024077599999998,
		-2.2153880000000004,
		-0.44606052400000007,
		2.6656001960000002,
		0.0688
	],
	"velocity" : [ 0.0, 0.0, 0.0, 0.0, 0.0, 0.0, 0.0 ]
}
