{
	"effort" : [ 0.0, 0.0, 0.0, 0.0, 0.0, 0.0, 0.0 ],
	"position" : 
	[
		0.40014791600000005,
		1.4959625519999999,
		-0.68715404800000013,
		-1.597102864,
		-1.090284888,
		1.225911988,
		-0.0001
	],
	"velocity" : [ 0.0, 0.0, 0.0, 0.0, 0.0, 0.0, 0.0 ]
}
