{
	"effort" : [ 0.0, 0.0, 0.0, 0.0, 0.0, 0.0, 0.0 ],
	"position" : 
	[
		0.20617063600000002,
		1.5008817600000002,
		-0.88025912800000017,
		-2.2153880000000004,
		-0.68776458800000007,
		2.6653036480000001,
		0.048200000000000007
	],
	"velocity" : [ 0.0, 0.0, 0.0, 0.0, 0.0, 0.0, 0.0 ]
}
