{
	"effort" : [ 0.0, 0.0, 0.0, 0.0, 0.0, 0.0, 0.0 ],
	"position" : 
	[
		0.47597698400000005,
		0.69285823600000007,
		-0.39257722,
		-2.2153880000000004,
		-0.14574462000000002,
		2.7755497280000001,
		0.039899999999999998
	],
	"velocity" : [ 0.0, 0.0, 0.0, 0.0, 0.0, 0.0, 0.0 ]
}
