{
	"effort" : [ 0.0, 0.0, 0.0, 0.0, 0.0, 0.0, 0.0 ],
	"position" : 
	[
		0.30769471600000003,
		1.48439718,
		-0.67824016400000009,
		-1.5161975920000001,
		-1.05632142,
		1.3667548440000001,
		0.063
	],
	"velocity" : [ 0.0, 0.0, 0.0, 0.0, 0.0, 0.0, 0.0 ]
}
