{
	"effort" : [ 0.0, 0.0, 0.0, 0.0, 0.0, 0.0, 0.0 ],
	"position" : 
	[
		0.034399567999999998,
		1.4984047120000001,
		-0.96072830000000009,
		-2.0461463120000003,
		-1.127737156,
		2.3527420559999999,
		0.060400000000000002
	],
	"velocity" : [ 0.0, 0.0, 0.0, 0.0, 0.0, 0.0, 0.0 ]
}
