{
	"effort" : [ 0.0, 0.0, 0.0, 0.0, 0.0, 0.0, 0.0 ],
	"position" : 
	[
		0.24425088800000003,
		1.4959625519999999,
		-0.74888836400000003,
		-1.7181816680000002,
		-1.2935074880000001,
		1.2286332520000003,
		0.0129
	],
	"velocity" : [ 0.0, 0.0, 0.0, 0.0, 0.0, 0.0, 0.0 ]
}
