{
	"effort" : [ 0.0, 0.0, 0.0, 0.0, 0.0, 0.0, 0.0 ],
	"position" : 
	[
		0.40304362000000005,
		1.8209966040000003,
		-0.88660874400000012,
		-2.2153007800000002,
		-0.44679317200000002,
		2.669245992,
		0.091299999999999992
	],
	"velocity" : [ 0.0, 0.0, 0.0, 0.0, 0.0, 0.0, 0.0 ]
}
