{
	"effort" : [ 0.0, 0.0, 0.0, 0.0, 0.0, 0.0, 0.0 ],
	"position" : 
	[
		0.39092004000000002,
		1.6781128000000001,
		-0.92196773200000004,
		-2.2153880000000004,
		-0.47576765600000004,
		2.6280781520000001,
		0.0688
	],
	"velocity" : [ 0.0, 0.0, 0.0, 0.0, 0.0, 0.0, 0.0 ]
}
