{
	"effort" : [ 0.0, 0.0, 0.0, 0.0, 0.0, 0.0, 0.0 ],
	"position" : 
	[
		0.56841274000000008,
		1.48439718,
		-0.58836867599999998,
		-1.478309224,
		-0.7381603040000001,
		1.298322032,
		0.011200000000000002
	],
	"velocity" : [ 0.0, 0.0, 0.0, 0.0, 0.0, 0.0, 0.0 ]
}
