{
	"effort" : [ 0.0, 0.0, 0.0, 0.0, 0.0, 0.0, 0.0 ],
	"position" : 
	[
		0.46188223200000006,
		1.5505622720000003,
		-0.96072830000000009,
		-2.2153880000000004,
		-0.61893056400000002,
		2.5354156240000001,
		0.0001
	],
	"velocity" : [ 0.0, 0.0, 0.0, 0.0, 0.0, 0.0, 0.0 ]
}
