{
	"effort" : [ 0.0, 0.0, 0.0, 0.0, 0.0, 0.0, 0.0 ],
	"position" : 
	[
		0.60337051600000002,
		0.66234868000000002,
		-0.41495787200000001,
		-1.3608064400000002,
		-0.14952996799999999,
		1.2482054200000001,
		0.0436
	],
	"velocity" : [ 0.0, 0.0, 0.0, 0.0, 0.0, 0.0, 0.0 ]
}
