{
	"effort" : [ 0.0, 0.0, 0.0, 0.0, 0.0, 0.0, 0.0 ],
	"position" : 
	[
		0.47597698400000005,
		0.47165087200000005,
		-0.22576024800000002,
		-2.2153880000000004,
		-0.015891484000000001,
		2.7587860440000003,
		0.0001
	],
	"velocity" : [ 0.0, 0.0, 0.0, 0.0, 0.0, 0.0, 0.0 ]
}
