{
	"effort" : [ 0.0, 0.0, 0.0, 0.0, 0.0, 0.0, 0.0 ],
	"position" : 
	[
		0.219340856,
		1.4959625519999999,
		-0.78700350400000008,
		-1.8187986600000001,
		-1.276360036,
		1.2680741360000001,
		0.060400000000000002
	],
	"velocity" : [ 0.0, 0.0, 0.0, 0.0, 0.0, 0.0, 0.0 ]
}
