{
	"effort" : [ 0.0, 0.0, 0.0, 0.0, 0.0, 0.0, 0.0 ],
	"position" : 
	[
		0.35010108000000001,
		1.48439718,
		-0.63258921600000007,
		-1.5161975920000001,
		-1.0493787080000001,
		1.3602307880000002,
		0.055
	],
	"velocity" : [ 0.0, 0.0, 0.0, 0.0, 0.0, 0.0, 0.0 ]
}
