{
	"effort" : [ 0.0, 0.0, 0.0, 0.0, 0.0, 0.0, 0.0 ],
	"position" : 
	[
		0.31062530799999999,
		1.48439718,
		-0.68715404800000013,
		-1.5161975920000001,
		-1.0226370560000002,
		1.3666327359999999,
		0.062
	],
	"velocity" : [ 0.0, 0.0, 0.0, 0.0, 0.0, 0.0, 0.0 ]
}
