{
	"effort" : [ 0.0, 0.0, 0.0, 0.0, 0.0, 0.0, 0.0 ],
	"position" : 
	[
		0.32409207600000001,
		1.5629998440000001,
		-0.85261038800000011,
		-2.2153880000000004,
		-0.57493679600000014,
		2.7818644560000001,
		0.074800000000000005
	],
	"velocity" : [ 0.0, 0.0, 0.0, 0.0, 0.0, 0.0, 0.0 ]
}
