{
	"effort" : [ 0.0, 0.0, 0.0, 0.0, 0.0, 0.0, 0.0 ],
	"position" : 
	[
		0.347903136,
		1.6578254280000002,
		-0.94129568400000008,
		-2.2153880000000004,
		-0.65106241200000003,
		2.4451603680000003,
		0.0688
	],
	"velocity" : [ 0.0, 0.0, 0.0, 0.0, 0.0, 0.0, 0.0 ]
}
