{
	"effort" : [ 0.0, 0.0, 0.0, 0.0, 0.0, 0.0, 0.0 ],
	"position" : 
	[
		0.60150400800000003,
		1.4497010640000001,
		-0.65566762800000011,
		-1.247455328,
		-0.30294994800000002,
		1.021712524,
		0.043800000000000006
	],
	"velocity" : [ 0.0, 0.0, 0.0, 0.0, 0.0, 0.0, 0.0 ]
}
