{
	"effort" : [ 0.0, 0.0, 0.0, 0.0, 0.0, 0.0, 0.0 ],
	"position" : 
	[
		0.39747898400000004,
		1.6835204400000001,
		-0.92196773200000004,
		-2.2153880000000004,
		-0.47081356000000002,
		2.6339567800000001,
		0.0688
	],
	"velocity" : [ 0.0, 0.0, 0.0, 0.0, 0.0, 0.0, 0.0 ]
}
