{
	"effort" : [ 0.0, 0.0, 0.0, 0.0, 0.0, 0.0, 0.0 ],
	"position" : 
	[
		0.41453921600000004,
		1.9034195040000002,
		-0.89616805600000005,
		-2.2129632840000002,
		-0.32470261600000005,
		2.6855212440000003,
		0.018200000000000001
	],
	"velocity" : [ 0.0, 0.0, 0.0, 0.0, 0.0, 0.0, 0.0 ]
}
