{
	"effort" : [ 0.0, 0.0, 0.0, 0.0, 0.0, 0.0, 0.0 ],
	"position" : 
	[
		0.34889744400000006,
		1.7397250080000002,
		-0.92024077599999998,
		-2.2153880000000004,
		-0.65352201600000004,
		2.5630120320000001,
		0.0688
	],
	"velocity" : [ 0.0, 0.0, 0.0, 0.0, 0.0, 0.0, 0.0 ]
}
