{
	"effort" : [ 0.0, 0.0, 0.0, 0.0, 0.0, 0.0, 0.0 ],
	"position" : 
	[
		0.055960352000000005,
		1.4984047120000001,
		-0.96072830000000009,
		-1.8437435799999999,
		-1.2424837880000001,
		2.1832561520000002,
		0.060400000000000002
	],
	"velocity" : [ 0.0, 0.0, 0.0, 0.0, 0.0, 0.0, 0.0 ]
}
