{
	"effort" : [ 0.0, 0.0, 0.0, 0.0, 0.0, 0.0, 0.0 ],
	"position" : 
	[
		0.048965307999999999,
		1.4984047120000001,
		-0.96072830000000009,
		-1.8899178480000001,
		-1.1971991640000001,
		2.2253310800000001,
		0.060400000000000002
	],
	"velocity" : [ 0.0, 0.0, 0.0, 0.0, 0.0, 0.0, 0.0 ]
}
