{
	"effort" : [ 0.0, 0.0, 0.0, 0.0, 0.0, 0.0, 0.0 ],
	"position" : 
	[
		0.33790772400000002,
		1.731107672,
		-0.92024077599999998,
		-2.2153880000000004,
		-0.664912948,
		2.5569764080000001,
		0.0688
	],
	"velocity" : [ 0.0, 0.0, 0.0, 0.0, 0.0, 0.0, 0.0 ]
}
