{
	"effort" : [ 0.0, 0.0, 0.0, 0.0, 0.0, 0.0, 0.0 ],
	"position" : 
	[
		0.55859176799999999,
		1.48439718,
		-0.59018285199999998,
		-1.4938518280000002,
		-0.75157474000000002,
		1.3050030840000002,
		0.011200000000000002
	],
	"velocity" : [ 0.0, 0.0, 0.0, 0.0, 0.0, 0.0, 0.0 ]
}
