{
	"effort" : [ 0.0, 0.0, 0.0, 0.0, 0.0, 0.0, 0.0 ],
	"position" : 
	[
		0.40065379200000001,
		1.8209966040000003,
		-0.88371303999999995,
		-2.2153007800000002,
		-0.44890389600000008,
		2.6665072840000001,
		0.091299999999999992
	],
	"velocity" : [ 0.0, 0.0, 0.0, 0.0, 0.0, 0.0, 0.0 ]
}
