{
	"effort" : [ 0.0, 0.0, 0.0, 0.0, 0.0, 0.0, 0.0 ],
	"position" : 
	[
		0.47597698400000005,
		0.47669218800000007,
		-0.22834196000000001,
		-2.2153880000000004,
		-0.018612748000000002,
		2.7587860440000003,
		0.0001
	],
	"velocity" : [ 0.0, 0.0, 0.0, 0.0, 0.0, 0.0, 0.0 ]
}
