{
	"effort" : [ 0.0, 0.0, 0.0, 0.0, 0.0, 0.0, 0.0 ],
	"position" : 
	[
		0.353432884,
		1.48439718,
		-0.63224033600000007,
		-1.5161975920000001,
		-1.0491519360000001,
		1.3581898400000001,
		0.054300000000000008
	],
	"velocity" : [ 0.0, 0.0, 0.0, 0.0, 0.0, 0.0, 0.0 ]
}
