{
	"effort" : [ 0.0, 0.0, 0.0, 0.0, 0.0, 0.0, 0.0 ],
	"position" : 
	[
		0.51163252000000004,
		1.766867872,
		-0.92706138000000016,
		-2.2153880000000004,
		-0.32435373600000006,
		2.7108673759999999,
		0.0688
	],
	"velocity" : [ 0.0, 0.0, 0.0, 0.0, 0.0, 0.0, 0.0 ]
}
