{
	"effort" : [ 0.0, 0.0, 0.0, 0.0, 0.0, 0.0, 0.0 ],
	"position" : 
	[
		0.60138190000000002,
		1.4225930880000002,
		-0.61809325200000009,
		-1.2465656840000001,
		-0.42509283600000003,
		1.2117474600000002,
		0.043800000000000006
	],
	"velocity" : [ 0.0, 0.0, 0.0, 0.0, 0.0, 0.0, 0.0 ]
}
