{
	"effort" : [ 0.0, 0.0, 0.0, 0.0, 0.0, 0.0, 0.0 ],
	"position" : 
	[
		0.46535358800000004,
		1.48439718,
		-0.62285546400000014,
		-1.5066208360000002,
		-0.93510306400000009,
		1.3278721680000001,
		0.016399999999999998
	],
	"velocity" : [ 0.0, 0.0, 0.0, 0.0, 0.0, 0.0, 0.0 ]
}
