{
	"effort" : [ 0.0, 0.0, 0.0, 0.0, 0.0, 0.0, 0.0 ],
	"position" : 
	[
		0.41352746400000001,
		1.4959625519999999,
		-0.68715404800000013,
		-1.553231204,
		-1.0034312120000002,
		1.185180248,
		0.012200000000000001
	],
	"velocity" : [ 0.0, 0.0, 0.0, 0.0, 0.0, 0.0, 0.0 ]
}
