{
	"effort" : [ 0.0, 0.0, 0.0, 0.0, 0.0, 0.0, 0.0 ],
	"position" : 
	[
		0.37905812000000005,
		1.48439718,
		-0.62285546400000014,
		-1.508417568,
		-1.042994204,
		1.3581898400000001,
		0.047800000000000002
	],
	"velocity" : [ 0.0, 0.0, 0.0, 0.0, 0.0, 0.0, 0.0 ]
}
