{
	"effort" : [ 0.0, 0.0, 0.0, 0.0, 0.0, 0.0, 0.0 ],
	"position" : 
	[
		0.34277459999999998,
		1.6561333600000001,
		-0.89161517200000007,
		-2.2153880000000004,
		-0.5375891920000001,
		2.520640556,
		0.0688
	],
	"velocity" : [ 0.0, 0.0, 0.0, 0.0, 0.0, 0.0, 0.0 ]
}
