{
	"effort" : [ 0.0, 0.0, 0.0, 0.0, 0.0, 0.0, 0.0 ],
	"position" : 
	[
		0.28800044000000002,
		1.26547498,
		-0.70876716400000006,
		-2.2153880000000004,
		-0.47829703600000006,
		2.81083894,
		0.048200000000000007
	],
	"velocity" : [ 0.0, 0.0, 0.0, 0.0, 0.0, 0.0, 0.0 ]
}
