{
	"effort" : [ 0.0, 0.0, 0.0, 0.0, 0.0, 0.0, 0.0 ],
	"position" : 
	[
		0.403340168,
		1.688945524,
		-0.92196773200000004,
		-2.2153880000000004,
		-0.46783063600000002,
		2.6416670280000005,
		0.0688
	],
	"velocity" : [ 0.0, 0.0, 0.0, 0.0, 0.0, 0.0, 0.0 ]
}
