{
	"effort" : [ 0.0, 0.0, 0.0, 0.0, 0.0, 0.0, 0.0 ],
	"position" : 
	[
		0.044237984000000001,
		1.4984047120000001,
		-0.96072830000000009,
		-1.9557166160000001,
		-1.1589444720000002,
		2.2656790520000003,
		0.060400000000000002
	],
	"velocity" : [ 0.0, 0.0, 0.0, 0.0, 0.0, 0.0, 0.0 ]
}
