{
	"effort" : [ 0.0, 0.0, 0.0, 0.0, 0.0, 0.0, 0.0 ],
	"position" : 
	[
		0.046592924000000001,
		1.4984047120000001,
		-0.96072830000000009,
		-1.9280678760000001,
		-1.173143888,
		2.2454440120000005,
		0.060400000000000002
	],
	"velocity" : [ 0.0, 0.0, 0.0, 0.0, 0.0, 0.0, 0.0 ]
}
