{
	"effort" : [ 0.0, 0.0, 0.0, 0.0, 0.0, 0.0, 0.0 ],
	"position" : 
	[
		0.35807298800000004,
		1.48439718,
		-0.62756534400000008,
		-1.5161975920000001,
		-1.0476168640000001,
		1.3581898400000001,
		0.053200000000000004
	],
	"velocity" : [ 0.0, 0.0, 0.0, 0.0, 0.0, 0.0, 0.0 ]
}
