{
	"effort" : [ 0.0, 0.0, 0.0, 0.0, 0.0, 0.0, 0.0 ],
	"position" : 
	[
		0.21641026400000002,
		1.4168191240000001,
		-0.84367906000000004,
		-2.2153880000000004,
		-0.65432444000000001,
		2.7952265600000001,
		0.048200000000000007
	],
	"velocity" : [ 0.0, 0.0, 0.0, 0.0, 0.0, 0.0, 0.0 ]
}
