{
	"effort" : [ 0.0, 0.0, 0.0, 0.0, 0.0, 0.0, 0.0 ],
	"position" : 
	[
		0.36163156400000007,
		1.4959625519999999,
		-0.68715404800000013,
		-1.6370670679999999,
		-1.0979428040000001,
		1.225911988,
		-0.0001
	],
	"velocity" : [ 0.0, 0.0, 0.0, 0.0, 0.0, 0.0, 0.0 ]
}
