{
	"effort" : [ 0.0, 0.0, 0.0, 0.0, 0.0, 0.0, 0.0 ],
	"position" : 
	[
		0.60138190000000002,
		1.4497010640000001,
		-0.65566762800000011,
		-1.2465656840000001,
		-0.34619362400000003,
		1.0261956320000001,
		0.043800000000000006
	],
	"velocity" : [ 0.0, 0.0, 0.0, 0.0, 0.0, 0.0, 0.0 ]
}
