{
	"effort" : [ 0.0, 0.0, 0.0, 0.0, 0.0, 0.0, 0.0 ],
	"position" : 
	[
		0.60138190000000002,
		1.2943099119999999,
		-0.61809325200000009,
		-1.2465656840000001,
		-0.38279113600000003,
		1.2554272360000001,
		0.043800000000000006
	],
	"velocity" : [ 0.0, 0.0, 0.0, 0.0, 0.0, 0.0, 0.0 ]
}
