{
	"effort" : [ 0.0, 0.0, 0.0, 0.0, 0.0, 0.0, 0.0 ],
	"position" : 
	[
		0.026078780000000003,
		1.4984047120000001,
		-0.96072830000000009,
		-2.1918386000000001,
		-1.1143227200000001,
		2.4811298960000001,
		0.060400000000000002
	],
	"velocity" : [ 0.0, 0.0, 0.0, 0.0, 0.0, 0.0, 0.0 ]
}
