{
	"effort" : [ 0.0, 0.0, 0.0, 0.0, 0.0, 0.0, 0.0 ],
	"position" : 
	[
		0.48728069600000007,
		1.766867872,
		-0.92024077599999998,
		-2.2153880000000004,
		-0.38291324400000004,
		2.6627568240000001,
		0.068900000000000003
	],
	"velocity" : [ 0.0, 0.0, 0.0, 0.0, 0.0, 0.0, 0.0 ]
}
