{
	"effort" : [ 0.0, 0.0, 0.0, 0.0, 0.0, 0.0, 0.0 ],
	"position" : 
	[
		0.070630756000000017,
		1.4959625519999999,
		-0.92289226400000002,
		-1.8751078919999999,
		-1.4609350000000001,
		1.5352464400000001,
		0.060400000000000002
	],
	"velocity" : [ 0.0, 0.0, 0.0, 0.0, 0.0, 0.0, 0.0 ]
}
