{
	"effort" : [ 0.0, 0.0, 0.0, 0.0, 0.0, 0.0, 0.0 ],
	"position" : 
	[
		0.32536548800000004,
		1.7067732920000003,
		-0.83896917999999998,
		-2.2153880000000004,
		-0.49089160399999998,
		2.564163336,
		0.087600000000000011
	],
	"velocity" : [ 0.0, 0.0, 0.0, 0.0, 0.0, 0.0, 0.0 ]
}
