{
	"effort" : [ 0.0, 0.0, 0.0, 0.0, 0.0, 0.0, 0.0 ],
	"position" : 
	[
		0.60337051600000002,
		1.1541124840000001,
		-0.54444468400000001,
		-1.2546771440000002,
		-0.21742201600000002,
		1.2484496360000001,
		0.043800000000000006
	],
	"velocity" : [ 0.0, 0.0, 0.0, 0.0, 0.0, 0.0, 0.0 ]
}
