{
	"effort" : [ 0.0, 0.0, 0.0, 0.0, 0.0, 0.0, 0.0 ],
	"position" : 
	[
		0.58665916400000007,
		1.48439718,
		-0.58229816400000001,
		-1.4533294159999999,
		-0.72361200800000003,
		1.2702895240000001,
		0.011200000000000002
	],
	"velocity" : [ 0.0, 0.0, 0.0, 0.0, 0.0, 0.0, 0.0 ]
}
