{
	"effort" : [ 0.0, 0.0, 0.0, 0.0, 0.0, 0.0, 0.0 ],
	"position" : 
	[
		0.47669218800000007,
		1.48439718,
		-0.62285546400000014,
		-1.5066208360000002,
		-0.92646828400000003,
		1.3156090360000001,
		0.0146
	],
	"velocity" : [ 0.0, 0.0, 0.0, 0.0, 0.0, 0.0, 0.0 ]
}
