{
	"effort" : [ 0.0, 0.0, 0.0, 0.0, 0.0, 0.0, 0.0 ],
	"position" : 
	[
		0.39606602000000002,
		1.8183974480000002,
		-0.87553180400000008,
		-2.2153007800000002,
		-0.44890389600000008,
		2.6567037560000002,
		0.091299999999999992
	],
	"velocity" : [ 0.0, 0.0, 0.0, 0.0, 0.0, 0.0, 0.0 ]
}
