{
	"effort" : [ 0.0, 0.0, 0.0, 0.0, 0.0, 0.0, 0.0 ],
	"position" : 
	[
		0.60337051600000002,
		0.49467695200000006,
		-0.22781864000000002,
		-1.353462516,
		-0.098436492,
		1.2549736920000001,
		0.013200000000000002
	],
	"velocity" : [ 0.0, 0.0, 0.0, 0.0, 0.0, 0.0, 0.0 ]
}
