{
	"effort" : [ 0.0, 0.0, 0.0, 0.0, 0.0, 0.0, 0.0 ],
	"position" : 
	[
		0.35175825999999999,
		1.7417136240000002,
		-0.92024077599999998,
		-2.2153880000000004,
		-0.64944011999999995,
		2.5655414120000004,
		0.0688
	],
	"velocity" : [ 0.0, 0.0, 0.0, 0.0, 0.0, 0.0, 0.0 ]
}
