{
	"effort" : [ 0.0, 0.0, 0.0, 0.0, 0.0, 0.0, 0.0 ],
	"position" : 
	[
		0.34277459999999998,
		1.6561333600000001,
		-0.86154171600000007,
		-2.2153880000000004,
		-0.50896358800000008,
		2.6809683600000001,
		0.0688
	],
	"velocity" : [ 0.0, 0.0, 0.0, 0.0, 0.0, 0.0, 0.0 ]
}
