{
	"effort" : [ 0.0, 0.0, 0.0, 0.0, 0.0, 0.0, 0.0 ],
	"position" : 
	[
		0.15640290400000001,
		1.5133367760000003,
		-0.96072830000000009,
		-2.2153880000000004,
		-1.0924479440000001,
		2.4859095520000003,
		0.060400000000000002
	],
	"velocity" : [ 0.0, 0.0, 0.0, 0.0, 0.0, 0.0, 0.0 ]
}
