{
	"effort" : [ 0.0, 0.0, 0.0, 0.0, 0.0, 0.0, 0.0 ],
	"position" : 
	[
		0.52201170000000008,
		1.48439718,
		-0.60483581200000003,
		-1.5014923000000002,
		-0.82986341200000002,
		1.3050030840000002,
		0.011200000000000002
	],
	"velocity" : [ 0.0, 0.0, 0.0, 0.0, 0.0, 0.0, 0.0 ]
}
