{
	"effort" : [ 0.0, 0.0, 0.0, 0.0, 0.0, 0.0, 0.0 ],
	"position" : 
	[
		0.24423344399999999,
		1.4959625519999999,
		-0.78482300400000005,
		-1.7254732600000002,
		-1.250595248,
		1.241472036,
		0.060400000000000002
	],
	"velocity" : [ 0.0, 0.0, 0.0, 0.0, 0.0, 0.0, 0.0 ]
}
