{
	"effort" : [ 0.0, 0.0, 0.0, 0.0, 0.0, 0.0, 0.0 ],
	"position" : 
	[
		0.38641948800000003,
		1.8123618240000001,
		-0.8671761280000001,
		-2.2153007800000002,
		-0.44890389600000008,
		2.6390678720000005,
		0.091299999999999992
	],
	"velocity" : [ 0.0, 0.0, 0.0, 0.0, 0.0, 0.0, 0.0 ]
}
