{
	"effort" : [ 0.0, 0.0, 0.0, 0.0, 0.0, 0.0, 0.0 ],
	"position" : 
	[
		0.48121018399999999,
		1.768420388,
		-0.92024077599999998,
		-2.2153880000000004,
		-0.46821440400000003,
		2.6655304200000005,
		0.0688
	],
	"velocity" : [ 0.0, 0.0, 0.0, 0.0, 0.0, 0.0, 0.0 ]
}
