{
	"effort" : [ 0.0, 0.0, 0.0, 0.0, 0.0, 0.0, 0.0 ],
	"position" : 
	[
		0.26708508400000003,
		1.5263325560000001,
		-0.96072830000000009,
		-2.2153880000000004,
		-0.97398574000000004,
		2.4833103960000003,
		0.060400000000000002
	],
	"velocity" : [ 0.0, 0.0, 0.0, 0.0, 0.0, 0.0, 0.0 ]
}
