{
	"effort" : [ 0.0, 0.0, 0.0, 0.0, 0.0, 0.0, 0.0 ],
	"position" : 
	[
		0.60337051600000002,
		0.56312720799999993,
		-0.31639927200000006,
		-1.3608064400000002,
		-0.102239284,
		1.2482054200000001,
		0.027100000000000003
	],
	"velocity" : [ 0.0, 0.0, 0.0, 0.0, 0.0, 0.0, 0.0 ]
}
