{
	"effort" : [ 0.0, 0.0, 0.0, 0.0, 0.0, 0.0, 0.0 ],
	"position" : 
	[
		0.29407095200000005,
		1.68744534,
		-0.84824938800000005,
		-2.2153880000000004,
		-0.55457964800000004,
		2.5270250600000002,
		0.073100000000000012
	],
	"velocity" : [ 0.0, 0.0, 0.0, 0.0, 0.0, 0.0, 0.0 ]
}
