{
	"effort" : [ 0.0, 0.0, 0.0, 0.0, 0.0, 0.0, 0.0 ],
	"position" : 
	[
		0.289448292,
		1.5234194080000001,
		-0.848807596,
		-2.2153880000000004,
		-0.57767550400000001,
		2.7714155000000003,
		0.074800000000000005
	],
	"velocity" : [ 0.0, 0.0, 0.0, 0.0, 0.0, 0.0, 0.0 ]
}
