{
	"effort" : [ 0.0, 0.0, 0.0, 0.0, 0.0, 0.0, 0.0 ],
	"position" : 
	[
		0.46188223200000006,
		1.5468292560000003,
		-0.96072830000000009,
		-2.2153880000000004,
		-0.64832370399999995,
		2.4810077880000003,
		0.042100000000000005
	],
	"velocity" : [ 0.0, 0.0, 0.0, 0.0, 0.0, 0.0, 0.0 ]
}
