{
	"effort" : [ 0.0, 0.0, 0.0, 0.0, 0.0, 0.0, 0.0 ],
	"position" : 
	[
		0.33485502400000006,
		1.7288922840000003,
		-0.92024077599999998,
		-2.2153880000000004,
		-0.665261828,
		2.5551971199999999,
		0.0688
	],
	"velocity" : [ 0.0, 0.0, 0.0, 0.0, 0.0, 0.0, 0.0 ]
}
