{
	"effort" : [ 0.0, 0.0, 0.0, 0.0, 0.0, 0.0, 0.0 ],
	"position" : 
	[
		0.41453921600000004,
		1.8329806320000002,
		-0.96072830000000009,
		-2.2148297920000002,
		-0.35547383200000005,
		2.6836721800000003,
		-0.0001
	],
	"velocity" : [ 0.0, 0.0, 0.0, 0.0, 0.0, 0.0, 0.0 ]
}
