{
	"effort" : [ 0.0, 0.0, 0.0, 0.0, 0.0, 0.0, 0.0 ],
	"position" : 
	[
		0.42231924000000004,
		1.4959625519999999,
		-0.68715404800000013,
		-1.5642732560000001,
		-1.0829932960000002,
		1.202641692,
		-0.0001
	],
	"velocity" : [ 0.0, 0.0, 0.0, 0.0, 0.0, 0.0, 0.0 ]
}
