{
	"effort" : [ 0.0, 0.0, 0.0, 0.0, 0.0, 0.0, 0.0 ],
	"position" : 
	[
		0.41453921600000004,
		1.9016402160000001,
		-0.94344129600000015,
		-2.2148297920000002,
		-0.33312806800000005,
		2.6855212440000003,
		0.001
	],
	"velocity" : [ 0.0, 0.0, 0.0, 0.0, 0.0, 0.0, 0.0 ]
}
