{
	"effort" : [ 0.0, 0.0, 0.0, 0.0, 0.0, 0.0, 0.0 ],
	"position" : 
	[
		0.24320424800000001,
		1.5103538520000002,
		-0.848807596,
		-2.2153880000000004,
		-0.59702090000000008,
		2.737364812,
		0.074400000000000008
	],
	"velocity" : [ 0.0, 0.0, 0.0, 0.0, 0.0, 0.0, 0.0 ]
}
