{
	"effort" : [ 0.0, 0.0, 0.0, 0.0, 0.0, 0.0, 0.0 ],
	"position" : 
	[
		0.117973772,
		1.4959625519999999,
		-0.86611204400000008,
		-1.8751078919999999,
		-1.446125044,
		1.4523351080000002,
		0.060400000000000002
	],
	"velocity" : [ 0.0, 0.0, 0.0, 0.0, 0.0, 0.0, 0.0 ]
}
