{
	"effort" : [ 0.0, 0.0, 0.0, 0.0, 0.0, 0.0, 0.0 ],
	"position" : 
	[
		0.27130653200000004,
		1.5144357479999999,
		-0.848807596,
		-2.2153880000000004,
		-0.58444377599999997,
		2.7607397720000004,
		0.074800000000000005
	],
	"velocity" : [ 0.0, 0.0, 0.0, 0.0, 0.0, 0.0, 0.0 ]
}
