{
	"effort" : [ 0.0, 0.0, 0.0, 0.0, 0.0, 0.0, 0.0 ],
	"position" : 
	[
		0.40874780799999999,
		1.8259507000000001,
		-0.89147562000000002,
		-2.2153007800000002,
		-0.43472192400000004,
		2.6955341000000002,
		0.091299999999999992
	],
	"velocity" : [ 0.0, 0.0, 0.0, 0.0, 0.0, 0.0, 0.0 ]
}
