{
	"effort" : [ 0.0, 0.0, 0.0, 0.0, 0.0, 0.0, 0.0 ],
	"position" : 
	[
		0.60337051600000002,
		0.90703566800000002,
		-0.5425607320000001,
		-1.2556191200000002,
		-0.19771029600000001,
		1.2482054200000001,
		0.043800000000000006
	],
	"velocity" : [ 0.0, 0.0, 0.0, 0.0, 0.0, 0.0, 0.0 ]
}
