{
	"effort" : [ 0.0, 0.0, 0.0, 0.0, 0.0, 0.0, 0.0 ],
	"position" : 
	[
		0.208560464,
		1.5086617840000003,
		-0.86059974000000006,
		-2.2153880000000004,
		-0.60602200400000006,
		2.7025465880000001,
		0.049600000000000005
	],
	"velocity" : [ 0.0, 0.0, 0.0, 0.0, 0.0, 0.0, 0.0 ]
}
