{
	"effort" : [ 0.0, 0.0, 0.0, 0.0, 0.0, 0.0, 0.0 ],
	"position" : 
	[
		0.47597698400000005,
		0.69526550800000009,
		-0.39247255600000003,
		-2.2153880000000004,
		-0.14574462000000002,
		2.7755497280000001,
		0.040700000000000007
	],
	"velocity" : [ 0.0, 0.0, 0.0, 0.0, 0.0, 0.0, 0.0 ]
}
