{
	"effort" : [ 0.0, 0.0, 0.0, 0.0, 0.0, 0.0, 0.0 ],
	"position" : 
	[
		0.60337051600000002,
		0.60474859199999997,
		-0.35915451599999998,
		-1.3608064400000002,
		-0.13341171200000002,
		1.2482054200000001,
		0.036300000000000006
	],
	"velocity" : [ 0.0, 0.0, 0.0, 0.0, 0.0, 0.0, 0.0 ]
}
