{
	"effort" : [ 0.0, 0.0, 0.0, 0.0, 0.0, 0.0, 0.0 ],
	"position" : 
	[
		0.32526082400000006,
		1.6955393560000001,
		-0.83896917999999998,
		-2.2153880000000004,
		-0.49959616000000007,
		2.5566100840000003,
		0.080600000000000005
	],
	"velocity" : [ 0.0, 0.0, 0.0, 0.0, 0.0, 0.0, 0.0 ]
}
