{
	"effort" : [ 0.0, 0.0, 0.0, 0.0, 0.0, 0.0, 0.0 ],
	"position" : 
	[
		0.464132508,
		1.554382508,
		-0.96072830000000009,
		-2.2153880000000004,
		-0.56851740400000006,
		2.6299969920000001,
		-0.0001
	],
	"velocity" : [ 0.0, 0.0, 0.0, 0.0, 0.0, 0.0, 0.0 ]
}
