{
	"effort" : [ 0.0, 0.0, 0.0, 0.0, 0.0, 0.0, 0.0 ],
	"position" : 
	[
		0.23305184000000001,
		1.4959625519999999,
		-0.78700350400000008,
		-1.8106174240000001,
		-1.2575728480000001,
		1.2587939280000002,
		0.060400000000000002
	],
	"velocity" : [ 0.0, 0.0, 0.0, 0.0, 0.0, 0.0, 0.0 ]
}
