{
	"effort" : [ 0.0, 0.0, 0.0, 0.0, 0.0, 0.0, 0.0 ],
	"position" : 
	[
		0.47597698400000005,
		0.70765074800000005,
		-0.39484494000000003,
		-2.2153880000000004,
		-0.14628538399999999,
		2.7936740440000003,
		0.044200000000000003
	],
	"velocity" : [ 0.0, 0.0, 0.0, 0.0, 0.0, 0.0, 0.0 ]
}
