{
	"effort" : [ 0.0, 0.0, 0.0, 0.0, 0.0, 0.0, 0.0 ],
	"position" : 
	[
		0.60321352000000006,
		1.447799668,
		-0.63995058400000004,
		-1.253421176,
		-0.33551789600000004,
		1.0423836640000002,
		0.043800000000000006
	],
	"velocity" : [ 0.0, 0.0, 0.0, 0.0, 0.0, 0.0, 0.0 ]
}
