{
	"effort" : [ 0.0, 0.0, 0.0, 0.0, 0.0, 0.0, 0.0 ],
	"position" : 
	[
		0.34277459999999998,
		1.653481872,
		-0.852906936,
		-2.2153880000000004,
		-0.52986149999999999,
		2.7891211600000001,
		0.072999999999999995
	],
	"velocity" : [ 0.0, 0.0, 0.0, 0.0, 0.0, 0.0, 0.0 ]
}
