{
	"effort" : [ 0.0, 0.0, 0.0, 0.0, 0.0, 0.0, 0.0 ],
	"position" : 
	[
		0.34277459999999998,
		1.6465042720000003,
		-0.85233128400000002,
		-2.2153880000000004,
		-0.55944652400000006,
		2.7891211600000001,
		0.074600000000000014
	],
	"velocity" : [ 0.0, 0.0, 0.0, 0.0, 0.0, 0.0, 0.0 ]
}
