{
	"effort" : [ 0.0, 0.0, 0.0, 0.0, 0.0, 0.0, 0.0 ],
	"position" : 
	[
		0.36163156400000007,
		1.747696916,
		-0.92024077599999998,
		-2.2153880000000004,
		-0.63644434000000005,
		2.5680184600000002,
		0.0688
	],
	"velocity" : [ 0.0, 0.0, 0.0, 0.0, 0.0, 0.0, 0.0 ]
}
