{
	"effort" : [ 0.0, 0.0, 0.0, 0.0, 0.0, 0.0, 0.0 ],
	"position" : 
	[
		0.60337051600000002,
		0.427971096,
		-0.087411884000000009,
		-1.3518751120000001,
		0.049715400000000007,
		1.3081081160000001,
		0.011300000000000001
	],
	"velocity" : [ 0.0, 0.0, 0.0, 0.0, 0.0, 0.0, 0.0 ]
}
