{
	"effort" : [ 0.0, 0.0, 0.0, 0.0, 0.0, 0.0, 0.0 ],
	"position" : 
	[
		0.32536548800000004,
		1.7018366400000002,
		-0.83896917999999998,
		-2.2153880000000004,
		-0.49089160399999998,
		2.5602558800000002,
		0.083799999999999999
	],
	"velocity" : [ 0.0, 0.0, 0.0, 0.0, 0.0, 0.0, 0.0 ]
}
