{
	"effort" : [ 0.0, 0.0, 0.0, 0.0, 0.0, 0.0, 0.0 ],
	"position" : 
	[
		0.33482013599999999,
		1.48439718,
		-0.643962704,
		-1.5161975920000001,
		-1.057385504,
		1.3667548440000001,
		0.058300000000000005
	],
	"velocity" : [ 0.0, 0.0, 0.0, 0.0, 0.0, 0.0, 0.0 ]
}
