{
	"effort" : [ 0.0, 0.0, 0.0, 0.0, 0.0, 0.0, 0.0 ],
	"position" : 
	[
		0.41162606800000007,
		1.8715144280000002,
		-0.89147562000000002,
		-2.2153007800000002,
		-0.39742665200000005,
		2.6997729920000002,
		0.091299999999999992
	],
	"velocity" : [ 0.0, 0.0, 0.0, 0.0, 0.0, 0.0, 0.0 ]
}
