{
	"effort" : [ 0.0, 0.0, 0.0, 0.0, 0.0, 0.0, 0.0 ],
	"position" : 
	[
		0.42961083200000005,
		1.034935076,
		-0.50409671200000006,
		-2.2153880000000004,
		-0.23441247200000004,
		2.8239917160000005,
		0.048200000000000007
	],
	"velocity" : [ 0.0, 0.0, 0.0, 0.0, 0.0, 0.0, 0.0 ]
}
