{
	"effort" : [ 0.0, 0.0, 0.0, 0.0, 0.0, 0.0, 0.0 ],
	"position" : 
	[
		0.244721876,
		1.3400829680000002,
		-0.78021778799999997,
		-2.2153880000000004,
		-0.56724399200000009,
		2.8036345680000005,
		0.048200000000000007
	],
	"velocity" : [ 0.0, 0.0, 0.0, 0.0, 0.0, 0.0, 0.0 ]
}
