{
	"effort" : [ 0.0, 0.0, 0.0, 0.0, 0.0, 0.0, 0.0 ],
	"position" : 
	[
		0.24170406400000002,
		1.346659356,
		-0.79239369999999998,
		-2.2153880000000004,
		-0.57458791600000003,
		2.8036345680000005,
		0.048200000000000007
	],
	"velocity" : [ 0.0, 0.0, 0.0, 0.0, 0.0, 0.0, 0.0 ]
}
