{
	"effort" : [ 0.0, 0.0, 0.0, 0.0, 0.0, 0.0, 0.0 ],
	"position" : 
	[
		0.43325662800000003,
		1.4959625519999999,
		-0.68715404800000013,
		-1.559197052,
		-1.0727013360000002,
		1.1822322119999999,
		-0.0001
	],
	"velocity" : [ 0.0, 0.0, 0.0, 0.0, 0.0, 0.0, 0.0 ]
}
