{
	"effort" : [ 0.0, 0.0, 0.0, 0.0, 0.0, 0.0, 0.0 ],
	"position" : 
	[
		0.40304362000000005,
		1.8209966040000003,
		-0.88404447600000013,
		-2.2153007800000002,
		-0.44890389600000008,
		2.6704845160000001,
		0.091299999999999992
	],
	"velocity" : [ 0.0, 0.0, 0.0, 0.0, 0.0, 0.0, 0.0 ]
}
