{
	"effort" : [ 0.0, 0.0, 0.0, 0.0, 0.0, 0.0, 0.0 ],
	"position" : 
	[
		0.43944924800000001,
		1.5721579440000002,
		-0.96072830000000009,
		-2.2113409920000002,
		-0.54362481600000001,
		2.6375327999999998,
		-0.0001
	],
	"velocity" : [ 0.0, 0.0, 0.0, 0.0, 0.0, 0.0, 0.0 ]
}
