{
	"effort" : [ 0.0, 0.0, 0.0, 0.0, 0.0, 0.0, 0.0 ],
	"position" : 
	[
		0.11075195600000001,
		1.4959625519999999,
		-0.87649122400000012,
		-1.8751078919999999,
		-1.451637348,
		1.4652611120000001,
		0.060400000000000002
	],
	"velocity" : [ 0.0, 0.0, 0.0, 0.0, 0.0, 0.0, 0.0 ]
}
