{
	"effort" : [ 0.0, 0.0, 0.0, 0.0, 0.0, 0.0, 0.0 ],
	"position" : 
	[
		0.31769012800000002,
		1.6897479480000002,
		-0.83896917999999998,
		-2.2153880000000004,
		-0.51444100400000004,
		2.5374042400000003,
		0.075600000000000014
	],
	"velocity" : [ 0.0, 0.0, 0.0, 0.0, 0.0, 0.0, 0.0 ]
}
