{
	"effort" : [ 0.0, 0.0, 0.0, 0.0, 0.0, 0.0, 0.0 ],
	"position" : 
	[
		0.208560464,
		1.5086617840000003,
		-0.85604685600000008,
		-2.2153880000000004,
		-0.60602200400000006,
		2.7254854480000001,
		0.053899999999999997
	],
	"velocity" : [ 0.0, 0.0, 0.0, 0.0, 0.0, 0.0, 0.0 ]
}
