{
	"effort" : [ 0.0, 0.0, 0.0, 0.0, 0.0, 0.0, 0.0 ],
	"position" : 
	[
		0.29490826399999998,
		1.4959625519999999,
		-0.68715404800000013,
		-1.65534838,
		-1.180627364,
		1.225911988,
		0.010700000000000001
	],
	"velocity" : [ 0.0, 0.0, 0.0, 0.0, 0.0, 0.0, 0.0 ]
}
