{
	"effort" : [ 0.0, 0.0, 0.0, 0.0, 0.0, 0.0, 0.0 ],
	"position" : 
	[
		0.41453921600000004,
		1.9034195040000002,
		-0.89381311600000002,
		-2.2129981720000003,
		-0.32472005999999998,
		2.6855212440000003,
		0.018700000000000001
	],
	"velocity" : [ 0.0, 0.0, 0.0, 0.0, 0.0, 0.0, 0.0 ]
}
