{
	"effort" : [ 0.0, 0.0, 0.0, 0.0, 0.0, 0.0, 0.0 ],
	"position" : 
	[
		0.49950894000000007,
		1.7564014720000001,
		-0.92789869199999997,
		-2.2127888440000003,
		-0.37002212800000001,
		2.715350484,
		0.0688
	],
	"velocity" : [ 0.0, 0.0, 0.0, 0.0, 0.0, 0.0, 0.0 ]
}
