{
	"effort" : [ 0.0, 0.0, 0.0, 0.0, 0.0, 0.0, 0.0 ],
	"position" : 
	[
		0.40740462000000005,
		1.764687372,
		-0.92024077599999998,
		-2.2153880000000004,
		-0.5523293720000001,
		2.6101980520000003,
		0.0688
	],
	"velocity" : [ 0.0, 0.0, 0.0, 0.0, 0.0, 0.0, 0.0 ]
}
