{
	"effort" : [ 0.0, 0.0, 0.0, 0.0, 0.0, 0.0, 0.0 ],
	"position" : 
	[
		0.51431889600000003,
		1.766867872,
		-0.92952098400000005,
		-2.2153880000000004,
		-0.32431884799999999,
		2.7133967560000003,
		0.0688
	],
	"velocity" : [ 0.0, 0.0, 0.0, 0.0, 0.0, 0.0, 0.0 ]
}
