{
	"effort" : [ 0.0, 0.0, 0.0, 0.0, 0.0, 0.0, 0.0 ],
	"position" : 
	[
		0.48994962800000003,
		1.7496506440000001,
		-0.92627640000000011,
		-2.2127888440000003,
		-0.38066296799999999,
		2.715350484,
		0.0688
	],
	"velocity" : [ 0.0, 0.0, 0.0, 0.0, 0.0, 0.0, 0.0 ]
}
