{
	"effort" : [ 0.0, 0.0, 0.0, 0.0, 0.0, 0.0, 0.0 ],
	"position" : 
	[
		0.32536548800000004,
		1.7235544200000001,
		-0.83896917999999998,
		-2.2153007800000002,
		-0.48693181600000007,
		2.564163336,
		0.091299999999999992
	],
	"velocity" : [ 0.0, 0.0, 0.0, 0.0, 0.0, 0.0, 0.0 ]
}
