{
	"effort" : [ 0.0, 0.0, 0.0, 0.0, 0.0, 0.0, 0.0 ],
	"position" : 
	[
		0.208560464,
		1.5086617840000003,
		-0.86271046400000007,
		-2.2153880000000004,
		-0.60220176800000003,
		2.6652164280000004,
		0.048200000000000007
	],
	"velocity" : [ 0.0, 0.0, 0.0, 0.0, 0.0, 0.0, 0.0 ]
}
