{
	"effort" : [ 0.0, 0.0, 0.0, 0.0, 0.0, 0.0, 0.0 ],
	"position" : 
	[
		0.41453921600000004,
		1.9034195040000002,
		-0.89147562000000002,
		-2.2153007800000002,
		-0.37869179600000002,
		2.6855212440000003,
		0.069100000000000009
	],
	"velocity" : [ 0.0, 0.0, 0.0, 0.0, 0.0, 0.0, 0.0 ]
}
