{
	"effort" : [ 0.0, 0.0, 0.0, 0.0, 0.0, 0.0, 0.0 ],
	"position" : 
	[
		0.23973289200000003,
		1.4959625519999999,
		-0.78524166000000006,
		-1.7931036480000002,
		-1.2575728480000001,
		1.2607127680000001,
		0.060400000000000002
	],
	"velocity" : [ 0.0, 0.0, 0.0, 0.0, 0.0, 0.0, 0.0 ]
}
