{
	"effort" : [ 0.0, 0.0, 0.0, 0.0, 0.0, 0.0, 0.0 ],
	"position" : 
	[
		0.32536548800000004,
		1.7419229520000001,
		-0.83896917999999998,
		-2.2153007800000002,
		-0.47084844800000003,
		2.6023482520000001,
		0.091299999999999992
	],
	"velocity" : [ 0.0, 0.0, 0.0, 0.0, 0.0, 0.0, 0.0 ]
}
