{
	"effort" : [ 0.0, 0.0, 0.0, 0.0, 0.0, 0.0, 0.0 ],
	"position" : 
	[
		0.47597698400000005,
		0.60429504800000011,
		-0.33021492000000002,
		-2.2153880000000004,
		-0.13676096000000001,
		2.7587860440000003,
		0.0042000000000000006
	],
	"velocity" : [ 0.0, 0.0, 0.0, 0.0, 0.0, 0.0, 0.0 ]
}
