{
	"effort" : [ 0.0, 0.0, 0.0, 0.0, 0.0, 0.0, 0.0 ],
	"position" : 
	[
		0.47339527200000003,
		0.9162635440000001,
		-0.42849441600000004,
		-2.2153880000000004,
		-0.16175821200000001,
		2.8239917160000005,
		0.048200000000000007
	],
	"velocity" : [ 0.0, 0.0, 0.0, 0.0, 0.0, 0.0, 0.0 ]
}
