{
	"effort" : [ 0.0, 0.0, 0.0, 0.0, 0.0, 0.0, 0.0 ],
	"position" : 
	[
		0.60337051600000002,
		0.616872172,
		-0.37488900400000003,
		-1.3608064400000002,
		-0.14194182800000002,
		1.2482054200000001,
		0.039399999999999998
	],
	"velocity" : [ 0.0, 0.0, 0.0, 0.0, 0.0, 0.0, 0.0 ]
}
