{
	"effort" : [ 0.0, 0.0, 0.0, 0.0, 0.0, 0.0, 0.0 ],
	"position" : 
	[
		0.42748266400000001,
		1.584682736,
		-0.96072830000000009,
		-2.2113409920000002,
		-0.54802070400000003,
		2.6375327999999998,
		-0.0001
	],
	"velocity" : [ 0.0, 0.0, 0.0, 0.0, 0.0, 0.0, 0.0 ]
}
