{
	"effort" : [ 0.0, 0.0, 0.0, 0.0, 0.0, 0.0, 0.0 ],
	"position" : 
	[
		0.47597698400000005,
		0.42518005600000003,
		-0.20210618400000002,
		-2.2118468680000003,
		0.016292696000000002,
		2.7587860440000003,
		0.0
	],
	"velocity" : [ 0.0, 0.0, 0.0, 0.0, 0.0, 0.0, 0.0 ]
}
