{
	"effort" : [ 0.0, 0.0, 0.0, 0.0, 0.0, 0.0, 0.0 ],
	"position" : 
	[
		0.60337051600000002,
		0.54149664800000008,
		-0.29201255999999998,
		-1.3608064400000002,
		-0.098436492,
		1.2482054200000001,
		0.022400000000000003
	],
	"velocity" : [ 0.0, 0.0, 0.0, 0.0, 0.0, 0.0, 0.0 ]
}
