{
	"effort" : [ 0.0, 0.0, 0.0, 0.0, 0.0, 0.0, 0.0 ],
	"position" : 
	[
		-0.57319239600000005,
		1.7502611840000002,
		-0.60755707600000008,
		0.57041880000000011,
		-0.59468340400000008,
		-0.44211818000000003,
		0.076100000000000015
	],
	"velocity" : [ 0.0, 0.0, 0.0, 0.0, 0.0, 0.0, 0.0 ]
}
