{
	"effort" : [ 0.0, 0.0, 0.0, 0.0, 0.0, 0.0, 0.0 ],
	"position" : 
	[
		-0.48553629600000003,
		1.7649141440000002,
		-0.63494415600000009,
		0.75024899600000006,
		-0.98822004400000008,
		-0.60787106800000001,
		-0.0057999999999999996
	],
	"velocity" : [ 0.0, 0.0, 0.0, 0.0, 0.0, 0.0, 0.0 ]
}
