{
	"effort" : [ 0.0, 0.0, 0.0, 0.0, 0.0, 0.0, 0.0 ],
	"position" : 
	[
		-0.42573826400000003,
		1.6182275480000001,
		-0.50641676400000002,
		1.1751499480000001,
		-0.72492030800000007,
		-1.2518686600000002,
		0.072700000000000001
	],
	"velocity" : [ 0.0, 0.0, 0.0, 0.0, 0.0, 0.0, 0.0 ]
}
