{
	"effort" : [ 0.0, 0.0, 0.0, 0.0, 0.0, 0.0, 0.0 ],
	"position" : 
	[
		-0.417469808,
		1.1666547199999999,
		-0.354863292,
		1.4774021360000003,
		-0.51513876400000003,
		-1.7130182439999999,
		0.0424
	],
	"velocity" : [ 0.0, 0.0, 0.0, 0.0, 0.0, 0.0, 0.0 ]
}
