{
	"effort" : [ 0.0, 0.0, 0.0, 0.0, 0.0, 0.0, 0.0 ],
	"position" : 
	[
		-0.485431632,
		1.7649141440000002,
		-0.582472604,
		0.75679049600000003,
		-1.1656080799999999,
		-0.47288939600000007,
		-0.0057999999999999996
	],
	"velocity" : [ 0.0, 0.0, 0.0, 0.0, 0.0, 0.0, 0.0 ]
}
