{
	"effort" : [ 0.0, 0.0, 0.0, 0.0, 0.0, 0.0, 0.0 ],
	"position" : 
	[
		-0.485431632,
		1.7649141440000002,
		-0.60492303199999997,
		0.74217242400000005,
		-1.100472184,
		-0.51478988400000003,
		-0.0057999999999999996
	],
	"velocity" : [ 0.0, 0.0, 0.0, 0.0, 0.0, 0.0, 0.0 ]
}
