{
	"effort" : [ 0.0, 0.0, 0.0, 0.0, 0.0, 0.0, 0.0 ],
	"position" : 
	[
		-0.485431632,
		1.7649141440000002,
		-0.62135527999999995,
		0.74754517600000003,
		-1.0542281400000002,
		-0.57204109199999997,
		-0.0057999999999999996
	],
	"velocity" : [ 0.0, 0.0, 0.0, 0.0, 0.0, 0.0, 0.0 ]
}
