{
	"effort" : [ 0.0, 0.0, 0.0, 0.0, 0.0, 0.0, 0.0 ],
	"position" : 
	[
		-0.58582185200000003,
		1.7607624720000001,
		-0.60755707600000008,
		0.57041880000000011,
		-0.61945388400000012,
		-0.442222844,
		0.076100000000000015
	],
	"velocity" : [ 0.0, 0.0, 0.0, 0.0, 0.0, 0.0, 0.0 ]
}
