{
	"effort" : [ 0.0, 0.0, 0.0, 0.0, 0.0, 0.0, 0.0 ],
	"position" : 
	[
		-0.48687948400000003,
		1.7649141440000002,
		-0.57563455600000013,
		1.146192908,
		-0.96147839200000007,
		-0.59196214000000003,
		0.067799999999999999
	],
	"velocity" : [ 0.0, 0.0, 0.0, 0.0, 0.0, 0.0, 0.0 ]
}
