{
	"effort" : [ 0.0, 0.0, 0.0, 0.0, 0.0, 0.0, 0.0 ],
	"position" : 
	[
		-0.59018285199999998,
		1.7649141440000002,
		-0.609441028,
		0.57041880000000011,
		-0.67143700400000006,
		-0.48691437200000004,
		0.076100000000000015
	],
	"velocity" : [ 0.0, 0.0, 0.0, 0.0, 0.0, 0.0, 0.0 ]
}
