{
	"effort" : [ 0.0, 0.0, 0.0, 0.0, 0.0, 0.0, 0.0 ],
	"position" : 
	[
		-0.417469808,
		1.3919090920000001,
		-0.47187764399999998,
		1.3517181160000002,
		-0.69128827599999998,
		-1.342333244,
		0.045400000000000003
	],
	"velocity" : [ 0.0, 0.0, 0.0, 0.0, 0.0, 0.0, 0.0 ]
}
