{
	"effort" : [ 0.0, 0.0, 0.0, 0.0, 0.0, 0.0, 0.0 ],
	"position" : 
	[
		-0.41541141600000003,
		1.03329534,
		-0.58521131200000009,
		1.8189556560000002,
		-0.29448960800000007,
		-1.9470818360000002,
		0.0424
	],
	"velocity" : [ 0.0, 0.0, 0.0, 0.0, 0.0, 0.0, 0.0 ]
}
