{
	"effort" : [ 0.0, 0.0, 0.0, 0.0, 0.0, 0.0, 0.0 ],
	"position" : 
	[
		-0.61401135600000001,
		1.7575876640000001,
		-0.52466318800000011,
		0.62198326400000004,
		-0.41256804400000002,
		-0.78656740400000003,
		-0.0057999999999999996
	],
	"velocity" : [ 0.0, 0.0, 0.0, 0.0, 0.0, 0.0, 0.0 ]
}
