{
	"effort" : [ 0.0, 0.0, 0.0, 0.0, 0.0, 0.0, 0.0 ],
	"position" : 
	[
		-0.47079611600000004,
		1.68090384,
		-0.51513876400000003,
		1.0837957200000001,
		-0.75267371200000011,
		-1.0762948000000001,
		0.072700000000000001
	],
	"velocity" : [ 0.0, 0.0, 0.0, 0.0, 0.0, 0.0, 0.0 ]
}
