{
	"effort" : [ 0.0, 0.0, 0.0, 0.0, 0.0, 0.0, 0.0 ],
	"position" : 
	[
		-0.48775168400000002,
		1.7649141440000002,
		-0.63838062399999995,
		0.75024899600000006,
		-0.98822004400000008,
		-0.61685472800000007,
		-0.0057999999999999996
	],
	"velocity" : [ 0.0, 0.0, 0.0, 0.0, 0.0, 0.0, 0.0 ]
}
