{
	"effort" : [ 0.0, 0.0, 0.0, 0.0, 0.0, 0.0, 0.0 ],
	"position" : 
	[
		-0.597212784,
		1.7649141440000002,
		-0.609441028,
		0.63459527599999999,
		-0.8404344760000001,
		-0.48691437200000004,
		0.044200000000000003
	],
	"velocity" : [ 0.0, 0.0, 0.0, 0.0, 0.0, 0.0, 0.0 ]
}
