{
	"effort" : [ 0.0, 0.0, 0.0, 0.0, 0.0, 0.0, 0.0 ],
	"position" : 
	[
		-0.41806290400000007,
		0.0,
		-0.065589439999999999,
		1.6643669280000002,
		-0.0091232120000000003,
		-1.8925693360000002,
		-0.0057999999999999996
	],
	"velocity" : [ 0.0, 0.0, 0.0, 0.0, 0.0, 0.0, 0.0 ]
}
