{
	"effort" : [ 0.0, 0.0, 0.0, 0.0, 0.0, 0.0, 0.0 ],
	"position" : 
	[
		-0.56042338800000013,
		1.7649141440000002,
		-0.744370368,
		0.70653433200000004,
		-0.38211082000000007,
		-0.6616858080000001,
		-0.0057999999999999996
	],
	"velocity" : [ 0.0, 0.0, 0.0, 0.0, 0.0, 0.0, 0.0 ]
}
