{
	"effort" : [ 0.0, 0.0, 0.0, 0.0, 0.0, 0.0, 0.0 ],
	"position" : 
	[
		-0.48422799600000005,
		1.6878814400000002,
		-0.60755707600000008,
		0.57041880000000011,
		-0.57101189600000002,
		-0.44611285600000006,
		0.076100000000000015
	],
	"velocity" : [ 0.0, 0.0, 0.0, 0.0, 0.0, 0.0, 0.0 ]
}
