{
	"effort" : [ 0.0, 0.0, 0.0, 0.0, 0.0, 0.0, 0.0 ],
	"position" : 
	[
		-0.59142137600000011,
		1.7649141440000002,
		-0.68868912000000004,
		0.86204759200000003,
		-0.50882403600000004,
		-0.93281790000000009,
		0.072700000000000001
	],
	"velocity" : [ 0.0, 0.0, 0.0, 0.0, 0.0, 0.0, 0.0 ]
}
