{
	"effort" : [ 0.0, 0.0, 0.0, 0.0, 0.0, 0.0, 0.0 ],
	"position" : 
	[
		-0.48687948400000003,
		1.7649141440000002,
		-0.57563455600000013,
		1.107031128,
		-0.95218074000000008,
		-0.58137363200000014,
		0.0545
	],
	"velocity" : [ 0.0, 0.0, 0.0, 0.0, 0.0, 0.0, 0.0 ]
}
