{
	"effort" : [ 0.0, 0.0, 0.0, 0.0, 0.0, 0.0, 0.0 ],
	"position" : 
	[
		-0.59142137600000011,
		1.7649141440000002,
		-0.73278755200000012,
		1.0126242000000001,
		-0.50769017599999999,
		-1.0434128600000001,
		0.072499999999999995
	],
	"velocity" : [ 0.0, 0.0, 0.0, 0.0, 0.0, 0.0, 0.0 ]
}
