{
	"effort" : [ 0.0, 0.0, 0.0, 0.0, 0.0, 0.0, 0.0 ],
	"position" : 
	[
		-0.41806290400000007,
		0.025782232000000002,
		-0.19122112800000002,
		1.3323552760000001,
		-0.028119728000000004,
		-1.8925693360000002,
		0.045899999999999996
	],
	"velocity" : [ 0.0, 0.0, 0.0, 0.0, 0.0, 0.0, 0.0 ]
}
