{
	"effort" : [ 0.0, 0.0, 0.0, 0.0, 0.0, 0.0, 0.0 ],
	"position" : 
	[
		-0.47690151600000003,
		1.6830494520000001,
		-0.60603944799999998,
		0.57041880000000011,
		-0.46732476000000001,
		-0.49195568800000006,
		0.072700000000000001
	],
	"velocity" : [ 0.0, 0.0, 0.0, 0.0, 0.0, 0.0, 0.0 ]
}
