{
	"effort" : [ 0.0, 0.0, 0.0, 0.0, 0.0, 0.0, 0.0 ],
	"position" : 
	[
		-0.48473387200000001,
		1.7649141440000002,
		-0.57563455600000013,
		1.1537461600000001,
		-1.038074996,
		-0.46556291600000005,
		0.061300000000000007
	],
	"velocity" : [ 0.0, 0.0, 0.0, 0.0, 0.0, 0.0, 0.0 ]
}
