{
	"effort" : [ 0.0, 0.0, 0.0, 0.0, 0.0, 0.0, 0.0 ],
	"position" : 
	[
		-0.61624418800000003,
		0.0,
		-0.28555828000000005,
		0.58601373600000006,
		0.67827505200000004,
		-0.579018692,
		-0.0038999999999999998
	],
	"velocity" : [ 0.0, 0.0, 0.0, 0.0, 0.0, 0.0, 0.0 ]
}
