{
	"effort" : [ 0.0, 0.0, 0.0, 0.0, 0.0, 0.0, 0.0 ],
	"position" : 
	[
		-0.47386626000000004,
		1.7649141440000002,
		-0.57563455600000013,
		1.1869420920000002,
		-0.98077145600000004,
		-0.59196214000000003,
		0.054200000000000005
	],
	"velocity" : [ 0.0, 0.0, 0.0, 0.0, 0.0, 0.0, 0.0 ]
}
