{
	"effort" : [ 0.0, 0.0, 0.0, 0.0, 0.0, 0.0, 0.0 ],
	"position" : 
	[
		-0.56494138400000005,
		1.7387307000000001,
		-0.57771039200000007,
		1.0440931760000001,
		-0.74941168400000002,
		-0.93278301200000002,
		0.072700000000000001
	],
	"velocity" : [ 0.0, 0.0, 0.0, 0.0, 0.0, 0.0, 0.0 ]
}
