{
	"effort" : [ 0.0, 0.0, 0.0, 0.0, 0.0, 0.0, 0.0 ],
	"position" : 
	[
		-0.49151958800000001,
		1.7649141440000002,
		-0.609441028,
		0.8894695600000001,
		-0.92064198800000008,
		-0.57537289600000008,
		-0.0057999999999999996
	],
	"velocity" : [ 0.0, 0.0, 0.0, 0.0, 0.0, 0.0, 0.0 ]
}
