{
	"effort" : [ 0.0, 0.0, 0.0, 0.0, 0.0, 0.0, 0.0 ],
	"position" : 
	[
		-0.53108258000000008,
		1.7649141440000002,
		-0.7211349600000001,
		0.80533714800000011,
		-0.60741752400000004,
		-0.65940064400000009,
		-0.0057999999999999996
	],
	"velocity" : [ 0.0, 0.0, 0.0, 0.0, 0.0, 0.0, 0.0 ]
}
