{
	"effort" : [ 0.0, 0.0, 0.0, 0.0, 0.0, 0.0, 0.0 ],
	"position" : 
	[
		-0.52811710000000001,
		1.7176234600000002,
		-0.55025353600000004,
		1.0591299040000002,
		-0.75743592400000004,
		-0.97000850800000005,
		0.072700000000000001
	],
	"velocity" : [ 0.0, 0.0, 0.0, 0.0, 0.0, 0.0, 0.0 ]
}
