{
	"effort" : [ 0.0, 0.0, 0.0, 0.0, 0.0, 0.0, 0.0 ],
	"position" : 
	[
		-0.417469808,
		1.4970789680000001,
		-0.502544196,
		1.2900361320000002,
		-0.721431508,
		-1.2845063839999999,
		0.064900000000000013
	],
	"velocity" : [ 0.0, 0.0, 0.0, 0.0, 0.0, 0.0, 0.0 ]
}
