{
	"effort" : [ 0.0, 0.0, 0.0, 0.0, 0.0, 0.0, 0.0 ],
	"position" : 
	[
		-0.49600269600000008,
		1.7649141440000002,
		-0.609441028,
		0.88179419999999997,
		-1.0480180760000002,
		-0.57535545199999993,
		-0.0057999999999999996
	],
	"velocity" : [ 0.0, 0.0, 0.0, 0.0, 0.0, 0.0, 0.0 ]
}
