{
	"effort" : [ 0.0, 0.0, 0.0, 0.0, 0.0, 0.0, 0.0 ],
	"position" : 
	[
		-0.55382955600000006,
		1.7303924680000002,
		-0.5688313960000001,
		1.0485762839999999,
		-0.75581363200000007,
		-0.93669046800000011,
		0.072700000000000001
	],
	"velocity" : [ 0.0, 0.0, 0.0, 0.0, 0.0, 0.0, 0.0 ]
}
