{
	"effort" : [ 0.0, 0.0, 0.0, 0.0, 0.0, 0.0, 0.0 ],
	"position" : 
	[
		-0.48687948400000003,
		1.7649141440000002,
		-0.58489732000000005,
		1.0704161720000001,
		-0.85536654000000001,
		-0.57914080000000012,
		-0.0053
	],
	"velocity" : [ 0.0, 0.0, 0.0, 0.0, 0.0, 0.0, 0.0 ]
}
