{
	"effort" : [ 0.0, 0.0, 0.0, 0.0, 0.0, 0.0, 0.0 ],
	"position" : 
	[
		-0.48736791600000001,
		1.7649141440000002,
		-0.58050143200000004,
		1.145530036,
		-1.139686296,
		-0.45642226000000002,
		0.055500000000000001
	],
	"velocity" : [ 0.0, 0.0, 0.0, 0.0, 0.0, 0.0, 0.0 ]
}
