{
	"effort" : [ 0.0, 0.0, 0.0, 0.0, 0.0, 0.0, 0.0 ],
	"position" : 
	[
		-0.41541141600000003,
		0.93444019200000006,
		-0.54249095600000008,
		1.9516172760000001,
		-0.12245688,
		-2.017695148,
		0.0424
	],
	"velocity" : [ 0.0, 0.0, 0.0, 0.0, 0.0, 0.0, 0.0 ]
}
