{
	"effort" : [ 0.0, 0.0, 0.0, 0.0, 0.0, 0.0, 0.0 ],
	"position" : 
	[
		-0.61401135600000001,
		1.6133257840000002,
		-0.52466318800000011,
		0.70009749600000004,
		-0.356328588,
		-0.79356244799999998,
		-0.0057999999999999996
	],
	"velocity" : [ 0.0, 0.0, 0.0, 0.0, 0.0, 0.0, 0.0 ]
}
