{
	"effort" : [ 0.0, 0.0, 0.0, 0.0, 0.0, 0.0, 0.0 ],
	"position" : 
	[
		-0.48028565200000006,
		1.688980412,
		-0.5192729920000001,
		1.0758238120000001,
		-0.75850000800000006,
		-1.059478784,
		0.072700000000000001
	],
	"velocity" : [ 0.0, 0.0, 0.0, 0.0, 0.0, 0.0, 0.0 ]
}
