{
	"effort" : [ 0.0, 0.0, 0.0, 0.0, 0.0, 0.0, 0.0 ],
	"position" : 
	[
		-0.417469808,
		1.0931282600000001,
		-0.33644242800000002,
		1.5483294400000003,
		-0.48843200000000003,
		-1.8504944080000001,
		0.0424
	],
	"velocity" : [ 0.0, 0.0, 0.0, 0.0, 0.0, 0.0, 0.0 ]
}
