{
	"effort" : [ 0.0, 0.0, 0.0, 0.0, 0.0, 0.0, 0.0 ],
	"position" : 
	[
		-0.56101648400000004,
		1.7649141440000002,
		-0.609441028,
		0.87673544000000003,
		-0.9971862600000001,
		-0.52872764000000005,
		-0.0057999999999999996
	],
	"velocity" : [ 0.0, 0.0, 0.0, 0.0, 0.0, 0.0, 0.0 ]
}
