{
	"effort" : [ 0.0, 0.0, 0.0, 0.0, 0.0, 0.0, 0.0 ],
	"position" : 
	[
		-0.45886442000000005,
		1.6663904320000003,
		-0.51119641999999998,
		1.0949249920000002,
		-0.74314928800000002,
		-1.1195035880000002,
		0.072700000000000001
	],
	"velocity" : [ 0.0, 0.0, 0.0, 0.0, 0.0, 0.0, 0.0 ]
}
