{
	"effort" : [ 0.0, 0.0, 0.0, 0.0, 0.0, 0.0, 0.0 ],
	"position" : 
	[
		-0.485431632,
		1.7649141440000002,
		-0.58050143200000004,
		0.87396184399999999,
		-1.1770513440000001,
		-0.44215306800000004,
		-0.0057999999999999996
	],
	"velocity" : [ 0.0, 0.0, 0.0, 0.0, 0.0, 0.0, 0.0 ]
}
