{
	"effort" : [ 0.0, 0.0, 0.0, 0.0, 0.0, 0.0, 0.0 ],
	"position" : 
	[
		-0.53570524000000008,
		1.7649141440000002,
		-0.74048035600000006,
		0.80870384000000006,
		-0.54125243200000006,
		-0.65940064400000009,
		-0.0057999999999999996
	],
	"velocity" : [ 0.0, 0.0, 0.0, 0.0, 0.0, 0.0, 0.0 ]
}
