{
	"effort" : [ 0.0, 0.0, 0.0, 0.0, 0.0, 0.0, 0.0 ],
	"position" : 
	[
		-0.52469807600000007,
		1.713907888,
		-0.54814281200000003,
		1.0633339080000002,
		-0.75743592400000004,
		-0.97541614800000009,
		0.072700000000000001
	],
	"velocity" : [ 0.0, 0.0, 0.0, 0.0, 0.0, 0.0, 0.0 ]
}
