{
	"effort" : [ 0.0, 0.0, 0.0, 0.0, 0.0, 0.0, 0.0 ],
	"position" : 
	[
		-0.46924359999999998,
		1.7649141440000002,
		-0.57563455600000013,
		1.1930823800000001,
		-0.98077145600000004,
		-0.59196214000000003,
		0.055200000000000006
	],
	"velocity" : [ 0.0, 0.0, 0.0, 0.0, 0.0, 0.0, 0.0 ]
}
