{
	"effort" : [ 0.0, 0.0, 0.0, 0.0, 0.0, 0.0, 0.0 ],
	"position" : 
	[
		-0.56902328000000002,
		1.7649141440000002,
		-0.744370368,
		0.73235145199999996,
		-0.36806840000000007,
		-0.67311162800000013,
		-0.0057999999999999996
	],
	"velocity" : [ 0.0, 0.0, 0.0, 0.0, 0.0, 0.0, 0.0 ]
}
