{
	"effort" : [ 0.0, 0.0, 0.0, 0.0, 0.0, 0.0, 0.0 ],
	"position" : 
	[
		-0.597212784,
		1.7649141440000002,
		-0.609441028,
		0.64561988400000014,
		-0.84291152400000002,
		-0.48691437200000004,
		0.029400000000000003
	],
	"velocity" : [ 0.0, 0.0, 0.0, 0.0, 0.0, 0.0, 0.0 ]
}
