{
	"effort" : [ 0.0, 0.0, 0.0, 0.0, 0.0, 0.0, 0.0 ],
	"position" : 
	[
		-0.58667660799999999,
		1.7552327240000001,
		-0.60457415200000009,
		1.023369704,
		-0.72680425999999998,
		-0.92332836400000007,
		0.072700000000000001
	],
	"velocity" : [ 0.0, 0.0, 0.0, 0.0, 0.0, 0.0, 0.0 ]
}
