{
	"effort" : [ 0.0, 0.0, 0.0, 0.0, 0.0, 0.0, 0.0 ],
	"position" : 
	[
		-0.55450987200000001,
		1.7335672760000003,
		-0.60755707600000008,
		0.57041880000000011,
		-0.5747972440000001,
		-0.44211818000000003,
		0.076100000000000015
	],
	"velocity" : [ 0.0, 0.0, 0.0, 0.0, 0.0, 0.0, 0.0 ]
}
