{
	"effort" : [ 0.0, 0.0, 0.0, 0.0, 0.0, 0.0, 0.0 ],
	"position" : 
	[
		-0.57167476800000006,
		1.6830494520000001,
		-0.60603944799999998,
		0.57041880000000011,
		-0.46277187600000003,
		-0.67632132400000011,
		-0.0049000000000000007
	],
	"velocity" : [ 0.0, 0.0, 0.0, 0.0, 0.0, 0.0, 0.0 ]
}
