{
	"effort" : [ 0.0, 0.0, 0.0, 0.0, 0.0, 0.0, 0.0 ],
	"position" : 
	[
		-0.417469808,
		1.3464151400000002,
		-0.45057851999999998,
		1.364016136,
		-0.65612117200000009,
		-1.4180925360000001,
		0.042700000000000002
	],
	"velocity" : [ 0.0, 0.0, 0.0, 0.0, 0.0, 0.0, 0.0 ]
}
