{
	"effort" : [ 0.0, 0.0, 0.0, 0.0, 0.0, 0.0, 0.0 ],
	"position" : 
	[
		-0.417469808,
		1.4545679400000002,
		-0.49588058800000001,
		1.3268255280000001,
		-0.71904168000000002,
		-1.2845063839999999,
		0.055399999999999998
	],
	"velocity" : [ 0.0, 0.0, 0.0, 0.0, 0.0, 0.0, 0.0 ]
}
