{
	"effort" : [ 0.0, 0.0, 0.0, 0.0, 0.0, 0.0, 0.0 ],
	"position" : 
	[
		-0.59000841200000009,
		1.7559653720000001,
		-0.61235417599999997,
		1.0051930560000002,
		-0.71140120799999995,
		-0.92332836400000007,
		0.072700000000000001
	],
	"velocity" : [ 0.0, 0.0, 0.0, 0.0, 0.0, 0.0, 0.0 ]
}
