{
	"effort" : [ 0.0, 0.0, 0.0, 0.0, 0.0, 0.0, 0.0 ],
	"position" : 
	[
		-0.417469808,
		1.5057660799999999,
		-0.50437581600000003,
		1.2796046200000002,
		-0.721431508,
		-1.2827445399999999,
		0.066900000000000001
	],
	"velocity" : [ 0.0, 0.0, 0.0, 0.0, 0.0, 0.0, 0.0 ]
}
