{
	"effort" : [ 0.0, 0.0, 0.0, 0.0, 0.0, 0.0, 0.0 ],
	"position" : 
	[
		-0.35409575600000004,
		1.7649141440000002,
		-0.57563455600000013,
		1.172097248,
		-1.1025131320000001,
		-0.59196214000000003,
		0.061300000000000007
	],
	"velocity" : [ 0.0, 0.0, 0.0, 0.0, 0.0, 0.0, 0.0 ]
}
