{
	"effort" : [ 0.0, 0.0, 0.0, 0.0, 0.0, 0.0, 0.0 ],
	"position" : 
	[
		-0.57582644000000005,
		1.7649141440000002,
		-0.744370368,
		0.74374238400000015,
		-0.36395161600000003,
		-0.67946124400000008,
		-0.0057999999999999996
	],
	"velocity" : [ 0.0, 0.0, 0.0, 0.0, 0.0, 0.0, 0.0 ]
}
