{
	"effort" : [ 0.0, 0.0, 0.0, 0.0, 0.0, 0.0, 0.0 ],
	"position" : 
	[
		-0.54453190400000007,
		1.6830494520000001,
		-0.60603944799999998,
		0.57041880000000011,
		-0.46101003200000007,
		-0.64938778799999997,
		-0.0056000000000000008
	],
	"velocity" : [ 0.0, 0.0, 0.0, 0.0, 0.0, 0.0, 0.0 ]
}
