{
	"effort" : [ 0.0, 0.0, 0.0, 0.0, 0.0, 0.0, 0.0 ],
	"position" : 
	[
		-0.50856237599999998,
		1.6830494520000001,
		-0.60603944799999998,
		0.57041880000000011,
		-0.46209156000000001,
		-0.57080256800000007,
		0.033100000000000004
	],
	"velocity" : [ 0.0, 0.0, 0.0, 0.0, 0.0, 0.0, 0.0 ]
}
