{
	"effort" : [ 0.0, 0.0, 0.0, 0.0, 0.0, 0.0, 0.0 ],
	"position" : 
	[
		-0.61624418800000003,
		0.12697487600000001,
		-0.36606234000000004,
		0.77174000400000009,
		0.091232120000000014,
		-0.58343202400000005,
		0.072400000000000006
	],
	"velocity" : [ 0.0, 0.0, 0.0, 0.0, 0.0, 0.0, 0.0 ]
}
