{
	"effort" : [ 0.0, 0.0, 0.0, 0.0, 0.0, 0.0, 0.0 ],
	"position" : 
	[
		-0.417469808,
		1.3405190680000001,
		-0.44789214399999999,
		1.3683771360000001,
		-0.65205672000000003,
		-1.4293613600000001,
		0.042500000000000003
	],
	"velocity" : [ 0.0, 0.0, 0.0, 0.0, 0.0, 0.0, 0.0 ]
}
