{
	"effort" : [ 0.0, 0.0, 0.0, 0.0, 0.0, 0.0, 0.0 ],
	"position" : 
	[
		-0.56827318800000004,
		1.7649141440000002,
		-0.609441028,
		0.87668310800000004,
		-0.9971862600000001,
		-0.52429686400000008,
		-0.0057999999999999996
	],
	"velocity" : [ 0.0, 0.0, 0.0, 0.0, 0.0, 0.0, 0.0 ]
}
