{
	"effort" : [ 0.0, 0.0, 0.0, 0.0, 0.0, 0.0, 0.0 ],
	"position" : 
	[
		-0.48736791600000001,
		1.7649141440000002,
		-0.58050143200000004,
		1.1409422640000002,
		-1.137907008,
		-0.45642226000000002,
		0.0591
	],
	"velocity" : [ 0.0, 0.0, 0.0, 0.0, 0.0, 0.0, 0.0 ]
}
