{
	"effort" : [ 0.0, 0.0, 0.0, 0.0, 0.0, 0.0, 0.0 ],
	"position" : 
	[
		-0.45103206400000007,
		1.6600408160000002,
		-0.50871937200000006,
		1.108321984,
		-0.73898017199999999,
		-1.147605872,
		0.072700000000000001
	],
	"velocity" : [ 0.0, 0.0, 0.0, 0.0, 0.0, 0.0, 0.0 ]
}
