{
	"effort" : [ 0.0, 0.0, 0.0, 0.0, 0.0, 0.0, 0.0 ],
	"position" : 
	[
		-0.41806290400000007,
		0.045127628000000003,
		-0.19957680400000002,
		1.3323552760000001,
		-0.050779484000000007,
		-1.8925693360000002,
		0.044400000000000002
	],
	"velocity" : [ 0.0, 0.0, 0.0, 0.0, 0.0, 0.0, 0.0 ]
}
