{
	"effort" : [ 0.0, 0.0, 0.0, 0.0, 0.0, 0.0, 0.0 ],
	"position" : 
	[
		-0.41806290400000007,
		0.34655994800000006,
		-0.300595008,
		1.4516896800000001,
		-0.094180156000000001,
		-1.883201908,
		0.0424
	],
	"velocity" : [ 0.0, 0.0, 0.0, 0.0, 0.0, 0.0, 0.0 ]
}
