{
	"effort" : [ 0.0, 0.0, 0.0, 0.0, 0.0, 0.0, 0.0 ],
	"position" : 
	[
		-0.47081356000000002,
		1.7649141440000002,
		-0.57563455600000013,
		1.1537461600000001,
		-1.002733452,
		-0.55744046400000002,
		0.061300000000000007
	],
	"velocity" : [ 0.0, 0.0, 0.0, 0.0, 0.0, 0.0, 0.0 ]
}
