{
	"effort" : [ 0.0, 0.0, 0.0, 0.0, 0.0, 0.0, 0.0 ],
	"position" : 
	[
		-0.37926744800000006,
		1.7649141440000002,
		-0.57563455600000013,
		1.1537461600000001,
		-1.0389646400000001,
		-0.56856973600000005,
		0.061300000000000007
	],
	"velocity" : [ 0.0, 0.0, 0.0, 0.0, 0.0, 0.0, 0.0 ]
}
