{
	"effort" : [ 0.0, 0.0, 0.0, 0.0, 0.0, 0.0, 0.0 ],
	"position" : 
	[
		-0.50631210000000004,
		1.7013830960000003,
		-0.60755707600000008,
		0.57041880000000011,
		-0.57101189600000002,
		-0.44447312000000005,
		0.076100000000000015
	],
	"velocity" : [ 0.0, 0.0, 0.0, 0.0, 0.0, 0.0, 0.0 ]
}
