{
	"effort" : [ 0.0, 0.0, 0.0, 0.0, 0.0, 0.0, 0.0 ],
	"position" : 
	[
		-0.53417016800000006,
		1.7206936040000003,
		-0.60755707600000008,
		0.57041880000000011,
		-0.57101189600000002,
		-0.44211818000000003,
		0.076100000000000015
	],
	"velocity" : [ 0.0, 0.0, 0.0, 0.0, 0.0, 0.0, 0.0 ]
}
