{
	"effort" : [ 0.0, 0.0, 0.0, 0.0, 0.0, 0.0, 0.0 ],
	"position" : 
	[
		-0.417469808,
		1.3634928160000002,
		-0.456526924,
		1.3592888120000002,
		-0.66489550400000008,
		-1.3968108560000001,
		0.043000000000000003
	],
	"velocity" : [ 0.0, 0.0, 0.0, 0.0, 0.0, 0.0, 0.0 ]
}
