{
	"effort" : [ 0.0, 0.0, 0.0, 0.0, 0.0, 0.0, 0.0 ],
	"position" : 
	[
		-0.417469808,
		1.3634928160000002,
		-0.45926563200000003,
		1.3592888120000002,
		-0.66984960000000004,
		-1.3865188959999999,
		0.043300000000000005
	],
	"velocity" : [ 0.0, 0.0, 0.0, 0.0, 0.0, 0.0, 0.0 ]
}
