{
	"effort" : [ 0.0, 0.0, 0.0, 0.0, 0.0, 0.0, 0.0 ],
	"position" : 
	[
		-0.61631396400000005,
		1.6830494520000001,
		-0.59334021600000009,
		0.57041880000000011,
		-0.45830621200000005,
		-0.71337238000000014,
		-0.0057999999999999996
	],
	"velocity" : [ 0.0, 0.0, 0.0, 0.0, 0.0, 0.0, 0.0 ]
}
