{
	"effort" : [ 0.0, 0.0, 0.0, 0.0, 0.0, 0.0, 0.0 ],
	"position" : 
	[
		-0.50987067600000002,
		1.7056394320000001,
		-0.53816484399999998,
		1.066072616,
		-0.759581536,
		-0.99915743200000007,
		0.072700000000000001
	],
	"velocity" : [ 0.0, 0.0, 0.0, 0.0, 0.0, 0.0, 0.0 ]
}
