{
	"effort" : [ 0.0, 0.0, 0.0, 0.0, 0.0, 0.0, 0.0 ],
	"position" : 
	[
		-0.48494320000000002,
		1.6830494520000001,
		-0.60603944799999998,
		0.57041880000000011,
		-0.46622578800000003,
		-0.5224303560000001,
		0.060900000000000003
	],
	"velocity" : [ 0.0, 0.0, 0.0, 0.0, 0.0, 0.0, 0.0 ]
}
