{
	"effort" : [ 0.0, 0.0, 0.0, 0.0, 0.0, 0.0, 0.0 ],
	"position" : 
	[
		-0.417469808,
		1.4740703320000001,
		-0.50041602800000007,
		1.3131843200000002,
		-0.721431508,
		-1.2845063839999999,
		0.0596
	],
	"velocity" : [ 0.0, 0.0, 0.0, 0.0, 0.0, 0.0, 0.0 ]
}
