{
	"effort" : [ 0.0, 0.0, 0.0, 0.0, 0.0, 0.0, 0.0 ],
	"position" : 
	[
		-0.44581630799999999,
		1.6506385000000001,
		-0.50641676400000002,
		1.117654524,
		-0.73256078000000002,
		-1.1665675,
		0.072700000000000001
	],
	"velocity" : [ 0.0, 0.0, 0.0, 0.0, 0.0, 0.0, 0.0 ]
}
