{
	"effort" : [ 0.0, 0.0, 0.0, 0.0, 0.0, 0.0, 0.0 ],
	"position" : 
	[
		-0.47714573200000004,
		1.683712324,
		-0.51866245200000005,
		1.0808651280000001,
		-0.75452277600000006,
		-1.0677821280000002,
		0.072700000000000001
	],
	"velocity" : [ 0.0, 0.0, 0.0, 0.0, 0.0, 0.0, 0.0 ]
}
