{
	"effort" : [ 0.0, 0.0, 0.0, 0.0, 0.0, 0.0, 0.0 ],
	"position" : 
	[
		-0.56659856400000008,
		1.7649141440000002,
		-0.744370368,
		0.71776826800000004,
		-0.37916278400000003,
		-0.66862852000000006,
		-0.0057999999999999996
	],
	"velocity" : [ 0.0, 0.0, 0.0, 0.0, 0.0, 0.0, 0.0 ]
}
