{
	"effort" : [ 0.0, 0.0, 0.0, 0.0, 0.0, 0.0, 0.0 ],
	"position" : 
	[
		-0.50118356400000008,
		1.6830494520000001,
		-0.60603944799999998,
		0.57041880000000011,
		-0.46209156000000001,
		-0.5607548240000001,
		0.0424
	],
	"velocity" : [ 0.0, 0.0, 0.0, 0.0, 0.0, 0.0, 0.0 ]
}
