{
	"effort" : [ 0.0, 0.0, 0.0, 0.0, 0.0, 0.0, 0.0 ],
	"position" : 
	[
		-0.37617986000000003,
		1.7649141440000002,
		-0.57563455600000013,
		1.1557696640000001,
		-1.0438838480000001,
		-0.57169221200000009,
		0.061300000000000007
	],
	"velocity" : [ 0.0, 0.0, 0.0, 0.0, 0.0, 0.0, 0.0 ]
}
