{
	"effort" : [ 0.0, 0.0, 0.0, 0.0, 0.0, 0.0, 0.0 ],
	"position" : 
	[
		-0.61401135600000001,
		1.594311824,
		-0.52269201600000004,
		0.70009749600000004,
		-0.16313628800000002,
		-0.82103674800000004,
		-0.0057999999999999996
	],
	"velocity" : [ 0.0, 0.0, 0.0, 0.0, 0.0, 0.0, 0.0 ]
}
