{
	"effort" : [ 0.0, 0.0, 0.0, 0.0, 0.0, 0.0, 0.0 ],
	"position" : 
	[
		-0.54024068000000003,
		1.7649141440000002,
		-0.609441028,
		0.87971836400000003,
		-0.99725603600000001,
		-0.55845221600000006,
		-0.0057999999999999996
	],
	"velocity" : [ 0.0, 0.0, 0.0, 0.0, 0.0, 0.0, 0.0 ]
}
