{
	"effort" : [ 0.0, 0.0, 0.0, 0.0, 0.0, 0.0, 0.0 ],
	"position" : 
	[
		-0.61624418800000003,
		0.0,
		-0.33059868800000003,
		0.58835123200000006,
		0.64631764400000002,
		-0.58343202400000005,
		0.055800000000000002
	],
	"velocity" : [ 0.0, 0.0, 0.0, 0.0, 0.0, 0.0, 0.0 ]
}
