{
	"effort" : [ 0.0, 0.0, 0.0, 0.0, 0.0, 0.0, 0.0 ],
	"position" : 
	[
		-0.60084113600000011,
		1.6830494520000001,
		-0.60537657600000006,
		0.57041880000000011,
		-0.45828876800000001,
		-0.70079525600000003,
		-0.0057999999999999996
	],
	"velocity" : [ 0.0, 0.0, 0.0, 0.0, 0.0, 0.0, 0.0 ]
}
