{
	"effort" : [ 0.0, 0.0, 0.0, 0.0, 0.0, 0.0, 0.0 ],
	"position" : 
	[
		-0.41541141600000003,
		0.93444019200000006,
		-0.54249095600000008,
		1.9538152200000001,
		-0.12882394,
		-2.0198582040000002,
		0.0424
	],
	"velocity" : [ 0.0, 0.0, 0.0, 0.0, 0.0, 0.0, 0.0 ]
}
