{
	"effort" : [ 0.0, 0.0, 0.0, 0.0, 0.0, 0.0, 0.0 ],
	"position" : 
	[
		-0.42573826400000003,
		1.615000408,
		-0.50641676400000002,
		1.179894716,
		-0.72272236400000001,
		-1.2518686600000002,
		0.072700000000000001
	],
	"velocity" : [ 0.0, 0.0, 0.0, 0.0, 0.0, 0.0, 0.0 ]
}
