{
	"effort" : [ 0.0, 0.0, 0.0, 0.0, 0.0, 0.0, 0.0 ],
	"position" : 
	[
		-0.49598525200000004,
		1.7649141440000002,
		-0.65999374000000011,
		0.75024899600000006,
		-0.89363867600000002,
		-0.65121940800000011,
		-0.0057999999999999996
	],
	"velocity" : [ 0.0, 0.0, 0.0, 0.0, 0.0, 0.0, 0.0 ]
}
