{
	"effort" : [ 0.0, 0.0, 0.0, 0.0, 0.0, 0.0, 0.0 ],
	"position" : 
	[
		-0.61624418800000003,
		0.0,
		-0.35222924800000005,
		0.60949335999999998,
		0.55852199200000008,
		-0.58343202400000005,
		0.072400000000000006
	],
	"velocity" : [ 0.0, 0.0, 0.0, 0.0, 0.0, 0.0, 0.0 ]
}
