{
	"effort" : [ 0.0, 0.0, 0.0, 0.0, 0.0, 0.0, 0.0 ],
	"position" : 
	[
		-0.48278014400000002,
		1.7649141440000002,
		-0.57563455600000013,
		1.151600548,
		-0.98077145600000004,
		-0.59196214000000003,
		0.054800000000000008
	],
	"velocity" : [ 0.0, 0.0, 0.0, 0.0, 0.0, 0.0, 0.0 ]
}
