{
	"effort" : [ 0.0, 0.0, 0.0, 0.0, 0.0, 0.0, 0.0 ],
	"position" : 
	[
		-0.597212784,
		1.7649141440000002,
		-0.609441028,
		0.59614869999999998,
		-0.8404344760000001,
		-0.48691437200000004,
		0.063500000000000001
	],
	"velocity" : [ 0.0, 0.0, 0.0, 0.0, 0.0, 0.0, 0.0 ]
}
