{
	"effort" : [ 0.0, 0.0, 0.0, 0.0, 0.0, 0.0, 0.0 ],
	"position" : 
	[
		-0.47419769600000006,
		1.7649141440000002,
		-0.57563455600000013,
		1.1840812760000001,
		-0.98077145600000004,
		-0.59196214000000003,
		0.053899999999999997
	],
	"velocity" : [ 0.0, 0.0, 0.0, 0.0, 0.0, 0.0, 0.0 ]
}
