{
	"effort" : [ 0.0, 0.0, 0.0, 0.0, 0.0, 0.0, 0.0 ],
	"position" : 
	[
		-0.61401135600000001,
		1.6830494520000001,
		-0.53685654400000005,
		0.57041880000000011,
		-0.41623128400000003,
		-0.65467332000000011,
		-0.0057999999999999996
	],
	"velocity" : [ 0.0, 0.0, 0.0, 0.0, 0.0, 0.0, 0.0 ]
}
