{
	"effort" : [ 0.0, 0.0, 0.0, 0.0, 0.0, 0.0, 0.0 ],
	"position" : 
	[
		-0.61624418800000003,
		0.0,
		-0.27917377600000004,
		0.58100730800000011,
		0.60314374400000004,
		-0.62076218400000005,
		-0.0035000000000000001
	],
	"velocity" : [ 0.0, 0.0, 0.0, 0.0, 0.0, 0.0, 0.0 ]
}
