{
	"effort" : [ 0.0, 0.0, 0.0, 0.0, 0.0, 0.0, 0.0 ],
	"position" : 
	[
		-0.42905262400000005,
		1.621454688,
		-0.50641676400000002,
		1.1703528480000001,
		-0.72549596000000016,
		-1.2394310880000001,
		0.072700000000000001
	],
	"velocity" : [ 0.0, 0.0, 0.0, 0.0, 0.0, 0.0, 0.0 ]
}
