{
	"effort" : [ 0.0, 0.0, 0.0, 0.0, 0.0, 0.0, 0.0 ],
	"position" : 
	[
		-0.48687948400000003,
		1.7649141440000002,
		-0.57563455600000013,
		1.150205028,
		-0.95218074000000008,
		-0.59002585600000002,
		0.068900000000000003
	],
	"velocity" : [ 0.0, 0.0, 0.0, 0.0, 0.0, 0.0, 0.0 ]
}
