{
	"effort" : [ 0.0, 0.0, 0.0, 0.0, 0.0, 0.0, 0.0 ],
	"position" : 
	[
		-0.59142137600000011,
		1.7649141440000002,
		-0.73507271600000013,
		1.0287075680000002,
		-0.50563178400000008,
		-1.056949404,
		0.072499999999999995
	],
	"velocity" : [ 0.0, 0.0, 0.0, 0.0, 0.0, 0.0, 0.0 ]
}
