{
	"effort" : [ 0.0, 0.0, 0.0, 0.0, 0.0, 0.0, 0.0 ],
	"position" : 
	[
		-0.41806290400000007,
		0.013379548000000002,
		-0.18129549200000003,
		1.3323552760000001,
		-0.0083556759999999994,
		-1.8925693360000002,
		0.048100000000000004
	],
	"velocity" : [ 0.0, 0.0, 0.0, 0.0, 0.0, 0.0, 0.0 ]
}
