{
	"effort" : [ 0.0, 0.0, 0.0, 0.0, 0.0, 0.0, 0.0 ],
	"position" : 
	[
		-0.48480364800000009,
		1.7649141440000002,
		-0.57563455600000013,
		1.1491409440000002,
		-0.98077145600000004,
		-0.59196214000000003,
		0.055
	],
	"velocity" : [ 0.0, 0.0, 0.0, 0.0, 0.0, 0.0, 0.0 ]
}
