{
	"effort" : [ 0.0, 0.0, 0.0, 0.0, 0.0, 0.0, 0.0 ],
	"position" : 
	[
		-0.48464665200000007,
		1.6830494520000001,
		-0.60603944799999998,
		0.57041880000000011,
		-0.46732476000000001,
		-0.51838334799999997,
		0.064299999999999996
	],
	"velocity" : [ 0.0, 0.0, 0.0, 0.0, 0.0, 0.0, 0.0 ]
}
