{
	"effort" : [ 0.0, 0.0, 0.0, 0.0, 0.0, 0.0, 0.0 ],
	"position" : 
	[
		-0.49431062800000003,
		1.6990281560000002,
		-0.53071625600000005,
		1.0700847360000001,
		-0.759581536,
		-1.0192354760000002,
		0.072700000000000001
	],
	"velocity" : [ 0.0, 0.0, 0.0, 0.0, 0.0, 0.0, 0.0 ]
}
