{
	"effort" : [ 0.0, 0.0, 0.0, 0.0, 0.0, 0.0, 0.0 ],
	"position" : 
	[
		-0.417469808,
		1.369127228,
		-0.46193456400000005,
		1.356986204,
		-0.67435015200000004,
		-1.3772038000000002,
		0.0436
	],
	"velocity" : [ 0.0, 0.0, 0.0, 0.0, 0.0, 0.0, 0.0 ]
}
