{
	"effort" : [ 0.0, 0.0, 0.0, 0.0, 0.0, 0.0, 0.0 ],
	"position" : 
	[
		-0.61624418800000003,
		0.0,
		-0.27917377600000004,
		0.58100730800000011,
		0.61530221200000013,
		-0.6103132280000001,
		-0.0035000000000000001
	],
	"velocity" : [ 0.0, 0.0, 0.0, 0.0, 0.0, 0.0, 0.0 ]
}
