{
	"effort" : [ 0.0, 0.0, 0.0, 0.0, 0.0, 0.0, 0.0 ],
	"position" : 
	[
		-0.51472010800000001,
		1.6830494520000001,
		-0.60603944799999998,
		0.57041880000000011,
		-0.46209156000000001,
		-0.58699060000000003,
		0.0258
	],
	"velocity" : [ 0.0, 0.0, 0.0, 0.0, 0.0, 0.0, 0.0 ]
}
