{
	"effort" : [ 0.0, 0.0, 0.0, 0.0, 0.0, 0.0, 0.0 ],
	"position" : 
	[
		-0.55869643199999997,
		1.7384167080000001,
		-0.60755707600000008,
		0.57041880000000011,
		-0.58011766400000009,
		-0.44211818000000003,
		0.076100000000000015
	],
	"velocity" : [ 0.0, 0.0, 0.0, 0.0, 0.0, 0.0, 0.0 ]
}
