{
	"effort" : [ 0.0, 0.0, 0.0, 0.0, 0.0, 0.0, 0.0 ],
	"position" : 
	[
		-0.36710898000000003,
		1.7649141440000002,
		-0.57563455600000013,
		1.1581071600000001,
		-1.063613012,
		-0.58737436799999998,
		0.061300000000000007
	],
	"velocity" : [ 0.0, 0.0, 0.0, 0.0, 0.0, 0.0, 0.0 ]
}
