{
	"effort" : [ 0.0, 0.0, 0.0, 0.0, 0.0, 0.0, 0.0 ],
	"position" : 
	[
		-0.40539856000000002,
		1.7649141440000002,
		-0.57563455600000013,
		1.19901334,
		-1.0393484080000002,
		-0.59196214000000003,
		0.061300000000000007
	],
	"velocity" : [ 0.0, 0.0, 0.0, 0.0, 0.0, 0.0, 0.0 ]
}
