{
	"effort" : [ 0.0, 0.0, 0.0, 0.0, 0.0, 0.0, 0.0 ],
	"position" : 
	[
		-0.417469808,
		1.5015620759999999,
		-0.502544196,
		1.2796046200000002,
		-0.721431508,
		-1.2845063839999999,
		0.0659
	],
	"velocity" : [ 0.0, 0.0, 0.0, 0.0, 0.0, 0.0, 0.0 ]
}
