{
	"effort" : [ 0.0, 0.0, 0.0, 0.0, 0.0, 0.0, 0.0 ],
	"position" : 
	[
		-0.48979263200000001,
		1.7649141440000002,
		-0.609441028,
		1.053983924,
		-0.84746440800000011,
		-0.5770824080000001,
		-0.0050000000000000001
	],
	"velocity" : [ 0.0, 0.0, 0.0, 0.0, 0.0, 0.0, 0.0 ]
}
