{
	"effort" : [ 0.0, 0.0, 0.0, 0.0, 0.0, 0.0, 0.0 ],
	"position" : 
	[
		-0.55698692000000005,
		1.7323636400000002,
		-0.57113400400000003,
		1.046500448,
		-0.75298770400000004,
		-0.9337598760000001,
		0.072700000000000001
	],
	"velocity" : [ 0.0, 0.0, 0.0, 0.0, 0.0, 0.0, 0.0 ]
}
