{
	"effort" : [ 0.0, 0.0, 0.0, 0.0, 0.0, 0.0, 0.0 ],
	"position" : 
	[
		-0.58777558000000008,
		1.762925528,
		-0.60755707600000008,
		0.57041880000000011,
		-0.62943185200000007,
		-0.45645714800000003,
		0.076100000000000015
	],
	"velocity" : [ 0.0, 0.0, 0.0, 0.0, 0.0, 0.0, 0.0 ]
}
