{
	"effort" : [ 0.0, 0.0, 0.0, 0.0, 0.0, 0.0, 0.0 ],
	"position" : 
	[
		-0.56569147600000003,
		1.7455164160000001,
		-0.60755707600000008,
		0.57041880000000011,
		-0.58423444800000002,
		-0.44211818000000003,
		0.076100000000000015
	],
	"velocity" : [ 0.0, 0.0, 0.0, 0.0, 0.0, 0.0, 0.0 ]
}
