{
	"effort" : [ 0.0, 0.0, 0.0, 0.0, 0.0, 0.0, 0.0 ],
	"position" : 
	[
		-0.44189140800000004,
		1.6442888840000001,
		-0.50641676400000002,
		1.134418208,
		-0.72961274400000009,
		-1.184255716,
		0.072700000000000001
	],
	"velocity" : [ 0.0, 0.0, 0.0, 0.0, 0.0, 0.0, 0.0 ]
}
