{
	"effort" : [ 0.0, 0.0, 0.0, 0.0, 0.0, 0.0, 0.0 ],
	"position" : 
	[
		-0.53073370000000009,
		1.7649141440000002,
		-0.7211349600000001,
		0.80249377600000005,
		-0.61444745599999995,
		-0.65940064400000009,
		-0.0057999999999999996
	],
	"velocity" : [ 0.0, 0.0, 0.0, 0.0, 0.0, 0.0, 0.0 ]
}
