{
	"effort" : [ 0.0, 0.0, 0.0, 0.0, 0.0, 0.0, 0.0 ],
	"position" : 
	[
		-0.58957231200000004,
		1.7649141440000002,
		-0.74035824800000005,
		0.99202283600000007,
		-0.48127996000000001,
		-1.015607124,
		0.009300000000000001
	],
	"velocity" : [ 0.0, 0.0, 0.0, 0.0, 0.0, 0.0, 0.0 ]
}
