{
	"effort" : [ 0.0, 0.0, 0.0, 0.0, 0.0, 0.0, 0.0 ],
	"position" : 
	[
		-0.50584111200000004,
		1.7056394320000001,
		-0.53593201200000007,
		1.0678519040000001,
		-0.759581536,
		-0.99915743200000007,
		0.072700000000000001
	],
	"velocity" : [ 0.0, 0.0, 0.0, 0.0, 0.0, 0.0, 0.0 ]
}
