{
	"effort" : [ 0.0, 0.0, 0.0, 0.0, 0.0, 0.0, 0.0 ],
	"position" : 
	[
		-0.42149937200000004,
		1.5974343000000002,
		-0.50641676400000002,
		1.1992575560000001,
		-0.72272236400000001,
		-1.274336532,
		0.072700000000000001
	],
	"velocity" : [ 0.0, 0.0, 0.0, 0.0, 0.0, 0.0, 0.0 ]
}
