{
	"effort" : [ 0.0, 0.0, 0.0, 0.0, 0.0, 0.0, 0.0 ],
	"position" : 
	[
		-0.417469808,
		1.4296404640000002,
		-0.48571073600000003,
		1.343746208,
		-0.71246529200000008,
		-1.3025958120000001,
		0.049800000000000004
	],
	"velocity" : [ 0.0, 0.0, 0.0, 0.0, 0.0, 0.0, 0.0 ]
}
