{
	"effort" : [ 0.0, 0.0, 0.0, 0.0, 0.0, 0.0, 0.0 ],
	"position" : 
	[
		-0.50003226000000001,
		1.7649141440000002,
		-0.66632591200000002,
		0.75024899600000006,
		-0.84380116800000005,
		-0.65659216000000009,
		-0.0057999999999999996
	],
	"velocity" : [ 0.0, 0.0, 0.0, 0.0, 0.0, 0.0, 0.0 ]
}
