{
	"effort" : [ 0.0, 0.0, 0.0, 0.0, 0.0, 0.0, 0.0 ],
	"position" : 
	[
		-0.48928675600000004,
		1.7649141440000002,
		-0.60720819599999998,
		1.0655667400000002,
		-0.84746440800000011,
		-0.57914080000000012,
		-0.0050000000000000001
	],
	"velocity" : [ 0.0, 0.0, 0.0, 0.0, 0.0, 0.0, 0.0 ]
}
