{
	"effort" : [ 0.0, 0.0, 0.0, 0.0, 0.0, 0.0, 0.0 ],
	"position" : 
	[
		-0.57259930000000003,
		1.7649141440000002,
		-0.744370368,
		0.73887550800000001,
		-0.36395161600000003,
		-0.67661787200000001,
		-0.0057999999999999996
	],
	"velocity" : [ 0.0, 0.0, 0.0, 0.0, 0.0, 0.0, 0.0 ]
}
