{
	"effort" : [ 0.0, 0.0, 0.0, 0.0, 0.0, 0.0, 0.0 ],
	"position" : 
	[
		-0.54807303600000001,
		1.727671204,
		-0.56665089600000007,
		1.0490298280000001,
		-0.75581363200000007,
		-0.93892330000000013,
		0.072700000000000001
	],
	"velocity" : [ 0.0, 0.0, 0.0, 0.0, 0.0, 0.0, 0.0 ]
}
