{
	"effort" : [ 0.0, 0.0, 0.0, 0.0, 0.0, 0.0, 0.0 ],
	"position" : 
	[
		-0.50003226000000001,
		1.7649141440000002,
		-0.669535608,
		0.75024899600000006,
		-0.82857255600000013,
		-0.65713292400000001,
		-0.0057999999999999996
	],
	"velocity" : [ 0.0, 0.0, 0.0, 0.0, 0.0, 0.0, 0.0 ]
}
