{
	"effort" : [ 0.0, 0.0, 0.0, 0.0, 0.0, 0.0, 0.0 ],
	"position" : 
	[
		-0.59142137600000011,
		1.7649141440000002,
		-0.64047390400000004,
		0.92051988000000007,
		-0.64982388800000013,
		-0.89355145599999997,
		0.072700000000000001
	],
	"velocity" : [ 0.0, 0.0, 0.0, 0.0, 0.0, 0.0, 0.0 ]
}
