{
	"effort" : [ 0.0, 0.0, 0.0, 0.0, 0.0, 0.0, 0.0 ],
	"position" : 
	[
		-0.61631396400000005,
		1.6830494520000001,
		-0.58130385600000001,
		0.57041880000000011,
		-0.451817044,
		-0.71134887600000007,
		-0.0057999999999999996
	],
	"velocity" : [ 0.0, 0.0, 0.0, 0.0, 0.0, 0.0, 0.0 ]
}
