{
	"effort" : [ 0.0, 0.0, 0.0, 0.0, 0.0, 0.0, 0.0 ],
	"position" : 
	[
		-0.53423994400000008,
		1.7649141440000002,
		-0.72518196800000012,
		0.80751764800000003,
		-0.59532883200000009,
		-0.65940064400000009,
		-0.0057999999999999996
	],
	"velocity" : [ 0.0, 0.0, 0.0, 0.0, 0.0, 0.0, 0.0 ]
}
