{
	"effort" : [ 0.0, 0.0, 0.0, 0.0, 0.0, 0.0, 0.0 ],
	"position" : 
	[
		-0.43351828800000003,
		1.6347644600000002,
		-0.50641676400000002,
		1.1502224720000001,
		-0.72737991200000007,
		-1.2175214240000003,
		0.072700000000000001
	],
	"velocity" : [ 0.0, 0.0, 0.0, 0.0, 0.0, 0.0, 0.0 ]
}
