{
	"effort" : [ 0.0, 0.0, 0.0, 0.0, 0.0, 0.0, 0.0 ],
	"position" : 
	[
		-0.42340076799999998,
		1.7649141440000002,
		-0.57563455600000013,
		1.1537461600000001,
		-1.004844176,
		-0.56208056800000006,
		0.061300000000000007
	],
	"velocity" : [ 0.0, 0.0, 0.0, 0.0, 0.0, 0.0, 0.0 ]
}
