{
	"effort" : [ 0.0, 0.0, 0.0, 0.0, 0.0, 0.0, 0.0 ],
	"position" : 
	[
		-0.54967788400000006,
		1.7649141440000002,
		-0.609441028,
		0.87971836400000003,
		-0.9971862600000001,
		-0.54488078400000006,
		-0.0057999999999999996
	],
	"velocity" : [ 0.0, 0.0, 0.0, 0.0, 0.0, 0.0, 0.0 ]
}
