{
	"effort" : [ 0.0, 0.0, 0.0, 0.0, 0.0, 0.0, 0.0 ],
	"position" : 
	[
		-0.41541141600000003,
		0.94654632800000005,
		-0.58521131200000009,
		1.9567807000000002,
		-0.24918754000000001,
		-2.0281092160000003,
		0.0424
	],
	"velocity" : [ 0.0, 0.0, 0.0, 0.0, 0.0, 0.0, 0.0 ]
}
