{
	"effort" : [ 0.0, 0.0, 0.0, 0.0, 0.0, 0.0, 0.0 ],
	"position" : 
	[
		-0.47292428400000003,
		1.6830494520000001,
		-0.60603944799999998,
		0.57041880000000011,
		-0.46889471999999999,
		-0.45565472400000001,
		0.075999999999999998
	],
	"velocity" : [ 0.0, 0.0, 0.0, 0.0, 0.0, 0.0, 0.0 ]
}
