{
	"effort" : [ 0.0, 0.0, 0.0, 0.0, 0.0, 0.0, 0.0 ],
	"position" : 
	[
		-0.5577719000000001,
		1.7649141440000002,
		-0.744370368,
		0.69400954000000004,
		-0.38570428400000006,
		-0.65922620399999998,
		-0.0057999999999999996
	],
	"velocity" : [ 0.0, 0.0, 0.0, 0.0, 0.0, 0.0, 0.0 ]
}
