{
	"effort" : [ 0.0, 0.0, 0.0, 0.0, 0.0, 0.0, 0.0 ],
	"position" : 
	[
		-0.49078694000000006,
		1.6941612800000001,
		-0.52637270000000003,
		1.0701370680000002,
		-0.759581536,
		-1.0347606360000001,
		0.072700000000000001
	],
	"velocity" : [ 0.0, 0.0, 0.0, 0.0, 0.0, 0.0, 0.0 ]
}
