{
	"effort" : [ 0.0, 0.0, 0.0, 0.0, 0.0, 0.0, 0.0 ],
	"position" : 
	[
		-0.58957231200000004,
		1.7649141440000002,
		-0.73805564000000012,
		1.0273120480000002,
		-0.50324195599999999,
		-1.048977496,
		0.072499999999999995
	],
	"velocity" : [ 0.0, 0.0, 0.0, 0.0, 0.0, 0.0, 0.0 ]
}
