{
	"effort" : [ 0.0, 0.0, 0.0, 0.0, 0.0, 0.0, 0.0 ],
	"position" : 
	[
		-0.41806290400000007,
		0.0,
		-0.099919231999999997,
		1.564691912,
		-0.031434088000000006,
		-1.8925693360000002,
		0.0077000000000000002
	],
	"velocity" : [ 0.0, 0.0, 0.0, 0.0, 0.0, 0.0, 0.0 ]
}
