{
	"effort" : [ 0.0, 0.0, 0.0, 0.0, 0.0, 0.0, 0.0 ],
	"position" : 
	[
		-0.49349076000000003,
		1.7649141440000002,
		-0.65273703599999999,
		0.75024899600000006,
		-0.90961738000000014,
		-0.64391037200000001,
		-0.0057999999999999996
	],
	"velocity" : [ 0.0, 0.0, 0.0, 0.0, 0.0, 0.0, 0.0 ]
}
