{
	"effort" : [ 0.0, 0.0, 0.0, 0.0, 0.0, 0.0, 0.0 ],
	"position" : 
	[
		-0.61624418800000003,
		0.10670494800000001,
		-0.36606234000000004,
		0.75577874400000011,
		0.13158009200000001,
		-0.58343202400000005,
		0.072400000000000006
	],
	"velocity" : [ 0.0, 0.0, 0.0, 0.0, 0.0, 0.0, 0.0 ]
}
