{
	"effort" : [ 0.0, 0.0, 0.0, 0.0, 0.0, 0.0, 0.0 ],
	"position" : 
	[
		-0.59018285199999998,
		1.7649141440000002,
		-0.60755707600000008,
		0.57041880000000011,
		-0.67154166800000004,
		-0.47857613999999998,
		0.076100000000000015
	],
	"velocity" : [ 0.0, 0.0, 0.0, 0.0, 0.0, 0.0, 0.0 ]
}
