{
	"effort" : [ 0.0, 0.0, 0.0, 0.0, 0.0, 0.0, 0.0 ],
	"position" : 
	[
		-0.48356512400000001,
		1.688980412,
		-0.52208147599999999,
		1.0758238120000001,
		-0.7569998240000001,
		-1.0504253480000001,
		0.072700000000000001
	],
	"velocity" : [ 0.0, 0.0, 0.0, 0.0, 0.0, 0.0, 0.0 ]
}
