{
	"effort" : [ 0.0, 0.0, 0.0, 0.0, 0.0, 0.0, 0.0 ],
	"position" : 
	[
		-0.58957231200000004,
		1.7649141440000002,
		-0.744370368,
		0.82735147600000014,
		-0.37921511600000002,
		-0.72582739600000012,
		-0.0057999999999999996
	],
	"velocity" : [ 0.0, 0.0, 0.0, 0.0, 0.0, 0.0, 0.0 ]
}
