{
	"effort" : [ 0.0, 0.0, 0.0, 0.0, 0.0, 0.0, 0.0 ],
	"position" : 
	[
		-0.49239178800000005,
		1.6830494520000001,
		-0.60603944799999998,
		0.57041880000000011,
		-0.46285909600000003,
		-0.54214207600000008,
		0.053200000000000004
	],
	"velocity" : [ 0.0, 0.0, 0.0, 0.0, 0.0, 0.0, 0.0 ]
}
