{
	"effort" : [ 0.0, 0.0, 0.0, 0.0, 0.0, 0.0, 0.0 ],
	"position" : 
	[
		-0.48974030000000002,
		1.6830494520000001,
		-0.60603944799999998,
		0.57041880000000011,
		-0.46420228400000002,
		-0.53598434400000006,
		0.055200000000000006
	],
	"velocity" : [ 0.0, 0.0, 0.0, 0.0, 0.0, 0.0, 0.0 ]
}
