{
	"effort" : [ 0.0, 0.0, 0.0, 0.0, 0.0, 0.0, 0.0 ],
	"position" : 
	[
		-0.58208883600000005,
		1.7649141440000002,
		-0.609441028,
		0.86932174000000006,
		-0.9971862600000001,
		-0.5242445320000001,
		-0.0057999999999999996
	],
	"velocity" : [ 0.0, 0.0, 0.0, 0.0, 0.0, 0.0, 0.0 ]
}
