{
	"effort" : [ 0.0, 0.0, 0.0, 0.0, 0.0, 0.0, 0.0 ],
	"position" : 
	[
		-0.55098618399999999,
		1.7303924680000002,
		-0.56665089600000007,
		1.0485762839999999,
		-0.75581363200000007,
		-0.93892330000000013,
		0.072700000000000001
	],
	"velocity" : [ 0.0, 0.0, 0.0, 0.0, 0.0, 0.0, 0.0 ]
}
