{
	"effort" : [ 0.0, 0.0, 0.0, 0.0, 0.0, 0.0, 0.0 ],
	"position" : 
	[
		-0.417469808,
		1.4787104360000003,
		-0.50018925599999997,
		1.3035552319999999,
		-0.721431508,
		-1.2845063839999999,
		0.060700000000000004
	],
	"velocity" : [ 0.0, 0.0, 0.0, 0.0, 0.0, 0.0, 0.0 ]
}
