{
	"effort" : [ 0.0, 0.0, 0.0, 0.0, 0.0, 0.0, 0.0 ],
	"position" : 
	[
		-0.61624418800000003,
		0.176411172,
		-0.36606234000000004,
		0.801063368,
		0.038097696000000007,
		-0.58343202400000005,
		0.072400000000000006
	],
	"velocity" : [ 0.0, 0.0, 0.0, 0.0, 0.0, 0.0, 0.0 ]
}
