{
	"effort" : [ 0.0, 0.0, 0.0, 0.0, 0.0, 0.0, 0.0 ],
	"position" : 
	[
		-0.53783340800000001,
		1.6830494520000001,
		-0.60603944799999998,
		0.57041880000000011,
		-0.46101003200000007,
		-0.63874694799999998,
		-0.00029999999999999997
	],
	"velocity" : [ 0.0, 0.0, 0.0, 0.0, 0.0, 0.0, 0.0 ]
}
