{
	"effort" : [ 0.0, 0.0, 0.0, 0.0, 0.0, 0.0, 0.0 ],
	"position" : 
	[
		-0.59142137600000011,
		1.7649141440000002,
		-0.66222657200000001,
		0.85950076800000008,
		-0.56523793200000005,
		-0.85370935999999997,
		0.072700000000000001
	],
	"velocity" : [ 0.0, 0.0, 0.0, 0.0, 0.0, 0.0, 0.0 ]
}
