{
	"effort" : [ 0.0, 0.0, 0.0, 0.0, 0.0, 0.0, 0.0 ],
	"position" : 
	[
		-0.59464851600000002,
		1.7649141440000002,
		-0.609441028,
		0.85156374800000001,
		-1.00590826,
		-0.51438867200000005,
		-0.0057999999999999996
	],
	"velocity" : [ 0.0, 0.0, 0.0, 0.0, 0.0, 0.0, 0.0 ]
}
