{
	"effort" : [ 0.0, 0.0, 0.0, 0.0, 0.0, 0.0, 0.0 ],
	"position" : 
	[
		-0.61624418800000003,
		1.5310075480000001,
		-0.40047935200000001,
		1.0481925160000001,
		-0.45584660800000004,
		-0.58353668800000003,
		0.072800000000000004
	],
	"velocity" : [ 0.0, 0.0, 0.0, 0.0, 0.0, 0.0, 0.0 ]
}
