{
	"effort" : [ 0.0, 0.0, 0.0, 0.0, 0.0, 0.0, 0.0 ],
	"position" : 
	[
		-0.47550599600000004,
		1.6830494520000001,
		-0.60603944799999998,
		0.57041880000000011,
		-0.46732476000000001,
		-0.47552344000000007,
		0.075299999999999992
	],
	"velocity" : [ 0.0, 0.0, 0.0, 0.0, 0.0, 0.0, 0.0 ]
}
