{
	"effort" : [ 0.0, 0.0, 0.0, 0.0, 0.0, 0.0, 0.0 ],
	"position" : 
	[
		-0.417469808,
		1.1206723360000002,
		-0.34104764399999998,
		1.520122492,
		-0.49642135199999998,
		-1.7934874160000001,
		0.0424
	],
	"velocity" : [ 0.0, 0.0, 0.0, 0.0, 0.0, 0.0, 0.0 ]
}
