{
	"effort" : [ 0.0, 0.0, 0.0, 0.0, 0.0, 0.0, 0.0 ],
	"position" : 
	[
		-0.57875703199999995,
		1.7490226600000001,
		-0.59255523600000004,
		1.038301768,
		-0.74102111999999998,
		-0.92542164400000004,
		0.072700000000000001
	],
	"velocity" : [ 0.0, 0.0, 0.0, 0.0, 0.0, 0.0, 0.0 ]
}
