{
	"effort" : [ 0.0, 0.0, 0.0, 0.0, 0.0, 0.0, 0.0 ],
	"position" : 
	[
		-0.56256899999999999,
		1.735398896,
		-0.57540778400000003,
		1.0467969960000001,
		-0.75298770400000004,
		-0.93273068000000003,
		0.072700000000000001
	],
	"velocity" : [ 0.0, 0.0, 0.0, 0.0, 0.0, 0.0, 0.0 ]
}
