{
	"effort" : [ 0.0, 0.0, 0.0, 0.0, 0.0, 0.0, 0.0 ],
	"position" : 
	[
		-0.48687948400000003,
		1.7649141440000002,
		-0.57563455600000013,
		1.14423918,
		-0.95218074000000008,
		-0.58412978400000004,
		0.068700000000000011
	],
	"velocity" : [ 0.0, 0.0, 0.0, 0.0, 0.0, 0.0, 0.0 ]
}
