{
	"effort" : [ 0.0, 0.0, 0.0, 0.0, 0.0, 0.0, 0.0 ],
	"position" : 
	[
		-0.48736791600000001,
		1.7649141440000002,
		-0.58050143200000004,
		1.135813728,
		-1.1380988919999999,
		-0.45642226000000002,
		0.060700000000000004
	],
	"velocity" : [ 0.0, 0.0, 0.0, 0.0, 0.0, 0.0, 0.0 ]
}
