{
	"effort" : [ 0.0, 0.0, 0.0, 0.0, 0.0, 0.0, 0.0 ],
	"position" : 
	[
		-0.61624418800000003,
		0.78696861600000001,
		-0.36606234000000004,
		1.0209101,
		-0.19584378800000002,
		-0.57704752000000004,
		0.072800000000000004
	],
	"velocity" : [ 0.0, 0.0, 0.0, 0.0, 0.0, 0.0, 0.0 ]
}
