{
	"effort" : [ 0.0, 0.0, 0.0, 0.0, 0.0, 0.0, 0.0 ],
	"position" : 
	[
		-0.61624418800000003,
		1.6237049640000001,
		-0.40907924400000006,
		0.70416194799999998,
		-0.20585664400000001,
		-0.85186029600000013,
		-0.0057999999999999996
	],
	"velocity" : [ 0.0, 0.0, 0.0, 0.0, 0.0, 0.0, 0.0 ]
}
