{
	"effort" : [ 0.0, 0.0, 0.0, 0.0, 0.0, 0.0, 0.0 ],
	"position" : 
	[
		-0.47292428400000003,
		1.6830494520000001,
		-0.60603944799999998,
		0.57041880000000011,
		-0.48150673200000005,
		-0.44185651999999997,
		0.076100000000000015
	],
	"velocity" : [ 0.0, 0.0, 0.0, 0.0, 0.0, 0.0, 0.0 ]
}
