{
	"effort" : [ 0.0, 0.0, 0.0, 0.0, 0.0, 0.0, 0.0 ],
	"position" : 
	[
		-0.61420324000000004,
		1.6830494520000001,
		-0.57922801999999995,
		0.57041880000000011,
		-0.45150305200000002,
		-0.71134887600000007,
		-0.0057999999999999996
	],
	"velocity" : [ 0.0, 0.0, 0.0, 0.0, 0.0, 0.0, 0.0 ]
}
