{
	"effort" : [ 0.0, 0.0, 0.0, 0.0, 0.0, 0.0, 0.0 ],
	"position" : 
	[
		-0.58739181200000012,
		1.7649141440000002,
		-0.744370368,
		0.79446953600000003,
		-0.36806840000000007,
		-0.70165001199999999,
		-0.0057999999999999996
	],
	"velocity" : [ 0.0, 0.0, 0.0, 0.0, 0.0, 0.0, 0.0 ]
}
