{
	"effort" : [ 0.0, 0.0, 0.0, 0.0, 0.0, 0.0, 0.0 ],
	"position" : 
	[
		-0.45741656800000008,
		1.7649141440000002,
		-0.57563455600000013,
		1.19901334,
		-0.98077145600000004,
		-0.59196214000000003,
		0.058900000000000001
	],
	"velocity" : [ 0.0, 0.0, 0.0, 0.0, 0.0, 0.0, 0.0 ]
}
