{
	"effort" : [ 0.0, 0.0, 0.0, 0.0, 0.0, 0.0, 0.0 ],
	"position" : 
	[
		-0.49024617600000003,
		1.7649141440000002,
		-0.64511400800000007,
		0.75024899600000006,
		-0.94098169200000004,
		-0.632205448,
		-0.0057999999999999996
	],
	"velocity" : [ 0.0, 0.0, 0.0, 0.0, 0.0, 0.0, 0.0 ]
}
