{
	"effort" : [ 0.0, 0.0, 0.0, 0.0, 0.0, 0.0, 0.0 ],
	"position" : 
	[
		-0.58522875600000002,
		1.7649141440000002,
		-0.744370368,
		0.76931528800000004,
		-0.36644610800000005,
		-0.689892756,
		-0.0057999999999999996
	],
	"velocity" : [ 0.0, 0.0, 0.0, 0.0, 0.0, 0.0, 0.0 ]
}
