{
	"effort" : [ 0.0, 0.0, 0.0, 0.0, 0.0, 0.0, 0.0 ],
	"position" : 
	[
		-0.41806290400000007,
		0.025782232000000002,
		-0.18890107600000003,
		1.3323552760000001,
		-0.023584288000000002,
		-1.8925693360000002,
		0.0465
	],
	"velocity" : [ 0.0, 0.0, 0.0, 0.0, 0.0, 0.0, 0.0 ]
}
