{
	"effort" : [ 0.0, 0.0, 0.0, 0.0, 0.0, 0.0, 0.0 ],
	"position" : 
	[
		-0.41806290400000007,
		0.0,
		-0.10639095600000001,
		1.5547837200000001,
		-0.025293800000000002,
		-1.8925693360000002,
		0.014
	],
	"velocity" : [ 0.0, 0.0, 0.0, 0.0, 0.0, 0.0, 0.0 ]
}
