{
	"effort" : [ 0.0, 0.0, 0.0, 0.0, 0.0, 0.0, 0.0 ],
	"position" : 
	[
		-0.52609359600000005,
		1.6830494520000001,
		-0.60603944799999998,
		0.57041880000000011,
		-0.46101003200000007,
		-0.61298216000000005,
		0.0129
	],
	"velocity" : [ 0.0, 0.0, 0.0, 0.0, 0.0, 0.0, 0.0 ]
}
