{
	"effort" : [ 0.0, 0.0, 0.0, 0.0, 0.0, 0.0, 0.0 ],
	"position" : 
	[
		-0.53321074800000001,
		1.6830494520000001,
		-0.60603944799999998,
		0.57041880000000011,
		-0.46101003200000007,
		-0.62854220799999994,
		0.0076000000000000009
	],
	"velocity" : [ 0.0, 0.0, 0.0, 0.0, 0.0, 0.0, 0.0 ]
}
