{
	"effort" : [ 0.0, 0.0, 0.0, 0.0, 0.0, 0.0, 0.0 ],
	"position" : 
	[
		-0.41806290400000007,
		0.00047098800000000004,
		-0.17433533600000001,
		1.3323552760000001,
		0.0098558599999999993,
		-1.8925693360000002,
		0.050100000000000006
	],
	"velocity" : [ 0.0, 0.0, 0.0, 0.0, 0.0, 0.0, 0.0 ]
}
