{
	"effort" : [ 0.0, 0.0, 0.0, 0.0, 0.0, 0.0, 0.0 ],
	"position" : 
	[
		-0.48719347600000001,
		1.7649141440000002,
		-0.58050143200000004,
		1.153467056,
		-1.2253886680000001,
		-0.45642226000000002,
		-0.0057999999999999996
	],
	"velocity" : [ 0.0, 0.0, 0.0, 0.0, 0.0, 0.0, 0.0 ]
}
