{
	"effort" : [ 0.0, 0.0, 0.0, 0.0, 0.0, 0.0, 0.0 ],
	"position" : 
	[
		-0.50615510399999997,
		1.6830494520000001,
		-0.60603944799999998,
		0.57041880000000011,
		-0.46209156000000001,
		-0.56656367600000002,
		0.037800000000000007
	],
	"velocity" : [ 0.0, 0.0, 0.0, 0.0, 0.0, 0.0, 0.0 ]
}
