{
	"effort" : [ 0.0, 0.0, 0.0, 0.0, 0.0, 0.0, 0.0 ],
	"position" : 
	[
		-0.48749002400000008,
		1.7649141440000002,
		-0.60506258400000001,
		1.070381284,
		-0.84746440800000011,
		-0.57914080000000012,
		-0.0050000000000000001
	],
	"velocity" : [ 0.0, 0.0, 0.0, 0.0, 0.0, 0.0, 0.0 ]
}
