{
	"effort" : [ 0.0, 0.0, 0.0, 0.0, 0.0, 0.0, 0.0 ],
	"position" : 
	[
		-0.54807303600000001,
		1.727357212,
		-0.56440062000000002,
		1.0515940960000001,
		-0.75581363200000007,
		-0.94270864800000009,
		0.072700000000000001
	],
	"velocity" : [ 0.0, 0.0, 0.0, 0.0, 0.0, 0.0, 0.0 ]
}
