{
	"effort" : [ 0.0, 0.0, 0.0, 0.0, 0.0, 0.0, 0.0 ],
	"position" : 
	[
		-0.51362113600000003,
		1.7096166640000001,
		-0.54301427600000007,
		1.066316832,
		-0.75743592400000004,
		-0.98780138800000006,
		0.072700000000000001
	],
	"velocity" : [ 0.0, 0.0, 0.0, 0.0, 0.0, 0.0, 0.0 ]
}
