{
	"effort" : [ 0.0, 0.0, 0.0, 0.0, 0.0, 0.0, 0.0 ],
	"position" : 
	[
		-0.57008736400000004,
		1.740701872,
		-0.58266448800000004,
		1.0415114640000001,
		-0.74810338400000009,
		-0.93000941600000009,
		0.072700000000000001
	],
	"velocity" : [ 0.0, 0.0, 0.0, 0.0, 0.0, 0.0, 0.0 ]
}
