{
	"effort" : [ 0.0, 0.0, 0.0, 0.0, 0.0, 0.0, 0.0 ],
	"position" : 
	[
		-0.417469808,
		1.5399388760000001,
		-0.50643420800000005,
		1.2467401240000002,
		-0.721431508,
		-1.2832329720000002,
		0.072100000000000011
	],
	"velocity" : [ 0.0, 0.0, 0.0, 0.0, 0.0, 0.0, 0.0 ]
}
