{
	"effort" : [ 0.0, 0.0, 0.0, 0.0, 0.0, 0.0, 0.0 ],
	"position" : 
	[
		-0.36604489600000006,
		1.7649141440000002,
		-0.57563455600000013,
		1.1581071600000001,
		-1.0723699,
		-0.58974675200000004,
		0.061300000000000007
	],
	"velocity" : [ 0.0, 0.0, 0.0, 0.0, 0.0, 0.0, 0.0 ]
}
