{
	"effort" : [ 0.0, 0.0, 0.0, 0.0, 0.0, 0.0, 0.0 ],
	"position" : 
	[
		-0.61624418800000003,
		1.6153318440000002,
		-0.52269201600000004,
		0.70416194799999998,
		-0.15586214000000001,
		-0.85186029600000013,
		-0.0057999999999999996
	],
	"velocity" : [ 0.0, 0.0, 0.0, 0.0, 0.0, 0.0, 0.0 ]
}
