{
	"effort" : [ 0.0, 0.0, 0.0, 0.0, 0.0, 0.0, 0.0 ],
	"position" : 
	[
		-0.49151958800000001,
		1.7649141440000002,
		-0.609441028,
		0.98844681600000006,
		-0.84910414400000012,
		-0.5770824080000001,
		-0.0057999999999999996
	],
	"velocity" : [ 0.0, 0.0, 0.0, 0.0, 0.0, 0.0, 0.0 ]
}
