{
	"effort" : [ 0.0, 0.0, 0.0, 0.0, 0.0, 0.0, 0.0 ],
	"position" : 
	[
		-0.61624418800000003,
		1.2388031040000003,
		-0.36606234000000004,
		1.038336656,
		-0.45750378800000002,
		-0.57938501600000003,
		0.072800000000000004
	],
	"velocity" : [ 0.0, 0.0, 0.0, 0.0, 0.0, 0.0, 0.0 ]
}
