{
	"effort" : [ 0.0, 0.0, 0.0, 0.0, 0.0, 0.0, 0.0 ],
	"position" : 
	[
		-0.52120927600000011,
		1.7117099440000001,
		-0.54571809599999999,
		1.0619209439999999,
		-0.75743592400000004,
		-0.9818529840000001,
		0.072700000000000001
	],
	"velocity" : [ 0.0, 0.0, 0.0, 0.0, 0.0, 0.0, 0.0 ]
}
