{
	"effort" : [ 0.0, 0.0, 0.0, 0.0, 0.0, 0.0, 0.0 ],
	"position" : 
	[
		-0.597212784,
		1.7649141440000002,
		-0.609441028,
		0.71654718800000006,
		-0.99784913200000014,
		-0.50364316800000009,
		-0.0057999999999999996
	],
	"velocity" : [ 0.0, 0.0, 0.0, 0.0, 0.0, 0.0, 0.0 ]
}
