{
	"effort" : [ 0.0, 0.0, 0.0, 0.0, 0.0, 0.0, 0.0 ],
	"position" : 
	[
		-0.58699060000000003,
		1.753784872,
		-0.60457415200000009,
		1.0260037480000002,
		-0.72680425999999998,
		-0.92332836400000007,
		0.072700000000000001
	],
	"velocity" : [ 0.0, 0.0, 0.0, 0.0, 0.0, 0.0, 0.0 ]
}
