{
	"effort" : [ 0.0, 0.0, 0.0, 0.0, 0.0, 0.0, 0.0 ],
	"position" : 
	[
		-0.58168762399999996,
		1.749127324,
		-0.59679412800000009,
		1.0355630600000001,
		-0.73842196400000015,
		-0.92526464800000008,
		0.072700000000000001
	],
	"velocity" : [ 0.0, 0.0, 0.0, 0.0, 0.0, 0.0, 0.0 ]
}
