{
	"effort" : [ 0.0, 0.0, 0.0, 0.0, 0.0, 0.0, 0.0 ],
	"position" : 
	[
		-0.417469808,
		1.418860072,
		-0.48157650800000001,
		1.3462232560000003,
		-0.70402239600000005,
		-1.3130447680000001,
		0.048100000000000004
	],
	"velocity" : [ 0.0, 0.0, 0.0, 0.0, 0.0, 0.0, 0.0 ]
}
