{
	"effort" : [ 0.0, 0.0, 0.0, 0.0, 0.0, 0.0, 0.0 ],
	"position" : 
	[
		-0.52469807600000007,
		1.7160535000000001,
		-0.54814281200000003,
		1.0605952000000001,
		-0.75743592400000004,
		-0.97000850800000005,
		0.072700000000000001
	],
	"velocity" : [ 0.0, 0.0, 0.0, 0.0, 0.0, 0.0, 0.0 ]
}
