{
	"effort" : [ 0.0, 0.0, 0.0, 0.0, 0.0, 0.0, 0.0 ],
	"position" : 
	[
		-0.48450710000000002,
		1.7649141440000002,
		-0.57563455600000013,
		1.1381861120000001,
		-1.1317492760000001,
		-0.45642226000000002,
		0.061300000000000007
	],
	"velocity" : [ 0.0, 0.0, 0.0, 0.0, 0.0, 0.0, 0.0 ]
}
