{
	"effort" : [ 0.0, 0.0, 0.0, 0.0, 0.0, 0.0, 0.0 ],
	"position" : 
	[
		-0.58557763600000012,
		1.7628731960000001,
		-0.60755707600000008,
		0.57041880000000011,
		-0.62646637199999999,
		-0.44623496400000001,
		0.076100000000000015
	],
	"velocity" : [ 0.0, 0.0, 0.0, 0.0, 0.0, 0.0, 0.0 ]
}
