{
	"effort" : [ 0.0, 0.0, 0.0, 0.0, 0.0, 0.0, 0.0 ],
	"position" : 
	[
		-0.56743587600000012,
		1.6830494520000001,
		-0.60603944799999998,
		0.57041880000000011,
		-0.46277187600000003,
		-0.67618177199999996,
		-0.0047000000000000002
	],
	"velocity" : [ 0.0, 0.0, 0.0, 0.0, 0.0, 0.0, 0.0 ]
}
