{
	"effort" : [ 0.0, 0.0, 0.0, 0.0, 0.0, 0.0, 0.0 ],
	"position" : 
	[
		-0.54318871600000007,
		1.7649141440000002,
		-0.744370368,
		0.62077962800000008,
		-0.41994685600000004,
		-0.65940064400000009,
		-0.0057999999999999996
	],
	"velocity" : [ 0.0, 0.0, 0.0, 0.0, 0.0, 0.0, 0.0 ]
}
