{
	"effort" : [ 0.0, 0.0, 0.0, 0.0, 0.0, 0.0, 0.0 ],
	"position" : 
	[
		-0.58957231200000004,
		1.7649141440000002,
		-0.744370368,
		0.92552630800000013,
		-0.41753958400000002,
		-0.74639387199999996,
		-0.0057999999999999996
	],
	"velocity" : [ 0.0, 0.0, 0.0, 0.0, 0.0, 0.0, 0.0 ]
}
