{
	"effort" : [ 0.0, 0.0, 0.0, 0.0, 0.0, 0.0, 0.0 ],
	"position" : 
	[
		-0.49151958800000001,
		1.7649141440000002,
		-0.609441028,
		0.88373048400000009,
		-0.94208066400000001,
		-0.57296562399999995,
		-0.0057999999999999996
	],
	"velocity" : [ 0.0, 0.0, 0.0, 0.0, 0.0, 0.0, 0.0 ]
}
