{
	"effort" : [ 0.0, 0.0, 0.0, 0.0, 0.0, 0.0, 0.0 ],
	"position" : 
	[
		-0.41541141600000003,
		0.93444019200000006,
		-0.35374687600000004,
		1.6147387479999999,
		-0.39819418800000006,
		-2.0198407600000001,
		0.0424
	],
	"velocity" : [ 0.0, 0.0, 0.0, 0.0, 0.0, 0.0, 0.0 ]
}
