{
	"effort" : [ 0.0, 0.0, 0.0, 0.0, 0.0, 0.0, 0.0 ],
	"position" : 
	[
		-0.50587599999999999,
		1.7649141440000002,
		-0.609441028,
		0.87977069600000002,
		-1.052344188,
		-0.57535545199999993,
		-0.0057999999999999996
	],
	"velocity" : [ 0.0, 0.0, 0.0, 0.0, 0.0, 0.0, 0.0 ]
}
