{
	"effort" : [ 0.0, 0.0, 0.0, 0.0, 0.0, 0.0, 0.0 ],
	"position" : 
	[
		-0.58957231200000004,
		1.7649141440000002,
		-0.74464947200000009,
		0.98736528800000001,
		-0.48127996000000001,
		-0.97555570000000003,
		0.0007000000000000001
	],
	"velocity" : [ 0.0, 0.0, 0.0, 0.0, 0.0, 0.0, 0.0 ]
}
