{
	"effort" : [ 0.0, 0.0, 0.0, 0.0, 0.0, 0.0, 0.0 ],
	"position" : 
	[
		-0.61401135600000001,
		1.7120588240000001,
		-0.52269201600000004,
		0.56338886799999999,
		-0.41951075600000004,
		-0.65467332000000011,
		-0.0057999999999999996
	],
	"velocity" : [ 0.0, 0.0, 0.0, 0.0, 0.0, 0.0, 0.0 ]
}
