{
	"effort" : [ 0.0, 0.0, 0.0, 0.0, 0.0, 0.0, 0.0 ],
	"position" : 
	[
		-0.485431632,
		1.7649141440000002,
		-0.63128091600000003,
		0.75024899600000006,
		-1.016688652,
		-0.59904440400000003,
		-0.0057999999999999996
	],
	"velocity" : [ 0.0, 0.0, 0.0, 0.0, 0.0, 0.0, 0.0 ]
}
