{
	"effort" : [ 0.0, 0.0, 0.0, 0.0, 0.0, 0.0, 0.0 ],
	"position" : 
	[
		-0.59736977999999996,
		1.7649141440000002,
		-0.609441028,
		0.84531879600000015,
		-1.007792212,
		-0.51053354800000006,
		-0.0057999999999999996
	],
	"velocity" : [ 0.0, 0.0, 0.0, 0.0, 0.0, 0.0, 0.0 ]
}
