{
	"effort" : [ 0.0, 0.0, 0.0, 0.0, 0.0, 0.0, 0.0 ],
	"position" : 
	[
		-0.48736791600000001,
		1.7649141440000002,
		-0.57853026000000007,
		1.132761028,
		-1.1317492760000001,
		-0.45642226000000002,
		0.061300000000000007
	],
	"velocity" : [ 0.0, 0.0, 0.0, 0.0, 0.0, 0.0, 0.0 ]
}
