{
	"D" : 
	[
		0.075563684105873108,
		-0.10003761202096939,
		0.0005839304649271071,
		-0.00010107876732945442,
		0.0,
		0.0,
		0.0,
		0.0
	],
	"K" : 
	[
		487.45889282226562,
		0.0,
		324.33316040039062,
		0.0,
		487.45889282226562,
		210.21527099609375,
		0.0,
		0.0,
		1.0
	],
	"P" : 
	[
		487.45889282226562,
		0.0,
		324.33316040039062,
		0.0,
		0.0,
		487.45889282226562,
		210.21527099609375,
		0.0,
		0.0,
		0.0,
		1.0,
		0.0
	],
	"R" : [ 1.0, 0.0, 0.0, 0.0, 1.0, 0.0, 0.0, 0.0, 1.0 ],
	"binning_x" : 0,
	"binning_y" : 0,
	"distortion_model" : "rational_polynomial",
	"height" : 480,
	"parent_frame" : 
	{
		"pitch" : -0.0040535628408500607,
		"roll" : -1.5699929362930853,
		"x" : 0.00046869027614593507,
		"y" : -0.029879264831542969,
		"yaw" : -1.5669614493754234,
		"z" : -0.00011606419831514358
	},
	"roi" : 
	{
		"do_rectify" : false,
		"height" : 0,
		"width" : 0,
		"x_offset" : 0,
		"y_offset" : 0
	},
	"width" : 640
}
