{
	"D" : 
	[
		0.072073370218276978,
		-0.098480954766273499,
		0.00027107051573693752,
		-0.00049742584815248847,
		0.0,
		0.0,
		0.0,
		0.0
	],
	"K" : 
	[
		488.97259521484375,
		0.0,
		326.42514038085938,
		0.0,
		488.97259521484375,
		217.63369750976562,
		0.0,
		0.0,
		1.0
	],
	"P" : 
	[
		488.97259521484375,
		0.0,
		326.42514038085938,
		0.0,
		0.0,
		488.97259521484375,
		217.63369750976562,
		0.0,
		0.0,
		0.0,
		1.0,
		0.0
	],
	"R" : [ 1.0, 0.0, 0.0, 0.0, 1.0, 0.0, 0.0, 0.0, 1.0 ],
	"binning_x" : 0,
	"binning_y" : 0,
	"distortion_model" : "rational_polynomial",
	"height" : 480,
	"parent_frame" : 
	{
		"pitch" : -0.0035417668411574159,
		"roll" : -1.5696016159489041,
		"x" : 0.0002553504705429077,
		"y" : -0.029869802474975587,
		"yaw" : -1.5702816524279741,
		"z" : -0.00022530111670494079
	},
	"roi" : 
	{
		"do_rectify" : false,
		"height" : 0,
		"width" : 0,
		"x_offset" : 0,
		"y_offset" : 0
	},
	"width" : 640
}
