{
	"pitch" : 1.2685227536419981,
	"roll" : -2.3653749220578342,
	"x" : 0.28911599999999998,
	"y" : -0.21203900000000001,
	"yaw" : 2.8270668690878953,
	"z" : 0.147698
}
