{
	"pitch" : 0.94209382364149907,
	"roll" : -2.4213301778767731,
	"x" : 0.178923,
	"y" : -0.12224500000000001,
	"yaw" : 3.046803821913981,
	"z" : 0.274119
}
