{
	"pitch" : 0.79431679587513937,
	"roll" : 3.0902799735811599,
	"x" : 0.205679,
	"y" : -0.18387800000000001,
	"yaw" : 1.945902489633518,
	"z" : 0.12639700000000001
}
