{
	"pitch" : 0.76106827362464724,
	"roll" : -2.8976654373310655,
	"x" : 0.24521000000000001,
	"y" : -0.19924900000000001,
	"yaw" : 2.6081676743027664,
	"z" : 0.13808799999999999
}
