{
	"pitch" : 1.3672385761347987,
	"roll" : -2.8701939549046753,
	"x" : 0.24681900000000001,
	"y" : -0.21688399999999999,
	"yaw" : 1.8917100163590939,
	"z" : 0.14365
}
