{
	"pitch" : 0.68292988301286128,
	"roll" : -2.8118650513030246,
	"x" : 0.22214,
	"y" : -0.179537,
	"yaw" : 2.7254712533293048,
	"z" : 0.116591
}
