{
	"pitch" : 0.95162332135738825,
	"roll" : 2.8075017281730386,
	"x" : 0.187972,
	"y" : -0.165852,
	"yaw" : 1.7591522596701248,
	"z" : 0.19273199999999999
}
