{
	"pitch" : 1.3743944260679746,
	"roll" : -2.6428473665398937,
	"x" : 0.26697300000000002,
	"y" : -0.21510099999999999,
	"yaw" : 2.3466824457689754,
	"z" : 0.14616599999999999
}
