{
	"pitch" : 1.0402511407736603,
	"roll" : -1.1202395803925604,
	"x" : 0.056561,
	"y" : -0.023924999999999998,
	"yaw" : -1.5817919010824606,
	"z" : 0.28387899999999999
}
