{
	"pitch" : 1.0378251331133883,
	"roll" : -1.23120761423436,
	"x" : 0.071404999999999996,
	"y" : -0.038662000000000002,
	"yaw" : -1.7644231540111475,
	"z" : 0.31555
}
