{
	"pitch" : 0.91184726770443747,
	"roll" : -2.6453606406627657,
	"x" : 0.28263100000000002,
	"y" : -0.232851,
	"yaw" : 2.6506664415888284,
	"z" : 0.13502
}
