{
	"pitch" : 1.1964930154121924,
	"roll" : -2.8051804402678862,
	"x" : 0.210149,
	"y" : -0.109593,
	"yaw" : 2.9049609136044019,
	"z" : 0.319359
}
