{
	"pitch" : 0.79044216493571184,
	"roll" : -2.3672947842350287,
	"x" : 0.24596799999999999,
	"y" : -0.170631,
	"yaw" : 2.8641900222778145,
	"z" : 0.16559599999999999
}
