{
	"pitch" : 1.3475861687573418,
	"roll" : 0.35856044152971495,
	"x" : 0.038522000000000001,
	"y" : -0.0063959999999999998,
	"yaw" : -0.055536376798459366,
	"z" : 0.34853099999999998
}
