{
	"pitch" : 1.3559812024594347,
	"roll" : -2.8314825520954408,
	"x" : 0.25958799999999999,
	"y" : -0.21624599999999999,
	"yaw" : 2.0732591651515446,
	"z" : 0.143287
}
