{
	"pitch" : 0.89762283430068357,
	"roll" : -2.8530373683575707,
	"x" : 0.322133,
	"y" : -0.2152,
	"yaw" : 2.6952421506847632,
	"z" : 0.138017
}
