{
	"pitch" : 0.93952818964106777,
	"roll" : -2.9702536809215099,
	"x" : 0.30669299999999999,
	"y" : -0.23448099999999999,
	"yaw" : 2.4092524994529723,
	"z" : 0.145125
}
