{
	"pitch" : 1.0240370320226331,
	"roll" : -2.8133660344597393,
	"x" : 0.31128499999999998,
	"y" : -0.223772,
	"yaw" : 2.5340260876780469,
	"z" : 0.14285100000000001
}
