{
	"pitch" : 0.87186177454124758,
	"roll" : -2.6105064155004385,
	"x" : 0.29295700000000002,
	"y" : -0.23664499999999999,
	"yaw" : 2.7361352150589906,
	"z" : 0.141484
}
