{
	"pitch" : 1.1450756156484398,
	"roll" : -2.8390921876341362,
	"x" : 0.25330900000000001,
	"y" : -0.231131,
	"yaw" : 2.2519808805557635,
	"z" : 0.12456100000000001
}
