{
	"pitch" : 1.248817986386983,
	"roll" : -2.6561816820251294,
	"x" : 0.26353900000000002,
	"y" : -0.22681000000000001,
	"yaw" : 2.3377114534137253,
	"z" : 0.14252400000000001
}
