{
	"pitch" : 1.084983929502275,
	"roll" : -2.6429695395875332,
	"x" : 0.22068399999999999,
	"y" : -0.12526100000000001,
	"yaw" : 2.9700267881187505,
	"z" : 0.30357499999999998
}
