{
	"pitch" : 1.3065534780429551,
	"roll" : -0.99043944392174255,
	"x" : 0.064592999999999998,
	"y" : -0.025642000000000002,
	"yaw" : -1.3940468334454315,
	"z" : 0.250774
}
