{
	"pitch" : 1.0073342310810474,
	"roll" : 3.1331801665951806,
	"x" : 0.27835900000000002,
	"y" : -0.204572,
	"yaw" : 2.1560750381586753,
	"z" : 0.13104299999999999
}
