{
	"pitch" : 0.91224869343239645,
	"roll" : -2.8350430237695092,
	"x" : 0.32265199999999999,
	"y" : -0.21579100000000001,
	"yaw" : 2.704858914863252,
	"z" : 0.13931399999999999
}
