{
	"pitch" : 1.0069502586456083,
	"roll" : -2.8539449395686076,
	"x" : 0.31439099999999998,
	"y" : -0.223965,
	"yaw" : 2.5130472300690752,
	"z" : 0.14337
}
