{
	"pitch" : 0.78586940229548663,
	"roll" : -2.2958759112434213,
	"x" : 0.16942499999999999,
	"y" : -0.11658200000000001,
	"yaw" : -3.0411838617225597,
	"z" : 0.23783599999999999
}
