{
	"pitch" : 0.90924672711896581,
	"roll" : -2.7670624494043299,
	"x" : 0.30004999999999998,
	"y" : -0.23957800000000001,
	"yaw" : 2.5498736772861559,
	"z" : 0.14601500000000001
}
