{
	"pitch" : 1.0260441606624267,
	"roll" : -3.0898785478532012,
	"x" : 0.29029700000000003,
	"y" : -0.189828,
	"yaw" : 2.3200138147985028,
	"z" : 0.138659
}
