{
	"pitch" : 0.88420125235284741,
	"roll" : -2.737601291630666,
	"x" : 0.26523799999999997,
	"y" : -0.21943599999999999,
	"yaw" : 2.70246781378802,
	"z" : 0.13379199999999999
}
