{
	"pitch" : 1.2208578117700337,
	"roll" : -2.7741659394599472,
	"x" : 0.25853399999999999,
	"y" : -0.19667100000000001,
	"yaw" : 2.0554393534886821,
	"z" : 0.13447000000000001
}
