{
	"pitch" : 1.1857243339273875,
	"roll" : -2.8042903223493694,
	"x" : 0.25508700000000001,
	"y" : -0.234178,
	"yaw" : 2.2721219801237784,
	"z" : 0.129631
}
