{
	"pitch" : 0.71811572073306695,
	"roll" : -2.7525762166127774,
	"x" : 0.218692,
	"y" : -0.18163000000000001,
	"yaw" : 2.7346691384873152,
	"z" : 0.11616799999999999
}
