{
	"pitch" : 1.3681985072233953,
	"roll" : -2.7243891491930685,
	"x" : 0.26398100000000002,
	"y" : -0.21565799999999999,
	"yaw" : 2.2307402235589922,
	"z" : 0.14502000000000001
}
