{
	"pitch" : 1.1202046738075209,
	"roll" : -2.9688748708124346,
	"x" : 0.26278200000000002,
	"y" : -0.21179300000000001,
	"yaw" : 1.9811406872312833,
	"z" : 0.12773899999999999
}
