{
	"pitch" : 1.0219949967977995,
	"roll" : -3.1027590777329195,
	"x" : 0.28950500000000001,
	"y" : -0.19053300000000001,
	"yaw" : 2.2993316631623695,
	"z" : 0.138318
}
