{
	"pitch" : 1.125894447169022,
	"roll" : 2.0701699323755141,
	"x" : 0.14462900000000001,
	"y" : -0.11590499999999999,
	"yaw" : 1.286237845549741,
	"z" : 0.29422799999999999
}
