{
	"pitch" : 0.73977525675031686,
	"roll" : -2.4142266878211562,
	"x" : 0.194713,
	"y" : -0.13613700000000001,
	"yaw" : 3.0003257039333722,
	"z" : 0.19997599999999999
}
