{
	"pitch" : 1.0374586139704693,
	"roll" : -1.2315217734997195,
	"x" : 0.071444999999999995,
	"y" : -0.038424,
	"yaw" : -1.7621716792760753,
	"z" : 0.31554300000000002
}
