{
	"pitch" : 1.2480325882235856,
	"roll" : -2.7517210052793004,
	"x" : 0.25101800000000002,
	"y" : -0.23805000000000001,
	"yaw" : 2.1945595481651496,
	"z" : 0.140265
}
