{
	"pitch" : 1.0395704623653828,
	"roll" : -2.2219961240065009,
	"x" : 0.191803,
	"y" : -0.115898,
	"yaw" : -2.8967578661200286,
	"z" : 0.304367
}
