{
	"pitch" : 1.0753497120312658,
	"roll" : -2.6192156084678904,
	"x" : 0.22179199999999999,
	"y" : -0.12734500000000001,
	"yaw" : 2.9809176426511952,
	"z" : 0.30149799999999999
}
