{
	"pitch" : 1.0357132847184756,
	"roll" : 2.8022657404170555,
	"x" : 0.18296100000000001,
	"y" : -0.17075299999999999,
	"yaw" : 1.696686925741248,
	"z" : 0.20103099999999999
}
