{
	"pitch" : 0.70589841596910641,
	"roll" : -2.7561715948718852,
	"x" : 0.21985099999999999,
	"y" : -0.18118200000000001,
	"yaw" : 2.7491728245713878,
	"z" : 0.116454
}
