{
	"pitch" : 0.7432310086692655,
	"roll" : -2.8512745858130568,
	"x" : 0.23591999999999999,
	"y" : -0.19365299999999999,
	"yaw" : 2.6523943175483025,
	"z" : 0.13089300000000001
}
