{
	"pitch" : 0.78262308988677731,
	"roll" : -2.9050830866520418,
	"x" : 0.24615300000000001,
	"y" : -0.199715,
	"yaw" : 2.584902435373682,
	"z" : 0.13930200000000001
}
