{
	"pitch" : 0.76595519553023172,
	"roll" : -2.9294827895949225,
	"x" : 0.211534,
	"y" : -0.18455199999999999,
	"yaw" : 2.364816416697197,
	"z" : 0.113369
}
