{
	"pitch" : 0.68872437612948223,
	"roll" : -2.8256531523937798,
	"x" : 0.22556899999999999,
	"y" : -0.18232300000000001,
	"yaw" : 2.7140218934362226,
	"z" : 0.119266
}
