{
	"pitch" : 1.171168287965755,
	"roll" : -2.79772788436187,
	"x" : 0.25261800000000001,
	"y" : -0.212091,
	"yaw" : 2.0682500701983209,
	"z" : 0.13025400000000001
}
