{
	"pitch" : 0.93404785578980565,
	"roll" : -2.9641973884170896,
	"x" : 0.30338700000000002,
	"y" : -0.23639399999999999,
	"yaw" : 2.3643626310916788,
	"z" : 0.144787
}
