{
	"pitch" : 0.76661842064598906,
	"roll" : -3.1322027822140637,
	"x" : 0.20677599999999999,
	"y" : -0.18573799999999999,
	"yaw" : 1.9983147270709081,
	"z" : 0.11222699999999999
}
