{
	"pitch" : 1.4164743143335581,
	"roll" : -2.919167893715636,
	"x" : 0.046913000000000003,
	"y" : 0.0045890000000000002,
	"yaw" : 3.1015548005490432,
	"z" : 0.30262299999999998
}
