{
	"pitch" : 1.3649521948146857,
	"roll" : -2.4087638072624147,
	"x" : 0.27175199999999999,
	"y" : -0.213945,
	"yaw" : 2.6378557248791901,
	"z" : 0.14793500000000001
}
