{
	"pitch" : 1.043130934039451,
	"roll" : 2.8266479900674168,
	"x" : 0.18301899999999999,
	"y" : -0.172739,
	"yaw" : 1.7039824020145837,
	"z" : 0.19850899999999999
}
