{
	"pitch" : 1.2483118409039045,
	"roll" : -2.7452283804618807,
	"x" : 0.249912,
	"y" : -0.23835000000000001,
	"yaw" : 2.2247886508096917,
	"z" : 0.138322
}
