{
	"pitch" : 1.2834278654540305,
	"roll" : -1.060514413389315,
	"x" : 0.062548999999999993,
	"y" : -0.030415999999999999,
	"yaw" : -1.5233059178481307,
	"z" : 0.25033899999999998
}
