{
	"pitch" : 1.4391810479020046,
	"roll" : -0.6284232504730799,
	"x" : 0.047204000000000003,
	"y" : -0.014146000000000001,
	"yaw" : -1.0730807840036753,
	"z" : 0.31258999999999998
}
