{
	"pitch" : 1.1188782235760049,
	"roll" : -2.6921354646162134,
	"x" : 0.216309,
	"y" : -0.120765,
	"yaw" : 2.939064647188371,
	"z" : 0.31060199999999999
}
