{
	"pitch" : 1.2997641472526968,
	"roll" : -2.3243596846359678,
	"x" : 0.286495,
	"y" : -0.212089,
	"yaw" : 2.8501750283842999,
	"z" : 0.14912700000000001
}
