{
	"pitch" : 0.73946109748495759,
	"roll" : -2.8166996133310485,
	"x" : 0.23138400000000001,
	"y" : -0.19010099999999999,
	"yaw" : 2.6835309914038814,
	"z" : 0.127246
}
