{
	"pitch" : 0.89402745604157541,
	"roll" : -2.7249651078462267,
	"x" : 0.29976900000000001,
	"y" : -0.23966699999999999,
	"yaw" : 2.6001042531585523,
	"z" : 0.145928
}
