{
	"pitch" : 1.1026117549474175,
	"roll" : -2.8542241922489269,
	"x" : 0.25383800000000001,
	"y" : -0.22747100000000001,
	"yaw" : 2.2838156861121397,
	"z" : 0.119792
}
