{
	"pitch" : 0.84674648660504914,
	"roll" : -2.4222901089653703,
	"x" : 0.22428799999999999,
	"y" : -0.159303,
	"yaw" : 2.8168043330861683,
	"z" : 0.19467000000000001
}
