{
	"pitch" : 1.2004549128142199,
	"roll" : -2.8023006470020957,
	"x" : 0.26962999999999998,
	"y" : -0.21635099999999999,
	"yaw" : 2.2155034991890821,
	"z" : 0.136937
}
