{
	"pitch" : 0.87180941466368778,
	"roll" : -2.7708847204661975,
	"x" : 0.25758199999999998,
	"y" : -0.213426,
	"yaw" : 2.6681371874012911,
	"z" : 0.128468
}
