{
	"pitch" : 0.92214471029120426,
	"roll" : -2.5457547002514489,
	"x" : 0.27091399999999999,
	"y" : -0.23442099999999999,
	"yaw" : 2.6540174737526572,
	"z" : 0.13386000000000001
}
