{
	"pitch" : 0.92153384505300617,
	"roll" : -2.639251988280785,
	"x" : 0.28165800000000002,
	"y" : -0.233316,
	"yaw" : 2.6437549377509311,
	"z" : 0.13536200000000001
}
