{
	"pitch" : 0.74440037926810165,
	"roll" : -2.8391096409266563,
	"x" : 0.234734,
	"y" : -0.19278300000000001,
	"yaw" : 2.6618365488015918,
	"z" : 0.130027
}
