{
	"pitch" : 1.2034045192500902,
	"roll" : -2.7973788185114712,
	"x" : 0.26955099999999999,
	"y" : -0.21648300000000001,
	"yaw" : 2.2189941576930701,
	"z" : 0.13722599999999999
}
