{
	"pitch" : 1.1438189785870039,
	"roll" : 1.9721173349984726,
	"x" : 0.136185,
	"y" : -0.104438,
	"yaw" : 1.2487656265094227,
	"z" : 0.305064
}
