{
	"pitch" : 0.80580106235326188,
	"roll" : -2.297429254277696,
	"x" : 0.16953399999999999,
	"y" : -0.113723,
	"yaw" : -3.0116877973638552,
	"z" : 0.240983
}
