{
	"pitch" : 0.94940675320735535,
	"roll" : -2.6197566605360083,
	"x" : 0.27882400000000002,
	"y" : -0.23460400000000001,
	"yaw" : 2.6266332577888662,
	"z" : 0.13642399999999999
}
