{
	"pitch" : 1.0005623535833092,
	"roll" : -1.1129091975341845,
	"x" : 0.054369000000000001,
	"y" : -0.023668000000000002,
	"yaw" : -1.5912166790432305,
	"z" : 0.29101100000000002
}
