{
	"pitch" : 1.0157990779532198,
	"roll" : -1.1834554058997948,
	"x" : 0.065018999999999993,
	"y" : -0.035298000000000003,
	"yaw" : -1.7212088017317675,
	"z" : 0.313168
}
