{
	"pitch" : 0.997891999827758,
	"roll" : -3.0949923625615448,
	"x" : 0.29126299999999999,
	"y" : -0.18985299999999999,
	"yaw" : 2.3297178454395913,
	"z" : 0.13894300000000001
}
