{
	"pitch" : 0.89542371944317123,
	"roll" : -2.7381947035763439,
	"x" : 0.267318,
	"y" : -0.22089300000000001,
	"yaw" : 2.6954341369024828,
	"z" : 0.136013
}
