{
	"pitch" : 0.74523813730905863,
	"roll" : -2.8252691799583411,
	"x" : 0.233072,
	"y" : -0.19173200000000001,
	"yaw" : 2.6717325656603998,
	"z" : 0.12887299999999999
}
