{
	"pitch" : 0.84151049884906581,
	"roll" : -2.678137924015219,
	"x" : 0.25300400000000001,
	"y" : -0.214529,
	"yaw" : 2.7309341338880473,
	"z" : 0.12080299999999999
}
