{
	"pitch" : 1.1098199647581546,
	"roll" : 2.2107038437460975,
	"x" : 0.155502,
	"y" : -0.135133,
	"yaw" : 1.3052095745189196,
	"z" : 0.27519100000000002
}
