{
	"pitch" : 0.75438366258950895,
	"roll" : -2.8186369288007627,
	"x" : 0.21675800000000001,
	"y" : -0.18285799999999999,
	"yaw" : 2.6004009591313912,
	"z" : 0.114602
}
