{
	"pitch" : 0.76452402554359633,
	"roll" : -2.9032679442299676,
	"x" : 0.21229799999999999,
	"y" : -0.18447,
	"yaw" : 2.4121148394262439,
	"z" : 0.113665
}
