{
	"pitch" : 1.1956028974936761,
	"roll" : -2.7874478950676238,
	"x" : 0.20963899999999999,
	"y" : -0.11155,
	"yaw" : 2.9001088982838574,
	"z" : 0.32227499999999998
}
