{
	"pitch" : 0.92483251733927485,
	"roll" : -2.4014857842815971,
	"x" : 0.17716199999999999,
	"y" : -0.12141,
	"yaw" : 3.0729837606938957,
	"z" : 0.26970899999999998
}
