{
	"pitch" : 1.3388769757898906,
	"roll" : -2.9553136625244387,
	"x" : 0.245726,
	"y" : -0.21631700000000001,
	"yaw" : 1.8122975353933519,
	"z" : 0.14216200000000001
}
