{
	"pitch" : 1.411936458278372,
	"roll" : -2.9366386395280992,
	"x" : 0.047431000000000001,
	"y" : 0.0042529999999999998,
	"yaw" : 3.0846076535121782,
	"z" : 0.30080000000000001
}
