{
	"pitch" : 0.8631176749887558,
	"roll" : -2.6410147708252993,
	"x" : 0.298655,
	"y" : -0.240258,
	"yaw" : 2.6921354646162134,
	"z" : 0.14598
}
