{
	"pitch" : 0.79276345284086469,
	"roll" : 3.0933342997721502,
	"x" : 0.206317,
	"y" : -0.184284,
	"yaw" : 1.9497945738654658,
	"z" : 0.125665
}
