{
	"pitch" : 0.93401294920476552,
	"roll" : -2.9605147436953816,
	"x" : 0.30355100000000002,
	"y" : -0.236316,
	"yaw" : 2.3712915882220962,
	"z" : 0.14482
}
