{
	"pitch" : 1.491820178142153,
	"roll" : -2.7065344309451667,
	"x" : 0.065465999999999996,
	"y" : -0.033485000000000001,
	"yaw" : 3.0780277622321597,
	"z" : 0.213228
}
