{
	"pitch" : 0.82547092302323821,
	"roll" : -2.7595924402057941,
	"x" : 0.24942400000000001,
	"y" : -0.20866799999999999,
	"yaw" : 2.6751708642868288,
	"z" : 0.13148099999999999
}
