{
	"pitch" : 0.75612899184150351,
	"roll" : -2.3576605667640202,
	"x" : 0.24979599999999999,
	"y" : -0.17155500000000001,
	"yaw" : 2.8940700590719577,
	"z" : 0.154306
}
