{
	"pitch" : 1.36668007077416,
	"roll" : -2.4333031365454558,
	"x" : 0.27124399999999999,
	"y" : -0.214084,
	"yaw" : 2.6072077432141691,
	"z" : 0.14775099999999999
}
