{
	"pitch" : 1.1379721255928228,
	"roll" : 1.9993270180370644,
	"x" : 0.138516,
	"y" : -0.107308,
	"yaw" : 1.26192540906946,
	"z" : 0.302282
}
