{
	"pitch" : 1.431117626757791,
	"roll" : -2.5137279084773536,
	"x" : 0.050665000000000002,
	"y" : -0.0029510000000000001,
	"yaw" : -2.8225639196177501,
	"z" : 0.29455199999999998
}
