{
	"pitch" : 1.3727712698636192,
	"roll" : -2.8143608721333764,
	"x" : 0.25858799999999998,
	"y" : -0.21379999999999999,
	"yaw" : 2.0689307486065971,
	"z" : 0.14438599999999999
}
