{
	"pitch" : 0.98534308250591862,
	"roll" : -3.0448490531517476,
	"x" : 0.26737499999999997,
	"y" : -0.22015799999999999,
	"yaw" : 2.2242475987415737,
	"z" : 0.115652
}
