{
	"pitch" : 1.0105281836121973,
	"roll" : 3.0918856764929945,
	"x" : 0.28116999999999998,
	"y" : -0.199466,
	"yaw" : 2.1239260733369401,
	"z" : 0.13542399999999999
}
