{
	"pitch" : 1.4769499729151618,
	"roll" : 0.1644100155378658,
	"x" : 0.039737000000000001,
	"y" : 0.0011789999999999999,
	"yaw" : -0.18261379963616631,
	"z" : 0.33719199999999999
}
