{
	"pitch" : 1.353747181016882,
	"roll" : -3.0550417759833945,
	"x" : 0.050789000000000001,
	"y" : 0.0033670000000000002,
	"yaw" : 2.9845130209103035,
	"z" : 0.28547899999999998
}
