{
	"pitch" : 1.294789958884514,
	"roll" : -1.0362368834940734,
	"x" : 0.062909000000000007,
	"y" : -0.029641000000000001,
	"yaw" : -1.4886611321960435,
	"z" : 0.25037599999999999
}
