{
	"pitch" : 1.1373438070621051,
	"roll" : -2.8730912014629859,
	"x" : 0.25280000000000002,
	"y" : -0.20913799999999999,
	"yaw" : 2.0223653641633894,
	"z" : 0.12534500000000001
}
