{
	"pitch" : 0.68923052161256082,
	"roll" : -2.7916017786873701,
	"x" : 0.22051399999999999,
	"y" : -0.17972399999999999,
	"yaw" : 2.7359432288412715,
	"z" : 0.116301
}
