{
	"pitch" : 1.0310881622006898,
	"roll" : -3.0872256473901696,
	"x" : 0.29030600000000001,
	"y" : -0.19013099999999999,
	"yaw" : 2.3205199602815805,
	"z" : 0.13905899999999999
}
