{
	"pitch" : 1.2561483692453592,
	"roll" : -2.7425231201212896,
	"x" : 0.25782899999999997,
	"y" : -0.23338900000000001,
	"yaw" : 2.22538206275537,
	"z" : 0.142045
}
