{
	"pitch" : 0.90079933353931363,
	"roll" : -2.4791529359953453,
	"x" : 0.25211899999999998,
	"y" : -0.22350600000000001,
	"yaw" : 2.6201231796789277,
	"z" : 0.13140499999999999
}
