{
	"pitch" : 0.95277523866370484,
	"roll" : 2.792945682211406,
	"x" : 0.19688800000000001,
	"y" : -0.17115,
	"yaw" : 1.7549983760503785,
	"z" : 0.19728200000000001
}
