{
	"pitch" : 1.0359576308137541,
	"roll" : -2.7886870788365399,
	"x" : 0.30965700000000002,
	"y" : -0.223222,
	"yaw" : 2.5470811504829651,
	"z" : 0.14266499999999999
}
