{
	"pitch" : 1.325158687869215,
	"roll" : -2.9105459672107838,
	"x" : 0.24207300000000001,
	"y" : -0.21532999999999999,
	"yaw" : 1.8203784098300866,
	"z" : 0.13870499999999999
}
