{
	"pitch" : 0.77377427057916626,
	"roll" : -2.4075944366635778,
	"x" : 0.20610400000000001,
	"y" : -0.145174,
	"yaw" : 2.9407925231478456,
	"z" : 0.19876199999999999
}
