{
	"pitch" : 1.3176712253781584,
	"roll" : -3.0188436472970328,
	"x" : 0.24804599999999999,
	"y" : -0.21631400000000001,
	"yaw" : 1.7621018661059948,
	"z" : 0.141265
}
