{
	"pitch" : 0.85383252336814563,
	"roll" : -2.4124115453990824,
	"x" : 0.23607,
	"y" : -0.166961,
	"yaw" : 2.7888092518841794,
	"z" : 0.184839
}
