{
	"pitch" : 0.905249923131899,
	"roll" : -2.7596273467908343,
	"x" : 0.26955800000000002,
	"y" : -0.218112,
	"yaw" : 2.6712787800548812,
	"z" : 0.13619700000000001
}
