{
	"pitch" : 0.9344492815177643,
	"roll" : -2.9675833271659586,
	"x" : 0.30286200000000002,
	"y" : -0.23672699999999999,
	"yaw" : 2.3517089940147193,
	"z" : 0.144783
}
