{
	"pitch" : 1.1728961639252296,
	"roll" : -2.7953193299941179,
	"x" : 0.25228499999999998,
	"y" : -0.21149299999999999,
	"yaw" : 2.0792281911933652,
	"z" : 0.129722
}
