{
	"pitch" : 1.1099246845132742,
	"roll" : 2.2517016278754443,
	"x" : 0.157857,
	"y" : -0.139101,
	"yaw" : 1.3215982161951463,
	"z" : 0.27025700000000002
}
