{
	"pitch" : 1.3275148823594072,
	"roll" : -1.0274927839415815,
	"x" : 0.066808000000000006,
	"y" : -0.024344000000000001,
	"yaw" : -1.4050773143180346,
	"z" : 0.24244499999999999
}
