{
	"pitch" : 1.245397141053074,
	"roll" : -2.8858321050025442,
	"x" : 0.25020300000000001,
	"y" : -0.214535,
	"yaw" : 1.9308402981888069,
	"z" : 0.135738
}
