{
	"pitch" : 1.3400812529737662,
	"roll" : -2.9082072260131118,
	"x" : 0.24529100000000001,
	"y" : -0.21653800000000001,
	"yaw" : 1.8382331280779878,
	"z" : 0.141128
}
