{
	"pitch" : 0.96441658477450698,
	"roll" : 3.1035270226037968,
	"x" : 0.28406300000000001,
	"y" : -0.192857,
	"yaw" : 2.1896202663820064,
	"z" : 0.133081
}
