{
	"pitch" : 1.0795385022360531,
	"roll" : -2.6319041521298896,
	"x" : 0.221495,
	"y" : -0.126694,
	"yaw" : 2.9724702490715429,
	"z" : 0.302089
}
