{
	"pitch" : 1.2778253585551287,
	"roll" : -1.0716321607245183,
	"x" : 0.062315000000000002,
	"y" : -0.030908999999999999,
	"yaw" : -1.5409337432932737,
	"z" : 0.25032300000000002
}
