{
	"pitch" : 0.96146697833863637,
	"roll" : 3.0737691588572935,
	"x" : 0.282947,
	"y" : -0.19392999999999999,
	"yaw" : 2.1410303000064839,
	"z" : 0.13294300000000001
}
