{
	"pitch" : 1.2144524534152144,
	"roll" : 1.2003501930590998,
	"x" : 0.085009000000000001,
	"y" : -0.062077,
	"yaw" : 0.5882632243846887,
	"z" : 0.34712900000000002
}
