{
	"pitch" : 0.74663440071065423,
	"roll" : -2.3577129266415797,
	"x" : 0.25091000000000002,
	"y" : -0.173565,
	"yaw" : 2.9009117497397754,
	"z" : 0.14772099999999999
}
