{
	"pitch" : 1.2006992589094987,
	"roll" : -2.8591285674470308,
	"x" : 0.211225,
	"y" : -0.105041,
	"yaw" : 2.9017320544882126,
	"z" : 0.31274200000000002
}
