{
	"pitch" : 0.84714791233300746,
	"roll" : -2.6658158994961392,
	"x" : 0.25431799999999999,
	"y" : -0.21580199999999999,
	"yaw" : 2.7486492257957895,
	"z" : 0.115068
}
