{
	"pitch" : 1.0810569386852877,
	"roll" : -2.8684311723601605,
	"x" : 0.25870100000000001,
	"y" : -0.225664,
	"yaw" : 2.3254941486497644,
	"z" : 0.118758
}
