{
	"pitch" : 1.2101589434553082,
	"roll" : 1.2052371149646846,
	"x" : 0.085010000000000002,
	"y" : -0.062077,
	"yaw" : 0.59342939897059221,
	"z" : 0.34711500000000001
}
