{
	"pitch" : 0.73155475597342323,
	"roll" : -2.3483405085583704,
	"x" : 0.175793,
	"y" : -0.123158,
	"yaw" : -3.1339306581735382,
	"z" : 0.22046399999999999
}
