{
	"pitch" : 1.2489227061421027,
	"roll" : -2.7595400803282342,
	"x" : 0.249803,
	"y" : -0.23877499999999999,
	"yaw" : 2.2030418483298426,
	"z" : 0.13855300000000001
}
