{
	"pitch" : 0.94628261384628587,
	"roll" : 2.8037318169887309,
	"x" : 0.19742799999999999,
	"y" : -0.17153099999999999,
	"yaw" : 1.7637599288953898,
	"z" : 0.194935
}
