{
	"pitch" : 0.77010907914997817,
	"roll" : -3.1102814468090147,
	"x" : 0.207759,
	"y" : -0.185115,
	"yaw" : 2.0518788818146141,
	"z" : 0.112194
}
