{
	"pitch" : 0.94165749132850063,
	"roll" : -2.9759434542830112,
	"x" : 0.30527199999999999,
	"y" : -0.235847,
	"yaw" : 2.3832645468907772,
	"z" : 0.145229
}
