{
	"pitch" : 0.98656481298231535,
	"roll" : -3.0377455630961308,
	"x" : 0.26696700000000001,
	"y" : -0.22084000000000001,
	"yaw" : 2.2285934685790396,
	"z" : 0.11512600000000001
}
