{
	"pitch" : 1.1331550168573183,
	"roll" : -2.6342428933275617,
	"x" : 0.203791,
	"y" : -0.114249,
	"yaw" : 3.0112514650508571,
	"z" : 0.310645
}
