{
	"pitch" : 1.4385527293712868,
	"roll" : -0.47205920278690622,
	"x" : 0.049477,
	"y" : -0.018558000000000002,
	"yaw" : -0.94164003803598051,
	"z" : 0.30411899999999997
}
