{
	"pitch" : 1.065977293948057,
	"roll" : -2.8791474939674058,
	"x" : 0.25941199999999998,
	"y" : -0.22447700000000001,
	"yaw" : 2.3308872160384273,
	"z" : 0.11741699999999999
}
