{
	"pitch" : 1.384115910001583,
	"roll" : -3.0130666074729309,
	"x" : 0.049588,
	"y" : 0.0033159999999999999,
	"yaw" : 3.0154402552556427,
	"z" : 0.29213499999999998
}
