{
	"pitch" : 1.3875193020429721,
	"roll" : -2.85645821369148,
	"x" : 0.25086799999999998,
	"y" : -0.21575900000000001,
	"yaw" : 1.9488695493619084,
	"z" : 0.145178
}
