{
	"pitch" : 1.3646031289642866,
	"roll" : -2.3867202988097258,
	"x" : 0.27302500000000002,
	"y" : -0.21374499999999999,
	"yaw" : 2.6721514446808783,
	"z" : 0.14833499999999999
}
