{
	"pitch" : 0.98378973947164416,
	"roll" : -3.0628433977398091,
	"x" : 0.26861000000000002,
	"y" : -0.21840799999999999,
	"yaw" : 2.210267511433099,
	"z" : 0.117104
}
