{
	"pitch" : 1.0083639753397238,
	"roll" : -1.1679917887271254,
	"x" : 0.062820000000000001,
	"y" : -0.034333000000000002,
	"yaw" : -1.7092882029406467,
	"z" : 0.31195299999999998
}
