{
	"pitch" : 0.97131063531988437,
	"roll" : 3.120072743912703,
	"x" : 0.28617999999999999,
	"y" : -0.19159699999999999,
	"yaw" : 2.221769231203742,
	"z" : 0.13397600000000001
}
