{
	"pitch" : 1.1028211944576574,
	"roll" : -2.5863336053603176,
	"x" : 0.19911000000000001,
	"y" : -0.118703,
	"yaw" : 2.9922971893741983,
	"z" : 0.30898500000000001
}
