{
	"pitch" : 0.74464472536338056,
	"roll" : -2.8217087082842722,
	"x" : 0.23261599999999999,
	"y" : -0.19150500000000001,
	"yaw" : 2.6755199301372272,
	"z" : 0.128555
}
