{
	"pitch" : 1.4439283434674295,
	"roll" : -0.54113933458084207,
	"x" : 0.073955000000000007,
	"y" : -0.004764,
	"yaw" : -0.67542496722928591,
	"z" : 0.22959599999999999
}
