{
	"pitch" : 0.69624674520557817,
	"roll" : -2.7784943560048929,
	"x" : 0.22036700000000001,
	"y" : -0.179842,
	"yaw" : 2.7422264141484507,
	"z" : 0.116637
}
