{
	"pitch" : 1.1175168667594495,
	"roll" : -2.8555331891879234,
	"x" : 0.25166699999999997,
	"y" : -0.22863700000000001,
	"yaw" : 2.2458722281737837,
	"z" : 0.12094199999999999
}
