{
	"pitch" : 0.8976228343006839,
	"roll" : -2.8531420881126905,
	"x" : 0.32213000000000003,
	"y" : -0.215202,
	"yaw" : 2.6950676177595638,
	"z" : 0.138016
}
