{
	"pitch" : 0.9719389538506028,
	"roll" : 3.1263035693423227,
	"x" : 0.28628700000000001,
	"y" : -0.191547,
	"yaw" : 2.230844943314112,
	"z" : 0.134018
}
