{
	"pitch" : 0.93383841627956632,
	"roll" : -2.9704282138467093,
	"x" : 0.30248900000000001,
	"y" : -0.23666899999999999,
	"yaw" : 2.3385492114546822,
	"z" : 0.14471300000000001
}
