{
	"pitch" : 1.3779548977420428,
	"roll" : -2.5735054353581588,
	"x" : 0.26936300000000002,
	"y" : -0.214564,
	"yaw" : 2.4435831258397003,
	"z" : 0.14706
}
