{
	"pitch" : 1.0289937670982972,
	"roll" : -2.2581069862302638,
	"x" : 0.198132,
	"y" : -0.120463,
	"yaw" : -2.9502871142786948,
	"z" : 0.30236099999999999
}
