{
	"pitch" : 1.1905239893703723,
	"roll" : -2.7972042855862722,
	"x" : 0.25499699999999997,
	"y" : -0.23439399999999999,
	"yaw" : 2.2771485283695219,
	"z" : 0.13009299999999999
}
