{
	"pitch" : 0.89732612832784464,
	"roll" : -2.6503871889085091,
	"x" : 0.28539599999999998,
	"y" : -0.23283699999999999,
	"yaw" : 2.6685909730068098,
	"z" : 0.13561699999999999
}
