{
	"pitch" : 1.0314372280510895,
	"roll" : -2.5015978701759929,
	"x" : 0.18787300000000001,
	"y" : -0.12472,
	"yaw" : 2.9624520591650949,
	"z" : 0.29896899999999998
}
