{
	"pitch" : 0.92626368732591069,
	"roll" : -2.8621479870529813,
	"x" : 0.32140099999999999,
	"y" : -0.21745300000000001,
	"yaw" : 2.6412242103355386,
	"z" : 0.13985300000000001
}
