{
	"pitch" : 1.1937004886090017,
	"roll" : -2.8140118062829775,
	"x" : 0.25342900000000002,
	"y" : -0.20477999999999999,
	"yaw" : 2.0069017469907204,
	"z" : 0.13186
}
