{
	"pitch" : 0.7448192582885802,
	"roll" : -2.788390372863701,
	"x" : 0.217528,
	"y" : -0.18233099999999999,
	"yaw" : 2.6588694890732016,
	"z" : 0.115232
}
