{
	"pitch" : 0.93579318504179942,
	"roll" : -2.9375462107391357,
	"x" : 0.30206499999999997,
	"y" : -0.237013,
	"yaw" : 2.3633328868330019,
	"z" : 0.14518500000000001
}
