{
	"pitch" : 1.1706621424826764,
	"roll" : -2.8214643621889932,
	"x" : 0.25484099999999998,
	"y" : -0.23336599999999999,
	"yaw" : 2.2608296998633746,
	"z" : 0.127973
}
