{
	"pitch" : 1.2459730997062319,
	"roll" : -2.771006893513837,
	"x" : 0.24890200000000001,
	"y" : -0.238511,
	"yaw" : 2.1780312801487636,
	"z" : 0.13891700000000001
}
