{
	"pitch" : 0.98722803809807247,
	"roll" : -3.0822340057294659,
	"x" : 0.27079700000000001,
	"y" : -0.21612899999999999,
	"yaw" : 2.1983469126419779,
	"z" : 0.119841
}
