{
	"pitch" : 1.3911321335946014,
	"roll" : -1.0250493229887911,
	"x" : 0.068734000000000003,
	"y" : -0.025204000000000001,
	"yaw" : -1.3968568135411432,
	"z" : 0.22941600000000001
}
