{
	"pitch" : 1.4313270662680302,
	"roll" : -0.5947383959095881,
	"x" : 0.047112000000000001,
	"y" : -0.014926,
	"yaw" : -1.0473546308292772,
	"z" : 0.312641
}
