{
	"pitch" : 1.3853027338929405,
	"roll" : -2.8963913469771101,
	"x" : 0.24731300000000001,
	"y" : -0.21688499999999999,
	"yaw" : 1.8744138034718305,
	"z" : 0.144813
}
