{
	"pitch" : 1.1280586554414951,
	"roll" : -2.956692472633514,
	"x" : 0.26373099999999999,
	"y" : -0.21281700000000001,
	"yaw" : 2.0026955034934133,
	"z" : 0.12878999999999999
}
