{
	"pitch" : 0.99265601207177501,
	"roll" : -1.1200825007598807,
	"x" : 0.05638,
	"y" : -0.029797000000000001,
	"yaw" : -1.6534725734618678,
	"z" : 0.30640099999999998
}
