{
	"pitch" : 0.85585710530045944,
	"roll" : -2.6838276973767203,
	"x" : 0.255131,
	"y" : -0.215447,
	"yaw" : 2.7356639761609518,
	"z" : 0.11439100000000001
}
