{
	"pitch" : 0.91223124013987633,
	"roll" : -2.5181959513624586,
	"x" : 0.26803700000000003,
	"y" : -0.234065,
	"yaw" : 2.6682070005713712,
	"z" : 0.132856
}
