{
	"pitch" : 0.9165422033923023,
	"roll" : -2.7816708552435223,
	"x" : 0.27091199999999999,
	"y" : -0.21651200000000001,
	"yaw" : 2.641835075573737,
	"z" : 0.13650799999999999
}
