{
	"pitch" : 1.2227776739472274,
	"roll" : 0.99564052509268564,
	"x" : 0.073254,
	"y" : -0.052774000000000001,
	"yaw" : 0.39908698676102389,
	"z" : 0.35304400000000002
}
