{
	"pitch" : 1.1865969985533851,
	"roll" : -2.7938183468374032,
	"x" : 0.20991000000000001,
	"y" : -0.10684100000000001,
	"yaw" : 2.9465870162644667,
	"z" : 0.31228600000000001
}
