{
	"pitch" : 1.4674030219067524,
	"roll" : -0.50602331003071532,
	"x" : 0.069409999999999999,
	"y" : -0.024017,
	"yaw" : -0.85791659381781182,
	"z" : 0.22794200000000001
}
