{
	"pitch" : 0.80129811288311681,
	"roll" : -2.2955093921005019,
	"x" : 0.16967399999999999,
	"y" : -0.113534,
	"yaw" : -3.0051428126688764,
	"z" : 0.24087800000000001
}
