{
	"pitch" : 0.86842347591481828,
	"roll" : -2.4560273234064205,
	"x" : 0.25162899999999999,
	"y" : -0.20964099999999999,
	"yaw" : 2.6792025748589356,
	"z" : 0.13065399999999999
}
