{
	"pitch" : 1.3631370523926112,
	"roll" : -2.3876802298983222,
	"x" : 0.27316499999999999,
	"y" : -0.21357200000000001,
	"yaw" : 2.6744727325860302,
	"z" : 0.148149
}
