{
	"pitch" : 1.185637067464788,
	"roll" : -2.7844459287541938,
	"x" : 0.251411,
	"y" : -0.211808,
	"yaw" : 2.0591045449178704,
	"z" : 0.13155600000000001
}
