{
	"pitch" : 0.99448860778636916,
	"roll" : -2.4688554934085789,
	"x" : 0.18368899999999999,
	"y" : -0.124207,
	"yaw" : 2.9870088417406553,
	"z" : 0.28882999999999998
}
