{
	"pitch" : 0.85643306395361751,
	"roll" : -2.6257605931628691,
	"x" : 0.29799799999999999,
	"y" : -0.24082700000000001,
	"yaw" : 2.7087859056802395,
	"z" : 0.146617
}
