{
	"pitch" : 1.2457636601959932,
	"roll" : -2.7487364922583897,
	"x" : 0.26365100000000002,
	"y" : -0.18751699999999999,
	"yaw" : 2.0896303535352514,
	"z" : 0.136741
}
