{
	"pitch" : 0.95291486500386424,
	"roll" : -2.8664240437203672,
	"x" : 0.27823700000000001,
	"y" : -0.20759,
	"yaw" : 2.5517586328783102,
	"z" : 0.137604
}
