{
	"pitch" : 1.0411238053996574,
	"roll" : 2.8263861906796173,
	"x" : 0.18312100000000001,
	"y" : -0.172593,
	"yaw" : 1.7052739456610599,
	"z" : 0.19836300000000001
}
