{
	"pitch" : 0.73661621080420669,
	"roll" : -2.3353727122160528,
	"x" : 0.17402999999999999,
	"y" : -0.12196,
	"yaw" : -3.1147145831090808,
	"z" : 0.22419
}
