{
	"pitch" : 1.4583796696739424,
	"roll" : -0.48966957493952862,
	"x" : 0.071965000000000001,
	"y" : -0.015519,
	"yaw" : -0.7439291403700623,
	"z" : 0.228737
}
