{
	"pitch" : 0.94015650817178553,
	"roll" : -2.9697126288533915,
	"x" : 0.30679699999999999,
	"y" : -0.23445099999999999,
	"yaw" : 2.4111723616301663,
	"z" : 0.145176
}
