{
	"pitch" : 1.460159905510976,
	"roll" : -0.48354346926502972,
	"x" : 0.071635000000000004,
	"y" : -0.016811,
	"yaw" : -0.75242889382727629,
	"z" : 0.22862299999999999
}
