{
	"pitch" : 1.3568189605003929,
	"roll" : -2.3240106187855698,
	"x" : 0.27664499999999997,
	"y" : -0.21321399999999999,
	"yaw" : 2.7684936193909651,
	"z" : 0.149227
}
