{
	"pitch" : 0.99148664147293886,
	"roll" : 3.0661595233185981,
	"x" : 0.28160200000000002,
	"y" : -0.19720299999999999,
	"yaw" : 2.1022490840271701,
	"z" : 0.13522799999999999
}
