{
	"pitch" : 1.3728585363262202,
	"roll" : -3.0328935477755863,
	"x" : 0.049988999999999999,
	"y" : 0.0034770000000000001,
	"yaw" : 3.0007096763688108,
	"z" : 0.28986899999999999
}
