{
	"pitch" : 1.1849912956415498,
	"roll" : -2.7843586622915941,
	"x" : 0.25121199999999999,
	"y" : -0.21223800000000001,
	"yaw" : 2.059785223326148,
	"z" : 0.13150500000000001
}
