{
	"pitch" : 0.7948054880656974,
	"roll" : 3.0914493441799964,
	"x" : 0.20631099999999999,
	"y" : -0.18428,
	"yaw" : 1.9484332170489094,
	"z" : 0.126333
}
