{
	"pitch" : 1.244175410576678,
	"roll" : -2.7695931768197224,
	"x" : 0.24874399999999999,
	"y" : -0.23887,
	"yaw" : 2.17310945165814,
	"z" : 0.13908599999999999
}
