{
	"pitch" : 1.1521267458264972,
	"roll" : -2.4967109482704082,
	"x" : 0.29908200000000001,
	"y" : -0.214944,
	"yaw" : 2.7599240527636733,
	"z" : 0.144092
}
