{
	"pitch" : 1.0506183965305067,
	"roll" : -2.8983635690318637,
	"x" : 0.25972600000000001,
	"y" : -0.22429099999999999,
	"yaw" : 2.3199789082134625,
	"z" : 0.11629299999999999
}
