{
	"pitch" : 1.3382137506741318,
	"roll" : -2.9150489166809295,
	"x" : 0.244922,
	"y" : -0.216503,
	"yaw" : 1.8271677406203426,
	"z" : 0.140934
}
