{
	"pitch" : 0.86126762598164164,
	"roll" : -2.6224270142915591,
	"x" : 0.29730200000000001,
	"y" : -0.24149899999999999,
	"yaw" : 2.698104490658034,
	"z" : 0.147004
}
