{
	"pitch" : 1.2476486157881466,
	"roll" : -2.7574282319333214,
	"x" : 0.26463199999999998,
	"y" : -0.186302,
	"yaw" : 2.0863491345415022,
	"z" : 0.136795
}
