{
	"pitch" : 0.77373936399412646,
	"roll" : -3.0210427621545448,
	"x" : 0.209483,
	"y" : -0.18504399999999999,
	"yaw" : 2.2034083674727611,
	"z" : 0.11286499999999999
}
