{
	"pitch" : 1.327479975774368,
	"roll" : -2.9040707956858847,
	"x" : 0.24324200000000001,
	"y" : -0.21587200000000001,
	"yaw" : 1.829593748280617,
	"z" : 0.13952600000000001
}
