{
	"pitch" : 1.0196737088926471,
	"roll" : -1.1926881976428452,
	"x" : 0.066207000000000002,
	"y" : -0.036054000000000003,
	"yaw" : -1.7308779257878166,
	"z" : 0.31358399999999997
}
