{
	"pitch" : 1.3355783035036217,
	"roll" : -2.2652628361634402,
	"x" : 0.28096100000000002,
	"y" : -0.212227,
	"yaw" : 2.8707699135578335,
	"z" : 0.14946000000000001
}
