{
	"pitch" : 1.2500048102783388,
	"roll" : -1.0682811285606897,
	"x" : 0.061136000000000003,
	"y" : -0.030821999999999999,
	"yaw" : -1.5458032119063385,
	"z" : 0.25568800000000003
}
