{
	"pitch" : 0.93420493542248506,
	"roll" : -2.9699918815337107,
	"x" : 0.30277199999999999,
	"y" : -0.23651700000000001,
	"yaw" : 2.3433663201901864,
	"z" : 0.14474300000000001
}
