{
	"pitch" : 1.3582501304870265,
	"roll" : -2.8146924846912551,
	"x" : 0.260322,
	"y" : -0.216167,
	"yaw" : 2.0984617195503419,
	"z" : 0.14358099999999999
}
