{
	"pitch" : 1.0328858513302441,
	"roll" : -3.0877143395807285,
	"x" : 0.290242,
	"y" : -0.19029099999999999,
	"yaw" : 2.3179543262811495,
	"z" : 0.13919799999999999
}
