{
	"pitch" : 0.95799377312716782,
	"roll" : -2.8968625858751484,
	"x" : 0.31898100000000001,
	"y" : -0.22103500000000001,
	"yaw" : 2.5361728426580004,
	"z" : 0.141628
}
