{
	"pitch" : 1.02808619588726,
	"roll" : -3.0997396581269694,
	"x" : 0.28968500000000003,
	"y" : -0.190641,
	"yaw" : 2.3007104732714456,
	"z" : 0.138797
}
