{
	"pitch" : 0.85617126456581838,
	"roll" : -2.32685550546632,
	"x" : 0.17311099999999999,
	"y" : -0.11798,
	"yaw" : -3.0912399046697567,
	"z" : 0.25476799999999999
}
