{
	"pitch" : 1.046202713522961,
	"roll" : -1.1192971025964835,
	"x" : 0.056766999999999998,
	"y" : -0.023986,
	"yaw" : -1.579365893422189,
	"z" : 0.283134
}
