{
	"pitch" : 0.8148767744636326,
	"roll" : -2.8064021707442821,
	"x" : 0.24798700000000001,
	"y" : -0.20490800000000001,
	"yaw" : 2.6480309944183169,
	"z" : 0.13530200000000001
}
