{
	"pitch" : 1.173349949530748,
	"roll" : -2.7946735581708801,
	"x" : 0.25273299999999999,
	"y" : -0.21179899999999999,
	"yaw" : 2.078896578635486,
	"z" : 0.130107
}
