{
	"pitch" : 1.3759652223947687,
	"roll" : -2.6156551367938219,
	"x" : 0.267924,
	"y" : -0.214897,
	"yaw" : 2.3848178899250523,
	"z" : 0.14652399999999999
}
