{
	"pitch" : 1.2309807214316002,
	"roll" : -2.7659454386830538,
	"x" : 0.26059900000000003,
	"y" : -0.19286400000000001,
	"yaw" : 2.0658764224156076,
	"z" : 0.13537099999999999
}
