{
	"pitch" : 1.1956552573712353,
	"roll" : -2.8415531018794478,
	"x" : 0.21052000000000001,
	"y" : -0.10668999999999999,
	"yaw" : 2.8995852995082592,
	"z" : 0.31399300000000002
}
