{
	"pitch" : 1.3889155654445668,
	"roll" : -2.8183402228279242,
	"x" : 0.25420700000000002,
	"y" : -0.21448999999999999,
	"yaw" : 2.01885725236688,
	"z" : 0.14548700000000001
}
