{
	"pitch" : 0.8752128067050764,
	"roll" : -2.3487942941638886,
	"x" : 0.174125,
	"y" : -0.118765,
	"yaw" : -3.1242789874100096,
	"z" : 0.25820500000000002
}
