{
	"pitch" : 1.3389293356674496,
	"roll" : -2.9551042230141991,
	"x" : 0.24573800000000001,
	"y" : -0.21631800000000001,
	"yaw" : 1.8126466012437501,
	"z" : 0.14216799999999999
}
