{
	"pitch" : 1.1910475881459703,
	"roll" : 1.5097272562676152,
	"x" : 0.103696,
	"y" : -0.075886999999999996,
	"yaw" : 0.87510808694995679,
	"z" : 0.334893
}
