{
	"pitch" : 0.94797558322071984,
	"roll" : -2.8829872183217931,
	"x" : 0.31993300000000002,
	"y" : -0.21979699999999999,
	"yaw" : 2.5748493388821942,
	"z" : 0.14108899999999999
}
