{
	"pitch" : 0.76085883411440802,
	"roll" : -2.3577129266415797,
	"x" : 0.24923500000000001,
	"y" : -0.17145199999999999,
	"yaw" : 2.8908935598333274,
	"z" : 0.15635099999999999
}
