{
	"pitch" : 1.3783912300550416,
	"roll" : -2.5297849375957009,
	"x" : 0.27060000000000001,
	"y" : -0.214254,
	"yaw" : 2.5017549498086722,
	"z" : 0.14751500000000001
}
