{
	"pitch" : 0.92504195684951496,
	"roll" : -2.637367032688632,
	"x" : 0.28165499999999999,
	"y" : -0.23357900000000001,
	"yaw" : 2.6425681138595745,
	"z" : 0.135688
}
