{
	"pitch" : 1.3610252039976976,
	"roll" : -2.7925791630684866,
	"x" : 0.26125999999999999,
	"y" : -0.216054,
	"yaw" : 2.1313437226579151,
	"z" : 0.143954
}
