{
	"pitch" : 0.93582809162683944,
	"roll" : -2.9290813638669637,
	"x" : 0.30202499999999999,
	"y" : -0.23711699999999999,
	"yaw" : 2.3724260522358924,
	"z" : 0.145283
}
