{
	"pitch" : 0.77461202862012368,
	"roll" : -3.0976278097320558,
	"x" : 0.20857300000000001,
	"y" : -0.185089,
	"yaw" : 2.0814796659284376,
	"z" : 0.11251
}
