{
	"pitch" : 1.3766109942180089,
	"roll" : -2.6032632991046634,
	"x" : 0.26835100000000001,
	"y" : -0.21480199999999999,
	"yaw" : 2.4021315561048371,
	"z" : 0.14668300000000001
}
