{
	"pitch" : 1.2992405484770984,
	"roll" : -1.0252587624990279,
	"x" : 0.063097,
	"y" : -0.029224,
	"yaw" : -1.4722724905198159,
	"z" : 0.25040699999999999
}
