{
	"pitch" : 0.8256454559484373,
	"roll" : 3.0162954665891202,
	"x" : 0.20427799999999999,
	"y" : -0.17996200000000001,
	"yaw" : 1.9071038203616841,
	"z" : 0.14425299999999999
}
