{
	"pitch" : 0.88514373014892422,
	"roll" : -2.4669530845239049,
	"x" : 0.25214700000000001,
	"y" : -0.21546999999999999,
	"yaw" : 2.6538603941199779,
	"z" : 0.13129299999999999
}
