{
	"pitch" : 0.97394608249039583,
	"roll" : -2.897229105018067,
	"x" : 0.31813000000000002,
	"y" : -0.22265699999999999,
	"yaw" : 2.5107084888714031,
	"z" : 0.14278099999999999
}
