{
	"pitch" : 1.0785262112698961,
	"roll" : 2.5957758366136066,
	"x" : 0.174979,
	"y" : -0.16059599999999999,
	"yaw" : 1.5503410679615233,
	"z" : 0.22999900000000001
}
