{
	"pitch" : 0.97867592476330045,
	"roll" : 3.1280838051793571,
	"x" : 0.28657300000000002,
	"y" : -0.19148100000000001,
	"yaw" : 2.2331662312192648,
	"z" : 0.134968
}
