{
	"pitch" : 1.379647867116478,
	"roll" : -2.8359680482730663,
	"x" : 0.24710399999999999,
	"y" : -0.217108,
	"yaw" : 1.9288855294265737,
	"z" : 0.14488500000000001
}
