{
	"pitch" : 1.1051948422403695,
	"roll" : -2.9871484680808154,
	"x" : 0.258162,
	"y" : -0.2087,
	"yaw" : 1.9320445753726831,
	"z" : 0.123837
}
