{
	"pitch" : 1.3626483602020529,
	"roll" : -2.3663872130239914,
	"x" : 0.27423199999999998,
	"y" : -0.21362900000000001,
	"yaw" : 2.7029739592710986,
	"z" : 0.14868600000000001
}
