{
	"pitch" : 0.90678581287365378,
	"roll" : 2.8636838767947359,
	"x" : 0.20074900000000001,
	"y" : -0.173874,
	"yaw" : 1.8117041234476738,
	"z" : 0.18099599999999999
}
