{
	"pitch" : 0.9539969691401009,
	"roll" : -2.8718869242791092,
	"x" : 0.27872400000000003,
	"y" : -0.20693700000000001,
	"yaw" : 2.5474127630408434,
	"z" : 0.137604
}
