{
	"pitch" : 1.0352071392353965,
	"roll" : 2.8070304892749998,
	"x" : 0.18307899999999999,
	"y" : -0.171017,
	"yaw" : 1.6995143591294783,
	"z" : 0.20036200000000001
}
