{
	"pitch" : 1.2104905560131869,
	"roll" : -2.7890012381018989,
	"x" : 0.25707799999999997,
	"y" : -0.199411,
	"yaw" : 2.0407611344794097,
	"z" : 0.13347700000000001
}
