{
	"pitch" : 0.86207047743755916,
	"roll" : -2.6242945165911937,
	"x" : 0.29608200000000001,
	"y" : -0.241538,
	"yaw" : 2.6848399883428775,
	"z" : 0.14649400000000001
}
