{
	"pitch" : 0.88620838099264054,
	"roll" : -2.4689602131636987,
	"x" : 0.252162,
	"y" : -0.21657699999999999,
	"yaw" : 2.6486244063639948,
	"z" : 0.13094600000000001
}
