{
	"pitch" : 0.98193969046452989,
	"roll" : -2.8914520651939659,
	"x" : 0.31661899999999998,
	"y" : -0.22317000000000001,
	"yaw" : 2.501109177985434,
	"z" : 0.14263400000000001
}
