{
	"pitch" : 1.0496410121493898,
	"roll" : -2.192395339892677,
	"x" : 0.186141,
	"y" : -0.11243,
	"yaw" : -2.8590413009844311,
	"z" : 0.30603900000000001
}
