{
	"pitch" : 1.4715394522339786,
	"roll" : -1.8700330270493235,
	"x" : 0.049721000000000001,
	"y" : -0.0072709999999999997,
	"yaw" : -2.2305482373412735,
	"z" : 0.302147
}
