{
	"pitch" : 1.3870655164374528,
	"roll" : -2.7946386515858408,
	"x" : 0.257054,
	"y" : -0.21313499999999999,
	"yaw" : 2.0690180150691981,
	"z" : 0.145459
}
