{
	"pitch" : 1.3786704827353609,
	"roll" : -2.5193304153762548,
	"x" : 0.27094499999999999,
	"y" : -0.21416299999999999,
	"yaw" : 2.5161888227226652,
	"z" : 0.147642
}
