{
	"pitch" : 0.87495100731727715,
	"roll" : -2.6711391537147211,
	"x" : 0.29913800000000001,
	"y" : -0.24011399999999999,
	"yaw" : 2.6586775028554821,
	"z" : 0.14604700000000001
}
