{
	"pitch" : 1.3794209743137185,
	"roll" : -2.538022891665114,
	"x" : 0.27058500000000002,
	"y" : -0.214258,
	"yaw" : 2.4931853831813804,
	"z" : 0.14751
}
