{
	"pitch" : 1.0881604287409048,
	"roll" : -2.5649533220233871,
	"x" : 0.19652700000000001,
	"y" : -0.121016,
	"yaw" : 2.9769906518342077,
	"z" : 0.30846099999999999
}
