{
	"pitch" : 1.4706493343154619,
	"roll" : -2.8182180497802833,
	"x" : 0.066045000000000006,
	"y" : -0.032030000000000003,
	"yaw" : 2.9838148892095058,
	"z" : 0.211113
}
