{
	"pitch" : 1.2501095300334586,
	"roll" : -2.6823092609274855,
	"x" : 0.26846799999999998,
	"y" : -0.21956899999999999,
	"yaw" : 2.3225270889213738,
	"z" : 0.14228199999999999
}
