{
	"pitch" : 0.73401567021873537,
	"roll" : -2.410945468827407,
	"x" : 0.185283,
	"y" : -0.12962099999999999,
	"yaw" : 3.0408697024572007,
	"z" : 0.204572
}
