{
	"pitch" : 1.1142705543507401,
	"roll" : -2.9755769351400927,
	"x" : 0.26236799999999999,
	"y" : -0.211646,
	"yaw" : 1.9683823303992054,
	"z" : 0.126605
}
