{
	"pitch" : 1.4918027248496339,
	"roll" : -2.7065693375302069,
	"x" : 0.065466999999999997,
	"y" : -0.033485000000000001,
	"yaw" : 3.0780103089396391,
	"z" : 0.213228
}
