{
	"pitch" : 1.3721778579179418,
	"roll" : -2.4701470370550545,
	"x" : 0.27111200000000002,
	"y" : -0.214119,
	"yaw" : 2.5681647278470563,
	"z" : 0.147703
}
