{
	"pitch" : 0.86545641618642821,
	"roll" : -2.761547208968028,
	"x" : 0.25405299999999997,
	"y" : -0.21204100000000001,
	"yaw" : 2.6671772563126948,
	"z" : 0.121084
}
