{
	"pitch" : 1.0801319141817309,
	"roll" : 2.6411893037504997,
	"x" : 0.176372,
	"y" : -0.16381999999999999,
	"yaw" : 1.5731001614075297,
	"z" : 0.22442699999999999
}
