{
	"pitch" : 1.1162078698204536,
	"roll" : -1.4944207187276251,
	"x" : 0.101782,
	"y" : -0.055358999999999998,
	"yaw" : -2.0217894055102317,
	"z" : 0.32056000000000001
}
