{
	"pitch" : 0.80457933187686625,
	"roll" : -2.854119472493807,
	"x" : 0.24723000000000001,
	"y" : -0.202121,
	"yaw" : 2.6186571031072527,
	"z" : 0.13894300000000001
}
