{
	"pitch" : 0.76766561819718571,
	"roll" : -2.3598073217439732,
	"x" : 0.24865200000000001,
	"y" : -0.17133799999999999,
	"yaw" : 2.8848023607438678,
	"z" : 0.158415
}
