{
	"pitch" : 0.75895642522973394,
	"roll" : -2.8677854005369228,
	"x" : 0.21401500000000001,
	"y" : -0.183777,
	"yaw" : 2.490305589915589,
	"z" : 0.11391900000000001
}
