{
	"pitch" : 0.93331481750396761,
	"roll" : -2.4052382421733856,
	"x" : 0.17808199999999999,
	"y" : -0.121769,
	"yaw" : 3.0677826795229528,
	"z" : 0.27221699999999999
}
