{
	"pitch" : 0.90849623554060854,
	"roll" : -2.648833845874234,
	"x" : 0.28332499999999999,
	"y" : -0.23283300000000001,
	"yaw" : 2.652586303766022,
	"z" : 0.135134
}
