{
	"pitch" : 0.84213881737978402,
	"roll" : 2.9481054527137016,
	"x" : 0.20400099999999999,
	"y" : -0.17632700000000001,
	"yaw" : 1.8755657207781467,
	"z" : 0.15839600000000001
}
