{
	"pitch" : 1.1095058054927955,
	"roll" : -2.9795737391271597,
	"x" : 0.25700200000000001,
	"y" : -0.20883599999999999,
	"yaw" : 1.9300374467328896,
	"z" : 0.123976
}
