{
	"pitch" : 0.87032588479949213,
	"roll" : -2.7737819670245081,
	"x" : 0.25611600000000001,
	"y" : -0.21237800000000001,
	"yaw" : 2.6645418091421833,
	"z" : 0.127641
}
