{
	"pitch" : 0.98733275785319197,
	"roll" : -3.0841015080290997,
	"x" : 0.27077400000000001,
	"y" : -0.216083,
	"yaw" : 2.1951180535257881,
	"z" : 0.119938
}
