{
	"pitch" : 0.87737701497754983,
	"roll" : 2.9055368722575601,
	"x" : 0.202428,
	"y" : -0.17521700000000001,
	"yaw" : 1.8433120362012916,
	"z" : 0.17039099999999999
}
