{
	"pitch" : 0.9887988344248676,
	"roll" : -3.0020186733078065,
	"x" : 0.26362200000000002,
	"y" : -0.22255,
	"yaw" : 2.2518412542156039,
	"z" : 0.112723
}
