{
	"pitch" : 0.86599746825454682,
	"roll" : -2.7226089133560345,
	"x" : 0.25478800000000001,
	"y" : -0.21439800000000001,
	"yaw" : 2.6948407249568045,
	"z" : 0.115595
}
