{
	"pitch" : 1.1203443001476801,
	"roll" : -1.6081114662025351,
	"x" : 0.113649,
	"y" : -0.063134999999999997,
	"yaw" : -2.1489890013955781,
	"z" : 0.32077499999999998
}
