{
	"pitch" : 1.3297139972169201,
	"roll" : -2.2790683905467151,
	"x" : 0.28218799999999999,
	"y" : -0.21212300000000001,
	"yaw" : 2.8664065904278475,
	"z" : 0.149259
}
