{
	"pitch" : 1.4000682193648126,
	"roll" : 0.29382617957324558,
	"x" : 0.038004000000000003,
	"y" : -0.0016800000000000001,
	"yaw" : -0.085660759687881824,
	"z" : 0.343642
}
