{
	"pitch" : 0.76668823381606888,
	"roll" : -3.1320806091664242,
	"x" : 0.206785,
	"y" : -0.18573899999999999,
	"yaw" : 1.9986288863362665,
	"z" : 0.112231
}
