{
	"pitch" : 1.3783388701774826,
	"roll" : -2.5640457508123489,
	"x" : 0.269681,
	"y" : -0.21448700000000001,
	"yaw" : 2.4567254551072195,
	"z" : 0.147177
}
