{
	"pitch" : 1.1191749295488442,
	"roll" : -1.6470497618145292,
	"x" : 0.117835,
	"y" : -0.065931000000000003,
	"yaw" : -2.1934774440289142,
	"z" : 0.32066600000000001
}
