{
	"pitch" : 1.3395751074906874,
	"roll" : -2.9526258554763669,
	"x" : 0.245888,
	"y" : -0.21632499999999999,
	"yaw" : 1.8168353914485365,
	"z" : 0.142233
}
