{
	"pitch" : 0.76321502860460022,
	"roll" : -2.8975781708684663,
	"x" : 0.245203,
	"y" : -0.19942399999999999,
	"yaw" : 2.6057765732275344,
	"z" : 0.13822000000000001
}
