{
	"pitch" : 1.1840139112604331,
	"roll" : -2.8066988767171215,
	"x" : 0.25512499999999999,
	"y" : -0.234099,
	"yaw" : 2.2705337305044635,
	"z" : 0.129468
}
