{
	"pitch" : 0.95935512994372296,
	"roll" : -2.6093195916090823,
	"x" : 0.27666800000000003,
	"y" : -0.23507800000000001,
	"yaw" : 2.6150791781406637,
	"z" : 0.13650300000000001
}
