{
	"pitch" : 1.1858988668525869,
	"roll" : -2.8040983361316498,
	"x" : 0.25113000000000002,
	"y" : -0.209818,
	"yaw" : 2.0225398970885884,
	"z" : 0.13134699999999999
}
