{
	"pitch" : 0.75194020163671682,
	"roll" : -2.8895671096018121,
	"x" : 0.242566,
	"y" : -0.19808500000000001,
	"yaw" : 2.6170164936103775,
	"z" : 0.135884
}
