{
	"pitch" : 1.3621596680114942,
	"roll" : -2.7830671186451181,
	"x" : 0.261654,
	"y" : -0.216003,
	"yaw" : 2.1453761698439497,
	"z" : 0.14410999999999999
}
