{
	"pitch" : 0.8022231373866735,
	"roll" : -2.2956315651481418,
	"x" : 0.169271,
	"y" : -0.114437,
	"yaw" : -3.0192101664399509,
	"z" : 0.240537
}
