{
	"pitch" : 1.1730357902653894,
	"roll" : -2.75479278476281,
	"x" : 0.20960999999999999,
	"y" : -0.11540599999999999,
	"yaw" : 2.8938955261467583,
	"z" : 0.320994
}
