{
	"pitch" : 0.82482515120000033,
	"roll" : -2.309960718307015,
	"x" : 0.171234,
	"y" : -0.115534,
	"yaw" : -3.0440112951107903,
	"z" : 0.24696000000000001
}
