{
	"pitch" : 1.3294871044141605,
	"roll" : 0.3956137815495544,
	"x" : 0.039528000000000001,
	"y" : -0.0089529999999999992,
	"yaw" : -0.032969269570172995,
	"z" : 0.35029900000000003
}
