{
	"pitch" : 1.3248445286038553,
	"roll" : -2.8988173546373814,
	"x" : 0.242067,
	"y" : -0.21527199999999999,
	"yaw" : 1.8337476319003623,
	"z" : 0.13866100000000001
}
