{
	"pitch" : 0.89901909770227906,
	"roll" : -2.4769712744303525,
	"x" : 0.25266300000000003,
	"y" : -0.22185199999999999,
	"yaw" : 2.6279073481428221,
	"z" : 0.13150100000000001
}
