{
	"pitch" : 1.0292381131935759,
	"roll" : -2.9210877558928297,
	"x" : 0.260133,
	"y" : -0.223884,
	"yaw" : 2.3058941011498684,
	"z" : 0.114819
}
