{
	"pitch" : 1.5022223404840398,
	"roll" : -2.6184651168895319,
	"x" : 0.065081,
	"y" : -0.033741,
	"yaw" : -3.1221147791375352,
	"z" : 0.216137
}
