{
	"pitch" : 0.87261226611960485,
	"roll" : -2.6057591199350139,
	"x" : 0.29272900000000002,
	"y" : -0.236232,
	"yaw" : 2.7451236607067613,
	"z" : 0.14113999999999999
}
