{
	"pitch" : 1.3871702361925737,
	"roll" : -1.0379123995759887,
	"x" : 0.068734000000000003,
	"y" : -0.025204000000000001,
	"yaw" : -1.40992932963858,
	"z" : 0.22941600000000001
}
