{
	"pitch" : 1.1905588959554119,
	"roll" : -1.0523288191974614,
	"x" : 0.058767,
	"y" : -0.029159000000000001,
	"yaw" : -1.533359014339619,
	"z" : 0.26822800000000002
}
