{
	"pitch" : 1.2429362268077617,
	"roll" : -2.7086637326326,
	"x" : 0.249754,
	"y" : -0.237562,
	"yaw" : 2.2801504946829518,
	"z" : 0.13620199999999999
}
