{
	"pitch" : 1.1219500030595149,
	"roll" : -2.696498787746199,
	"x" : 0.215834,
	"y" : -0.120531,
	"yaw" : 2.9342998983304267,
	"z" : 0.31120300000000001
}
