{
	"pitch" : 1.1128044777790644,
	"roll" : -2.8592681937871904,
	"x" : 0.252743,
	"y" : -0.228019,
	"yaw" : 2.2573390413593861,
	"z" : 0.12053
}
