{
	"pitch" : 0.77932441760050808,
	"roll" : -2.2954221256379026,
	"x" : 0.169539,
	"y" : -0.11724900000000001,
	"yaw" : -3.0467340087439014,
	"z" : 0.236877
}
