{
	"pitch" : 1.3660342989509222,
	"roll" : -3.0418470868383172,
	"x" : 0.050237999999999998,
	"y" : 0.0035119999999999999,
	"yaw" : 2.9943217713065118,
	"z" : 0.28843800000000003
}
