{
	"pitch" : 1.2206658255523146,
	"roll" : -2.7408825106244148,
	"x" : 0.25222800000000001,
	"y" : -0.23616599999999999,
	"yaw" : 2.2880568361944866,
	"z" : 0.133243
}
