{
	"pitch" : 1.3721254980403819,
	"roll" : -2.6763053283006246,
	"x" : 0.26577299999999998,
	"y" : -0.21534,
	"yaw" : 2.2994189296249705,
	"z" : 0.14571000000000001
}
