{
	"pitch" : 0.78789398422780033,
	"roll" : -2.3956563845799366,
	"x" : 0.25036900000000001,
	"y" : -0.18809600000000001,
	"yaw" : 2.8172232121066467,
	"z" : 0.13225100000000001
}
