{
	"pitch" : 1.4339276068535016,
	"roll" : -0.48041932990395991,
	"x" : 0.049015000000000003,
	"y" : -0.018293,
	"yaw" : -0.95078556331643138,
	"z" : 0.30563000000000001
}
