{
	"pitch" : 0.87437504866411953,
	"roll" : -2.6088832592960847,
	"x" : 0.29101700000000003,
	"y" : -0.23496600000000001,
	"yaw" : 2.7425405734138097,
	"z" : 0.13943800000000001
}
