{
	"pitch" : 0.86498517728838986,
	"roll" : -2.7516337388167003,
	"x" : 0.25416800000000001,
	"y" : -0.21263699999999999,
	"yaw" : 2.6737571475927129,
	"z" : 0.11906700000000001
}
