{
	"pitch" : 0.93565355870164002,
	"roll" : -2.9462204971215482,
	"x" : 0.30210599999999999,
	"y" : -0.236902,
	"yaw" : 2.3540651885049115,
	"z" : 0.14508199999999999
}
