{
	"pitch" : 0.7438767804925035,
	"roll" : -2.8468589028055109,
	"x" : 0.23543600000000001,
	"y" : -0.19356100000000001,
	"yaw" : 2.6552392042290531,
	"z" : 0.13064999999999999
}
