{
	"pitch" : 0.81213660753800143,
	"roll" : -2.822790812420509,
	"x" : 0.247533,
	"y" : -0.204121,
	"yaw" : 2.6381873374370688,
	"z" : 0.13701199999999999
}
