{
	"pitch" : 1.2813858302291972,
	"roll" : -1.0650348161519794,
	"x" : 0.062404000000000001,
	"y" : -0.030723,
	"yaw" : -1.5317533114277833,
	"z" : 0.25032399999999999
}
