{
	"pitch" : 0.88577204867964232,
	"roll" : -2.6986979026037119,
	"x" : 0.29937000000000002,
	"y" : -0.23996799999999999,
	"yaw" : 2.6267379775439861,
	"z" : 0.14602499999999999
}
