{
	"pitch" : 0.99956751590967263,
	"roll" : -2.9816681342295528,
	"x" : 0.26270300000000002,
	"y" : -0.22329199999999999,
	"yaw" : 2.2621736033874109,
	"z" : 0.113422
}
