{
	"pitch" : 1.4338054338058628,
	"roll" : 0.27385961293043032,
	"x" : 0.038835000000000001,
	"y" : -9.7e-05,
	"yaw" : -0.088139127225714042,
	"z" : 0.34074500000000002
}
