{
	"pitch" : 0.80712751258477766,
	"roll" : -2.3008850061966446,
	"x" : 0.16967399999999999,
	"y" : -0.113534,
	"yaw" : -3.0126128218674126,
	"z" : 0.24087800000000001
}
