{
	"pitch" : 1.2267919312268147,
	"roll" : -2.8341878124360318,
	"x" : 0.26005299999999998,
	"y" : -0.19964599999999999,
	"yaw" : 2.0203931421086363,
	"z" : 0.13463
}
