{
	"pitch" : 1.2239470445460636,
	"roll" : -2.769785163037441,
	"x" : 0.25966299999999998,
	"y" : -0.19487599999999999,
	"yaw" : 2.0631362554899777,
	"z" : 0.134766
}
