{
	"pitch" : 1.1956727106637555,
	"roll" : -2.8242743422847041,
	"x" : 0.210318,
	"y" : -0.108096,
	"yaw" : 2.9017669610732519,
	"z" : 0.31643900000000003
}
