{
	"pitch" : 0.86208793073007894,
	"roll" : -2.6211005640600442,
	"x" : 0.29638700000000001,
	"y" : -0.241145,
	"yaw" : 2.6964464278686395,
	"z" : 0.14632400000000001
}
