{
	"pitch" : 1.0190453903619292,
	"roll" : -2.3497193186674457,
	"x" : 0.21362800000000001,
	"y" : -0.12945699999999999,
	"yaw" : -3.0663166029512778,
	"z" : 0.29993999999999998
}
