{
	"pitch" : 0.94797558322072051,
	"roll" : -2.5905922087351838,
	"x" : 0.273561,
	"y" : -0.235346,
	"yaw" : 2.6087785395409644,
	"z" : 0.13556499999999999
}
