{
	"pitch" : 0.96052450054255933,
	"roll" : -2.6051133481117761,
	"x" : 0.27572600000000003,
	"y" : -0.23560700000000001,
	"yaw" : 2.6056544001798945,
	"z" : 0.13669000000000001
}
