{
	"pitch" : 0.86638144068998513,
	"roll" : -2.7703785749831193,
	"x" : 0.25490099999999999,
	"y" : -0.21146400000000001,
	"yaw" : 2.6698301567757259,
	"z" : 0.12654399999999999
}
