{
	"pitch" : 0.75057884482016157,
	"roll" : -2.8013407159134984,
	"x" : 0.21723500000000001,
	"y" : -0.18271799999999999,
	"yaw" : 2.6318343389598096,
	"z" : 0.11475200000000001
}
