{
	"pitch" : 1.269133618880196,
	"roll" : -1.0776709999364185,
	"x" : 0.061964999999999999,
	"y" : -0.031189999999999999,
	"yaw" : -1.5523307433087958,
	"z" : 0.25128600000000001
}
