{
	"pitch" : 0.97380645615023653,
	"roll" : -2.8994631264606201,
	"x" : 0.31805299999999997,
	"y" : -0.22268499999999999,
	"yaw" : 2.507078204027255,
	"z" : 0.14274400000000001
}
