{
	"pitch" : 1.360082726201622,
	"roll" : -2.800310971654822,
	"x" : 0.26093499999999997,
	"y" : -0.21609500000000001,
	"yaw" : 2.1198769094723131,
	"z" : 0.14382500000000001
}
