{
	"pitch" : 1.2116424733195037,
	"roll" : -1.050251877387588,
	"x" : 0.059444999999999998,
	"y" : -0.029701999999999999,
	"yaw" : -1.5303745013187082,
	"z" : 0.26469100000000001
}
