{
	"pitch" : 1.363154505685132,
	"roll" : -2.7742182993375071,
	"x" : 0.26201600000000003,
	"y" : -0.21595500000000001,
	"yaw" : 2.1583614194787888,
	"z" : 0.14425299999999999
}
