{
	"pitch" : 1.2725544642141056,
	"roll" : 0.53817227485245134,
	"x" : 0.046217000000000001,
	"y" : -0.021663999999999999,
	"yaw" : 0.045588000062091898,
	"z" : 0.355827
}
