{
	"pitch" : 1.3080021013221106,
	"roll" : -0.9959721376505648,
	"x" : 0.063898999999999997,
	"y" : -0.027358,
	"yaw" : -1.4198427997899077,
	"z" : 0.25059500000000001
}
