{
	"pitch" : 1.1238000520666287,
	"roll" : -2.9659776242541236,
	"x" : 0.26327,
	"y" : -0.212697,
	"yaw" : 1.9874238725384634,
	"z" : 0.128381
}
