{
	"pitch" : 1.0806380596648091,
	"roll" : 2.6505442685411889,
	"x" : 0.17663000000000001,
	"y" : -0.16448099999999999,
	"yaw" : 1.577690377340274,
	"z" : 0.22329199999999999
}
