{
	"pitch" : 1.1049330428525699,
	"roll" : -3.0077608065468677,
	"x" : 0.26106000000000001,
	"y" : -0.209511,
	"yaw" : 1.9205079490170005,
	"z" : 0.125029
}
