{
	"pitch" : 0.99373811620801122,
	"roll" : -3.1311904912479069,
	"x" : 0.28792600000000002,
	"y" : -0.190861,
	"yaw" : 2.2682997090619108,
	"z" : 0.13611000000000001
}
