{
	"pitch" : 0.76103336703960744,
	"roll" : -2.8900208952073307,
	"x" : 0.212812,
	"y" : -0.18418200000000001,
	"yaw" : 2.4403891733085517,
	"z" : 0.113664
}
