{
	"pitch" : 1.0735345696091922,
	"roll" : 2.558425790620928,
	"x" : 0.17388300000000001,
	"y" : -0.15739300000000001,
	"yaw" : 1.5363609806530489,
	"z" : 0.23452799999999999
}
