{
	"pitch" : 1.0354514853306755,
	"roll" : -2.441226931349509,
	"x" : 0.21998300000000001,
	"y" : -0.13181699999999999,
	"yaw" : 3.1190080930689863,
	"z" : 0.29972199999999999
}
