{
	"pitch" : 0.76768307148970594,
	"roll" : 3.1313301175880666,
	"x" : 0.20612,
	"y" : -0.184915,
	"yaw" : 1.9761315922780602,
	"z" : 0.115076
}
