{
	"pitch" : 0.73415529655889478,
	"roll" : -2.4151342590321936,
	"x" : 0.19015199999999999,
	"y" : -0.13270999999999999,
	"yaw" : 3.0216710806852625,
	"z" : 0.20152
}
