{
	"pitch" : 1.3291729451488024,
	"roll" : -1.0380520259161479,
	"x" : 0.067005999999999996,
	"y" : -0.024431999999999999,
	"yaw" : -1.415304943734722,
	"z" : 0.24121500000000001
}
