{
	"pitch" : 1.2126896708707,
	"roll" : -1.0563430764770478,
	"x" : 0.059651000000000003,
	"y" : -0.029791000000000002,
	"yaw" : -1.5360468213876892,
	"z" : 0.263735
}
