{
	"pitch" : 1.0222218896005588,
	"roll" : -2.2975514273253355,
	"x" : 0.205151,
	"y" : -0.124726,
	"yaw" : -3.0019314068452068,
	"z" : 0.30093799999999998
}
