{
	"pitch" : 0.87414815586135985,
	"roll" : -2.7718271982622742,
	"x" : 0.25810100000000002,
	"y" : -0.213897,
	"yaw" : 2.6655017402307801,
	"z" : 0.12901599999999999
}
