{
	"pitch" : 1.171499900523634,
	"roll" : -2.7964712473004343,
	"x" : 0.25271100000000002,
	"y" : -0.21209600000000001,
	"yaw" : 2.0706237179810327,
	"z" : 0.13029499999999999
}
