{
	"pitch" : 0.78777181118016038,
	"roll" : -2.8924294495750824,
	"x" : 0.246531,
	"y" : -0.20014000000000001,
	"yaw" : 2.5949380785726492,
	"z" : 0.139262
}
