{
	"pitch" : 0.77492618788548262,
	"roll" : -3.0738389720273731,
	"x" : 0.20884900000000001,
	"y" : -0.18507599999999999,
	"yaw" : 2.1193358574041947,
	"z" : 0.11261699999999999
}
