{
	"pitch" : 1.3786704827353615,
	"roll" : -2.519731841104214,
	"x" : 0.27093299999999998,
	"y" : -0.214167,
	"yaw" : 2.5156652239470674,
	"z" : 0.14763699999999999
}
