{
	"pitch" : 1.3674305623525165,
	"roll" : -2.8695656363739577,
	"x" : 0.246834,
	"y" : -0.216887,
	"yaw" : 1.8925128678150103,
	"z" : 0.14366999999999999
}
