{
	"pitch" : 0.85568257237526013,
	"roll" : -2.4462360263027327,
	"x" : 0.250776,
	"y" : -0.20669399999999999,
	"yaw" : 2.6974412655422761,
	"z" : 0.13006100000000001
}
