{
	"pitch" : 0.74351026134958442,
	"roll" : -2.7851789670400313,
	"x" : 0.217524,
	"y" : -0.182333,
	"yaw" : 2.6635469714685467,
	"z" : 0.115231
}
