{
	"pitch" : 0.91544264596354563,
	"roll" : -2.5273240233503889,
	"x" : 0.26940900000000001,
	"y" : -0.234212,
	"yaw" : 2.6667583772922159,
	"z" : 0.133327
}
