{
	"pitch" : 1.247858055298386,
	"roll" : -2.7501153023674649,
	"x" : 0.24967900000000001,
	"y" : -0.23839199999999999,
	"yaw" : 2.2169172158831971,
	"z" : 0.138243
}
