{
	"pitch" : 0.90888020797604763,
	"roll" : -2.9258525047507744,
	"x" : 0.314585,
	"y" : -0.22375100000000001,
	"yaw" : 2.5499958503337958,
	"z" : 0.140846
}
