{
	"pitch" : 1.1472049173358732,
	"roll" : -2.5109702882592018,
	"x" : 0.300402,
	"y" : -0.21612799999999999,
	"yaw" : 2.7487888521359496,
	"z" : 0.14465900000000001
}
