{
	"pitch" : 0.76766561819718593,
	"roll" : -3.1187462936811876,
	"x" : 0.20732900000000001,
	"y" : -0.18512200000000001,
	"yaw" : 2.0335878312537137,
	"z" : 0.112025
}
