{
	"pitch" : 1.2396899143990527,
	"roll" : 0.68299969618294121,
	"x" : 0.054098,
	"y" : -0.033138000000000001,
	"yaw" : 0.14276793281313621,
	"z" : 0.35768
}
