{
	"pitch" : 1.390102389335923,
	"roll" : -2.8428446455259242,
	"x" : 0.25135299999999999,
	"y" : -0.21576500000000001,
	"yaw" : 1.967928544793685,
	"z" : 0.14546500000000001
}
