{
	"pitch" : 1.3059426128047573,
	"roll" : -0.99038708404418219,
	"x" : 0.064709000000000003,
	"y" : -0.025343000000000001,
	"yaw" : -1.3904863617713623,
	"z" : 0.250805
}
