{
	"pitch" : 1.3867688104646148,
	"roll" : -2.7914796056397311,
	"x" : 0.257768,
	"y" : -0.213808,
	"yaw" : 2.079263097778405,
	"z" : 0.14569699999999999
}
