{
	"pitch" : 1.1278841225162957,
	"roll" : -2.6266158044963461,
	"x" : 0.202963,
	"y" : -0.115109,
	"yaw" : 3.0062772766826735,
	"z" : 0.31041000000000002
}
