{
	"pitch" : 1.2459730997062322,
	"roll" : -2.7492600910339875,
	"x" : 0.24987000000000001,
	"y" : -0.23830799999999999,
	"yaw" : 2.1944024685324703,
	"z" : 0.139763
}
