{
	"pitch" : 0.86774279750654071,
	"roll" : -2.7673940619622091,
	"x" : 0.254301,
	"y" : -0.211203,
	"yaw" : 2.6714533129800806,
	"z" : 0.12622800000000001
}
