{
	"pitch" : 0.76546650333967303,
	"roll" : -3.1272809537234396,
	"x" : 0.206649,
	"y" : -0.18525900000000001,
	"yaw" : 2.0106367515899874,
	"z" : 0.111876
}
