{
	"pitch" : 1.4564947140817892,
	"roll" : -0.49617965304946876,
	"x" : 0.072293999999999997,
	"y" : -0.014149,
	"yaw" : -0.73499305459985298,
	"z" : 0.228855
}
