{
	"pitch" : 1.3801889191845962,
	"roll" : -2.8704033944149145,
	"x" : 0.050827999999999998,
	"y" : 0.0011950000000000001,
	"yaw" : -3.1347858695070161,
	"z" : 0.28839100000000001
}
