{
	"pitch" : 0.93223271336773117,
	"roll" : -2.971737210785705,
	"x" : 0.30243900000000001,
	"y" : -0.23628099999999999,
	"yaw" : 2.3316726142018247,
	"z" : 0.14458599999999999
}
