{
	"pitch" : 0.83472116805880803,
	"roll" : -2.7138124539259834,
	"x" : 0.25154900000000002,
	"y" : -0.21182400000000001,
	"yaw" : 2.7064995243601269,
	"z" : 0.12687200000000001
}
