{
	"pitch" : 1.0204067471784846,
	"roll" : -2.3199265483359022,
	"x" : 0.20885699999999999,
	"y" : -0.12662499999999999,
	"yaw" : -3.027448120509364,
	"z" : 0.30028899999999997
}
