{
	"pitch" : 0.93319264445632821,
	"roll" : -2.9683338187443162,
	"x" : 0.30226599999999998,
	"y" : -0.23647099999999999,
	"yaw" : 2.3323532926101027,
	"z" : 0.14468500000000001
}
