{
	"pitch" : 1.3280384811350046,
	"roll" : -2.9020287604610515,
	"x" : 0.24365000000000001,
	"y" : -0.21609600000000001,
	"yaw" : 1.8317579565530877,
	"z" : 0.13983999999999999
}
