{
	"pitch" : 1.475448989758446,
	"roll" : -2.7973090053413907,
	"x" : 0.065921999999999994,
	"y" : -0.032356999999999997,
	"yaw" : 3.0008318494164512,
	"z" : 0.21158399999999999
}
