{
	"pitch" : 1.3735217614419775,
	"roll" : -2.4782977246618678,
	"x" : 0.271123,
	"y" : -0.214116,
	"yaw" : 2.5599791336552031,
	"z" : 0.147707
}
