{
	"pitch" : 1.2017115498756559,
	"roll" : -2.7773424386985766,
	"x" : 0.25482500000000002,
	"y" : -0.234486,
	"yaw" : 2.2884059020448859,
	"z" : 0.131213
}
