{
	"pitch" : 0.82859506238430802,
	"roll" : -2.7391022747873808,
	"x" : 0.25040499999999999,
	"y" : -0.209671,
	"yaw" : 2.6908439209697379,
	"z" : 0.129408
}
