{
	"pitch" : 1.3673258425973975,
	"roll" : -2.733779020568798,
	"x" : 0.26361899999999999,
	"y" : -0.21571699999999999,
	"yaw" : 2.2171964685635168,
	"z" : 0.14488000000000001
}
