{
	"pitch" : 1.0402860473587001,
	"roll" : 2.8262640176319773,
	"x" : 0.18316299999999999,
	"y" : -0.17253199999999999,
	"yaw" : 1.7058324510216978,
	"z" : 0.19830100000000001
}
