{
	"pitch" : 1.443125492011512,
	"roll" : -0.54412384760175259,
	"x" : 0.074028999999999998,
	"y" : -0.0041479999999999998,
	"yaw" : -0.67160269616741863,
	"z" : 0.22964000000000001
}
