{
	"pitch" : 0.89481285420497292,
	"roll" : -2.7390848214948607,
	"x" : 0.26733600000000002,
	"y" : -0.22081899999999999,
	"yaw" : 2.6950850710520839,
	"z" : 0.13595299999999999
}
