{
	"pitch" : 0.92872460157122239,
	"roll" : -2.8035398307710113,
	"x" : 0.27317799999999998,
	"y" : -0.21388399999999999,
	"yaw" : 2.617697172018655,
	"z" : 0.13692699999999999
}
