{
	"pitch" : 0.91130621563631931,
	"roll" : -2.7712861461941563,
	"x" : 0.30014099999999999,
	"y" : -0.239567,
	"yaw" : 2.5454230876935702,
	"z" : 0.146067
}
