{
	"pitch" : 0.77457712203508333,
	"roll" : -3.069109129754469,
	"x" : 0.20884900000000001,
	"y" : -0.18507599999999999,
	"yaw" : 2.1261077349019319,
	"z" : 0.11261699999999999
}
