{
	"pitch" : 0.93635169040243804,
	"roll" : -2.9366735461131386,
	"x" : 0.30204399999999998,
	"y" : -0.237066,
	"yaw" : 2.3637168592684401,
	"z" : 0.145235
}
