{
	"pitch" : 1.0346835404597987,
	"roll" : -2.9163055537423652,
	"x" : 0.26011499999999999,
	"y" : -0.22418399999999999,
	"yaw" : 2.3083724686877001,
	"z" : 0.115283
}
