{
	"pitch" : 1.2448560889849554,
	"roll" : -2.3873311640479238,
	"x" : 0.29116199999999998,
	"y" : -0.21201,
	"yaw" : 2.8190383545287214,
	"z" : 0.14679800000000001
}
