{
	"pitch" : 1.1854974411246291,
	"roll" : -2.7932074815992047,
	"x" : 0.25143700000000002,
	"y" : -0.21079700000000001,
	"yaw" : 2.0439376337180395,
	"z" : 0.131441
}
