{
	"pitch" : 1.4660591183827163,
	"roll" : -2.8217610681618326,
	"x" : 0.044978999999999998,
	"y" : 0.004705,
	"yaw" : -3.0994254988616103,
	"z" : 0.312247
}
