{
	"pitch" : 0.85611890468825869,
	"roll" : -2.4170541212093872,
	"x" : 0.233623,
	"y" : -0.16560900000000001,
	"yaw" : 2.7872210022648645,
	"z" : 0.18681
}
