{
	"pitch" : 1.3273578027267283,
	"roll" : -2.903547196910286,
	"x" : 0.243197,
	"y" : -0.21584900000000001,
	"yaw" : 1.8300824404711757,
	"z" : 0.13949300000000001
}
