{
	"pitch" : 0.95125680221446896,
	"roll" : -2.4297775714564258,
	"x" : 0.17968700000000001,
	"y" : -0.122672,
	"yaw" : 3.034586517150021,
	"z" : 0.27665400000000001
}
