{
	"pitch" : 1.3731028824215001,
	"roll" : -2.8539972994461675,
	"x" : 0.247005,
	"y" : -0.21698899999999999,
	"yaw" : 1.9098788938723554,
	"z" : 0.144233
}
