{
	"pitch" : 0.86323984803639575,
	"roll" : 3.0582531818070637,
	"x" : 0.20327400000000001,
	"y" : -0.18465799999999999,
	"yaw" : 1.9097567208247155,
	"z" : 0.14305200000000001
}
