{
	"pitch" : 1.102803741165137,
	"roll" : -1.4070495363727884,
	"x" : 0.092540999999999998,
	"y" : -0.049777000000000002,
	"yaw" : -1.9295313012498112,
	"z" : 0.31978299999999998
}
