{
	"pitch" : 1.1743098806193444,
	"roll" : 1.7306161264000177,
	"x" : 0.11819499999999999,
	"y" : -0.086882000000000001,
	"yaw" : 1.0724873720579955,
	"z" : 0.32311699999999999
}
