{
	"pitch" : 1.2893270783257715,
	"roll" : -2.343261600435067,
	"x" : 0.28771400000000003,
	"y" : -0.21219099999999999,
	"yaw" : 2.8379228170352997,
	"z" : 0.14876400000000001
}
