{
	"pitch" : 1.1175866799295291,
	"roll" : -2.9442831816518336,
	"x" : 0.25514599999999998,
	"y" : -0.208783,
	"yaw" : 1.9588004728057564,
	"z" : 0.124116
}
