{
	"pitch" : 1.1038334854238141,
	"roll" : -3.0088429106831045,
	"x" : 0.26108599999999998,
	"y" : -0.20945800000000001,
	"yaw" : 1.9198272706087229,
	"z" : 0.124935
}
