{
	"pitch" : 0.93294829836104898,
	"roll" : -2.9681592858191164,
	"x" : 0.30268,
	"y" : -0.236513,
	"yaw" : 2.344797490176822,
	"z" : 0.14466999999999999
}
