{
	"pitch" : 1.1841535376005927,
	"roll" : -2.7867672166593458,
	"x" : 0.25145200000000001,
	"y" : -0.21134900000000001,
	"yaw" : 2.054811034957964,
	"z" : 0.13141
}
