{
	"pitch" : 0.85997608233516631,
	"roll" : -2.6208213113797254,
	"x" : 0.29590899999999998,
	"y" : -0.24080399999999999,
	"yaw" : 2.697301639202117,
	"z" : 0.14578199999999999
}
