{
	"pitch" : 1.3561208287995936,
	"roll" : -2.8305924341769235,
	"x" : 0.258324,
	"y" : -0.21609200000000001,
	"yaw" : 2.0659636888782078,
	"z" : 0.142952
}
