{
	"pitch" : 0.99588487118796465,
	"roll" : -2.9902202475643249,
	"x" : 0.26336500000000002,
	"y" : -0.22315099999999999,
	"yaw" : 2.2582815191554624,
	"z" : 0.113343
}
