{
	"pitch" : 0.83768822778719843,
	"roll" : -2.4193754091145396,
	"x" : 0.22367000000000001,
	"y" : -0.15837699999999999,
	"yaw" : 2.8317792580682797,
	"z" : 0.194912
}
