{
	"pitch" : 1.2492194121149414,
	"roll" : -2.9019589472909715,
	"x" : 0.25010700000000002,
	"y" : -0.214611,
	"yaw" : 1.9124445278727868,
	"z" : 0.13594300000000001
}
