{
	"pitch" : 0.98644263993467518,
	"roll" : -3.0156496947658824,
	"x" : 0.26435500000000001,
	"y" : -0.222576,
	"yaw" : 2.2405489739552005,
	"z" : 0.112813
}
