{
	"pitch" : 1.0762223766572636,
	"roll" : 2.5189988028183761,
	"x" : 0.172232,
	"y" : -0.154808,
	"yaw" : 1.5128688489212048,
	"z" : 0.239507
}
