{
	"pitch" : 0.81861177906290017,
	"roll" : -2.4154484182975522,
	"x" : 0.218863,
	"y" : -0.15467400000000001,
	"yaw" : 2.8639107695974952,
	"z" : 0.19650799999999999
}
