{
	"pitch" : 0.76942840074170016,
	"roll" : -2.9731858340648603,
	"x" : 0.21037600000000001,
	"y" : -0.18479400000000001,
	"yaw" : 2.285630828534214,
	"z" : 0.113043
}
