{
	"pitch" : 0.999410436276993,
	"roll" : 2.8198935658621984,
	"x" : 0.18518000000000001,
	"y" : -0.169464,
	"yaw" : 1.7315760574886143,
	"z" : 0.19538700000000001
}
