{
	"pitch" : 1.0018015373522253,
	"roll" : -2.9725575155341422,
	"x" : 0.26250299999999999,
	"y" : -0.223575,
	"yaw" : 2.2685789617422292,
	"z" : 0.113663
}
