{
	"pitch" : 0.76649624759834989,
	"roll" : -2.4078562360513773,
	"x" : 0.20366300000000001,
	"y" : -0.14301,
	"yaw" : 2.9585076150555878,
	"z" : 0.200076
}
