{
	"pitch" : 0.95479982059601798,
	"roll" : -2.6111172807386365,
	"x" : 0.27745399999999998,
	"y" : -0.23465800000000001,
	"yaw" : 2.6248355686593121,
	"z" : 0.13627800000000001
}
