{
	"pitch" : 1.1630699602365011,
	"roll" : 1.8181618416800525,
	"x" : 0.12438200000000001,
	"y" : -0.092171000000000003,
	"yaw" : 1.144255310900002,
	"z" : 0.317409
}
