{
	"pitch" : 1.2148189725581326,
	"roll" : -2.7732060083713499,
	"x" : 0.26959499999999997,
	"y" : -0.21690200000000001,
	"yaw" : 2.2420499571119152,
	"z" : 0.138408
}
