{
	"pitch" : 1.0289937670982969,
	"roll" : 2.8246757680126628,
	"x" : 0.18373,
	"y" : -0.171704,
	"yaw" : 1.7130406608324342,
	"z" : 0.19748499999999999
}
