{
	"pitch" : 0.74157294587987055,
	"roll" : -2.855655362235562,
	"x" : 0.23601800000000001,
	"y" : -0.19406200000000001,
	"yaw" : 2.6493574446498322,
	"z" : 0.13103799999999999
}
