{
	"pitch" : 1.0773917472560992,
	"roll" : -2.5462782990270467,
	"x" : 0.194323,
	"y" : -0.122353,
	"yaw" : 2.9712485185951469,
	"z" : 0.30777500000000002
}
