{
	"pitch" : 0.7823438372064585,
	"roll" : -2.2953523124678226,
	"x" : 0.16945299999999999,
	"y" : -0.11695700000000001,
	"yaw" : -3.0442556412060693,
	"z" : 0.237349
}
