{
	"pitch" : 1.2247324427094604,
	"roll" : 0.84723517879560706,
	"x" : 0.064108999999999999,
	"y" : -0.044484999999999997,
	"yaw" : 0.26988026223588257,
	"z" : 0.35633399999999998
}
