{
	"pitch" : 1.0805158866171694,
	"roll" : 2.5040064245437446,
	"x" : 0.17143600000000001,
	"y" : -0.15423799999999999,
	"yaw" : 1.4997090663611676,
	"z" : 0.24141499999999999
}
