{
	"pitch" : 0.8767312431543115,
	"roll" : -2.7460486852103183,
	"x" : 0.262739,
	"y" : -0.217556,
	"yaw" : 2.6939157004532475,
	"z" : 0.13127800000000001
}
