{
	"pitch" : 1.0775488268887792,
	"roll" : -2.8690071310133187,
	"x" : 0.258911,
	"y" : -0.22530800000000001,
	"yaw" : 2.3302763508002289,
	"z" : 0.118425
}
