{
	"pitch" : 1.3694376909923112,
	"roll" : -2.7103043421294748,
	"x" : 0.264515,
	"y" : -0.21556800000000001,
	"yaw" : 2.2509511362970871,
	"z" : 0.14522699999999999
}
