{
	"pitch" : 1.0599908146137158,
	"roll" : -2.8909459197108878,
	"x" : 0.259965,
	"y" : -0.224386,
	"yaw" : 2.3235219265950109,
	"z" : 0.117094
}
