{
	"pitch" : 1.0064790197475704,
	"roll" : -2.8538751263985276,
	"x" : 0.31426999999999999,
	"y" : -0.22389300000000001,
	"yaw" : 2.5130995899466351,
	"z" : 0.14324200000000001
}
