{
	"pitch" : 0.75272559980011433,
	"roll" : -2.4106662161470882,
	"x" : 0.198355,
	"y" : -0.13898199999999999,
	"yaw" : 2.9833087437264276,
	"z" : 0.20058899999999999
}
