{
	"pitch" : 1.2407720185352886,
	"roll" : -2.787657334577863,
	"x" : 0.26412400000000003,
	"y" : -0.18965000000000001,
	"yaw" : 2.0675519384975232,
	"z" : 0.13592499999999999
}
