{
	"pitch" : 1.1048632296824905,
	"roll" : -3.0092443364110633,
	"x" : 0.26193,
	"y" : -0.20962800000000001,
	"yaw" : 1.9246094727591869,
	"z" : 0.12529299999999999
}
