{
	"pitch" : 0.902841368764147,
	"roll" : -2.4811251580500993,
	"x" : 0.25235400000000002,
	"y" : -0.224472,
	"yaw" : 2.6168070541001383,
	"z" : 0.13109000000000001
}
