{
	"pitch" : 1.1013202113009422,
	"roll" : -2.9911452720678819,
	"x" : 0.258463,
	"y" : -0.20847199999999999,
	"yaw" : 1.9320969352502428,
	"z" : 0.123501
}
