{
	"pitch" : 0.86193085109739953,
	"roll" : -2.638466590117388,
	"x" : 0.298655,
	"y" : -0.240258,
	"yaw" : 2.6954864967800427,
	"z" : 0.14598
}
