{
	"pitch" : 1.3358401028914202,
	"roll" : -2.9202325445593527,
	"x" : 0.244834,
	"y" : -0.21645200000000001,
	"yaw" : 1.8210067283608036,
	"z" : 0.140704
}
