{
	"pitch" : 1.430105335791634,
	"roll" : -0.49033280005528723,
	"x" : 0.048336999999999998,
	"y" : -0.017521999999999999,
	"yaw" : -0.95825557251496696,
	"z" : 0.30806299999999998
}
