{
	"pitch" : 0.94656186652660457,
	"roll" : -2.5874680693741134,
	"x" : 0.27354299999999998,
	"y" : -0.23532700000000001,
	"yaw" : 2.6127229836504715,
	"z" : 0.135543
}
