{
	"pitch" : 1.20354414559025,
	"roll" : -2.776591947120219,
	"x" : 0.25463999999999998,
	"y" : -0.23460700000000001,
	"yaw" : 2.2864511332826511,
	"z" : 0.13136600000000001
}
