{
	"pitch" : 0.86203557085251914,
	"roll" : -2.6262667386459473,
	"x" : 0.29598000000000002,
	"y" : -0.24154400000000001,
	"yaw" : 2.6814191430089682,
	"z" : 0.14643500000000001
}
