{
	"pitch" : 1.0145948007693433,
	"roll" : -2.9386632214604123,
	"x" : 0.26135999999999998,
	"y" : -0.22398699999999999,
	"yaw" : 2.2972372680599769,
	"z" : 0.11432100000000001
}
