{
	"pitch" : 1.0242464715328723,
	"roll" : -3.0908035723567577,
	"x" : 0.29029300000000002,
	"y" : -0.189719,
	"yaw" : 2.3198218285807832,
	"z" : 0.138517
}
