{
	"pitch" : 0.98530817592087883,
	"roll" : -3.0561238801196309,
	"x" : 0.26798300000000003,
	"y" : -0.21940200000000001,
	"yaw" : 2.2152591530938031,
	"z" : 0.116975
}
