{
	"pitch" : 1.1864399189207053,
	"roll" : -2.7972217388787923,
	"x" : 0.251,
	"y" : -0.21035300000000001,
	"yaw" : 2.0311967301784803,
	"z" : 0.131468
}
