{
	"pitch" : 0.89044953107498648,
	"roll" : -2.7391371813724206,
	"x" : 0.266621,
	"y" : -0.22059300000000001,
	"yaw" : 2.6978252379777152,
	"z" : 0.135272
}
