{
	"pitch" : 1.4975972179662542,
	"roll" : -0.80562652942806068,
	"x" : 0.056994999999999997,
	"y" : -0.024878000000000001,
	"yaw" : -1.2830613463111091,
	"z" : 0.27332200000000001
}
