{
	"pitch" : 0.94184947754622006,
	"roll" : -2.9717197574931848,
	"x" : 0.30507400000000001,
	"y" : -0.23602999999999999,
	"yaw" : 2.3848004366325326,
	"z" : 0.14528099999999999
}
