{
	"pitch" : 1.2477882421283057,
	"roll" : -2.7500280359048648,
	"x" : 0.249663,
	"y" : -0.23838100000000001,
	"yaw" : 2.2170044823457973,
	"z" : 0.13822699999999999
}
