{
	"pitch" : 1.1988666631949052,
	"roll" : -2.8500877619217002,
	"x" : 0.211003,
	"y" : -0.10571700000000001,
	"yaw" : 2.9031108645972883,
	"z" : 0.31345299999999998
}
