{
	"pitch" : 0.99063143013946153,
	"roll" : -3.0006398631987312,
	"x" : 0.26361499999999999,
	"y" : -0.222663,
	"yaw" : 2.2524870260388412,
	"z" : 0.112871
}
