{
	"pitch" : 1.2203342129944359,
	"roll" : -2.7636939639479814,
	"x" : 0.26939800000000003,
	"y" : -0.21715300000000001,
	"yaw" : 2.2482982358340564,
	"z" : 0.138956
}
