{
	"pitch" : 1.2112759541765847,
	"roll" : 1.1775736463205746,
	"x" : 0.083432000000000006,
	"y" : -0.060965999999999999,
	"yaw" : 0.56691784763279851,
	"z" : 0.348024
}
