{
	"pitch" : 0.74296920928146637,
	"roll" : -2.8719043775716293,
	"x" : 0.23802799999999999,
	"y" : -0.19564200000000001,
	"yaw" : 2.631886698837369,
	"z" : 0.13217599999999999
}
