{
	"pitch" : 1.1750952787827427,
	"roll" : -2.8566501999091996,
	"x" : 0.26894000000000001,
	"y" : -0.21551899999999999,
	"yaw" : 2.1558655986484356,
	"z" : 0.13433400000000001
}
