{
	"pitch" : 1.3770298732384867,
	"roll" : -3.0252140990668113,
	"x" : 0.049798000000000002,
	"y" : 0.0034710000000000001,
	"yaw" : 3.0067310622881913,
	"z" : 0.29083700000000001
}
