{
	"pitch" : 1.3035689650220446,
	"roll" : -2.9320484235953534,
	"x" : 0.242063,
	"y" : -0.21448400000000001,
	"yaw" : 1.8066426686168902,
	"z" : 0.13633999999999999
}
