{
	"pitch" : 1.1691611593259619,
	"roll" : -2.8049535474651264,
	"x" : 0.25161299999999998,
	"y" : -0.21085400000000001,
	"yaw" : 2.0719152616275092,
	"z" : 0.12876199999999999
}
