{
	"pitch" : 0.89106039631318501,
	"roll" : -2.6424633941044546,
	"x" : 0.28618199999999999,
	"y" : -0.23297000000000001,
	"yaw" : 2.6838276973767203,
	"z" : 0.13595399999999999
}
