{
	"pitch" : 1.0432182005020512,
	"roll" : 2.8266654433599361,
	"x" : 0.18301500000000001,
	"y" : -0.17274500000000001,
	"yaw" : 1.703930042137024,
	"z" : 0.198515
}
