{
	"pitch" : 1.2210672512802727,
	"roll" : -2.7733630880040292,
	"x" : 0.25907999999999998,
	"y" : -0.19603200000000001,
	"yaw" : 2.0593837975981892,
	"z" : 0.13449700000000001
}
