{
	"pitch" : 0.9435599002131746,
	"roll" : -2.9745995507589753,
	"x" : 0.30557299999999998,
	"y" : -0.235767,
	"yaw" : 2.3885703478168394,
	"z" : 0.14537900000000001
}
