{
	"pitch" : 0.83723444218167997,
	"roll" : -2.7017696820872223,
	"x" : 0.25228899999999999,
	"y" : -0.21287800000000001,
	"yaw" : 2.7152261706200989,
	"z" : 0.12559400000000001
}
