{
	"pitch" : 0.8696102998061751,
	"roll" : -2.6178542516513348,
	"x" : 0.295678,
	"y" : -0.239816,
	"yaw" : 2.7104265151771139,
	"z" : 0.145089
}
