{
	"pitch" : 0.84168503177426557,
	"roll" : -2.436985781267162,
	"x" : 0.25065199999999999,
	"y" : -0.20289499999999999,
	"yaw" : 2.7202352655733222,
	"z" : 0.12994700000000001
}
