{
	"pitch" : 0.86353655400923435,
	"roll" : -2.6238756375707148,
	"x" : 0.29658000000000001,
	"y" : -0.24194299999999999,
	"yaw" : 2.684281482982239,
	"z" : 0.14709800000000001
}
