{
	"pitch" : 0.95925041018860369,
	"roll" : -2.6063001720031331,
	"x" : 0.27683000000000002,
	"y" : -0.23505100000000001,
	"yaw" : 2.6203849790667264,
	"z" : 0.136577
}
