{
	"pitch" : 0.77101665036101508,
	"roll" : -2.8957281218613522,
	"x" : 0.24546399999999999,
	"y" : -0.199792,
	"yaw" : 2.6024953542337848,
	"z" : 0.13872799999999999
}
