{
	"pitch" : 0.9977872800726385,
	"roll" : -3.0911875447921968,
	"x" : 0.29115799999999997,
	"y" : -0.19001499999999999,
	"yaw" : 2.3336797428416181,
	"z" : 0.13894300000000001
}
