{
	"pitch" : 0.82229442378460849,
	"roll" : 3.0064169030228323,
	"x" : 0.204455,
	"y" : -0.17916799999999999,
	"yaw" : 1.9047476258714919,
	"z" : 0.14544399999999999
}
