{
	"pitch" : 1.2171577137558054,
	"roll" : -2.7437797571827254,
	"x" : 0.25315599999999999,
	"y" : -0.23562900000000001,
	"yaw" : 2.2988778775568512,
	"z" : 0.13283400000000001
}
