{
	"pitch" : 0.80520765040758402,
	"roll" : -2.3037124395848751,
	"x" : 0.169797,
	"y" : -0.113931,
	"yaw" : -3.0193672460726306,
	"z" : 0.241842
}
