{
	"pitch" : 0.7230724558087307,
	"roll" : -2.3677834764255872,
	"x" : 0.17836399999999999,
	"y" : -0.125025,
	"yaw" : 3.1186066673410275,
	"z" : 0.21451999999999999
}
