{
	"pitch" : 1.1870682374514234,
	"roll" : -2.7949353575586802,
	"x" : 0.25114900000000001,
	"y" : -0.21038999999999999,
	"yaw" : 2.035402973675787,
	"z" : 0.13154399999999999
}
