{
	"pitch" : 1.3094158180162263,
	"roll" : -1.0015222846719058,
	"x" : 0.065669000000000005,
	"y" : -0.024126999999999999,
	"yaw" : -1.3843777093893823,
	"z" : 0.24857299999999999
}
