{
	"pitch" : 1.0459234608426424,
	"roll" : -2.5161713694301455,
	"x" : 0.18965099999999999,
	"y" : -0.12442599999999999,
	"yaw" : 2.9579142031099099,
	"z" : 0.30230800000000002
}
