{
	"pitch" : 0.77201148803465169,
	"roll" : -3.0171332246300775,
	"x" : 0.20958599999999999,
	"y" : -0.18490500000000001,
	"yaw" : 2.2116114149571344,
	"z" : 0.112787
}
