{
	"pitch" : 1.3244605561684171,
	"roll" : -1.0363241499566727,
	"x" : 0.066829,
	"y" : -0.024353,
	"yaw" : -1.4141006665508453,
	"z" : 0.242314
}
