{
	"pitch" : 0.76119044667228708,
	"roll" : -2.8873505414517791,
	"x" : 0.21296599999999999,
	"y" : -0.18415599999999999,
	"yaw" : 2.4462185730102122,
	"z" : 0.113718
}
