{
	"pitch" : 0.94724254493488258,
	"roll" : 2.8068385030572811,
	"x" : 0.18812100000000001,
	"y" : -0.16547100000000001,
	"yaw" : 1.7618749733032362,
	"z" : 0.19239100000000001
}
