{
	"pitch" : 0.78951714043215504,
	"roll" : 3.0963537193780999,
	"x" : 0.20632300000000001,
	"y" : -0.18428900000000001,
	"yaw" : 1.9519238755528987,
	"z" : 0.124598
}
