{
	"pitch" : 0.77309359217088847,
	"roll" : -3.1019911328620418,
	"x" : 0.20829400000000001,
	"y" : -0.18509999999999999,
	"yaw" : 2.0713218496818304,
	"z" : 0.112403
}
