{
	"pitch" : 0.67935195804627269,
	"roll" : -2.81947468684172,
	"x" : 0.222304,
	"y" : -0.17985200000000001,
	"yaw" : 2.7213173697095585,
	"z" : 0.11661000000000001
}
