{
	"pitch" : 1.2956102636329503,
	"roll" : 0.4779933222436869,
	"x" : 0.042750999999999997,
	"y" : -0.015409000000000001,
	"yaw" : 0.016388641676226643,
	"z" : 0.353599
}
