{
	"pitch" : 0.96029760773980022,
	"roll" : 3.0673987070875142,
	"x" : 0.28278500000000001,
	"y" : -0.193998,
	"yaw" : 2.1309422969299567,
	"z" : 0.132879
}
