{
	"pitch" : 1.1946604196975981,
	"roll" : -2.8434729640566418,
	"x" : 0.21044599999999999,
	"y" : -0.106486,
	"yaw" : 2.8994456731681,
	"z" : 0.31332500000000002
}
