{
	"pitch" : 0.99839814531083615,
	"roll" : -3.0985528342356128,
	"x" : 0.29175499999999999,
	"y" : -0.189165,
	"yaw" : 2.3285659281332749,
	"z" : 0.13897399999999999
}
