{
	"pitch" : 1.0787356507801358,
	"roll" : -2.6627615733051488,
	"x" : 0.30612899999999998,
	"y" : -0.21906900000000001,
	"yaw" : 2.6458842394383635,
	"z" : 0.14274300000000001
}
