{
	"pitch" : 0.76900952172122139,
	"roll" : -3.1132310532448852,
	"x" : 0.207567,
	"y" : -0.18511900000000001,
	"yaw" : 2.0448975648066359,
	"z" : 0.112119
}
