{
	"pitch" : 1.1722154855169515,
	"roll" : -2.7986703621579467,
	"x" : 0.25176300000000001,
	"y" : -0.21121699999999999,
	"yaw" : 2.0751615740362177,
	"z" : 0.129326
}
