{
	"pitch" : 1.1763868224292182,
	"roll" : -2.7503596484627444,
	"x" : 0.20947099999999999,
	"y" : -0.11490300000000001,
	"yaw" : 2.9033203041075275,
	"z" : 0.321689
}
