{
	"pitch" : 0.90469141777126083,
	"roll" : -2.6550646713038537,
	"x" : 0.284057,
	"y" : -0.23264099999999999,
	"yaw" : 2.6535636881471389,
	"z" : 0.13509299999999999
}
