{
	"pitch" : 0.94554957556044816,
	"roll" : -2.620646778454526,
	"x" : 0.27965400000000001,
	"y" : -0.23458000000000001,
	"yaw" : 2.6328989898035262,
	"z" : 0.13656699999999999
}
