{
	"pitch" : 0.89395764287149559,
	"roll" : -2.7402890986787369,
	"x" : 0.26731700000000003,
	"y" : -0.22076999999999999,
	"yaw" : 2.6944392992288457,
	"z" : 0.13587099999999999
}
