{
	"pitch" : 1.0421710029508544,
	"roll" : -2.5095216649800474,
	"x" : 0.18917900000000001,
	"y" : -0.12463,
	"yaw" : 2.9606369167430211,
	"z" : 0.30174899999999999
}
