{
	"pitch" : 1.0773568406710594,
	"roll" : -2.5460863128093281,
	"x" : 0.194323,
	"y" : -0.12235500000000001,
	"yaw" : 2.971440504812866,
	"z" : 0.307778
}
