{
	"pitch" : 1.3606935914398197,
	"roll" : -3.051778010282165,
	"x" : 0.050556999999999998,
	"y" : 0.0034199999999999999,
	"yaw" : 2.9860314573595383,
	"z" : 0.28695500000000002
}
