{
	"pitch" : 0.90874058163588789,
	"roll" : -2.4848078027718077,
	"x" : 0.253857,
	"y" : -0.22880800000000001,
	"yaw" : 2.6097908305071216,
	"z" : 0.13122300000000001
}
