{
	"pitch" : 1.0548769999053729,
	"roll" : -2.1633007012619312,
	"x" : 0.18243100000000001,
	"y" : -0.109389,
	"yaw" : -2.8163156408956098,
	"z" : 0.30754100000000001
}
