{
	"pitch" : 1.4552904368979127,
	"roll" : -0.81868159223298054,
	"x" : 0.047587999999999998,
	"y" : -0.012385999999999999,
	"yaw" : -1.2443673967943978,
	"z" : 0.31146600000000002
}
