{
	"pitch" : 1.2501269833259778,
	"roll" : -2.7512323130887411,
	"x" : 0.26529799999999998,
	"y" : -0.18685599999999999,
	"yaw" : 2.1026854163401683,
	"z" : 0.13706099999999999
}
