{
	"pitch" : 0.96829121571393395,
	"roll" : 3.1136848388504039,
	"x" : 0.28558499999999998,
	"y" : -0.192159,
	"yaw" : 2.2101976982630194,
	"z" : 0.13375799999999999
}
