{
	"pitch" : 1.24963829113542,
	"roll" : -2.7487190389658696,
	"x" : 0.25096000000000002,
	"y" : -0.23811299999999999,
	"yaw" : 2.1966539432675436,
	"z" : 0.140427
}
