{
	"pitch" : 0.74576173608465723,
	"roll" : -2.87782104373589,
	"x" : 0.23946600000000001,
	"y" : -0.19639699999999999,
	"yaw" : 2.6269474170542253,
	"z" : 0.133322
}
