{
	"pitch" : 1.1843629771108322,
	"roll" : -2.7927536959936861,
	"x" : 0.251446,
	"y" : -0.21118700000000001,
	"yaw" : 2.0474631988070682,
	"z" : 0.131356
}
