{
	"pitch" : 1.0687872740437676,
	"roll" : -1.1148290597113779,
	"x" : 0.057349999999999998,
	"y" : -0.024802999999999999,
	"yaw" : -1.5764686468638784,
	"z" : 0.28009899999999999
}
