{
	"pitch" : 0.73138022304822392,
	"roll" : -2.3992343095465252,
	"x" : 0.18218999999999999,
	"y" : -0.12737299999999999,
	"yaw" : 3.0688996902442294,
	"z" : 0.20822399999999999
}
