{
	"pitch" : 1.2291655790095266,
	"roll" : -2.8255135260536197,
	"x" : 0.25755699999999998,
	"y" : -0.203655,
	"yaw" : 2.0208294744216344,
	"z" : 0.134905
}
