{
	"pitch" : 1.2439834243589589,
	"roll" : -2.7034451981691365,
	"x" : 0.26883400000000002,
	"y" : -0.21856400000000001,
	"yaw" : 2.3013911516797232,
	"z" : 0.141541
}
