{
	"pitch" : 1.0912845681019745,
	"roll" : 2.4493427123712821,
	"x" : 0.16866999999999999,
	"y" : -0.151641,
	"yaw" : 1.4565296206668281,
	"z" : 0.248085
}
