{
	"pitch" : 1.2412432574333274,
	"roll" : -2.6985582762635527,
	"x" : 0.249642,
	"y" : -0.23760999999999999,
	"yaw" : 2.2959457244135013,
	"z" : 0.13538
}
