{
	"pitch" : 1.3615837093583363,
	"roll" : -2.8318839778233995,
	"x" : 0.25801800000000003,
	"y" : -0.21513699999999999,
	"yaw" : 2.0550728343457627,
	"z" : 0.14333799999999999
}
