{
	"pitch" : 1.1664384456928498,
	"roll" : -2.8066639701320808,
	"x" : 0.25144899999999998,
	"y" : -0.21063399999999999,
	"yaw" : 2.07132184968183,
	"z" : 0.128384
}
