{
	"pitch" : 0.96254908247487247,
	"roll" : 3.0634368096854869,
	"x" : 0.28252899999999997,
	"y" : -0.194351,
	"yaw" : 2.1206797609282306,
	"z" : 0.13306200000000001
}
