{
	"pitch" : 1.2390266892832951,
	"roll" : -2.7545309853750113,
	"x" : 0.262434,
	"y" : -0.18939500000000001,
	"yaw" : 2.0800135893567626,
	"z" : 0.13613900000000001
}
