{
	"pitch" : 1.0066360993802494,
	"roll" : 2.8211327496311145,
	"x" : 0.18482999999999999,
	"y" : -0.17002,
	"yaw" : 1.7270905613109886,
	"z" : 0.19589400000000001
}
