{
	"pitch" : 0.85423394909610506,
	"roll" : -2.3302065376301497,
	"x" : 0.17282400000000001,
	"y" : -0.117635,
	"yaw" : -3.0916064238126757,
	"z" : 0.25364500000000001
}
