{
	"pitch" : 1.2237026984507846,
	"roll" : -2.7295204171939318,
	"x" : 0.25156699999999999,
	"y" : -0.23649300000000001,
	"yaw" : 2.2910762558004363,
	"z" : 0.13362199999999999
}
