{
	"pitch" : 1.1123681454660663,
	"roll" : 2.1355848727402615,
	"x" : 0.150311,
	"y" : -0.125553,
	"yaw" : 1.2917007261084834,
	"z" : 0.28508499999999998
}
