{
	"pitch" : 1.1880630751250603,
	"roll" : -2.8009741967705799,
	"x" : 0.25503500000000001,
	"y" : -0.23428599999999999,
	"yaw" : 2.274338548273811,
	"z" : 0.129856
}
