{
	"pitch" : 1.4674030219067513,
	"roll" : -0.45940556570994706,
	"x" : 0.070118,
	"y" : -0.021944000000000002,
	"yaw" : -0.78696895972424219,
	"z" : 0.22814599999999999
}
