{
	"pitch" : 0.72403238689732785,
	"roll" : -2.3608894258802096,
	"x" : 0.177534,
	"y" : -0.12434099999999999,
	"yaw" : 3.1309985050301874,
	"z" : 0.216479
}
