{
	"pitch" : 0.90908964748628651,
	"roll" : -2.9349980300312244,
	"x" : 0.31356800000000001,
	"y" : -0.22489999999999999,
	"yaw" : 2.5315302668476951,
	"z" : 0.14086199999999999
}
