{
	"pitch" : 0.76616463504047094,
	"roll" : -3.1284677776147958,
	"x" : 0.206454,
	"y" : -0.185394,
	"yaw" : 2.0052262309088054,
	"z" : 0.111918
}
