{
	"pitch" : 0.7576823348757783,
	"roll" : -2.4086067276297345,
	"x" : 0.200486,
	"y" : -0.14058300000000001,
	"yaw" : 2.9748962567318151,
	"z" : 0.20045499999999999
}
