{
	"pitch" : 0.99977695541991218,
	"roll" : -2.9815285078893932,
	"x" : 0.26270199999999999,
	"y" : -0.223305,
	"yaw" : 2.2622434165574901,
	"z" : 0.113438
}
