{
	"pitch" : 0.73572609288568958,
	"roll" : -2.4123068256439626,
	"x" : 0.19170699999999999,
	"y" : -0.134217,
	"yaw" : 3.0125953685748925,
	"z" : 0.20089499999999999
}
