{
	"pitch" : 1.0944610673406041,
	"roll" : -2.8475919410913484,
	"x" : 0.25518400000000002,
	"y" : -0.226606,
	"yaw" : 2.3116362343889301,
	"z" : 0.119238
}
