{
	"pitch" : 1.0853853552302337,
	"roll" : -2.5615324766894774,
	"x" : 0.19600400000000001,
	"y" : -0.121458,
	"yaw" : 2.9730811143097409,
	"z" : 0.30835200000000001
}
