{
	"pitch" : 1.0762223766572632,
	"roll" : 2.5231526864381224,
	"x" : 0.172399,
	"y" : -0.15511800000000001,
	"yaw" : 1.5149981506086379,
	"z" : 0.23898800000000001
}
