{
	"pitch" : 1.3089620324107074,
	"roll" : -3.0271688678290447,
	"x" : 0.24840499999999999,
	"y" : -0.216085,
	"yaw" : 1.7580352489488487,
	"z" : 0.14048099999999999
}
