{
	"pitch" : 0.7402464956483551,
	"roll" : -2.7758414555418618,
	"x" : 0.21766099999999999,
	"y" : -0.18215200000000001,
	"yaw" : 2.6809828106959697,
	"z" : 0.115717
}
