{
	"pitch" : 1.1250741424205846,
	"roll" : -2.7000767127127876,
	"x" : 0.21549699999999999,
	"y" : -0.120168,
	"yaw" : 2.9325371157859124,
	"z" : 0.31180600000000003
}
