{
	"pitch" : 0.86809186335693989,
	"roll" : 3.0643094743114845,
	"x" : 0.203071,
	"y" : -0.185229,
	"yaw" : 1.9105770255731531,
	"z" : 0.14283899999999999
}
