{
	"pitch" : 1.1729659770953096,
	"roll" : -2.8041681493017299,
	"x" : 0.25172899999999998,
	"y" : -0.211199,
	"yaw" : 2.069175094701877,
	"z" : 0.129301
}
