{
	"pitch" : 0.74057810820623404,
	"roll" : -2.8662320575026481,
	"x" : 0.23685,
	"y" : -0.19497900000000001,
	"yaw" : 2.6377510051240702,
	"z" : 0.13122400000000001
}
