{
	"pitch" : 0.97370173639511692,
	"roll" : -2.4508960554055572,
	"x" : 0.18170600000000001,
	"y" : -0.123514,
	"yaw" : 3.0078655263019876,
	"z" : 0.28284300000000001
}
