{
	"pitch" : 0.86674795983290398,
	"roll" : -2.7330634355754801,
	"x" : 0.254774,
	"y" : -0.214029,
	"yaw" : 2.6857650128464341,
	"z" : 0.116387
}
