{
	"pitch" : 1.3356830232587402,
	"roll" : 0.38147661460840043,
	"x" : 0.039149999999999997,
	"y" : -0.0080630000000000007,
	"yaw" : -0.042289327775822713,
	"z" : 0.34970800000000002
}
