{
	"pitch" : 1.5054162930151875,
	"roll" : -0.89530154639552917,
	"x" : 0.057945000000000003,
	"y" : -0.025746999999999999,
	"yaw" : -1.3743071596053724,
	"z" : 0.26860499999999998
}
