{
	"pitch" : 1.2534780154898073,
	"roll" : -2.9221873133215857,
	"x" : 0.25010300000000002,
	"y" : -0.21468400000000001,
	"yaw" : 1.8908198984405771,
	"z" : 0.13616900000000001
}
