{
	"pitch" : 1.2461825392164714,
	"roll" : -2.7351578306778737,
	"x" : 0.249891,
	"y" : -0.23780599999999999,
	"yaw" : 2.2421546768670364,
	"z" : 0.13727600000000001
}
