{
	"pitch" : 1.3649347415221655,
	"roll" : -2.4124639052766423,
	"x" : 0.271623,
	"y" : -0.213981,
	"yaw" : 2.6326371904157266,
	"z" : 0.14788799999999999
}
