{
	"pitch" : 0.91120149588119959,
	"roll" : -2.5121571121505584,
	"x" : 0.26715299999999997,
	"y" : -0.23394200000000001,
	"yaw" : 2.6695858106804464,
	"z" : 0.13256999999999999
}
