{
	"pitch" : 0.9548172738885381,
	"roll" : -2.6125484507252716,
	"x" : 0.27812199999999998,
	"y" : -0.234796,
	"yaw" : 2.6268950571766654,
	"z" : 0.136597
}
