{
	"pitch" : 1.1062943996691255,
	"roll" : -1.4244155624301322,
	"x" : 0.094395999999999994,
	"y" : -0.050841999999999998,
	"yaw" : -1.9472289398650338,
	"z" : 0.31993899999999997
}
