{
	"pitch" : 1.4390239682693251,
	"roll" : -0.82660538703703546,
	"x" : 0.068991999999999998,
	"y" : -0.025169,
	"yaw" : -1.1940844610444417,
	"z" : 0.227826
}
