{
	"pitch" : 0.77524034715084156,
	"roll" : -3.0785513610077579,
	"x" : 0.20884900000000001,
	"y" : -0.18507599999999999,
	"yaw" : 2.1125988864914969,
	"z" : 0.11261699999999999
}
