{
	"pitch" : 1.1607312190388288,
	"roll" : -2.4819803693835767,
	"x" : 0.29820600000000003,
	"y" : -0.21489800000000001,
	"yaw" : 2.7684063529283653,
	"z" : 0.14444000000000001
}
