{
	"pitch" : 0.86734137177858228,
	"roll" : -2.7716003054595149,
	"x" : 0.25505499999999998,
	"y" : -0.21165300000000001,
	"yaw" : 2.6672296161902542,
	"z" : 0.12672900000000001
}
