{
	"pitch" : 0.74843208984020848,
	"roll" : -2.8771927252051723,
	"x" : 0.240144,
	"y" : -0.19690299999999999,
	"yaw" : 2.6274535625373034,
	"z" : 0.133989
}
