{
	"pitch" : 0.77386153704176597,
	"roll" : -3.0492821894518132,
	"x" : 0.209008,
	"y" : -0.18506700000000001,
	"yaw" : 2.1566335435193138,
	"z" : 0.112678
}
