{
	"pitch" : 1.3791068150483594,
	"roll" : -2.5418102561419422,
	"x" : 0.270422,
	"y" : -0.21429999999999999,
	"yaw" : 2.4875130631123974,
	"z" : 0.14745
}
