{
	"pitch" : 0.82081089392041351,
	"roll" : 2.9970968448171829,
	"x" : 0.204565,
	"y" : -0.17849300000000001,
	"yaw" : 1.9019725523608211,
	"z" : 0.14683099999999999
}
