{
	"pitch" : 1.4053914735833934,
	"roll" : -2.9612303286886994,
	"x" : 0.048243000000000001,
	"y" : 0.0036809999999999998,
	"yaw" : 3.0603301236169371,
	"z" : 0.29795300000000002
}
