{
	"pitch" : 0.89657563674948682,
	"roll" : -2.8631253714340978,
	"x" : 0.32147999999999999,
	"y" : -0.21579599999999999,
	"yaw" : 2.6787836958384568,
	"z" : 0.13778499999999999
}
