{
	"pitch" : 0.77537997349100107,
	"roll" : 3.1106654192444538,
	"x" : 0.20637800000000001,
	"y" : -0.184283,
	"yaw" : 1.9637397545889002,
	"z" : 0.119853
}
