{
	"pitch" : 1.4496704767064883,
	"roll" : -0.52026519672698956,
	"x" : 0.073313000000000003,
	"y" : -0.0091039999999999992,
	"yaw" : -0.70263465026787719,
	"z" : 0.229268
}
