{
	"pitch" : 1.0402511407736603,
	"roll" : 2.8262640176319769,
	"x" : 0.18316499999999999,
	"y" : -0.17252999999999999,
	"yaw" : 1.7058324510216976,
	"z" : 0.198299
}
