{
	"pitch" : 1.2190426693479597,
	"roll" : -2.7376711048007452,
	"x" : 0.25189099999999998,
	"y" : -0.23582400000000001,
	"yaw" : 2.2927866784673911,
	"z" : 0.13286400000000001
}
