{
	"pitch" : 0.74619806839765546,
	"roll" : -2.3600167612542124,
	"x" : 0.25114199999999998,
	"y" : -0.17418500000000001,
	"yaw" : 2.8993758599980204,
	"z" : 0.145868
}
