{
	"pitch" : 0.93649131674259734,
	"roll" : -2.9421538799644011,
	"x" : 0.30206499999999997,
	"y" : -0.237013,
	"yaw" : 2.35762566017898,
	"z" : 0.14518500000000001
}
