{
	"pitch" : 1.3617058824059756,
	"roll" : -1.0685952878260483,
	"x" : 0.068334000000000006,
	"y" : -0.025024999999999999,
	"yaw" : -1.4424099070181935,
	"z" : 0.232353
}
