{
	"pitch" : 1.0657678544378175,
	"roll" : -2.1246242050377369,
	"x" : 0.17585999999999999,
	"y" : -0.10549699999999999,
	"yaw" : -2.7704483881531994,
	"z" : 0.30940899999999999
}
