{
	"pitch" : 0.87767372095038831,
	"roll" : -2.7593306408179954,
	"x" : 0.26123400000000002,
	"y" : -0.21632199999999999,
	"yaw" : 2.6788709623010565,
	"z" : 0.13052800000000001
}
