{
	"pitch" : 0.99803162616791707,
	"roll" : 3.07474654323841,
	"x" : 0.28136699999999998,
	"y" : -0.19809299999999999,
	"yaw" : 2.1079563106811916,
	"z" : 0.13517399999999999
}
