{
	"pitch" : 1.2458858332436324,
	"roll" : -2.7677954876901674,
	"x" : 0.249137,
	"y" : -0.23883399999999999,
	"yaw" : 2.1792879172101998,
	"z" : 0.139241
}
