{
	"pitch" : 1.0054841820739335,
	"roll" : 3.0793193058786352,
	"x" : 0.28122900000000001,
	"y" : -0.1988,
	"yaw" : 2.1103823183414634,
	"z" : 0.13564200000000001
}
