{
	"pitch" : 1.0313848681735291,
	"roll" : -2.5015106037133927,
	"x" : 0.187862,
	"y" : -0.12472900000000001,
	"yaw" : 2.9623647927024952,
	"z" : 0.29896899999999998
}
