{
	"pitch" : 1.2509996479519758,
	"roll" : -2.6782950036478987,
	"x" : 0.26190400000000003,
	"y" : -0.22880400000000001,
	"yaw" : 2.3087738944156597,
	"z" : 0.142402
}
