{
	"pitch" : 1.0826102817195626,
	"roll" : -2.8594776332974301,
	"x" : 0.257853,
	"y" : -0.225548,
	"yaw" : 2.3305730567730683,
	"z" : 0.11860900000000001
}
