{
	"pitch" : 0.96635390024422052,
	"roll" : 3.0613249612905742,
	"x" : 0.28204499999999999,
	"y" : -0.19517499999999999,
	"yaw" : 2.1117087685729787,
	"z" : 0.133355
}
