{
	"pitch" : 0.73022830574190767,
	"roll" : -2.3518311670623593,
	"x" : 0.176175,
	"y" : -0.123541,
	"yaw" : -3.1405803626236368,
	"z" : 0.219441
}
