{
	"pitch" : 1.0480004026525149,
	"roll" : -1.2528846035441294,
	"x" : 0.074258000000000005,
	"y" : -0.039959000000000001,
	"yaw" : -1.7821556992114096,
	"z" : 0.31635799999999997
}
