{
	"pitch" : 0.92139421871284677,
	"roll" : -2.7902753284558548,
	"x" : 0.27199899999999999,
	"y" : -0.21523999999999999,
	"yaw" : 2.6332131490688853,
	"z" : 0.13667199999999999
}
