{
	"pitch" : 1.2393757551336939,
	"roll" : -2.8502099349693406,
	"x" : 0.25149500000000002,
	"y" : -0.212807,
	"yaw" : 1.9739324774205471,
	"z" : 0.135521
}
