{
	"pitch" : 0.84562947588377269,
	"roll" : 3.0457217177777447,
	"x" : 0.20341899999999999,
	"y" : -0.18273400000000001,
	"yaw" : 1.9110308111786714,
	"z" : 0.14238300000000001
}
