{
	"pitch" : 0.98916535356778645,
	"roll" : -3.0259122307676094,
	"x" : 0.26551399999999997,
	"y" : -0.222224,
	"yaw" : 2.2325902725661066,
	"z" : 0.113889
}
