{
	"pitch" : 0.83236497356861594,
	"roll" : -2.4319417797288989,
	"x" : 0.25048100000000001,
	"y" : -0.200299,
	"yaw" : 2.733779020568798,
	"z" : 0.13006200000000001
}
