{
	"pitch" : 1.1671889372712074,
	"roll" : -2.8079380604860376,
	"x" : 0.25169799999999998,
	"y" : -0.21076500000000001,
	"yaw" : 2.0701699323755141,
	"z" : 0.12857099999999999
}
