{
	"pitch" : 1.0238624990974337,
	"roll" : -2.3790408501009508,
	"x" : 0.21582599999999999,
	"y" : -0.130629,
	"yaw" : -3.100367976657687,
	"z" : 0.299788
}
