{
	"pitch" : 1.1250566891280644,
	"roll" : -2.9073520146796343,
	"x" : 0.25321500000000002,
	"y" : -0.20847099999999999,
	"yaw" : 1.9927645800495655,
	"z" : 0.12403699999999999
}
