{
	"pitch" : 0.93294829836104898,
	"roll" : -2.9691017636151935,
	"x" : 0.30257499999999998,
	"y" : -0.236261,
	"yaw" : 2.3365246295223687,
	"z" : 0.14466100000000001
}
