{
	"pitch" : 1.3869433433898148,
	"roll" : -2.7984434693551883,
	"x" : 0.25683099999999998,
	"y" : -0.21316199999999999,
	"yaw" : 2.0626650165919402,
	"z" : 0.145427
}
