{
	"pitch" : 0.87304859843260363,
	"roll" : -2.6049562684790963,
	"x" : 0.29177700000000001,
	"y" : -0.23558100000000001,
	"yaw" : 2.7462406714280378,
	"z" : 0.14024900000000001
}
