{
	"pitch" : 0.72877968246275227,
	"roll" : -2.3435757597004256,
	"x" : 0.175395,
	"y" : -0.12274599999999999,
	"yaw" : -3.124313893995049,
	"z" : 0.22132099999999999
}
