{
	"pitch" : 1.1739084548913858,
	"roll" : -2.7933820145244046,
	"x" : 0.25286799999999998,
	"y" : -0.21180399999999999,
	"yaw" : 2.0817763719012756,
	"z" : 0.130166
}
