{
	"pitch" : 0.73733179579752472,
	"roll" : -2.3262620935206422,
	"x" : 0.173294,
	"y" : -0.121265,
	"yaw" : -3.0995127653242101,
	"z" : 0.22608400000000001
}
