{
	"pitch" : 1.3628228931272519,
	"roll" : -2.3776096801143152,
	"x" : 0.27385500000000002,
	"y" : -0.21374199999999999,
	"yaw" : 2.6873707157582687,
	"z" : 0.14854999999999999
}
