{
	"pitch" : 1.0681764088055696,
	"roll" : -2.8832141111245524,
	"x" : 0.25987700000000002,
	"y" : -0.22479399999999999,
	"yaw" : 2.3264366264458416,
	"z" : 0.11781
}
