{
	"pitch" : 0.77161006230669282,
	"roll" : 3.1165297255311546,
	"x" : 0.20630699999999999,
	"y" : -0.18440999999999999,
	"yaw" : 1.9670384268751691,
	"z" : 0.118185
}
