{
	"pitch" : 0.93427474859256476,
	"roll" : -2.9640577620769299,
	"x" : 0.30320599999999998,
	"y" : -0.23652599999999999,
	"yaw" : 2.3614479312408476,
	"z" : 0.14480399999999999
}
