{
	"pitch" : 0.96117027236579722,
	"roll" : -2.9016447880256129,
	"x" : 0.28143499999999999,
	"y" : -0.203287,
	"yaw" : 2.5220182224243262,
	"z" : 0.13772799999999999
}
