{
	"pitch" : 1.1046886967572911,
	"roll" : -2.9891730500131284,
	"x" : 0.25803999999999999,
	"y" : -0.20869599999999999,
	"yaw" : 1.9283968372360147,
	"z" : 0.123783
}
