{
	"pitch" : 1.1004649999674647,
	"roll" : -1.818266561435173,
	"x" : 0.137762,
	"y" : -0.07911,
	"yaw" : -2.3908916357219927,
	"z" : 0.31861899999999999
}
