{
	"pitch" : 0.75813612048129697,
	"roll" : -2.8521297971465334,
	"x" : 0.21498700000000001,
	"y" : -0.18346499999999999,
	"yaw" : 2.5268353311598304,
	"z" : 0.11415699999999999
}
