{
	"pitch" : 1.5201992317795836,
	"roll" : -2.2815816646695883,
	"x" : 0.063701999999999995,
	"y" : -0.031756,
	"yaw" : -2.7765919471202198,
	"z" : 0.23096900000000001
}
