{
	"pitch" : 1.3020330752802898,
	"roll" : -2.9340380989426276,
	"x" : 0.24212800000000001,
	"y" : -0.214445,
	"yaw" : 1.8054209381404938,
	"z" : 0.13619999999999999
}
