{
	"pitch" : 1.0342646614393201,
	"roll" : -1.1215485773315566,
	"x" : 0.056378999999999999,
	"y" : -0.023845000000000002,
	"yaw" : -1.5842179087427333,
	"z" : 0.28456900000000002
}
