{
	"pitch" : 1.0062870335298508,
	"roll" : 3.0797730914841539,
	"x" : 0.28123599999999999,
	"y" : -0.19884099999999999,
	"yaw" : 2.1106964776068224,
	"z" : 0.13570199999999999
}
