{
	"pitch" : 1.2034219725426103,
	"roll" : 1.3058553463421572,
	"x" : 0.091047000000000003,
	"y" : -0.066721000000000003,
	"yaw" : 0.68593184932629159,
	"z" : 0.34355400000000003
}
