{
	"pitch" : 1.3984101565754175,
	"roll" : -2.7822293606041617,
	"x" : 0.050886000000000001,
	"y" : -0.00019100000000000001,
	"yaw" : -3.0608013625149764,
	"z" : 0.29019299999999998
}
