{
	"pitch" : 0.76626935479559044,
	"roll" : -2.9430789044679582,
	"x" : 0.21109,
	"y" : -0.18460699999999999,
	"yaw" : 2.3394742359582392,
	"z" : 0.113207
}
