{
	"pitch" : 1.1701734502921184,
	"roll" : -2.7559796086541661,
	"x" : 0.210119,
	"y" : -0.11563900000000001,
	"yaw" : 2.8927436088404415,
	"z" : 0.32031100000000001
}
