{
	"pitch" : 0.87721993534486997,
	"roll" : -2.6764798612258245,
	"x" : 0.29914200000000002,
	"y" : -0.24011299999999999,
	"yaw" : 2.6517834523101045,
	"z" : 0.14605000000000001
}
