{
	"pitch" : 0.91395911609935032,
	"roll" : -2.8382369763006587,
	"x" : 0.32251099999999999,
	"y" : -0.21598700000000001,
	"yaw" : 2.6973714523721966,
	"z" : 0.139378
}
