{
	"pitch" : 0.72748813881627661,
	"roll" : -2.3730543707666101,
	"x" : 0.17894499999999999,
	"y" : -0.12537000000000001,
	"yaw" : 3.1098102079109764,
	"z" : 0.21363699999999999
}
