{
	"pitch" : 1.019080296946969,
	"roll" : -3.0934564728197893,
	"x" : 0.29028100000000001,
	"y" : -0.18940699999999999,
	"yaw" : 2.3193331363902248,
	"z" : 0.13811100000000001
}
