{
	"pitch" : 0.93471108090556332,
	"roll" : -2.9540744787555222,
	"x" : 0.30216599999999999,
	"y" : -0.23674200000000001,
	"yaw" : 2.3464730062587367,
	"z" : 0.14493400000000001
}
