{
	"pitch" : 1.245641487148353,
	"roll" : -2.7715653988744755,
	"x" : 0.24898799999999999,
	"y" : -0.238848,
	"yaw" : 2.1736679570187776,
	"z" : 0.139182
}
