{
	"pitch" : 0.80485858455718495,
	"roll" : 3.0935088326973497,
	"x" : 0.20491500000000001,
	"y" : -0.18423500000000001,
	"yaw" : 1.9439128142862445,
	"z" : 0.12767700000000001
}
