{
	"pitch" : 1.3022599680830493,
	"roll" : -2.9552263960618386,
	"x" : 0.242394,
	"y" : -0.214417,
	"yaw" : 1.7865364756339162,
	"z" : 0.13611799999999999
}
