{
	"pitch" : 0.70588096267658695,
	"roll" : -2.7561715948718852,
	"x" : 0.21985099999999999,
	"y" : -0.18118200000000001,
	"yaw" : 2.7491728245713882,
	"z" : 0.116453
}
