{
	"pitch" : 1.107097251125043,
	"roll" : -2.9847573670055829,
	"x" : 0.257826,
	"y" : -0.20888699999999999,
	"yaw" : 1.9294963946647714,
	"z" : 0.124041
}
