{
	"pitch" : 1.4293024843357174,
	"roll" : -0.50000192411133648,
	"x" : 0.047878999999999998,
	"y" : -0.016768999999999999,
	"yaw" : -0.96408497221662892,
	"z" : 0.309803
}
