{
	"pitch" : 1.116748921888572,
	"roll" : -2.9544759044834805,
	"x" : 0.25588100000000003,
	"y" : -0.20895900000000001,
	"yaw" : 1.9502832660560241,
	"z" : 0.124318
}
