{
	"pitch" : 1.2503887827137774,
	"roll" : -2.6895872839083017,
	"x" : 0.261125,
	"y" : -0.22969400000000001,
	"yaw" : 2.2944796478418255,
	"z" : 0.14221200000000001
}
