{
	"pitch" : 0.98331850057360537,
	"roll" : -3.0572583441334271,
	"x" : 0.26867600000000003,
	"y" : -0.21843599999999999,
	"yaw" : 2.2180865864820336,
	"z" : 0.11681900000000001
}
