{
	"pitch" : 0.9955881652151255,
	"roll" : 2.8192128874539204,
	"x" : 0.185363,
	"y" : -0.16916800000000001,
	"yaw" : 1.7339147986862868,
	"z" : 0.19511999999999999
}
