{
	"pitch" : 1.322854853256582,
	"roll" : -2.9051878064071612,
	"x" : 0.24124200000000001,
	"y" : -0.21495500000000001,
	"yaw" : 1.8238167084565149,
	"z" : 0.13813300000000001
}
