{
	"pitch" : 0.85877180515129004,
	"roll" : -2.6267379775439861,
	"x" : 0.297541,
	"y" : -0.24115900000000001,
	"yaw" : 2.6992389546718303,
	"z" : 0.146728
}
