{
	"pitch" : 1.1500847106016634,
	"roll" : -1.0739709019221906,
	"x" : 0.058334999999999998,
	"y" : -0.027584000000000001,
	"yaw" : -1.5469027693350943,
	"z" : 0.27248299999999998
}
