{
	"pitch" : 0.92217961687624417,
	"roll" : -2.7938358001299228,
	"x" : 0.27173000000000003,
	"y" : -0.21556700000000001,
	"yaw" : 2.627645548755023,
	"z" : 0.136657
}
