{
	"pitch" : 0.80496330431230501,
	"roll" : -2.2988604242643311,
	"x" : 0.16967399999999999,
	"y" : -0.113534,
	"yaw" : -3.009820295064221,
	"z" : 0.24087800000000001
}
