{
	"pitch" : 0.76576320931251196,
	"roll" : -2.924630774274378,
	"x" : 0.21168999999999999,
	"y" : -0.184532,
	"yaw" : 2.3738223156374874,
	"z" : 0.113425
}
