{
	"pitch" : 1.01257021883703,
	"roll" : -3.0972438372966171,
	"x" : 0.29038000000000003,
	"y" : -0.18904899999999999,
	"yaw" : 2.3185128316417871,
	"z" : 0.137679
}
