{
	"pitch" : 0.86690503946558362,
	"roll" : -2.7709719869287972,
	"x" : 0.254436,
	"y" : -0.21124399999999999,
	"yaw" : 2.6676484952107331,
	"z" : 0.12624299999999999
}
