{
	"pitch" : 0.77564177287880032,
	"roll" : -3.0921649291733138,
	"x" : 0.208786,
	"y" : -0.18507899999999999,
	"yaw" : 2.092283253998283,
	"z" : 0.112593
}
