{
	"pitch" : 1.110395923411313,
	"roll" : 2.1534570442806835,
	"x" : 0.151701,
	"y" : -0.128191,
	"yaw" : 1.2922941380541617,
	"z" : 0.28253400000000001
}
