{
	"pitch" : 1.1180230122425276,
	"roll" : -1.5130084752613644,
	"x" : 0.103695,
	"y" : -0.056570000000000002,
	"yaw" : -2.0420177715408454,
	"z" : 0.32062000000000002
}
