{
	"pitch" : 1.0877939095979858,
	"roll" : -2.8341005459734321,
	"x" : 0.25750200000000001,
	"y" : -0.226102,
	"yaw" : 2.3510108623139216,
	"z" : 0.11931899999999999
}
