{
	"pitch" : 1.19122212107117,
	"roll" : -2.8001887986071825,
	"x" : 0.25469999999999998,
	"y" : -0.23450599999999999,
	"yaw" : 2.2701846646540642,
	"z" : 0.13011500000000001
}
