{
	"pitch" : 1.2600753600623458,
	"roll" : -1.0744595941127488,
	"x" : 0.061606000000000001,
	"y" : -0.031029999999999999,
	"yaw" : -1.5504108811316026,
	"z" : 0.253222
}
