{
	"pitch" : 1.3679018012505564,
	"roll" : -2.8214294556039539,
	"x" : 0.25861600000000001,
	"y" : -0.21410899999999999,
	"yaw" : 2.0651084775447308,
	"z" : 0.14393300000000001
}
