{
	"pitch" : 0.98965404575834492,
	"roll" : -3.0136251128335689,
	"x" : 0.26434299999999999,
	"y" : -0.222774,
	"yaw" : 2.2412121990709588,
	"z" : 0.113068
}
