{
	"pitch" : 1.3703278089108266,
	"roll" : -2.8614847619372226,
	"x" : 0.246946,
	"y" : -0.21693899999999999,
	"yaw" : 1.9017980194356208,
	"z" : 0.143957
}
