{
	"pitch" : 1.3839588303689034,
	"roll" : -2.9050307267744815,
	"x" : 0.24723300000000001,
	"y" : -0.217112,
	"yaw" : 1.8599624772653172,
	"z" : 0.14494000000000001
}
