{
	"pitch" : 1.1299436110336489,
	"roll" : 2.0491387148889828,
	"x" : 0.14275199999999999,
	"y" : -0.113037,
	"yaw" : 1.2816825362020363,
	"z" : 0.29685899999999998
}
