{
	"pitch" : 1.0041228252573773,
	"roll" : 3.1405454560385966,
	"x" : 0.27687800000000001,
	"y" : -0.20683199999999999,
	"yaw" : 2.1559354118185157,
	"z" : 0.12916900000000001
}
