{
	"pitch" : 1.4688516451859097,
	"roll" : 0.21183061131455216,
	"x" : 0.039632000000000001,
	"y" : 0.0010709999999999999,
	"yaw" : -0.13634512116579736,
	"z" : 0.33783299999999999
}
