{
	"pitch" : 1.384796588409861,
	"roll" : -2.7933471079393644,
	"x" : 0.25802999999999998,
	"y" : -0.21373600000000001,
	"yaw" : 2.0805022815473206,
	"z" : 0.14552100000000001
}
