{
	"pitch" : 1.0018888038148253,
	"roll" : -1.1538895283710111,
	"x" : 0.060847999999999999,
	"y" : -0.033207,
	"yaw" : -1.6957444479451704,
	"z" : 0.31073600000000001
}
