{
	"pitch" : 1.4553427967754726,
	"roll" : -0.50019391032905514,
	"x" : 0.072484999999999994,
	"y" : -0.013304,
	"yaw" : -0.72951272074858986,
	"z" : 0.22892699999999999
}
