{
	"pitch" : 0.77440258910988402,
	"roll" : -3.0666656688016767,
	"x" : 0.20884900000000001,
	"y" : -0.18507599999999999,
	"yaw" : 2.1295983934059204,
	"z" : 0.11261699999999999
}
