{
	"pitch" : 0.86289078218599635,
	"roll" : 3.0673987070875142,
	"x" : 0.20319599999999999,
	"y" : -0.18515499999999999,
	"yaw" : 1.9137709781043024,
	"z" : 0.141518
}
