{
	"pitch" : 0.87617273779367355,
	"roll" : -2.7635194310227815,
	"x" : 0.25994699999999998,
	"y" : -0.21526699999999999,
	"yaw" : 2.6752930373344679,
	"z" : 0.129936
}
