{
	"pitch" : 0.86713193226834251,
	"roll" : 3.060434843372057,
	"x" : 0.20313600000000001,
	"y" : -0.18496599999999999,
	"yaw" : 1.909268028634157,
	"z" : 0.14330999999999999
}
