{
	"pitch" : 0.98558742860119786,
	"roll" : -3.056996544745628,
	"x" : 0.26794299999999999,
	"y" : -0.21942,
	"yaw" : 2.2137407166445677,
	"z" : 0.117106
}
