{
	"pitch" : 0.91724033509310043,
	"roll" : -2.9530621877893659,
	"x" : 0.31181700000000001,
	"y" : -0.226823,
	"yaw" : 2.4902008701604696,
	"z" : 0.142621
}
