{
	"pitch" : 1.308595513267788,
	"roll" : -0.99352867669777256,
	"x" : 0.065366999999999995,
	"y" : -0.024364,
	"yaw" : -1.3803634521097954,
	"z" : 0.24957099999999999
}
