{
	"pitch" : 1.0826102817195624,
	"roll" : -2.6404737187571814,
	"x" : 0.221105,
	"y" : -0.12595899999999999,
	"yaw" : 2.96712954156044,
	"z" : 0.302761
}
