{
	"pitch" : 1.0633767533625853,
	"roll" : -2.529488231622862,
	"x" : 0.192158,
	"y" : -0.12359199999999999,
	"yaw" : 2.9649129734104074,
	"z" : 0.30590699999999998
}
