{
	"pitch" : 0.94457219117933111,
	"roll" : -2.8869665690163404,
	"x" : 0.31995000000000001,
	"y" : -0.21951999999999999,
	"yaw" : 2.5733483557254795,
	"z" : 0.140793
}
