{
	"pitch" : 1.1548145528745681,
	"roll" : -2.9015749748555328,
	"x" : 0.26727099999999998,
	"y" : -0.21493000000000001,
	"yaw" : 2.0946743550735145,
	"z" : 0.132132
}
