{
	"pitch" : 0.74734998570397182,
	"roll" : -2.8804390376138818,
	"x" : 0.24016000000000001,
	"y" : -0.1968,
	"yaw" : 2.6243817830537939,
	"z" : 0.133907
}
