{
	"pitch" : 0.86741118494866165,
	"roll" : -2.7687728720712848,
	"x" : 0.25391599999999998,
	"y" : -0.21141399999999999,
	"yaw" : 2.6639658504890247,
	"z" : 0.123943
}
