{
	"pitch" : 0.82540110985315851,
	"roll" : 2.9698871617785914,
	"x" : 0.20454900000000001,
	"y" : -0.176928,
	"yaw" : 1.8904882858826979,
	"z" : 0.15223800000000001
}
