{
	"pitch" : 0.82285292914524677,
	"roll" : 2.9821044665425513,
	"x" : 0.20458399999999999,
	"y" : -0.17761399999999999,
	"yaw" : 1.8958289933938006,
	"z" : 0.14973600000000001
}
