{
	"pitch" : 1.2111886877139852,
	"roll" : -2.7679874739078869,
	"x" : 0.25385000000000002,
	"y" : -0.23513200000000001,
	"yaw" : 2.28379823281962,
	"z" : 0.132073
}
