{
	"pitch" : 1.0340377686365603,
	"roll" : -2.2412994655335581,
	"x" : 0.195213,
	"y" : -0.118114,
	"yaw" : -2.9226410989271048,
	"z" : 0.30327599999999999
}
