{
	"pitch" : 0.85165086180315319,
	"roll" : 3.0793716657561956,
	"x" : 0.20338200000000001,
	"y" : -0.18528700000000001,
	"yaw" : 1.9228466902146732,
	"z" : 0.13777700000000001
}
