{
	"pitch" : 1.0218902770426801,
	"roll" : -2.3715359343173747,
	"x" : 0.21587600000000001,
	"y" : -0.130662,
	"yaw" : -3.0921823824658339,
	"z" : 0.29992000000000002
}
