{
	"pitch" : 0.7387629657841599,
	"roll" : -2.4180664121755435,
	"x" : 0.189164,
	"y" : -0.132299,
	"yaw" : 3.0165398126843996,
	"z" : 0.20205500000000001
}
