{
	"pitch" : 1.2060574197131217,
	"roll" : -2.7914446990546904,
	"x" : 0.26959699999999998,
	"y" : -0.21657299999999999,
	"yaw" : 2.2251202633675708,
	"z" : 0.13750499999999999
}
