{
	"pitch" : 1.0037039462368991,
	"roll" : -3.1079252523188226,
	"x" : 0.29183700000000001,
	"y" : -0.188973,
	"yaw" : 2.3144462144846405,
	"z" : 0.13808500000000001
}
