{
	"pitch" : 1.2574224595993146,
	"roll" : -2.751965351374579,
	"x" : 0.25570100000000001,
	"y" : -0.23571900000000001,
	"yaw" : 2.206392880493671,
	"z" : 0.142045
}
