{
	"pitch" : 0.96160660467879588,
	"roll" : 3.0766140455380442,
	"x" : 0.28342600000000001,
	"y" : -0.19322900000000001,
	"yaw" : 2.1469818727557848,
	"z" : 0.13294300000000001
}
