{
	"pitch" : 0.72984433330646903,
	"roll" : -2.3553916387364278,
	"x" : 0.17668700000000001,
	"y" : -0.123797,
	"yaw" : 3.1381369016708445,
	"z" : 0.21851499999999999
}
