{
	"pitch" : 1.1227703078079523,
	"roll" : -2.9686479780096753,
	"x" : 0.26351400000000003,
	"y" : -0.21207899999999999,
	"yaw" : 1.9843171864699132,
	"z" : 0.12826199999999999
}
