{
	"pitch" : 1.2889954657678921,
	"roll" : -2.3434884932378264,
	"x" : 0.28762399999999999,
	"y" : -0.212143,
	"yaw" : 2.8377133775250605,
	"z" : 0.14868000000000001
}
