{
	"pitch" : 0.94247779607693782,
	"roll" : 2.8099102825407907,
	"x" : 0.19772600000000001,
	"y" : -0.17174200000000001,
	"yaw" : 1.7687515705560934,
	"z" : 0.19356699999999999
}
