{
	"pitch" : 1.2898157705163291,
	"roll" : -1.0474418972918769,
	"x" : 0.062730999999999995,
	"y" : -0.030027000000000002,
	"yaw" : -1.5049799607021901,
	"z" : 0.25035400000000002
}
