{
	"pitch" : 0.91404638256195037,
	"roll" : -2.9468837222373057,
	"x" : 0.312502,
	"y" : -0.22611400000000001,
	"yaw" : 2.5050885286799813,
	"z" : 0.14178099999999999
}
