{
	"pitch" : 1.4975972179662556,
	"roll" : -0.80566143601310303,
	"x" : 0.056994999999999997,
	"y" : -0.024878000000000001,
	"yaw" : -1.283096252896152,
	"z" : 0.27332000000000001
}
