{
	"pitch" : 0.934745987490603,
	"roll" : -2.9667281158324812,
	"x" : 0.30221500000000001,
	"y" : -0.23660999999999999,
	"yaw" : 2.3324929189502619,
	"z" : 0.144813
}
