{
	"pitch" : 1.4658496788724782,
	"roll" : -0.46448447383325148,
	"x" : 0.070466000000000001,
	"y" : -0.020858000000000002,
	"yaw" : -0.7795513104032683,
	"z" : 0.22825000000000001
}
