{
	"pitch" : 0.93546157248392081,
	"roll" : -2.9595548126067843,
	"x" : 0.30216599999999999,
	"y" : -0.23674100000000001,
	"yaw" : 2.3396662221759588,
	"z" : 0.14493300000000001
}
