{
	"pitch" : 0.76141733947504608,
	"roll" : -2.8845405613560682,
	"x" : 0.21313799999999999,
	"y" : -0.18412600000000001,
	"yaw" : 2.452466851732352,
	"z" : 0.113778
}
