{
	"pitch" : 0.96052450054255933,
	"roll" : 2.7797335397738085,
	"x" : 0.19519600000000001,
	"y" : -0.169957,
	"yaw" : 1.7441947879805333,
	"z" : 0.19986899999999999
}
