{
	"pitch" : 0.75141660286111889,
	"roll" : -2.8056691324584442,
	"x" : 0.217086,
	"y" : -0.18276200000000001,
	"yaw" : 2.6235789315978764,
	"z" : 0.114705
}
