{
	"pitch" : 0.84871870865980259,
	"roll" : -2.6680673742312115,
	"x" : 0.254498,
	"y" : -0.215728,
	"yaw" : 2.7479336408024722,
	"z" : 0.115034
}
