{
	"pitch" : 0.85650287712369721,
	"roll" : -2.6264412715711472,
	"x" : 0.29840899999999998,
	"y" : -0.240286,
	"yaw" : 2.7094840373810367,
	"z" : 0.14660100000000001
}
