{
	"pitch" : 0.67989301011439118,
	"roll" : -2.825862591904019,
	"x" : 0.22356400000000001,
	"y" : -0.18032100000000001,
	"yaw" : 2.7175300052327311,
	"z" : 0.117329
}
