{
	"pitch" : 1.357586905371269,
	"roll" : -2.8196841263519592,
	"x" : 0.26010499999999998,
	"y" : -0.21619099999999999,
	"yaw" : 2.090974257059286,
	"z" : 0.14349500000000001
}
