{
	"pitch" : 1.2212068776204323,
	"roll" : 0.86268134267575713,
	"x" : 0.065133999999999997,
	"y" : -0.045943999999999999,
	"yaw" : 0.27900833422381344,
	"z" : 0.35624600000000001
}
