{
	"pitch" : 1.3771869528711653,
	"roll" : -2.5910983542182624,
	"x" : 0.26876699999999998,
	"y" : -0.21470600000000001,
	"yaw" : 2.4190961564342208,
	"z" : 0.146839
}
