{
	"pitch" : 1.1886215804856983,
	"roll" : -2.8017945015190175,
	"x" : 0.21010999999999999,
	"y" : -0.106574,
	"yaw" : 2.9417873608214822,
	"z" : 0.31235600000000002
}
