{
	"pitch" : 0.94666658628172451,
	"roll" : -2.5876251490067927,
	"x" : 0.273561,
	"y" : -0.235346,
	"yaw" : 2.612426277677633,
	"z" : 0.13556499999999999
}
