{
	"pitch" : 0.73412038997385509,
	"roll" : -2.7653520267373759,
	"x" : 0.21773999999999999,
	"y" : -0.18199199999999999,
	"yaw" : 2.6997276468623888,
	"z" : 0.115624
}
