{
	"pitch" : 1.4668794231311548,
	"roll" : -0.54585172356122713,
	"x" : 0.053280000000000001,
	"y" : -0.021987,
	"yaw" : -1.0215237578997616,
	"z" : 0.28952099999999997
}
