{
	"pitch" : 1.0845126906042364,
	"roll" : -1.3432402989198766,
	"x" : 0.085364999999999996,
	"y" : -0.045797999999999998,
	"yaw" : -1.8664027422051765,
	"z" : 0.31876700000000002
}
