{
	"pitch" : 1.2182398178920419,
	"roll" : 1.0257823612746273,
	"x" : 0.074633000000000005,
	"y" : -0.053953000000000001,
	"yaw" : 0.42723914759569198,
	"z" : 0.352439
}
