{
	"pitch" : 0.70163981259424058,
	"roll" : -2.7654916530775351,
	"x" : 0.21982499999999999,
	"y" : -0.18046499999999999,
	"yaw" : 2.7462057648429981,
	"z" : 0.11648799999999999
}
