{
	"pitch" : 1.3110913340981407,
	"roll" : -0.99705424178680091,
	"x" : 0.065745999999999999,
	"y" : -0.023942000000000001,
	"yaw" : -1.377553472014085,
	"z" : 0.24854799999999999
}
