{
	"pitch" : 1.0645112173763815,
	"roll" : -2.5733134491404392,
	"x" : 0.22234300000000001,
	"y" : -0.129244,
	"yaw" : 3.0134156733233297,
	"z" : 0.30044399999999999
}
