{
	"pitch" : 1.3808870508853941,
	"roll" : -2.8570341723446377,
	"x" : 0.24710399999999999,
	"y" : -0.217108,
	"yaw" : 1.9074354329195635,
	"z" : 0.14488500000000001
}
