{
	"pitch" : 0.91856678532461566,
	"roll" : -2.535945949855241,
	"x" : 0.27005200000000001,
	"y" : -0.23428099999999999,
	"yaw" : 2.6606497249102357,
	"z" : 0.13353200000000001
}
