{
	"pitch" : 0.99881702433131503,
	"roll" : -1.1399268943550567,
	"x" : 0.059079,
	"y" : -0.032086000000000003,
	"yaw" : -1.6807346163780197,
	"z" : 0.30937100000000001
}
