{
	"pitch" : 1.0356434715483953,
	"roll" : -2.229309053572357,
	"x" : 0.19334299999999999,
	"y" : -0.11727799999999999,
	"yaw" : -2.9109473929387426,
	"z" : 0.30382900000000002
}
