{
	"pitch" : 0.99218477317373677,
	"roll" : -3.0641349413862851,
	"x" : 0.290128,
	"y" : -0.19155,
	"yaw" : 2.3615351977034478,
	"z" : 0.13872300000000001
}
