{
	"pitch" : 0.93225016666025129,
	"roll" : -2.9691192169077136,
	"x" : 0.302485,
	"y" : -0.23627400000000001,
	"yaw" : 2.335459978678653,
	"z" : 0.14461199999999999
}
