{
	"pitch" : 1.38837451337645,
	"roll" : -2.8509429732551776,
	"x" : 0.25110700000000002,
	"y" : -0.215755,
	"yaw" : 1.9570900501388022,
	"z" : 0.14527799999999999
}
