{
	"pitch" : 1.1061024134514064,
	"roll" : -2.9958402077557467,
	"x" : 0.261851,
	"y" : -0.210144,
	"yaw" : 1.9412948204082523,
	"z" : 0.12547
}
