{
	"pitch" : 1.2496906510129806,
	"roll" : -2.6705108351840035,
	"x" : 0.26243300000000003,
	"y" : -0.22819700000000001,
	"yaw" : 2.3192807765126644,
	"z" : 0.142402
}
