{
	"pitch" : 1.3064662115803556,
	"roll" : 0.44872415068774213,
	"x" : 0.041474999999999998,
	"y" : -0.013051,
	"yaw" : -0.0013264502315158391,
	"z" : 0.35255500000000001
}
