{
	"pitch" : 1.488189893298004,
	"roll" : -2.7298171231667703,
	"x" : 0.065572000000000005,
	"y" : -0.033234,
	"yaw" : 3.0577993962015455,
	"z" : 0.21285799999999999
}
