{
	"pitch" : 1.5127815824586031,
	"roll" : -2.4743881871374009,
	"x" : 0.064500000000000002,
	"y" : -0.033225999999999999,
	"yaw" : -2.9773746242696473,
	"z" : 0.222221
}
