{
	"pitch" : 1.2512789006322946,
	"roll" : 0.6184748737367104,
	"x" : 0.050305000000000002,
	"y" : -0.027997999999999999,
	"yaw" : 0.098471476397520089,
	"z" : 0.35725800000000002
}
