{
	"pitch" : 1.2026191210866926,
	"roll" : -2.8011312764032592,
	"x" : 0.25556800000000002,
	"y" : -0.201677,
	"yaw" : 2.0252277041366602,
	"z" : 0.132715
}
