{
	"pitch" : 1.4668270632535929,
	"roll" : -0.52677527483692854,
	"x" : 0.069228999999999999,
	"y" : -0.02452,
	"yaw" : -0.88463758466584574,
	"z" : 0.22789200000000001
}
