{
	"pitch" : 0.79660317719525175,
	"roll" : -2.2941305819914262,
	"x" : 0.16960500000000001,
	"y" : -0.113498,
	"yaw" : -3.0021757529404862,
	"z" : 0.24074000000000001
}
