{
	"pitch" : 0.96331702734575064,
	"roll" : 3.0632273701752477,
	"x" : 0.28250399999999998,
	"y" : -0.19442100000000001,
	"yaw" : 2.1196500166695538,
	"z" : 0.13312099999999999
}
