{
	"pitch" : 0.7448018049960603,
	"roll" : -2.3636994059759204,
	"x" : 0.25115399999999999,
	"y" : -0.17574500000000001,
	"yaw" : 2.8934766471262789,
	"z" : 0.14228199999999999
}
