{
	"pitch" : 1.2126024044080996,
	"roll" : -2.7854931263053904,
	"x" : 0.25744499999999998,
	"y" : -0.198875,
	"yaw" : 2.0451768174869551,
	"z" : 0.133686
}
