{
	"pitch" : 1.1165743889633726,
	"roll" : -2.9390471938958513,
	"x" : 0.25461099999999998,
	"y" : -0.20844799999999999,
	"yaw" : 1.9652581910381353,
	"z" : 0.123699
}
