{
	"pitch" : 0.80149009910083591,
	"roll" : 3.0935611925749091,
	"x" : 0.20507600000000001,
	"y" : -0.18413499999999999,
	"yaw" : 1.9449774651299609,
	"z" : 0.12709400000000001
}
