{
	"pitch" : 0.75305721235799339,
	"roll" : -2.8134183943372992,
	"x" : 0.216862,
	"y" : -0.18282799999999999,
	"yaw" : 2.6093719514866422,
	"z" : 0.114635
}
