{
	"pitch" : 0.842103910794744,
	"roll" : -2.6699872364084056,
	"x" : 0.253473,
	"y" : -0.21496999999999999,
	"yaw" : 2.7398876729507786,
	"z" : 0.118648
}
