{
	"pitch" : 1.3829116328177069,
	"roll" : -2.8962168140519098,
	"x" : 0.24710399999999999,
	"y" : -0.217108,
	"yaw" : 1.8675372062189717,
	"z" : 0.14488500000000001
}
