{
	"pitch" : 0.70027845577768477,
	"roll" : -2.7674464218397685,
	"x" : 0.21979399999999999,
	"y" : -0.18030499999999999,
	"yaw" : 2.7455250864347196,
	"z" : 0.11635
}
