{
	"pitch" : 0.84439029211485661,
	"roll" : -2.6656762731559795,
	"x" : 0.25397999999999998,
	"y" : -0.21526000000000001,
	"yaw" : 2.7457694325299991,
	"z" : 0.11698600000000001
}
