{
	"pitch" : 0.79607957841965338,
	"roll" : -2.2931008377327498,
	"x" : 0.169491,
	"y" : -0.11361300000000001,
	"yaw" : -3.0030135109814435,
	"z" : 0.24076700000000001
}
