{
	"pitch" : 0.857602434552454,
	"roll" : 3.0730884804490155,
	"x" : 0.203289,
	"y" : -0.185221,
	"yaw" : 1.9180993946492484,
	"z" : 0.13975299999999999
}
