{
	"pitch" : 0.96438167818946696,
	"roll" : -2.9237406563558608,
	"x" : 0.28218900000000002,
	"y" : -0.20217299999999999,
	"yaw" : 2.4982119314271234,
	"z" : 0.13770099999999999
}
