{
	"pitch" : 1.1934561425137225,
	"roll" : -2.7947957312185197,
	"x" : 0.25504300000000002,
	"y" : -0.23418600000000001,
	"yaw" : 2.2762235038659648,
	"z" : 0.130355
}
