{
	"pitch" : 1.5514057188052295,
	"roll" : -0.81663955700814039,
	"x" : 0.041595,
	"y" : 0.003359,
	"yaw" : -1.1330153905171532,
	"z" : 0.328768
}
