{
	"pitch" : 1.0412808850323367,
	"roll" : -2.9078756134552326,
	"x" : 0.25997799999999999,
	"y" : -0.22383800000000001,
	"yaw" : 2.3148825467976399,
	"z" : 0.115582
}
