{
	"pitch" : 0.82948518030282503,
	"roll" : 3.092007849540634,
	"x" : 0.20377999999999999,
	"y" : -0.18492400000000001,
	"yaw" : 1.9355177805841515,
	"z" : 0.13209099999999999
}
