{
	"pitch" : 1.4669492363012344,
	"roll" : -0.46087164228162331,
	"x" : 0.070220000000000005,
	"y" : -0.021628999999999999,
	"yaw" : -0.78482220474429154,
	"z" : 0.22817599999999999
}
