{
	"pitch" : 1.227926395240611,
	"roll" : 0.80557416955050276,
	"x" : 0.061698999999999997,
	"y" : -0.041980999999999997,
	"yaw" : 0.23537510292395508,
	"z" : 0.35690300000000003
}
