{
	"pitch" : 1.0006321667533891,
	"roll" : -3.1085535708495406,
	"x" : 0.29145300000000002,
	"y" : -0.18919800000000001,
	"yaw" : 2.3146905605799204,
	"z" : 0.13834299999999999
}
