{
	"pitch" : 0.8020486044614743,
	"roll" : -2.3001345146182874,
	"x" : 0.16963800000000001,
	"y" : -0.113857,
	"yaw" : -3.0145675906296461,
	"z" : 0.241456
}
