{
	"pitch" : 0.79792962742676754,
	"roll" : -2.2924376126169923,
	"x" : 0.16967399999999999,
	"y" : -0.113534,
	"yaw" : -3.0008493027089704,
	"z" : 0.24087800000000001
}
