{
	"pitch" : 1.18504365551911,
	"roll" : -2.7841492227813549,
	"x" : 0.25122699999999998,
	"y" : -0.21223900000000001,
	"yaw" : 2.0601691957615871,
	"z" : 0.13151099999999999
}
