{
	"pitch" : 0.82985169944574355,
	"roll" : -2.4197768348424984,
	"x" : 0.21964600000000001,
	"y" : -0.15568499999999999,
	"yaw" : 2.8466145567102314,
	"z" : 0.196489
}
