{
	"pitch" : 0.85531605323234117,
	"roll" : 2.9327116487111122,
	"x" : 0.203489,
	"y" : -0.17596600000000001,
	"yaw" : 1.8640290944224636,
	"z" : 0.162858
}
