{
	"pitch" : 1.1199079678346811,
	"roll" : -2.8527755689697711,
	"x" : 0.25162200000000001,
	"y" : -0.22876199999999999,
	"yaw" : 2.2474953843781376,
	"z" : 0.12116200000000001
}
