{
	"pitch" : 1.4422004675079536,
	"roll" : -0.68643799480936918,
	"x" : 0.047359999999999999,
	"y" : -0.013873999999999999,
	"yaw" : -1.1276397764210155,
	"z" : 0.31204300000000001
}
