{
	"pitch" : 0.95954711616144261,
	"roll" : -2.6085167401531648,
	"x" : 0.27538899999999999,
	"y" : -0.23565800000000001,
	"yaw" : 2.5981320311037988,
	"z" : 0.13653699999999999
}
