{
	"pitch" : 1.1533833828879327,
	"roll" : 1.8917972828216938,
	"x" : 0.12989899999999999,
	"y" : -0.097502000000000005,
	"yaw" : 1.1983430644193067,
	"z" : 0.31191600000000003
}
