{
	"pitch" : 1.3730156159588998,
	"roll" : -3.0324572154625882,
	"x" : 0.049971000000000002,
	"y" : 0.00349,
	"yaw" : 3.0011285553892901,
	"z" : 0.28993799999999997
}
