{
	"pitch" : 0.79663808378029166,
	"roll" : -2.2924550659095124,
	"x" : 0.16964599999999999,
	"y" : -0.11351899999999999,
	"yaw" : -3.0004653302735314,
	"z" : 0.24082200000000001
}
