{
	"pitch" : 1.0534807365037777,
	"roll" : -2.5162062760151853,
	"x" : 0.221415,
	"y" : -0.13093099999999999,
	"yaw" : 3.0527903012483217,
	"z" : 0.30005799999999999
}
