{
	"pitch" : 0.74392914037006319,
	"roll" : -2.8467716363429112,
	"x" : 0.23585,
	"y" : -0.19306300000000001,
	"yaw" : 2.6574034125015267,
	"z" : 0.13065499999999999
}
