{
	"pitch" : 1.323186465814461,
	"roll" : -1.0221346231379598,
	"x" : 0.066586000000000006,
	"y" : -0.024244999999999999,
	"yaw" : -1.4002427522900112,
	"z" : 0.24379200000000001
}
