{
	"pitch" : 1.0803762602770099,
	"roll" : -2.0450371911467959,
	"x" : 0.16481599999999999,
	"y" : -0.097961000000000006,
	"yaw" : -2.6690098520272887,
	"z" : 0.31253599999999998
}
