{
	"pitch" : 1.24972555759802,
	"roll" : -2.9104587007481841,
	"x" : 0.25011499999999998,
	"y" : -0.21460499999999999,
	"yaw" : 1.9035782552726552,
	"z" : 0.13592799999999999
}
