{
	"pitch" : 1.2288514197441676,
	"roll" : -2.839685599579814,
	"x" : 0.26260099999999997,
	"y" : -0.19463800000000001,
	"yaw" : 2.0180020410334043,
	"z" : 0.13474900000000001
}
