{
	"pitch" : 1.4623066604909301,
	"roll" : -2.0897001667053305,
	"x" : 0.05006,
	"y" : -0.0060920000000000002,
	"yaw" : -2.4356069711580863,
	"z" : 0.29991899999999999
}
