{
	"pitch" : 1.3394005745654884,
	"roll" : -2.9115582581769406,
	"x" : 0.245063,
	"y" : -0.216527,
	"yaw" : 1.8322641020361667,
	"z" : 0.14105300000000001
}
