{
	"pitch" : 1.1822336754233995,
	"roll" : -2.7544088123273718,
	"x" : 0.20943100000000001,
	"y" : -0.114195,
	"yaw" : 2.9062175506658381,
	"z" : 0.32251600000000002
}
