{
	"pitch" : 0.87945395678742277,
	"roll" : -2.4639511182104745,
	"x" : 0.25183499999999998,
	"y" : -0.213169,
	"yaw" : 2.661487482951193,
	"z" : 0.131164
}
