{
	"pitch" : 1.0570586614703656,
	"roll" : -2.5221578487644858,
	"x" : 0.19122500000000001,
	"y" : -0.124038,
	"yaw" : 2.9632898172060522,
	"z" : 0.30491200000000002
}
