{
	"pitch" : 0.87009899199673324,
	"roll" : 3.0621103594539716,
	"x" : 0.20302999999999999,
	"y" : -0.1852,
	"yaw" : 1.9088840561987179,
	"z" : 0.143507
}
