{
	"pitch" : 0.76347682799239958,
	"roll" : -2.3741713814878871,
	"x" : 0.25122299999999997,
	"y" : -0.18025099999999999,
	"yaw" : 2.8693736501562372,
	"z" : 0.137458
}
