{
	"pitch" : 0.74068282796135376,
	"roll" : -2.866214604210128,
	"x" : 0.23687800000000001,
	"y" : -0.19500000000000001,
	"yaw" : 2.6377684584165904,
	"z" : 0.13125200000000001
}
