{
	"pitch" : 1.1055090015057285,
	"roll" : -2.9823139060527906,
	"x" : 0.25732899999999997,
	"y" : -0.20860600000000001,
	"yaw" : 1.931782775984884,
	"z" : 0.123636
}
