{
	"pitch" : 0.962269829794554,
	"roll" : -2.9082595858906712,
	"x" : 0.28143299999999999,
	"y" : -0.203288,
	"yaw" : 2.5139198946950727,
	"z" : 0.13772699999999999
}
