{
	"pitch" : 0.8440761328494979,
	"roll" : -2.6691320250749282,
	"x" : 0.25329699999999999,
	"y" : -0.21504499999999999,
	"yaw" : 2.738212156868864,
	"z" : 0.119563
}
