{
	"pitch" : 1.2378747719769787,
	"roll" : -2.7986005489878676,
	"x" : 0.26395200000000002,
	"y" : -0.19050600000000001,
	"yaw" : 2.059418704183229,
	"z" : 0.13558000000000001
}
