{
	"pitch" : 1.0158165312457397,
	"roll" : -2.4901136036978699,
	"x" : 0.18604999999999999,
	"y" : -0.124681,
	"yaw" : 2.9675833271659586,
	"z" : 0.29474800000000001
}
