{
	"pitch" : 0.99649573642616274,
	"roll" : -3.0862482630090531,
	"x" : 0.29120099999999999,
	"y" : -0.190748,
	"yaw" : 2.3380256126790839,
	"z" : 0.139206
}
