{
	"pitch" : 1.0486112678907131,
	"roll" : 2.7517559118643393,
	"x" : 0.18102499999999999,
	"y" : -0.16834399999999999,
	"yaw" : 1.6605411569324446,
	"z" : 0.208597
}
