{
	"pitch" : 1.3857914260834978,
	"roll" : -2.893738446514079,
	"x" : 0.24743699999999999,
	"y" : -0.216887,
	"yaw" : 1.8784804206289776,
	"z" : 0.14486599999999999
}
