{
	"pitch" : 0.70050534858044433,
	"roll" : -2.7714955857043955,
	"x" : 0.220275,
	"y" : -0.180285,
	"yaw" : 2.7444953421760432,
	"z" : 0.11697100000000001
}
