{
	"pitch" : 0.99153900135049866,
	"roll" : -2.8803343178587619,
	"x" : 0.31654199999999999,
	"y" : -0.22394600000000001,
	"yaw" : 2.5052630616051803,
	"z" : 0.14352300000000001
}
