{
	"pitch" : 1.4420084812902354,
	"roll" : -0.8052425569926237,
	"x" : 0.068991999999999998,
	"y" : -0.025169,
	"yaw" : -1.1725470980748303,
	"z" : 0.227826
}
