{
	"pitch" : 0.86432195217263164,
	"roll" : -2.6217288825907623,
	"x" : 0.29652200000000001,
	"y" : -0.24205699999999999,
	"yaw" : 2.6849796146830367,
	"z" : 0.14720900000000001
}
