{
	"pitch" : 0.90713487872405263,
	"roll" : -2.9163055537423652,
	"x" : 0.31540099999999999,
	"y" : -0.22293399999999999,
	"yaw" : 2.5679727416293368,
	"z" : 0.14025000000000001
}
