{
	"pitch" : 0.9990264638415538,
	"roll" : -3.1275602064037589,
	"x" : 0.27524100000000001,
	"y" : -0.20936199999999999,
	"yaw" : 2.1666866400108002,
	"z" : 0.126807
}
