{
	"pitch" : 1.3633290386103307,
	"roll" : -2.7726824095957516,
	"x" : 0.26207900000000001,
	"y" : -0.215946,
	"yaw" : 2.1606303475063808,
	"z" : 0.14427699999999999
}
