{
	"pitch" : 1.3820215148991897,
	"roll" : -1.0387501576169453,
	"x" : 0.068599999999999994,
	"y" : -0.025144,
	"yaw" : -1.4111685134074958,
	"z" : 0.23041800000000001
}
