{
	"pitch" : 0.91465724780014801,
	"roll" : 2.8524439564118924,
	"x" : 0.200241,
	"y" : -0.173516,
	"yaw" : 1.8028378508475424,
	"z" : 0.183756
}
