{
	"pitch" : 1.4379244108405689,
	"roll" : -2.4449793892412965,
	"x" : 0.050576000000000003,
	"y" : -0.0035720000000000001,
	"yaw" : -2.7609537970223506,
	"z" : 0.29555799999999999
}
