{
	"pitch" : 0.85767224772253325,
	"roll" : -2.6884877264795453,
	"x" : 0.25515100000000002,
	"y" : -0.21543699999999999,
	"yaw" : 2.7298171231667712,
	"z" : 0.11432100000000001
}
