{
	"pitch" : 1.3725792836458997,
	"roll" : -2.6699523298233649,
	"x" : 0.26600299999999999,
	"y" : -0.21529499999999999,
	"yaw" : 2.3084073752727394,
	"z" : 0.14579800000000001
}
