{
	"pitch" : 1.0822612158691638,
	"roll" : -2.8662495107951678,
	"x" : 0.25840000000000002,
	"y" : -0.22575300000000001,
	"yaw" : 2.3247262037788867,
	"z" : 0.11880599999999999
}
