{
	"pitch" : 1.5239516896713687,
	"roll" : -2.1394595036796922,
	"x" : 0.063251000000000002,
	"y" : -0.031281000000000003,
	"yaw" : -2.6332131490688848,
	"z" : 0.234765
}
