{
	"pitch" : 1.1653737948491338,
	"roll" : -2.8779606700760501,
	"x" : 0.26844899999999999,
	"y" : -0.21524099999999999,
	"yaw" : 2.1294762203582818,
	"z" : 0.13334399999999999
}
