{
	"pitch" : 1.119419275644123,
	"roll" : -1.5318405778903832,
	"x" : 0.105771,
	"y" : -0.057499000000000001,
	"yaw" : -2.0589474652851907,
	"z" : 0.32078099999999998
}
