{
	"pitch" : 1.059379949375518,
	"roll" : -2.5460688595168079,
	"x" : 0.22209699999999999,
	"y" : -0.130103,
	"yaw" : 3.032614295095267,
	"z" : 0.29992400000000002
}
