{
	"pitch" : 0.74419093975786221,
	"roll" : -2.8724105230547079,
	"x" : 0.23830599999999999,
	"y" : -0.19584299999999999,
	"yaw" : 2.6310489407964117,
	"z" : 0.132441
}
