{
	"pitch" : 1.3824753005047086,
	"roll" : -2.8870189288938999,
	"x" : 0.24710399999999999,
	"y" : -0.217108,
	"yaw" : 1.8768921710096615,
	"z" : 0.14488500000000001
}
