{
	"pitch" : 1.0151358528374619,
	"roll" : -3.1108399521696533,
	"x" : 0.289101,
	"y" : -0.190635,
	"yaw" : 2.2901512312968797,
	"z" : 0.13777300000000001
}
