{
	"pitch" : 0.766723140401109,
	"roll" : -3.1271238740907599,
	"x" : 0.206543,
	"y" : -0.18539600000000001,
	"yaw" : 2.0084201834399549,
	"z" : 0.111954
}
