{
	"pitch" : 0.75698420317498083,
	"roll" : -2.8915916915341251,
	"x" : 0.244287,
	"y" : -0.199187,
	"yaw" : 2.6156551367938223,
	"z" : 0.13747400000000001
}
