{
	"pitch" : 0.86776025079906094,
	"roll" : -2.7676035014724483,
	"x" : 0.25429200000000002,
	"y" : -0.21120700000000001,
	"yaw" : 2.6710518872521223,
	"z" : 0.126225
}
