{
	"pitch" : 1.1252312220532643,
	"roll" : -1.0821215895290044,
	"x" : 0.057884999999999999,
	"y" : -0.026551999999999999,
	"yaw" : -1.5506377739343624,
	"z" : 0.27569700000000003
}
