{
	"pitch" : 0.86372854022695378,
	"roll" : -2.6225142807541593,
	"x" : 0.29677599999999998,
	"y" : -0.24188299999999999,
	"yaw" : 2.6884004600169455,
	"z" : 0.14715
}
