{
	"pitch" : 1.2742125270035001,
	"roll" : -1.0780724256643777,
	"x" : 0.062218000000000002,
	"y" : -0.031106999999999999,
	"yaw" : -1.5500967218662438,
	"z" : 0.25032300000000002
}
