{
	"pitch" : 1.3310928073259962,
	"roll" : -2.8992885935354202,
	"x" : 0.24457899999999999,
	"y" : -0.216386,
	"yaw" : 1.8398911908673825,
	"z" : 0.140399
}
