{
	"pitch" : 0.96928605338757101,
	"roll" : 3.1176641895449508,
	"x" : 0.28586400000000001,
	"y" : -0.19192899999999999,
	"yaw" : 2.2181214930670734,
	"z" : 0.133827
}
