{
	"pitch" : 1.1032400734781358,
	"roll" : -2.9891555967206083,
	"x" : 0.25820399999999999,
	"y" : -0.20860699999999999,
	"yaw" : 1.9307006718486475,
	"z" : 0.123667
}
