{
	"pitch" : 1.1001857472871461,
	"roll" : 2.4087114473848539,
	"x" : 0.166515,
	"y" : -0.14997099999999999,
	"yaw" : 1.4216055823344218,
	"z" : 0.25279299999999999
}
