{
	"pitch" : 1.2355534840718261,
	"roll" : -2.7598542395935937,
	"x" : 0.26152900000000001,
	"y" : -0.19099099999999999,
	"yaw" : 2.0725435801582259,
	"z" : 0.13580300000000001
}
