{
	"pitch" : 1.3892820845874865,
	"roll" : -2.8446423346554779,
	"x" : 0.25140299999999999,
	"y" : -0.215729,
	"yaw" : 1.9666020945621705,
	"z" : 0.14538499999999999
}
