{
	"pitch" : 1.3661739252910812,
	"roll" : -2.7456472594823595,
	"x" : 0.26315699999999997,
	"y" : -0.21578900000000001,
	"yaw" : 2.2000224287238921,
	"z" : 0.1447
}
