{
	"pitch" : 0.98811815601658981,
	"roll" : -3.1386081405688828,
	"x" : 0.28772500000000001,
	"y" : -0.190664,
	"yaw" : 2.2591192771964201,
	"z" : 0.13568
}
