{
	"pitch" : 1.4019357216644446,
	"roll" : -2.9701838677514303,
	"x" : 0.048446000000000003,
	"y" : 0.0036449999999999998,
	"yaw" : 3.052633221615642,
	"z" : 0.297066
}
