{
	"pitch" : 0.80588832881586148,
	"roll" : -2.2984240919513326,
	"x" : 0.16970499999999999,
	"y" : -0.11355,
	"yaw" : -3.0096632154315417,
	"z" : 0.24093999999999999
}
