{
	"pitch" : 1.1264354992371404,
	"roll" : -2.9018193209508119,
	"x" : 0.25314300000000001,
	"y" : -0.20855799999999999,
	"yaw" : 1.9976340486626298,
	"z" : 0.124197
}
