{
	"pitch" : 0.8979020869810026,
	"roll" : -2.8591983806171104,
	"x" : 0.32150200000000001,
	"y" : -0.21596199999999999,
	"yaw" : 2.6829201261656834,
	"z" : 0.13793800000000001
}
