{
	"pitch" : 1.3554576036838364,
	"roll" : -2.8351302902321089,
	"x" : 0.25942599999999999,
	"y" : -0.21626300000000001,
	"yaw" : 2.0677613780077628,
	"z" : 0.14322199999999999
}
