{
	"pitch" : 0.69235466097363041,
	"roll" : -2.7869242962920255,
	"x" : 0.220613,
	"y" : -0.17998500000000001,
	"yaw" : 2.7378805443109848,
	"z" : 0.11658499999999999
}
