{
	"pitch" : 0.98928752661542652,
	"roll" : 3.0655486580804001,
	"x" : 0.28161199999999997,
	"y" : -0.19706299999999999,
	"yaw" : 2.1025457900000091,
	"z" : 0.13506299999999999
}
