{
	"pitch" : 0.85128434266023412,
	"roll" : -2.4224122820130098,
	"x" : 0.22789899999999999,
	"y" : -0.16169600000000001,
	"yaw" : 2.8034002044308517,
	"z" : 0.192494
}
