{
	"pitch" : 1.0802366339368503,
	"roll" : 2.6219034155159617,
	"x" : 0.17576,
	"y" : -0.16255,
	"yaw" : 1.5625234661404439,
	"z" : 0.22681799999999999
}
