{
	"pitch" : 0.91891585117501451,
	"roll" : -2.5380403449576341,
	"x" : 0.26997599999999999,
	"y" : -0.23433100000000001,
	"yaw" : 2.6567576406782885,
	"z" : 0.133524
}
