{
	"pitch" : 1.0044544378152565,
	"roll" : -2.9595024527292249,
	"x" : 0.262324,
	"y" : -0.22372900000000001,
	"yaw" : 2.2814769449144672,
	"z" : 0.113883
}
