{
	"pitch" : 1.3071119834035936,
	"roll" : -2.9273534879074892,
	"x" : 0.24191299999999999,
	"y" : -0.21457300000000001,
	"yaw" : 1.8095573684677213,
	"z" : 0.13666900000000001
}
