{
	"pitch" : 0.80046035484215949,
	"roll" : -2.8672618017613245,
	"x" : 0.24709900000000001,
	"y" : -0.20135700000000001,
	"yaw" : 2.6094417646567218,
	"z" : 0.139291
}
