{
	"pitch" : 1.0383836384740266,
	"roll" : 2.8260022182441786,
	"x" : 0.18325900000000001,
	"y" : -0.17239399999999999,
	"yaw" : 1.7070367282055738,
	"z" : 0.19816400000000001
}
