{
	"pitch" : 0.91298173171823394,
	"roll" : -2.4835162591253312,
	"x" : 0.25443100000000002,
	"y" : -0.230182,
	"yaw" : 2.6121993848748732,
	"z" : 0.132104
}
