{
	"pitch" : 1.332558883897671,
	"roll" : -2.953376347054725,
	"x" : 0.24463699999999999,
	"y" : -0.21603700000000001,
	"yaw" : 1.8063110560590117,
	"z" : 0.141149
}
