{
	"pitch" : 0.75803140072617725,
	"roll" : -2.8633348109443371,
	"x" : 0.21435000000000001,
	"y" : -0.18360599999999999,
	"yaw" : 2.50240072163191,
	"z" : 0.113943
}
