{
	"pitch" : 0.9866869860299543,
	"roll" : -3.018913460467112,
	"x" : 0.26435500000000001,
	"y" : -0.22257399999999999,
	"yaw" : 2.2366568897232533,
	"z" : 0.11281099999999999
}
