{
	"pitch" : 1.3229072131341417,
	"roll" : -2.9632200040359726,
	"x" : 0.24426500000000001,
	"y" : -0.215756,
	"yaw" : 1.7910917849816208,
	"z" : 0.13977500000000001
}
