{
	"pitch" : 1.1410962649538927,
	"roll" : -2.8635966103321366,
	"x" : 0.25262400000000002,
	"y" : -0.209342,
	"yaw" : 2.029695747021766,
	"z" : 0.12574199999999999
}
