{
	"pitch" : 1.1718664196665527,
	"roll" : -2.7976406178992708,
	"x" : 0.25291200000000003,
	"y" : -0.21157699999999999,
	"yaw" : 2.0683373366609201,
	"z" : 0.13031000000000001
}
