{
	"pitch" : 1.072766624738315,
	"roll" : -2.8719741907417089,
	"x" : 0.25909799999999999,
	"y" : -0.22498499999999999,
	"yaw" : 2.3315504411541852,
	"z" : 0.11802
}
