{
	"pitch" : 0.96811668278873486,
	"roll" : 3.0602254038618173,
	"x" : 0.28173199999999998,
	"y" : -0.19567499999999999,
	"yaw" : 2.1068916598374754,
	"z" : 0.133491
}
