{
	"pitch" : 1.3251412345766946,
	"roll" : 0.39765581677438783,
	"x" : 0.039919000000000003,
	"y" : -0.0099620000000000004,
	"yaw" : -0.037192966359999274,
	"z" : 0.35084300000000002
}
