{
	"pitch" : 0.74392914037006319,
	"roll" : -2.8393016271443754,
	"x" : 0.23463200000000001,
	"y" : -0.19270000000000001,
	"yaw" : 2.6617492823389921,
	"z" : 0.12992500000000001
}
