{
	"pitch" : 0.83007859224850322,
	"roll" : -2.3129103247428855,
	"x" : 0.17172399999999999,
	"y" : -0.115744,
	"yaw" : -3.048584057751015,
	"z" : 0.24812400000000001
}
