{
	"pitch" : 1.2518374059929323,
	"roll" : -2.7486666790883096,
	"x" : 0.26507500000000001,
	"y" : -0.18693399999999999,
	"yaw" : 2.1025108834149697,
	"z" : 0.13722500000000001
}
