{
	"pitch" : 1.3667847905292796,
	"roll" : -3.0430164574371537,
	"x" : 0.050216999999999998,
	"y" : 0.003542,
	"yaw" : 2.9932047605852357,
	"z" : 0.28859400000000002
}
