{
	"pitch" : 0.95502671339877709,
	"roll" : -2.8954663224735526,
	"x" : 0.31917600000000002,
	"y" : -0.22071099999999999,
	"yaw" : 2.5430843464958977,
	"z" : 0.141431
}
