{
	"pitch" : 1.0310532556156504,
	"roll" : -2.2490836339974529,
	"x" : 0.196682,
	"y" : -0.11942800000000001,
	"yaw" : -2.9372495047662972,
	"z" : 0.30283199999999999
}
