{
	"pitch" : 0.96047214066499964,
	"roll" : -2.603385472152302,
	"x" : 0.27582099999999998,
	"y" : -0.235593,
	"yaw" : 2.6087261796634045,
	"z" : 0.13673299999999999
}
