{
	"pitch" : 1.3603619788819401,
	"roll" : -2.8897241892344914,
	"x" : 0.24643399999999999,
	"y" : -0.21676100000000001,
	"yaw" : 1.8679037253618906,
	"z" : 0.14296400000000001
}
