{
	"pitch" : 1.0000911146852709,
	"roll" : -1.1473619969685529,
	"x" : 0.059999999999999998,
	"y" : -0.032495999999999997,
	"yaw" : -1.6869828951001593,
	"z" : 0.31004100000000001
}
