{
	"pitch" : 1.411796831938213,
	"roll" : -2.9371796915962176,
	"x" : 0.047448999999999998,
	"y" : 0.004241,
	"yaw" : 3.0840666014440603,
	"z" : 0.30073899999999998
}
