{
	"pitch" : 1.1374485268172247,
	"roll" : 2.0134641849782184,
	"x" : 0.13961200000000001,
	"y" : -0.108704,
	"yaw" : 1.2692732452203566,
	"z" : 0.30095699999999997
}
