{
	"pitch" : 1.2483292941964244,
	"roll" : -2.7595226270357149,
	"x" : 0.26522600000000002,
	"y" : -0.187304,
	"yaw" : 2.0960357118900697,
	"z" : 0.13682800000000001
}
