{
	"pitch" : 0.76532687699951341,
	"roll" : -2.9189933607904366,
	"x" : 0.21184,
	"y" : -0.18451100000000001,
	"yaw" : 2.383857958836455,
	"z" : 0.113479
}
