{
	"pitch" : 1.2522911915984514,
	"roll" : -2.658468063345242,
	"x" : 0.26659899999999997,
	"y" : -0.22253500000000001,
	"yaw" : 2.3423016693464702,
	"z" : 0.14276
}
