{
	"pitch" : 0.73272412657225938,
	"roll" : -2.7618962748184268,
	"x" : 0.21773999999999999,
	"y" : -0.182,
	"yaw" : 2.7047367418156125,
	"z" : 0.115632
}
