{
	"pitch" : 0.99544853887496554,
	"roll" : -2.9888763440402895,
	"x" : 0.26327600000000001,
	"y" : -0.22318399999999999,
	"yaw" : 2.258682944883422,
	"z" : 0.11332
}
