{
	"pitch" : 0.74967127360912456,
	"roll" : -2.8861462642679032,
	"x" : 0.24166000000000001,
	"y" : -0.19753799999999999,
	"yaw" : 2.6206467784545255,
	"z" : 0.13508999999999999
}
