{
	"pitch" : 1.4636156574299246,
	"roll" : -0.47190212315422736,
	"x" : 0.070946999999999996,
	"y" : -0.019278,
	"yaw" : -0.76886989538106221,
	"z" : 0.22839799999999999
}
