{
	"pitch" : 0.77410588313704509,
	"roll" : -3.0990938863037312,
	"x" : 0.208479,
	"y" : -0.18509300000000001,
	"yaw" : 2.0780588205945283,
	"z" : 0.112474
}
