{
	"pitch" : 1.1882201547577405,
	"roll" : -2.8160538415078111,
	"x" : 0.25191200000000002,
	"y" : -0.206978,
	"yaw" : 2.001316693384338,
	"z" : 0.13139999999999999
}
