{
	"pitch" : 0.96043723407995962,
	"roll" : -2.8940002459018777,
	"x" : 0.31896099999999999,
	"y" : -0.22123300000000001,
	"yaw" : 2.5372374935017166,
	"z" : 0.14184099999999999
}
