{
	"pitch" : 0.90474377764882075,
	"roll" : -2.8352001034021885,
	"x" : 0.322855,
	"y" : -0.215086,
	"yaw" : 2.7152610772051387,
	"z" : 0.138798
}
