{
	"pitch" : 0.90294608851926617,
	"roll" : -2.7519304447895392,
	"x" : 0.26842100000000002,
	"y" : -0.21956300000000001,
	"yaw" : 2.6768289270762233,
	"z" : 0.13620699999999999
}
