{
	"pitch" : 1.2478056954208263,
	"roll" : -2.7670449961118098,
	"x" : 0.24952099999999999,
	"y" : -0.238736,
	"yaw" : 2.1850824103268214,
	"z" : 0.139352
}
