{
	"pitch" : 1.4580655104085838,
	"roll" : -0.49071677249072498,
	"x" : 0.072020000000000001,
	"y" : -0.015296000000000001,
	"yaw" : -0.74246306379838711,
	"z" : 0.22875599999999999
}
