{
	"pitch" : 0.86193085109739964,
	"roll" : -2.6240676237884348,
	"x" : 0.29619699999999999,
	"y" : -0.24168700000000001,
	"yaw" : 2.6842116698121594,
	"z" : 0.146674
}
