{
	"pitch" : 0.87844166582126615,
	"roll" : -2.7517035519867798,
	"x" : 0.262685,
	"y" : -0.21751699999999999,
	"yaw" : 2.6865853175948717,
	"z" : 0.13122600000000001
}
