{
	"pitch" : 0.95733054801140971,
	"roll" : -2.601483063267628,
	"x" : 0.27446100000000001,
	"y" : -0.23569599999999999,
	"yaw" : 2.5984287370766377,
	"z" : 0.13628399999999999
}
