{
	"pitch" : 0.85583965200793954,
	"roll" : -2.6200533665088477,
	"x" : 0.29823100000000002,
	"y" : -0.24080599999999999,
	"yaw" : 2.7182804968110887,
	"z" : 0.14674999999999999
}
