{
	"pitch" : 1.0356783781334351,
	"roll" : 2.8154604295621328,
	"x" : 0.18321200000000001,
	"y" : -0.171571,
	"yaw" : 1.7035111631165454,
	"z" : 0.1993
}
