{
	"pitch" : 0.98543034896851889,
	"roll" : -3.1398822309228387,
	"x" : 0.287298,
	"y" : -0.19112499999999999,
	"yaw" : 2.2566932695361483,
	"z" : 0.13547600000000001
}
