{
	"pitch" : 0.75597191220882398,
	"roll" : -2.8349208507218697,
	"x" : 0.215917,
	"y" : -0.18312200000000001,
	"yaw" : 2.5653547477513454,
	"z" : 0.11436200000000001
}
