{
	"pitch" : 0.74286448952634654,
	"roll" : -2.3599294947916127,
	"x" : 0.25087900000000002,
	"y" : -0.17418900000000001,
	"yaw" : 2.8979795965964246,
	"z" : 0.145733
}
