{
	"pitch" : 1.1059104272336868,
	"roll" : -2.858046463310794,
	"x" : 0.25318800000000002,
	"y" : -0.22784799999999999,
	"yaw" : 2.2700624916064247,
	"z" : 0.120006
}
