{
	"pitch" : 0.69090603769447523,
	"roll" : -2.7890885045644982,
	"x" : 0.22060299999999999,
	"y" : -0.17982100000000001,
	"yaw" : 2.7371824126101871,
	"z" : 0.116454
}
