{
	"pitch" : 1.1842757106482324,
	"roll" : -2.7866275903191866,
	"x" : 0.25147900000000001,
	"y" : -0.21174999999999999,
	"yaw" : 2.0578653611489539,
	"z" : 0.13142200000000001
}
