{
	"pitch" : 0.9849242034854403,
	"roll" : 3.1385383273988028,
	"x" : 0.28719699999999998,
	"y" : -0.19117400000000001,
	"yaw" : 2.2495374196029716,
	"z" : 0.135437
}
