{
	"pitch" : 0.86762062445890142,
	"roll" : -2.7730314754461509,
	"x" : 0.25549500000000003,
	"y" : -0.21185999999999999,
	"yaw" : 2.6666885641221358,
	"z" : 0.12701899999999999
}
