{
	"pitch" : 1.2897110507612097,
	"roll" : 0.4936838322191161,
	"x" : 0.043397999999999999,
	"y" : -0.016624,
	"yaw" : 0.026145032194874997,
	"z" : 0.35412300000000002
}
