{
	"pitch" : 0.91244067965011566,
	"roll" : -2.5212502775534484,
	"x" : 0.26826,
	"y" : -0.233928,
	"yaw" : 2.6681720939863314,
	"z" : 0.132769
}
