{
	"pitch" : 1.2179082053341628,
	"roll" : -2.7485968659182296,
	"x" : 0.25315599999999999,
	"y" : -0.23562900000000001,
	"yaw" : 2.2937466095559875,
	"z" : 0.13283400000000001
}
