{
	"pitch" : 0.7674212721019068,
	"roll" : -3.1390968327594413,
	"x" : 0.20671600000000001,
	"y" : -0.185586,
	"yaw" : 1.9905131053144931,
	"z" : 0.113273
}
