{
	"pitch" : 0.80806999038085447,
	"roll" : -2.4147153800117147,
	"x" : 0.21454400000000001,
	"y" : -0.151752,
	"yaw" : 2.8821145536957964,
	"z" : 0.19752900000000001
}
