{
	"pitch" : 1.3890726450772475,
	"roll" : -2.8362298476608645,
	"x" : 0.25244499999999997,
	"y" : -0.215199,
	"yaw" : 1.9841775601297538,
	"z" : 0.14541000000000001
}
