{
	"pitch" : 1.1845898699135911,
	"roll" : 1.6356876683840456,
	"x" : 0.11179,
	"y" : -0.081793000000000005,
	"yaw" : 0.99019509782646264,
	"z" : 0.328569
}
