{
	"pitch" : 0.71699871001179083,
	"roll" : -2.7505167280954237,
	"x" : 0.218691,
	"y" : -0.18162,
	"yaw" : 2.7379503574810644,
	"z" : 0.11616
}
