{
	"pitch" : 0.93308792470120849,
	"roll" : -2.9691715767852735,
	"x" : 0.302902,
	"y" : -0.23660500000000001,
	"yaw" : 2.3513250215792807,
	"z" : 0.14466999999999999
}
