{
	"pitch" : 1.4900050357200789,
	"roll" : -2.718472483028807,
	"x" : 0.065519999999999995,
	"y" : -0.033359,
	"yaw" : 3.0676255998902744,
	"z" : 0.21304200000000001
}
