{
	"pitch" : 1.0836574792707592,
	"roll" : 2.4826261412068136,
	"x" : 0.17041300000000001,
	"y" : -0.153057,
	"yaw" : 1.4845072485762969,
	"z" : 0.244062
}
