{
	"pitch" : 0.69368111120514653,
	"roll" : -2.7823515336518003,
	"x" : 0.22034999999999999,
	"y" : -0.17955299999999999,
	"yaw" : 2.7409697770870145,
	"z" : 0.11640200000000001
}
