{
	"pitch" : 1.2553978776670012,
	"roll" : 0.56716219372807775,
	"x" : 0.047324999999999999,
	"y" : -0.024566000000000001,
	"yaw" : 0.058102010798891268,
	"z" : 0.35712899999999997
}
