{
	"pitch" : 1.5203039515347001,
	"roll" : -2.2915474946984729,
	"x" : 0.063800999999999997,
	"y" : -0.032140000000000002,
	"yaw" : -2.7894026638298572,
	"z" : 0.22958899999999999
}
