{
	"pitch" : 1.1043221776143721,
	"roll" : -2.856021881378481,
	"x" : 0.25351800000000002,
	"y" : -0.227662,
	"yaw" : 2.2771136217844816,
	"z" : 0.119904
}
