{
	"pitch" : 1.4681360601925901,
	"roll" : -0.45696210475715526,
	"x" : 0.069944999999999993,
	"y" : -0.022464000000000001,
	"yaw" : -0.79054688469083201,
	"z" : 0.22809499999999999
}
