{
	"pitch" : 1.1965104687047123,
	"roll" : -2.845514999281475,
	"x" : 0.210678,
	"y" : -0.106243,
	"yaw" : 2.9008942964472553,
	"z" : 0.31353799999999998
}
