{
	"pitch" : 0.82981679286070409,
	"roll" : 2.964982786580487,
	"x" : 0.20441500000000001,
	"y" : -0.17682800000000001,
	"yaw" : 1.8869103609161095,
	"z" : 0.153728
}
