{
	"pitch" : 1.1203792067327198,
	"roll" : 2.1010273535507737,
	"x" : 0.14729100000000001,
	"y" : -0.120134,
	"yaw" : 1.2920323386663626,
	"z" : 0.29022999999999999
}
