{
	"pitch" : 1.195498177738556,
	"roll" : 1.4320251979688281,
	"x" : 0.098843,
	"y" : -0.072471999999999995,
	"yaw" : 0.80250239006699287,
	"z" : 0.33840999999999999
}
