{
	"pitch" : 0.80124575300555689,
	"roll" : -2.2954395789304223,
	"x" : 0.16967399999999999,
	"y" : -0.113534,
	"yaw" : -3.0050555462062767,
	"z" : 0.24087800000000001
}
