{
	"pitch" : 1.0763270964123832,
	"roll" : 2.6674216024079738,
	"x" : 0.17735200000000001,
	"y" : -0.16517999999999999,
	"yaw" : 1.5911119592881109,
	"z" : 0.221
}
