{
	"pitch" : 1.0230247410564766,
	"roll" : -2.2904130306846784,
	"x" : 0.20388500000000001,
	"y" : -0.12393,
	"yaw" : -2.9921226564489989,
	"z" : 0.30108499999999999
}
