{
	"pitch" : 1.1151257656842168,
	"roll" : -2.9575127773819512,
	"x" : 0.255857,
	"y" : -0.208924,
	"yaw" : 1.9463562752390369,
	"z" : 0.124198
}
