{
	"pitch" : 0.91467470109266835,
	"roll" : -2.6452210143226065,
	"x" : 0.28257900000000002,
	"y" : -0.23300899999999999,
	"yaw" : 2.6482578872210762,
	"z" : 0.13520299999999999
}
