{
	"pitch" : 0.82543601643819797,
	"roll" : -2.7596098934983142,
	"x" : 0.24979999999999999,
	"y" : -0.20821600000000001,
	"yaw" : 2.6769685534163825,
	"z" : 0.13147200000000001
}
