{
	"pitch" : 0.87886054484174447,
	"roll" : -2.6804068520428115,
	"x" : 0.29914200000000002,
	"y" : -0.24011299999999999,
	"yaw" : 2.6466696376017613,
	"z" : 0.14605000000000001
}
