{
	"pitch" : 1.3775360187215639,
	"roll" : -2.583488718679567,
	"x" : 0.26902599999999999,
	"y" : -0.214645,
	"yaw" : 2.4297077582863444,
	"z" : 0.14693500000000001
}
