{
	"pitch" : 0.98881628771738739,
	"roll" : -3.0424928586615554,
	"x" : 0.28919899999999998,
	"y" : -0.19281100000000001,
	"yaw" : 2.3838055989588951,
	"z" : 0.13856299999999999
}
