{
	"pitch" : 0.90100877304955262,
	"roll" : -2.6504220954935489,
	"x" : 0.28487200000000001,
	"y" : -0.23286000000000001,
	"yaw" : 2.6636167846386263,
	"z" : 0.13552800000000001
}
