{
	"pitch" : 1.3604666986370604,
	"roll" : -2.7972217388787923,
	"x" : 0.26106600000000002,
	"y" : -0.21607899999999999,
	"yaw" : 2.1244671254050576,
	"z" : 0.143877
}
