{
	"pitch" : 1.2873374029784981,
	"roll" : -3.0044097743830389,
	"x" : 0.24904399999999999,
	"y" : -0.215535,
	"yaw" : 1.7901493071855434,
	"z" : 0.13867099999999999
}
