{
	"pitch" : 0.87381654330348113,
	"roll" : -2.6095813909968815,
	"x" : 0.293962,
	"y" : -0.237705,
	"yaw" : 2.7321907709494835,
	"z" : 0.142814
}
