{
	"pitch" : 1.0894694256799005,
	"roll" : -2.8301910084489648,
	"x" : 0.25656499999999999,
	"y" : -0.22589699999999999,
	"yaw" : 2.3505570767084034,
	"z" : 0.119071
}
