{
	"pitch" : 1.4508922071828851,
	"roll" : -0.51588442030448356,
	"x" : 0.073150999999999994,
	"y" : -0.010017,
	"yaw" : -0.70842914338449836,
	"z" : 0.22919600000000001
}
