{
	"pitch" : 1.4758329621938864,
	"roll" : -2.7955462227968773,
	"x" : 0.065911999999999998,
	"y" : -0.032384000000000003,
	"yaw" : 3.0022979259881262,
	"z" : 0.211621
}
