{
	"pitch" : 0.73005377281670802,
	"roll" : -2.761302862872749,
	"x" : 0.217608,
	"y" : -0.18178900000000001,
	"yaw" : 2.7076339883739231,
	"z" : 0.115421
}
