{
	"pitch" : 1.1322998055238418,
	"roll" : -2.9508107130542927,
	"x" : 0.26437500000000003,
	"y" : -0.213668,
	"yaw" : 2.0143543028967361,
	"z" : 0.12948399999999999
}
