{
	"pitch" : 1.460491518068854,
	"roll" : -0.62863268998331667,
	"x" : 0.069004999999999997,
	"y" : -0.025135000000000001,
	"yaw" : -0.99426171498360794,
	"z" : 0.22783
}
