{
	"pitch" : 1.0126400320071101,
	"roll" : 3.1157443273677572,
	"x" : 0.27973199999999998,
	"y" : -0.20224400000000001,
	"yaw" : 2.1418156981698813,
	"z" : 0.13361500000000001
}
