{
	"pitch" : 0.85365799044294643,
	"roll" : 3.077259817361282,
	"x" : 0.203352,
	"y" : -0.18526500000000001,
	"yaw" : 1.921240987302838,
	"z" : 0.13844699999999999
}
