{
	"pitch" : 1.3613917231406163,
	"roll" : -2.8852561463493855,
	"x" : 0.24664900000000001,
	"y" : -0.216775,
	"yaw" : 1.8748152291997888,
	"z" : 0.14307300000000001
}
