{
	"pitch" : 0.8380722002226374,
	"roll" : -2.6975634385899157,
	"x" : 0.25237799999999999,
	"y" : -0.2132,
	"yaw" : 2.7173729256000514,
	"z" : 0.12479700000000001
}
