{
	"pitch" : 1.5050497738722703,
	"roll" : -0.88802352341471802,
	"x" : 0.057924999999999997,
	"y" : -0.025780000000000001,
	"yaw" : -1.3674654689375609,
	"z" : 0.26866000000000001
}
