{
	"pitch" : 0.76057958143408899,
	"roll" : -2.896984758922788,
	"x" : 0.24485199999999999,
	"y" : -0.19964599999999999,
	"yaw" : 2.6070506635814898,
	"z" : 0.138069
}
