{
	"pitch" : 0.84823001646924423,
	"roll" : -2.671872192000559,
	"x" : 0.25460899999999997,
	"y" : -0.21566399999999999,
	"yaw" : 2.7449491277815619,
	"z" : 0.114245
}
