{
	"pitch" : 0.76663587393850918,
	"roll" : -2.8941747788270771,
	"x" : 0.24523,
	"y" : -0.199736,
	"yaw" : 2.6065270648058916,
	"z" : 0.138484
}
