{
	"pitch" : 0.85556039932762062,
	"roll" : -2.6270695901018648,
	"x" : 0.29856199999999999,
	"y" : -0.24026600000000001,
	"yaw" : 2.7097458367688363,
	"z" : 0.145927
}
