{
	"pitch" : 1.1079699157510403,
	"roll" : 2.190423117837923,
	"x" : 0.154283,
	"y" : -0.13294300000000001,
	"yaw" : 1.2984376970211813,
	"z" : 0.27755600000000002
}
