{
	"pitch" : 0.8791397975220635,
	"roll" : -2.4660804198979078,
	"x" : 0.25137599999999999,
	"y" : -0.21392900000000001,
	"yaw" : 2.6572986927464068,
	"z" : 0.13028600000000001
}
