{
	"pitch" : 1.3558241228267549,
	"roll" : -3.0528426611258812,
	"x" : 0.050799999999999998,
	"y" : 0.0032399999999999998,
	"yaw" : 2.9853507789512608,
	"z" : 0.28566599999999998
}
