{
	"pitch" : 1.2372464534462602,
	"roll" : -2.7193626009473251,
	"x" : 0.26932400000000001,
	"y" : -0.217803,
	"yaw" : 2.2893309265484425,
	"z" : 0.140819
}
