{
	"pitch" : 1.1607661256238693,
	"roll" : -2.8924119962825632,
	"x" : 0.26830399999999999,
	"y" : -0.21527399999999999,
	"yaw" : 2.1101903321237443,
	"z" : 0.133018
}
