{
	"pitch" : 1.3207779114467086,
	"roll" : -2.9613001418587785,
	"x" : 0.24380299999999999,
	"y" : -0.21565500000000001,
	"yaw" : 1.7900794940154636,
	"z" : 0.13921700000000001
}
