{
	"pitch" : 1.2565672482658374,
	"roll" : -2.9340904588201875,
	"x" : 0.25001499999999999,
	"y" : -0.214753,
	"yaw" : 1.877031797349821,
	"z" : 0.13636000000000001
}
