{
	"pitch" : 0.98450532446496142,
	"roll" : 2.8171883055216074,
	"x" : 0.185889,
	"y" : -0.16830000000000001,
	"yaw" : 1.7406866761840243,
	"z" : 0.194353
}
