{
	"pitch" : 0.83726934876671977,
	"roll" : -2.319786921995743,
	"x" : 0.17186299999999999,
	"y" : -0.116328,
	"yaw" : -3.0646061802843234,
	"z" : 0.249499
}
