{
	"pitch" : 0.79785981425668795,
	"roll" : -2.2973070812300569,
	"x" : 0.16938900000000001,
	"y" : -0.11361400000000001,
	"yaw" : -3.0086160178803452,
	"z" : 0.240644
}
