{
	"pitch" : 0.74129369319955174,
	"roll" : -2.8675410544416438,
	"x" : 0.23736199999999999,
	"y" : -0.19522100000000001,
	"yaw" : 2.6375066590287908,
	"z" : 0.13161
}
