{
	"pitch" : 1.4722899438123367,
	"roll" : -2.8112890926498659,
	"x" : 0.066003000000000006,
	"y" : -0.032141999999999997,
	"yaw" : 2.989417396108407,
	"z" : 0.21127299999999999
}
