{
	"pitch" : 0.91076516356820092,
	"roll" : -2.4806713724445806,
	"x" : 0.25381599999999999,
	"y" : -0.22797999999999999,
	"yaw" : 2.6138574476642678,
	"z" : 0.13180800000000001
}
