{
	"pitch" : 1.3136744213910927,
	"roll" : -2.9551740361842782,
	"x" : 0.24373400000000001,
	"y" : -0.21487400000000001,
	"yaw" : 1.7963801326151647,
	"z" : 0.137986
}
