{
	"pitch" : 1.3799794796743565,
	"roll" : -2.8415181952944084,
	"x" : 0.24710399999999999,
	"y" : -0.217108,
	"yaw" : 1.9232306626501119,
	"z" : 0.14488500000000001
}
