{
	"pitch" : 0.73279393974233953,
	"roll" : -2.3316726142018251,
	"x" : 0.17399899999999999,
	"y" : -0.12195400000000001,
	"yaw" : -3.1094436887680574,
	"z" : 0.224247
}
