{
	"pitch" : 1.2559040231500793,
	"roll" : -2.9271091418122102,
	"x" : 0.25002200000000002,
	"y" : -0.21474699999999999,
	"yaw" : 1.8844843532558375,
	"z" : 0.13634399999999999
}
