{
	"pitch" : 1.2471424703050682,
	"roll" : -2.7352800037255132,
	"x" : 0.24979299999999999,
	"y" : -0.23794299999999999,
	"yaw" : 2.2395366829890442,
	"z" : 0.13799900000000001
}
