{
	"pitch" : 1.0501297043399482,
	"roll" : -2.1731618115356999,
	"x" : 0.18415599999999999,
	"y" : -0.111125,
	"yaw" : -2.8355840758376276,
	"z" : 0.30685099999999998
}
