{
	"pitch" : 1.2457636601959927,
	"roll" : -2.7487364922583897,
	"x" : 0.26363900000000001,
	"y" : -0.18753500000000001,
	"yaw" : 2.0895605403651714,
	"z" : 0.136741
}
