{
	"pitch" : 1.4664430908181556,
	"roll" : -0.46251225177849797,
	"x" : 0.070333000000000007,
	"y" : -0.021277999999999998,
	"yaw" : -0.78241365037653798,
	"z" : 0.22821
}
