{
	"pitch" : 0.9822014898523288,
	"roll" : 3.135501454500333,
	"x" : 0.287101,
	"y" : -0.191076,
	"yaw" : 2.2457151485411035,
	"z" : 0.13523099999999999
}
