{
	"pitch" : 0.7229502827610913,
	"roll" : -2.3806465530127858,
	"x" : 0.17991299999999999,
	"y" : -0.125778,
	"yaw" : 3.1022878388348807,
	"z" : 0.21148600000000001
}
