{
	"pitch" : 1.116748921888572,
	"roll" : -1.6663705566341058,
	"x" : 0.11998200000000001,
	"y" : -0.067362000000000005,
	"yaw" : -2.2156082189442015,
	"z" : 0.32051200000000002
}
