{
	"pitch" : 1.0432007472095308,
	"roll" : -2.7758938154194213,
	"x" : 0.31013200000000002,
	"y" : -0.22301099999999999,
	"yaw" : 2.5583210708658082,
	"z" : 0.143404
}
