{
	"pitch" : 1.1767358882796168,
	"roll" : -2.460024127393488,
	"x" : 0.29658299999999999,
	"y" : -0.21423700000000001,
	"yaw" : 2.7808505504950851,
	"z" : 0.144763
}
