{
	"pitch" : 1.2567068746059962,
	"roll" : -2.7465548306933965,
	"x" : 0.25702900000000001,
	"y" : -0.23427000000000001,
	"yaw" : 2.2177200673391142,
	"z" : 0.142045
}
