{
	"pitch" : 1.2751724580920978,
	"roll" : -2.3575209404238611,
	"x" : 0.28848099999999999,
	"y" : -0.21202399999999999,
	"yaw" : 2.8309415000273224,
	"z" : 0.14794599999999999
}
