{
	"pitch" : 0.9951343796096066,
	"roll" : -2.8729864817078661,
	"x" : 0.314888,
	"y" : -0.22392000000000001,
	"yaw" : 2.5027497874823093,
	"z" : 0.14282400000000001
}
