{
	"pitch" : 0.86449648509783139,
	"roll" : -2.7705356546157991,
	"x" : 0.25380200000000003,
	"y" : -0.21085400000000001,
	"yaw" : 2.6677183083808127,
	"z" : 0.12507699999999999
}
