{
	"pitch" : 0.89065897058522625,
	"roll" : -2.7409523237944948,
	"x" : 0.26654299999999997,
	"y" : -0.22062499999999999,
	"yaw" : 2.6945440189839656,
	"z" : 0.135245
}
