{
	"pitch" : 1.114043661547981,
	"roll" : -2.85946018000491,
	"x" : 0.25173000000000001,
	"y" : -0.22845599999999999,
	"yaw" : 2.2435683935611506,
	"z" : 0.120626
}
