{
	"pitch" : 0.85761988784497356,
	"roll" : -2.6267205242514664,
	"x" : 0.297703,
	"y" : -0.24101900000000001,
	"yaw" : 2.7025376269580996,
	"z" : 0.14666000000000001
}
