{
	"pitch" : 0.81115922315688449,
	"roll" : 3.0966155187658995,
	"x" : 0.20418500000000001,
	"y" : -0.184332,
	"yaw" : 1.9431972292929269,
	"z" : 0.128279
}
