{
	"pitch" : 0.76639152784323017,
	"roll" : -3.1250294789883668,
	"x" : 0.20679900000000001,
	"y" : -0.18526100000000001,
	"yaw" : 2.0160298189786503,
	"z" : 0.11193599999999999
}
