{
	"pitch" : 0.75213218785443647,
	"roll" : -2.3692844595823024,
	"x" : 0.25153799999999998,
	"y" : -0.17682800000000001,
	"yaw" : 2.8871934618190997,
	"z" : 0.140872
}
