{
	"pitch" : 1.5006166375722061,
	"roll" : 0.095207710696290845,
	"x" : 0.040224000000000003,
	"y" : 0.0020439999999999998,
	"yaw" : -0.24150120859845509,
	"z" : 0.33513199999999999
}
