{
	"pitch" : 1.3323668976799512,
	"roll" : -2.2725757657292962,
	"x" : 0.28188000000000002,
	"y" : -0.21230299999999999,
	"yaw" : 2.86860570528536,
	"z" : 0.14951800000000001
}
