{
	"pitch" : 1.2485736402917036,
	"roll" : -2.7624896867641047,
	"x" : 0.24964800000000001,
	"y" : -0.23879300000000001,
	"yaw" : 2.1982421928868581,
	"z" : 0.138493
}
