{
	"pitch" : 0.86697485263566343,
	"roll" : -2.7708847204661975,
	"x" : 0.254436,
	"y" : -0.21124999999999999,
	"yaw" : 2.667700855088293,
	"z" : 0.126249
}
