{
	"pitch" : 1.1355635712250707,
	"roll" : -2.9429916380053585,
	"x" : 0.26451200000000002,
	"y" : -0.213698,
	"yaw" : 2.0253149705992599,
	"z" : 0.12972600000000001
}
