{
	"pitch" : 0.89172362142894279,
	"roll" : 2.886792036091141,
	"x" : 0.20166899999999999,
	"y" : -0.174681,
	"yaw" : 1.8288083501172179,
	"z" : 0.175345
}
