{
	"pitch" : 1.365440887005243,
	"roll" : 0.31751029752280824,
	"x" : 0.037666999999999999,
	"y" : -0.0041619999999999999,
	"yaw" : -0.083880523850847585,
	"z" : 0.34678799999999999
}
