{
	"pitch" : 1.3569760401330717,
	"roll" : -2.8387605750762575,
	"x" : 0.257824,
	"y" : -0.21625,
	"yaw" : 2.0508142309708974,
	"z" : 0.143037
}
