{
	"pitch" : 0.93429220188508466,
	"roll" : -2.966588489492322,
	"x" : 0.30249100000000001,
	"y" : -0.23701,
	"yaw" : 2.3479390828304121,
	"z" : 0.14478199999999999
}
