{
	"pitch" : 0.85102254327243543,
	"roll" : 3.0482524451931363,
	"x" : 0.203734,
	"y" : -0.18349699999999999,
	"yaw" : 1.9100883333825942,
	"z" : 0.14276800000000001
}
