{
	"pitch" : 1.450473328162408,
	"roll" : -0.51735049687615997,
	"x" : 0.073205999999999993,
	"y" : -0.0097109999999999991,
	"yaw" : -0.70649182791478515,
	"z" : 0.22922000000000001
}
