{
	"pitch" : 0.89591241163372914,
	"roll" : -2.4759415301716756,
	"x" : 0.25258000000000003,
	"y" : -0.22087399999999999,
	"yaw" : 2.6309267677487727,
	"z" : 0.13114000000000001
}
