{
	"pitch" : 0.7683812031905034,
	"roll" : 3.1268795279954813,
	"x" : 0.206232,
	"y" : -0.18470400000000001,
	"yaw" : 1.9745433426587446,
	"z" : 0.11598799999999999
}
