{
	"pitch" : 0.99808398604547766,
	"roll" : -2.472730124348006,
	"x" : 0.18401200000000001,
	"y" : -0.12431300000000001,
	"yaw" : 2.9826455186106697,
	"z" : 0.289829
}
