{
	"pitch" : 1.2065984717812395,
	"roll" : -1.0509325557958655,
	"x" : 0.059367000000000003,
	"y" : -0.029413999999999999,
	"yaw" : -1.5292400373049115,
	"z" : 0.26551999999999998
}
