{
	"pitch" : 1.0136697762657869,
	"roll" : 3.107803079271183,
	"x" : 0.280441,
	"y" : -0.20108699999999999,
	"yaw" : 2.1358466721280611,
	"z" : 0.13431799999999999
}
