{
	"pitch" : 0.83424992916076945,
	"roll" : -2.39165958059287,
	"x" : 0.240397,
	"y" : -0.168743,
	"yaw" : 2.8189336347736016,
	"z" : 0.178088
}
