{
	"pitch" : 0.95673713606573185,
	"roll" : 2.7862436178837475,
	"x" : 0.19212499999999999,
	"y" : -0.167791,
	"yaw" : 1.7495180421991161,
	"z" : 0.197738
}
