{
	"pitch" : 1.0673037441795725,
	"roll" : -2.8757266486334969,
	"x" : 0.25927699999999998,
	"y" : -0.22462699999999999,
	"yaw" : 2.3321787596849028,
	"z" : 0.11755699999999999
}
