{
	"pitch" : 1.178289231313892,
	"roll" : -2.8109749333845073,
	"x" : 0.25464700000000001,
	"y" : -0.233712,
	"yaw" : 2.2676364839461529,
	"z" : 0.12867999999999999
}
