{
	"pitch" : 0.88882637487063243,
	"roll" : -2.7379678107735845,
	"x" : 0.26631500000000002,
	"y" : -0.22029399999999999,
	"yaw" : 2.7004257785631869,
	"z" : 0.13491800000000001
}
