{
	"pitch" : 0.9330879247012086,
	"roll" : -2.9683861786218757,
	"x" : 0.30818800000000002,
	"y" : -0.232492,
	"yaw" : 2.4303709834021041,
	"z" : 0.144679
}
