{
	"pitch" : 1.0123607793267906,
	"roll" : -2.8384813223959382,
	"x" : 0.31273400000000001,
	"y" : -0.223967,
	"yaw" : 2.520150720124692,
	"z" : 0.142846
}
