{
	"pitch" : 1.1825129281037183,
	"roll" : -2.8087932718195141,
	"x" : 0.255054,
	"y" : -0.23414299999999999,
	"yaw" : 2.2687185880823888,
	"z" : 0.129325
}
