{
	"pitch" : 0.86545641618642821,
	"roll" : -2.7594179072805951,
	"x" : 0.25406400000000001,
	"y" : -0.21219099999999999,
	"yaw" : 2.6681895472788515,
	"z" : 0.120638
}
