{
	"pitch" : 0.95736545459644995,
	"roll" : -2.8895496563092919,
	"x" : 0.28015600000000002,
	"y" : -0.20499500000000001,
	"yaw" : 2.5326821841540115,
	"z" : 0.13760700000000001
}
