{
	"pitch" : 1.1706097826051169,
	"roll" : -1.0600606277837961,
	"x" : 0.058534000000000003,
	"y" : -0.028157000000000001,
	"yaw" : -1.534982170543973,
	"z" : 0.27081499999999997
}
