{
	"pitch" : 1.3621422147189746,
	"roll" : -2.7830671186451186,
	"x" : 0.261654,
	"y" : -0.216003,
	"yaw" : 2.1453587165514296,
	"z" : 0.14410999999999999
}
