{
	"pitch" : 0.7457617360846569,
	"roll" : -2.8285503989520899,
	"x" : 0.233599,
	"y" : -0.19197,
	"yaw" : 2.6688527723946089,
	"z" : 0.12923200000000001
}
