{
	"pitch" : 0.85500189396698201,
	"roll" : -2.4245066771154029,
	"x" : 0.22947200000000001,
	"y" : -0.162823,
	"yaw" : 2.793416921109444,
	"z" : 0.191302
}
