{
	"pitch" : 0.86842347591481883,
	"roll" : -2.7696280834047613,
	"x" : 0.25429200000000002,
	"y" : -0.21120700000000001,
	"yaw" : 2.6684164400816108,
	"z" : 0.126225
}
