{
	"pitch" : 0.84405867955697766,
	"roll" : -2.6675786820406535,
	"x" : 0.25380900000000001,
	"y" : -0.21518699999999999,
	"yaw" : 2.7428547326791688,
	"z" : 0.11751
}
