{
	"pitch" : 0.86522952338366876,
	"roll" : -2.7493124509115479,
	"x" : 0.254166,
	"y" : -0.21282799999999999,
	"yaw" : 2.6744203727084712,
	"z" : 0.118558
}
