{
	"pitch" : 0.85070838400707594,
	"roll" : -2.4056571211938644,
	"x" : 0.23757200000000001,
	"y" : -0.167655,
	"yaw" : 2.797169379001232,
	"z" : 0.18324299999999999
}
