{
	"pitch" : 1.0804635267396094,
	"roll" : -1.3277592284546862,
	"x" : 0.083623000000000003,
	"y" : -0.044942999999999997,
	"yaw" : -1.852300481849062,
	"z" : 0.31856699999999999
}
