{
	"pitch" : 1.470300268465065,
	"roll" : -1.1455119479614404,
	"x" : 0.048349999999999997,
	"y" : -0.010584,
	"yaw" : -1.5487353650496913,
	"z" : 0.30857099999999998
}
