{
	"pitch" : 1.1965628285822725,
	"roll" : -2.81013717534355,
	"x" : 0.21027299999999999,
	"y" : -0.10903400000000001,
	"yaw" : 2.9063571770059973,
	"z" : 0.31844099999999997
}
