{
	"pitch" : 0.98867666137722798,
	"roll" : -3.0472401542269796,
	"x" : 0.28966500000000001,
	"y" : -0.192081,
	"yaw" : 2.3808210859379852,
	"z" : 0.13852999999999999
}
