{
	"pitch" : 1.5051370403348685,
	"roll" : -2.5854085808567602,
	"x" : 0.064938999999999997,
	"y" : -0.033641999999999998,
	"yaw" : -3.0891280562748449,
	"z" : 0.21762899999999999
}
