{
	"pitch" : 0.7404210285735543,
	"roll" : -2.4136507291679976,
	"x" : 0.19058900000000001,
	"y" : -0.133127,
	"yaw" : 3.0187214742493924,
	"z" : 0.202405
}
