{
	"pitch" : 1.0697472051323647,
	"roll" : -2.8732482810956657,
	"x" : 0.25925599999999999,
	"y" : -0.22476399999999999,
	"yaw" : 2.3335575697939785,
	"z" : 0.117774
}
