{
	"pitch" : 1.2255702007504183,
	"roll" : -2.8413087557841687,
	"x" : 0.26180900000000001,
	"y" : -0.19640299999999999,
	"yaw" : 2.017094469822367,
	"z" : 0.134466
}
