{
	"pitch" : 0.95862209165788548,
	"roll" : 2.7830147587675582,
	"x" : 0.19325800000000001,
	"y" : -0.16858999999999999,
	"yaw" : 1.7468825950286042,
	"z" : 0.198709
}
