{
	"pitch" : 0.81983350953929623,
	"roll" : -2.41923578277438,
	"x" : 0.25052000000000002,
	"y" : -0.195358,
	"yaw" : 2.7630132855397029,
	"z" : 0.13076399999999999
}
