{
	"pitch" : 0.97694804880382613,
	"roll" : 2.8157571355349718,
	"x" : 0.18624399999999999,
	"y" : -0.16769999999999999,
	"yaw" : 1.7452594388242499,
	"z" : 0.19383500000000001
}
