{
	"pitch" : 1.169388052128721,
	"roll" : -2.751040326871022,
	"x" : 0.209976,
	"y" : -0.11575299999999999,
	"yaw" : 2.8961120942967908,
	"z" : 0.32034800000000002
}
