{
	"pitch" : 1.3589482621878246,
	"roll" : -3.0241494482230946,
	"x" : 0.050816,
	"y" : 0.0030140000000000002,
	"yaw" : 3.0122113961394534,
	"z" : 0.28599999999999998
}
