{
	"pitch" : 0.76745617868694693,
	"roll" : -2.3578700062742595,
	"x" : 0.24878600000000001,
	"y" : -0.17134099999999999,
	"yaw" : 2.8882930192478562,
	"z" : 0.15848799999999999
}
