{
	"pitch" : 0.92422165210107732,
	"roll" : -2.959834065287104,
	"x" : 0.30987399999999998,
	"y" : -0.22936500000000001,
	"yaw" : 2.463828945162835,
	"z" : 0.14375199999999999
}
