{
	"pitch" : 1.3636955577532499,
	"roll" : -2.7693662840169626,
	"x" : 0.26221299999999997,
	"y" : -0.21592700000000001,
	"yaw" : 2.1654649095344047,
	"z" : 0.14433000000000001
}
