{
	"pitch" : 1.467682274587071,
	"roll" : -0.45846308791387069,
	"x" : 0.070051000000000002,
	"y" : -0.022145000000000001,
	"yaw" : -0.78834776983331878,
	"z" : 0.228126
}
