{
	"pitch" : 0.91450016816746893,
	"roll" : -2.6448544951796866,
	"x" : 0.28255999999999998,
	"y" : -0.23297999999999999,
	"yaw" : 2.6489385656293538,
	"z" : 0.13517299999999999
}
