{
	"pitch" : 0.76127771313488646,
	"roll" : -2.8758837282661767,
	"x" : 0.213502,
	"y" : -0.18407499999999999,
	"yaw" : 2.4694663586467769,
	"z" : 0.113917
}
