{
	"pitch" : 0.93837627233475129,
	"roll" : -2.5726153174396424,
	"x" : 0.27280799999999999,
	"y" : -0.23504900000000001,
	"yaw" : 2.6284484002109401,
	"z" : 0.135044
}
