{
	"pitch" : 0.83967790313447221,
	"roll" : -2.4324479252119771,
	"x" : 0.25124299999999999,
	"y" : -0.200766,
	"yaw" : 2.7318242518065645,
	"z" : 0.13081400000000001
}
