{
	"pitch" : 1.0995748820489475,
	"roll" : -1.859805397632637,
	"x" : 0.142149,
	"y" : -0.082604999999999998,
	"yaw" : -2.4445779635133378,
	"z" : 0.31766299999999997
}
