{
	"pitch" : 0.81808818028730212,
	"roll" : -2.7940277863476428,
	"x" : 0.24845,
	"y" : -0.20600099999999999,
	"yaw" : 2.6547854186235349,
	"z" : 0.13441500000000001
}
