{
	"pitch" : 1.0204765603485648,
	"roll" : -2.312369272674768,
	"x" : 0.20754400000000001,
	"y" : -0.12617200000000001,
	"yaw" : -3.0211649352021843,
	"z" : 0.30042999999999997
}
