{
	"pitch" : 1.0688745405063673,
	"roll" : -2.6942996728886865,
	"x" : 0.306668,
	"y" : -0.22051599999999999,
	"yaw" : 2.6187269162773319,
	"z" : 0.14255200000000001
}
