{
	"pitch" : 1.0327985848676444,
	"roll" : -3.0884124712815262,
	"x" : 0.290219,
	"y" : -0.190303,
	"yaw" : 2.3168373155598729,
	"z" : 0.13918900000000001
}
