{
	"pitch" : 0.91717052192302051,
	"roll" : 2.8487962182752242,
	"x" : 0.200074,
	"y" : -0.173398,
	"yaw" : 1.7999231509967126,
	"z" : 0.184641
}
