{
	"pitch" : 0.87734210839250959,
	"roll" : 2.9055717788425999,
	"x" : 0.202429,
	"y" : -0.17521800000000001,
	"yaw" : 1.8433294894938113,
	"z" : 0.17038200000000001
}
