{
	"pitch" : 1.0420139233181744,
	"roll" : 2.7750735106709841,
	"x" : 0.181897,
	"y" : -0.169351,
	"yaw" : 1.6778897296972686,
	"z" : 0.205065
}
