{
	"pitch" : 0.68125436693094688,
	"roll" : -2.8172930252767272,
	"x" : 0.22239500000000001,
	"y" : -0.18009700000000001,
	"yaw" : 2.7216664355599574,
	"z" : 0.116817
}
