{
	"pitch" : 1.3035166051444855,
	"roll" : -2.961666661001698,
	"x" : 0.24257999999999999,
	"y" : -0.21443400000000001,
	"yaw" : 1.7819113531161308,
	"z" : 0.13619800000000001
}
