{
	"pitch" : 0.76452402554359633,
	"roll" : -2.9156248753340872,
	"x" : 0.21184,
	"y" : -0.18451100000000001,
	"yaw" : 2.3887274274495196,
	"z" : 0.113479
}
