{
	"pitch" : 0.77564177287879998,
	"roll" : -3.0921474758807936,
	"x" : 0.208787,
	"y" : -0.18507899999999999,
	"yaw" : 2.0923181605833223,
	"z" : 0.112593
}
