{
	"pitch" : 1.1777481792457736,
	"roll" : -2.7906942074763328,
	"x" : 0.25231300000000001,
	"y" : -0.211865,
	"yaw" : 2.0674472187424033,
	"z" : 0.130857
}
