{
	"pitch" : 1.3210920707120677,
	"roll" : -2.9628011250154942,
	"x" : 0.244226,
	"y" : -0.21516399999999999,
	"yaw" : 1.790620546083582,
	"z" : 0.139372
}
