{
	"pitch" : 1.388549046301649,
	"roll" : -3.0031705906141228,
	"x" : 0.04931,
	"y" : 0.003395,
	"yaw" : 3.0239400087128554,
	"z" : 0.29335699999999998
}
