{
	"pitch" : 0.81986841612433625,
	"roll" : -2.780902910372645,
	"x" : 0.248617,
	"y" : -0.2069,
	"yaw" : 2.66241250745475,
	"z" : 0.13308200000000001
}
