{
	"pitch" : 0.75012505921464312,
	"roll" : -2.7997175597091442,
	"x" : 0.21723500000000001,
	"y" : -0.182729,
	"yaw" : 2.6340683604023618,
	"z" : 0.114762
}
