{
	"pitch" : 1.19747039979331,
	"roll" : -2.8115334387451454,
	"x" : 0.21040200000000001,
	"y" : -0.108866,
	"yaw" : 2.9072647482170346,
	"z" : 0.31846200000000002
}
