{
	"pitch" : 1.3991781014462947,
	"roll" : -2.9794341127869997,
	"x" : 0.048770000000000001,
	"y" : 0.0034190000000000002,
	"yaw" : 3.0435400562127519,
	"z" : 0.29589799999999999
}
