{
	"pitch" : 1.3886363127642491,
	"roll" : -2.7816534019510031,
	"x" : 0.25706499999999999,
	"y" : -0.213697,
	"yaw" : 2.0854241100379443,
	"z" : 0.14566599999999999
}
