{
	"pitch" : 0.78508400413208923,
	"roll" : -2.9005103240118166,
	"x" : 0.24618699999999999,
	"y" : -0.199961,
	"yaw" : 2.5883407340001106,
	"z" : 0.13952400000000001
}
