{
	"pitch" : 1.1342720275785949,
	"roll" : -2.7147723850145797,
	"x" : 0.21435399999999999,
	"y" : -0.11931799999999999,
	"yaw" : 2.9196740391987142,
	"z" : 0.313473
}
