{
	"pitch" : 0.97645935661326755,
	"roll" : 3.060818815807496,
	"x" : 0.28160299999999999,
	"y" : -0.19629199999999999,
	"yaw" : 2.1019523780543312,
	"z" : 0.13411300000000001
}
