{
	"pitch" : 0.97111864910216483,
	"roll" : 3.1199854774501032,
	"x" : 0.28628300000000001,
	"y" : -0.19142999999999999,
	"yaw" : 2.22231028327186,
	"z" : 0.133962
}
