{
	"pitch" : 0.93148222178937401,
	"roll" : -2.9723829826089432,
	"x" : 0.30232999999999999,
	"y" : -0.23629600000000001,
	"yaw" : 2.3296305789769916,
	"z" : 0.14452599999999999
}
