{
	"pitch" : 0.98925262003038583,
	"roll" : -1.1059802404037666,
	"x" : 0.053546000000000003,
	"y" : -0.024662,
	"yaw" : -1.6017410144327557,
	"z" : 0.29547899999999999
}
