{
	"pitch" : 1.0777931729840582,
	"roll" : 2.5264862653094315,
	"x" : 0.172461,
	"y" : -0.15556200000000001,
	"yaw" : 1.5147712578058787,
	"z" : 0.238597
}
