{
	"pitch" : 1.4440679698075882,
	"roll" : -0.54065064239028293,
	"x" : 0.073942999999999995,
	"y" : -0.0048650000000000004,
	"yaw" : -0.67605328576000279,
	"z" : 0.22958899999999999
}
