{
	"pitch" : 1.34828430045814,
	"roll" : -2.2986858913391321,
	"x" : 0.278227,
	"y" : -0.212977,
	"yaw" : 2.8083743927990352,
	"z" : 0.14937400000000001
}
