{
	"pitch" : 0.78991856616011358,
	"roll" : -2.3644848041393178,
	"x" : 0.24612500000000001,
	"y" : -0.17063800000000001,
	"yaw" : 2.8689198645507195,
	"z" : 0.165689
}
