{
	"pitch" : 0.83351689087493197,
	"roll" : -2.718804095586687,
	"x" : 0.25146200000000002,
	"y" : -0.21143899999999999,
	"yaw" : 2.7041607831624548,
	"z" : 0.127667
}
