{
	"pitch" : 1.1521791057040567,
	"roll" : 1.9094949214369161,
	"x" : 0.13122900000000001,
	"y" : -0.098900000000000002,
	"yaw" : 1.2104207428431075,
	"z" : 0.310533
}
