{
	"pitch" : 1.1784114043615308,
	"roll" : 1.6819214402693756,
	"x" : 0.11494699999999999,
	"y" : -0.084363999999999995,
	"yaw" : 1.0296918987990944,
	"z" : 0.32594600000000001
}
