{
	"pitch" : 1.4639472699878038,
	"roll" : -0.4707676591404294,
	"x" : 0.070874999999999994,
	"y" : -0.019519999999999999,
	"yaw" : -0.7704930515854157,
	"z" : 0.228376
}
