{
	"pitch" : 0.70383892745175325,
	"roll" : -2.8230875183933479,
	"x" : 0.22742200000000001,
	"y" : -0.18502299999999999,
	"yaw" : 2.7037069975569357,
	"z" : 0.121638
}
