{
	"pitch" : 1.3181599175687178,
	"roll" : -1.0117673673811132,
	"x" : 0.066230999999999998,
	"y" : -0.024157999999999999,
	"yaw" : -1.3912717599347606,
	"z" : 0.24575900000000001
}
