{
	"pitch" : 0.86495027070335018,
	"roll" : -2.6436502179958112,
	"x" : 0.29871999999999999,
	"y" : -0.24025199999999999,
	"yaw" : 2.6892207647653827,
	"z" : 0.14601700000000001
}
