{
	"pitch" : 0.83562873926984516,
	"roll" : -2.4162163631684299,
	"x" : 0.22140099999999999,
	"y" : -0.15675700000000001,
	"yaw" : 2.8458815184243935,
	"z" : 0.197128
}
