{
	"pitch" : 0.91210906709223671,
	"roll" : 2.8561266011336008,
	"x" : 0.200409,
	"y" : -0.17363400000000001,
	"yaw" : 1.8057525506983734,
	"z" : 0.18285899999999999
}
