{
	"pitch" : 1.4886262256110028,
	"roll" : 0.14805628044667885,
	"x" : 0.040009000000000003,
	"y" : 0.001671,
	"yaw" : -0.19306832185561312,
	"z" : 0.33616800000000002
}
