{
	"pitch" : 1.312173438234377,
	"roll" : -1.0031628941687802,
	"x" : 0.065881999999999996,
	"y" : -0.024001999999999999,
	"yaw" : -1.3834526848858248,
	"z" : 0.247778
}
