{
	"pitch" : 0.75305721235799339,
	"roll" : -2.8133136745821798,
	"x" : 0.216867,
	"y" : -0.18282599999999999,
	"yaw" : 2.6095813909968815,
	"z" : 0.114636
}
