{
	"pitch" : 1.4668794231311537,
	"roll" : -0.52585025033337174,
	"x" : 0.069228999999999999,
	"y" : -0.02452,
	"yaw" : -0.88371256016228927,
	"z" : 0.22789200000000001
}
