{
	"pitch" : 1.1796854947154876,
	"roll" : -2.7503945550477842,
	"x" : 0.20919399999999999,
	"y" : -0.11455700000000001,
	"yaw" : 2.9055368722575601,
	"z" : 0.32230999999999999
}
