{
	"pitch" : 0.91001467198984376,
	"roll" : -2.4823294352339751,
	"x" : 0.25329400000000002,
	"y" : -0.228635,
	"yaw" : 2.611675786099275,
	"z" : 0.13171099999999999
}
