{
	"pitch" : 0.84720027221056737,
	"roll" : 3.0804537698924319,
	"x" : 0.20349,
	"y" : -0.18513499999999999,
	"yaw" : 1.9248189122694264,
	"z" : 0.136883
}
