{
	"pitch" : 1.3786355761503206,
	"roll" : -2.5174803663691412,
	"x" : 0.27098899999999998,
	"y" : -0.21415200000000001,
	"yaw" : 2.5185624705053771,
	"z" : 0.14765800000000001
}
