{
	"pitch" : 1.18799326195498,
	"roll" : -2.8164203606507296,
	"x" : 0.25252599999999997,
	"y" : -0.206233,
	"yaw" : 2.0040219537249291,
	"z" : 0.13137699999999999
}
