{
	"pitch" : 0.74408622000274227,
	"roll" : -2.8321981370887581,
	"x" : 0.23347899999999999,
	"y" : -0.19176299999999999,
	"yaw" : 2.6654842869382596,
	"z" : 0.12901000000000001
}
