{
	"pitch" : 0.90360931363502428,
	"roll" : -2.8365963668037844,
	"x" : 0.32284600000000002,
	"y" : -0.21499199999999999,
	"yaw" : 2.71468511855198,
	"z" : 0.13869699999999999
}
