{
	"pitch" : 0.68306950935302091,
	"roll" : -2.827084322380415,
	"x" : 0.22398299999999999,
	"y" : -0.18119099999999999,
	"yaw" : 2.7131143222251852,
	"z" : 0.117926
}
