{
	"pitch" : 1.1399094410625368,
	"roll" : -2.9281737926559264,
	"x" : 0.26555499999999999,
	"y" : -0.21365700000000001,
	"yaw" : 2.0533798649713288,
	"z" : 0.130193
}
