{
	"pitch" : 1.2533209358571282,
	"roll" : -2.7469038965437953,
	"x" : 0.252411,
	"y" : -0.237343,
	"yaw" : 2.2019771974861264,
	"z" : 0.14103499999999999
}
