{
	"pitch" : 1.229671724492605,
	"roll" : -2.7670624494043303,
	"x" : 0.260494,
	"y" : -0.19330800000000001,
	"yaw" : 2.0661382218034072,
	"z" : 0.13525300000000001
}
