{
	"pitch" : 0.96038487420239982,
	"roll" : 2.779977885869088,
	"x" : 0.19372200000000001,
	"y" : -0.16891700000000001,
	"yaw" : 1.7443867741982526,
	"z" : 0.19948299999999999
}
