{
	"pitch" : 1.0090795603330416,
	"roll" : 3.1251865586210466,
	"x" : 0.27823900000000001,
	"y" : -0.20460100000000001,
	"yaw" : 2.1459346752045878,
	"z" : 0.131879
}
