{
	"pitch" : 0.85906851112412885,
	"roll" : -2.419916461182658,
	"x" : 0.23327300000000001,
	"y" : -0.165358,
	"yaw" : 2.7849869808223118,
	"z" : 0.18797700000000001
}
