{
	"pitch" : 1.3281432008901248,
	"roll" : -2.9622426196548561,
	"x" : 0.24415999999999999,
	"y" : -0.21595400000000001,
	"yaw" : 1.792069169362738,
	"z" : 0.14072999999999999
}
