{
	"pitch" : 1.3411982636950432,
	"roll" : -2.9940076120411527,
	"x" : 0.24707200000000001,
	"y" : -0.216892,
	"yaw" : 1.7754885414687922,
	"z" : 0.143398
}
