{
	"pitch" : 1.3775360187215653,
	"roll" : -2.5834712653870469,
	"x" : 0.26902599999999999,
	"y" : -0.214645,
	"yaw" : 2.4297426648713869,
	"z" : 0.14693500000000001
}
