{
	"pitch" : 1.3535377415066423,
	"roll" : 0.34985124856226307,
	"x" : 0.038304999999999999,
	"y" : -0.0056470000000000001,
	"yaw" : -0.059480820907966962,
	"z" : 0.347941
}
