{
	"pitch" : 0.68085294120298812,
	"roll" : -2.822179947182311,
	"x" : 0.22303500000000001,
	"y" : -0.18026200000000001,
	"yaw" : 2.718437576443768,
	"z" : 0.117122
}
