{
	"pitch" : 1.0364463230043128,
	"roll" : 2.8257404188563791,
	"x" : 0.18335699999999999,
	"y" : -0.17225199999999999,
	"yaw" : 1.70829336526701,
	"z" : 0.198023
}
