{
	"pitch" : 1.0559591040416096,
	"roll" : -2.8947856440652751,
	"x" : 0.259996,
	"y" : -0.224157,
	"yaw" : 2.3214275314926178,
	"z" : 0.116742
}
