{
	"pitch" : 0.98391191251928345,
	"roll" : -3.0197512185080693,
	"x" : 0.28792299999999998,
	"y" : -0.194465,
	"yaw" : 2.4057792942415039,
	"z" : 0.138319
}
