{
	"pitch" : 0.70008646955996534,
	"roll" : -2.769907336085081,
	"x" : 0.220274,
	"y" : -0.18043400000000001,
	"yaw" : 2.7448618613189621,
	"z" : 0.116574
}
