{
	"pitch" : 1.0391515833449041,
	"roll" : 2.8224417465701102,
	"x" : 0.18315600000000001,
	"y" : -0.17222599999999999,
	"yaw" : 1.7046281738378219,
	"z" : 0.19869700000000001
}
