{
	"pitch" : 1.2267570246417743,
	"roll" : -2.8342576256061109,
	"x" : 0.25940299999999999,
	"y" : -0.20048299999999999,
	"yaw" : 2.0170246566522869,
	"z" : 0.134628
}
