{
	"pitch" : 0.98911299369022643,
	"roll" : -3.0202748172836675,
	"x" : 0.26503900000000002,
	"y" : -0.223047,
	"yaw" : 2.2355049724169374,
	"z" : 0.11339299999999999
}
