{
	"pitch" : 0.91936963678053285,
	"roll" : -2.6435978581182513,
	"x" : 0.28173100000000001,
	"y" : -0.233102,
	"yaw" : 2.6456224400505644,
	"z" : 0.13511000000000001
}
