{
	"pitch" : 1.0060950473121313,
	"roll" : -3.1199854774501032,
	"x" : 0.28857699999999997,
	"y" : -0.19078899999999999,
	"yaw" : 2.2803773874857112,
	"z" : 0.13706499999999999
}
