{
	"pitch" : 1.2792216219567238,
	"roll" : -1.0688047273362871,
	"x" : 0.062396,
	"y" : -0.030738000000000001,
	"yaw" : -1.5358897417550097,
	"z" : 0.25032900000000002
}
