{
	"pitch" : 0.76726419246922695,
	"roll" : -2.3767021089032783,
	"x" : 0.25153999999999999,
	"y" : -0.181146,
	"yaw" : 2.864434368373094,
	"z" : 0.13705500000000001
}
