{
	"pitch" : 1.1483219280571491,
	"roll" : -2.7264660910029419,
	"x" : 0.21210200000000001,
	"y" : -0.117878,
	"yaw" : 2.910877579768663,
	"z" : 0.31658799999999998
}
