{
	"pitch" : 0.91603605790922404,
	"roll" : -2.8397903193349339,
	"x" : 0.322403,
	"y" : -0.216201,
	"yaw" : 2.6919260251059738,
	"z" : 0.13949600000000001
}
