{
	"pitch" : 1.4012026833786069,
	"roll" : -2.9723131694388631,
	"x" : 0.048507000000000002,
	"y" : 0.0036159999999999999,
	"yaw" : 3.0506784528534086,
	"z" : 0.29682700000000001
}
