{
	"pitch" : 0.74162530575743046,
	"roll" : -2.8640678492301745,
	"x" : 0.23651700000000001,
	"y" : -0.19420299999999999,
	"yaw" : 2.6401944660768621,
	"z" : 0.13132099999999999
}
