{
	"pitch" : 0.95588192473225453,
	"roll" : -2.43459468019193,
	"x" : 0.18010699999999999,
	"y" : -0.12281400000000001,
	"yaw" : 3.028931650373559,
	"z" : 0.277839
}
