{
	"pitch" : 1.2529369634216891,
	"roll" : -2.6512947601195456,
	"x" : 0.26574599999999998,
	"y" : -0.22391800000000001,
	"yaw" : 2.3482183355107309,
	"z" : 0.142904
}
