{
	"pitch" : 1.1288964134824524,
	"roll" : -2.8430017251586031,
	"x" : 0.25156899999999999,
	"y" : -0.22927600000000001,
	"yaw" : 2.2532724242022395,
	"z" : 0.122041
}
