{
	"pitch" : 1.107097251125043,
	"roll" : -1.761508454160317,
	"x" : 0.13084100000000001,
	"y" : -0.074926999999999994,
	"yaw" : -2.3287230077659542,
	"z" : 0.31954500000000002
}
