{
	"pitch" : 1.3018236357700506,
	"roll" : -1.0155721851504607,
	"x" : 0.063481999999999997,
	"y" : -0.028346,
	"yaw" : -1.4517823251014035,
	"z" : 0.25048900000000002
}
