{
	"pitch" : 1.174571680007144,
	"roll" : -2.794411758783081,
	"x" : 0.25264700000000001,
	"y" : -0.21170900000000001,
	"yaw" : 2.068075537273121,
	"z" : 0.13056200000000001
}
