{
	"pitch" : 1.3809219574704334,
	"roll" : 0.31937779982244247,
	"x" : 0.038207999999999999,
	"y" : -0.0033609999999999998,
	"yaw" : -0.072448617250284397,
	"z" : 0.34544599999999998
}
