{
	"pitch" : 1.0384359983515861,
	"roll" : 2.7830671186451181,
	"x" : 0.182257,
	"y" : -0.169604,
	"yaw" : 1.6847837802426466,
	"z" : 0.203733
}
