{
	"pitch" : 0.85170322168071289,
	"roll" : -2.6770383665864625,
	"x" : 0.25486599999999998,
	"y" : -0.215558,
	"yaw" : 2.7413188429374138,
	"z" : 0.114317
}
