{
	"pitch" : 0.87050041772469211,
	"roll" : -2.344064451890985,
	"x" : 0.17375299999999999,
	"y" : -0.11863,
	"yaw" : -3.1183099613681886,
	"z" : 0.25727899999999998
}
