{
	"pitch" : 0.72417201323748737,
	"roll" : -2.7540248398919327,
	"x" : 0.21809600000000001,
	"y" : -0.18169099999999999,
	"yaw" : 2.7249476545537066,
	"z" : 0.116104
}
