{
	"pitch" : 0.86465356473051069,
	"roll" : -2.6156202302087821,
	"x" : 0.29548400000000002,
	"y" : -0.239671,
	"yaw" : 2.7140218934362226,
	"z" : 0.14479800000000001
}
