{
	"pitch" : 1.0140188421161853,
	"roll" : -2.935818334779662,
	"x" : 0.26063599999999998,
	"y" : -0.22361500000000001,
	"yaw" : 2.29901750389701,
	"z" : 0.113886
}
