{
	"pitch" : 1.1718664196665527,
	"roll" : -2.7976406178992708,
	"x" : 0.252913,
	"y" : -0.21157699999999999,
	"yaw" : 2.0683547899534398,
	"z" : 0.13031100000000001
}
