{
	"pitch" : 1.1061198667439263,
	"roll" : -2.995456235320308,
	"x" : 0.26192599999999999,
	"y" : -0.21006,
	"yaw" : 1.9421325784492103,
	"z" : 0.125473
}
