{
	"pitch" : 1.4844025288211771,
	"roll" : -2.7519478980820593,
	"x" : 0.065679000000000001,
	"y" : -0.032973000000000002,
	"yaw" : 3.0388276672323675,
	"z" : 0.212476
}
