{
	"pitch" : 1.0085559615574435,
	"roll" : -3.1031605034608782,
	"x" : 0.29134500000000002,
	"y" : -0.18912599999999999,
	"yaw" : 2.3160693706889957,
	"z" : 0.13802300000000001
}
