{
	"pitch" : 1.353450475044043,
	"roll" : -2.3067842190683865,
	"x" : 0.277646,
	"y" : -0.21323800000000001,
	"yaw" : 2.7926664295310872,
	"z" : 0.149562
}
