{
	"pitch" : 0.95804613300472741,
	"roll" : -2.6077662485748072,
	"x" : 0.2747,
	"y" : -0.23552000000000001,
	"yaw" : 2.595025345035249,
	"z" : 0.13616200000000001
}
