{
	"pitch" : 1.4497577431690911,
	"roll" : -0.49174651674940278,
	"x" : 0.051230999999999999,
	"y" : -0.020282000000000001,
	"yaw" : -0.96546378232570385,
	"z" : 0.29757299999999998
}
