{
	"pitch" : 1.4306114812747135,
	"roll" : -0.56786032542887499,
	"x" : 0.047261999999999998,
	"y" : -0.015349,
	"yaw" : -1.0232865404442761,
	"z" : 0.31210199999999999
}
