{
	"pitch" : 1.2085357872509539,
	"roll" : -2.7922650038031285,
	"x" : 0.25666899999999998,
	"y" : -0.19997899999999999,
	"yaw" : 2.0362407317167448,
	"z" : 0.13328499999999999
}
