{
	"pitch" : 1.1947476861601987,
	"roll" : -2.834519424993911,
	"x" : 0.21029999999999999,
	"y" : -0.107461,
	"yaw" : 2.8977177972086259,
	"z" : 0.31497599999999998
}
