{
	"pitch" : 0.79798198730432746,
	"roll" : -2.2975165207402957,
	"x" : 0.16942699999999999,
	"y" : -0.113579,
	"yaw" : -3.0081971388598667,
	"z" : 0.24063899999999999
}
