{
	"pitch" : 1.3880603541110901,
	"roll" : -2.8431064449137238,
	"x" : 0.252247,
	"y" : -0.21509800000000001,
	"yaw" : 1.9744560761961445,
	"z" : 0.145289
}
