{
	"pitch" : 0.97939150975661826,
	"roll" : 3.132185328921544,
	"x" : 0.286991,
	"y" : -0.19098300000000001,
	"yaw" : 2.2413518254111184,
	"z" : 0.13502
}
