{
	"pitch" : 0.76740381880938691,
	"roll" : -3.1224812982804555,
	"x" : 0.20696800000000001,
	"y" : -0.18526100000000001,
	"yaw" : 2.0220861114830702,
	"z" : 0.11200300000000001
}
