{
	"pitch" : 0.78372264731553387,
	"roll" : -2.3632979802479617,
	"x" : 0.24679400000000001,
	"y" : -0.170793,
	"yaw" : 2.8735798936535439,
	"z" : 0.163443
}
