{
	"pitch" : 1.3002528394432555,
	"roll" : -2.9363244802627402,
	"x" : 0.242204,
	"y" : -0.21439900000000001,
	"yaw" : 1.8040246747388988,
	"z" : 0.13603499999999999
}
