{
	"pitch" : 0.98426097836968263,
	"roll" : -3.0249697529715323,
	"x" : 0.28867100000000001,
	"y" : -0.19334100000000001,
	"yaw" : 2.403266020118632,
	"z" : 0.13831499999999999
}
