{
	"pitch" : 1.4298609896963543,
	"roll" : -2.9039660759307648,
	"x" : 0.046282999999999998,
	"y" : 0.0048910000000000004,
	"yaw" : 3.1143829705512021,
	"z" : 0.30562299999999998
}
