{
	"pitch" : 1.0054318221963734,
	"roll" : -3.1090422630400987,
	"x" : 0.29181200000000002,
	"y" : -0.18895999999999999,
	"yaw" : 2.3135037366885638,
	"z" : 0.13871900000000001
}
