{
	"pitch" : 1.1407821056885337,
	"roll" : -2.8392143606817757,
	"x" : 0.25262299999999999,
	"y" : -0.23055899999999999,
	"yaw" : 2.2524695727463215,
	"z" : 0.123792
}
