{
	"pitch" : 1.3842904429267828,
	"roll" : -2.7974486316815512,
	"x" : 0.25786700000000001,
	"y" : -0.21374899999999999,
	"yaw" : 2.0745507087980206,
	"z" : 0.145455
}
