{
	"pitch" : 1.3966648273234212,
	"roll" : -2.9837101694543864,
	"x" : 0.048787999999999998,
	"y" : 0.0035479999999999999,
	"yaw" : 3.0408173425796408,
	"z" : 0.29561100000000001
}
