{
	"pitch" : 1.0256078283494277,
	"roll" : -2.4957335638892917,
	"x" : 0.18722900000000001,
	"y" : -0.124722,
	"yaw" : 2.9660997973017631,
	"z" : 0.29748000000000002
}
