{
	"pitch" : 0.9300685050952584,
	"roll" : -2.6306126084834136,
	"x" : 0.28125099999999997,
	"y" : -0.23388900000000001,
	"yaw" : 2.6433535120229719,
	"z" : 0.13600999999999999
}
