{
	"pitch" : 1.3095030844788254,
	"roll" : -1.0015222846719056,
	"x" : 0.065654000000000004,
	"y" : -0.024166,
	"yaw" : -1.3848314949949005,
	"z" : 0.24856900000000001
}
