{
	"pitch" : 1.1776260061981343,
	"roll" : -2.7643920956487786,
	"x" : 0.20894299999999999,
	"y" : -0.108086,
	"yaw" : 2.9605671035729411,
	"z" : 0.31194
}
