{
	"pitch" : 0.86257662292063775,
	"roll" : -2.3372576678082062,
	"x" : 0.17337,
	"y" : -0.11806700000000001,
	"yaw" : -3.1038586351616755,
	"z" : 0.255442
}
