{
	"pitch" : 0.75804885401869715,
	"roll" : -2.2996283691352084,
	"x" : 0.170596,
	"y" : -0.119036,
	"yaw" : -3.0622325325016111,
	"z" : 0.23314799999999999
}
