{
	"pitch" : 1.306152052314997,
	"roll" : -0.99040453733670253,
	"x" : 0.064671000000000006,
	"y" : -0.025441999999999999,
	"yaw" : -1.3916557323701988,
	"z" : 0.25079400000000002
}
