{
	"pitch" : 0.85360563056538674,
	"roll" : -2.6243992363463136,
	"x" : 0.29849700000000001,
	"y" : -0.24027200000000001,
	"yaw" : 2.7127478030822667,
	"z" : 0.14588999999999999
}
