{
	"pitch" : 1.1990062895350648,
	"roll" : -2.8535260605481292,
	"x" : 0.21107100000000001,
	"y" : -0.105339,
	"yaw" : 2.9038613561756454,
	"z" : 0.31287999999999999
}
