{
	"pitch" : 0.74523813730905897,
	"roll" : -2.8407677037160508,
	"x" : 0.23536499999999999,
	"y" : -0.193075,
	"yaw" : 2.6615223895362328,
	"z" : 0.13048699999999999
}
