{
	"pitch" : 1.3073912360839124,
	"roll" : -2.9269695154720501,
	"x" : 0.2419,
	"y" : -0.21458099999999999,
	"yaw" : 1.8098017145630001,
	"z" : 0.13669500000000001
}
