{
	"pitch" : 1.1977321991811087,
	"roll" : 1.4065608441822306,
	"x" : 0.097292000000000003,
	"y" : -0.071370000000000003,
	"yaw" : 0.77867864577727053,
	"z" : 0.33948899999999999
}
