{
	"pitch" : 0.93362897676932688,
	"roll" : -2.9622426196548557,
	"x" : 0.303755,
	"y" : -0.23614399999999999,
	"yaw" : 2.3728449312563709,
	"z" : 0.14477499999999999
}
