{
	"pitch" : 1.510861720281413,
	"roll" : -2.506135726231177,
	"x" : 0.064618999999999996,
	"y" : -0.033340000000000002,
	"yaw" : -3.0093316028736625,
	"z" : 0.22101199999999999
}
