{
	"pitch" : 1.3580406909767888,
	"roll" : -2.8423908599204055,
	"x" : 0.25790999999999997,
	"y" : -0.21571100000000001,
	"yaw" : 2.0444612324936391,
	"z" : 0.14310600000000001
}
