{
	"pitch" : 0.76199329812820438,
	"roll" : -2.2990175038970104,
	"x" : 0.17041999999999999,
	"y" : -0.118703,
	"yaw" : -3.0594050991133801,
	"z" : 0.23382700000000001
}
