{
	"pitch" : 0.74974108677920404,
	"roll" : -2.8837551631926708,
	"x" : 0.241151,
	"y" : -0.19738800000000001,
	"yaw" : 2.6211529239376041,
	"z" : 0.13475999999999999
}
