{
	"pitch" : 1.0309659891530503,
	"roll" : 2.8249550206929821,
	"x" : 0.18363099999999999,
	"y" : -0.17185,
	"yaw" : 1.7118014770635184,
	"z" : 0.197627
}
