{
	"pitch" : 1.1848865758864311,
	"roll" : -2.7836605305907964,
	"x" : 0.25134000000000001,
	"y" : -0.212225,
	"yaw" : 2.0620366980612217,
	"z" : 0.13150500000000001
}
