{
	"pitch" : 0.75571011282102463,
	"roll" : -2.8272937618906542,
	"x" : 0.21634800000000001,
	"y" : -0.183007,
	"yaw" : 2.582005188815371,
	"z" : 0.11450100000000001
}
