{
	"pitch" : 0.91715306863050039,
	"roll" : 2.8488136715677443,
	"x" : 0.200075,
	"y" : -0.173399,
	"yaw" : 1.7999580575817518,
	"z" : 0.18463399999999999
}
