{
	"pitch" : 1.2518723125779727,
	"roll" : -2.7119973115039091,
	"x" : 0.25988099999999997,
	"y" : -0.231102,
	"yaw" : 2.266292580422117,
	"z" : 0.14205499999999999
}
