{
	"pitch" : 1.0692759662343265,
	"roll" : 2.6957482961678418,
	"x" : 0.17851600000000001,
	"y" : -0.16639499999999999,
	"yaw" : 1.6130507479856797,
	"z" : 0.217084
}
