{
	"pitch" : 1.1707319556527565,
	"roll" : -2.7994034004437856,
	"x" : 0.25250899999999998,
	"y" : -0.21206900000000001,
	"yaw" : 2.0651608374222903,
	"z" : 0.13020000000000001
}
