{
	"pitch" : 1.014298094796505,
	"roll" : -3.0983608480178937,
	"x" : 0.290881,
	"y" : -0.18931899999999999,
	"yaw" : 2.3175529005531903,
	"z" : 0.13814699999999999
}
