{
	"pitch" : 1.3170952667250009,
	"roll" : 0.42296309092830581,
	"x" : 0.040381,
	"y" : -0.010895999999999999,
	"yaw" : -0.016074482410868129,
	"z" : 0.35148600000000002
}
