{
	"pitch" : 1.3768902468983277,
	"roll" : -2.5975037125730807,
	"x" : 0.26854899999999998,
	"y" : -0.214756,
	"yaw" : 2.4101949772490499,
	"z" : 0.146757
}
