{
	"pitch" : 1.3630672392225314,
	"roll" : -2.7750909639635046,
	"x" : 0.26198100000000002,
	"y" : -0.21595900000000001,
	"yaw" : 2.1570873291248311,
	"z" : 0.14423900000000001
}
