{
	"pitch" : 0.82552328290079835,
	"roll" : 3.0919554896630745,
	"x" : 0.20393600000000001,
	"y" : -0.18477299999999999,
	"yaw" : 1.9367744176455879,
	"z" : 0.131439
}
