{
	"pitch" : 0.88032662141341955,
	"roll" : -2.7413362962299339,
	"x" : 0.26400699999999999,
	"y" : -0.218551,
	"yaw" : 2.6983313834607934,
	"z" : 0.13256999999999999
}
