{
	"pitch" : 1.3638351840934093,
	"roll" : -2.8793045736000855,
	"x" : 0.246696,
	"y" : -0.21682199999999999,
	"yaw" : 1.8812554941396487,
	"z" : 0.143313
}
