{
	"pitch" : 0.82428409913188216,
	"roll" : 2.9762227069633305,
	"x" : 0.20456299999999999,
	"y" : -0.17729700000000001,
	"yaw" : 1.8931760929307695,
	"z" : 0.15096999999999999
}
