{
	"pitch" : 0.90420272558070236,
	"roll" : 2.8673316149314041,
	"x" : 0.20091000000000001,
	"y" : -0.173988,
	"yaw" : 1.8145839167134645,
	"z" : 0.180087
}
