{
	"pitch" : 0.99544853887496598,
	"roll" : -3.0896691083429619,
	"x" : 0.29123599999999999,
	"y" : -0.189744,
	"yaw" : 2.3371704013456061,
	"z" : 0.138769
}
