{
	"pitch" : 1.3353339574083414,
	"roll" : -1.0530269508982579,
	"x" : 0.067396999999999999,
	"y" : -0.024607,
	"yaw" : -1.429477017260915,
	"z" : 0.238729
}
