{
	"pitch" : 0.82988660603078401,
	"roll" : -2.7310737602282074,
	"x" : 0.250691,
	"y" : -0.21023600000000001,
	"yaw" : 2.6967082272564382,
	"z" : 0.128807
}
