{
	"pitch" : 0.933646430061847,
	"roll" : -2.9651573195056864,
	"x" : 0.30304799999999998,
	"y" : -0.23657900000000001,
	"yaw" : 2.3580096326144191,
	"z" : 0.14474899999999999
}
