{
	"pitch" : 1.2774762927047298,
	"roll" : -1.0717019738945981,
	"x" : 0.062400999999999998,
	"y" : -0.030726,
	"yaw" : -1.5387869883133203,
	"z" : 0.25033499999999997
}
