{
	"pitch" : 0.93546157248392059,
	"roll" : -2.9462728569991077,
	"x" : 0.30211199999999999,
	"y" : -0.23688600000000001,
	"yaw" : 2.3542222681375913,
	"z" : 0.145068
}
