{
	"pitch" : 0.85343109764018732,
	"roll" : -2.6227935334344785,
	"x" : 0.29856199999999999,
	"y" : -0.24026600000000001,
	"yaw" : 2.7154181568378175,
	"z" : 0.145927
}
