{
	"pitch" : 1.0964332893953579,
	"roll" : -2.6159518427666613,
	"x" : 0.30426900000000001,
	"y" : -0.218172,
	"yaw" : 2.6803195855802118,
	"z" : 0.14319100000000001
}
