{
	"pitch" : 0.86418232583247268,
	"roll" : -2.7707800007110777,
	"x" : 0.254326,
	"y" : -0.21104400000000001,
	"yaw" : 2.6696556238505265,
	"z" : 0.12600500000000001
}
