{
	"pitch" : 0.78066832112454387,
	"roll" : -2.4067741319151406,
	"x" : 0.208069,
	"y" : -0.14634900000000001,
	"yaw" : 2.9359405078273015,
	"z" : 0.19969000000000001
}
