{
	"pitch" : 0.72764521844895613,
	"roll" : -2.4096015653033716,
	"x" : 0.18574499999999999,
	"y" : -0.129806,
	"yaw" : 3.0444301741312687,
	"z" : 0.203398
}
