{
	"pitch" : 1.1880281685400202,
	"roll" : -2.4482082483574859,
	"x" : 0.29699500000000001,
	"y" : -0.21391099999999999,
	"yaw" : 2.7896121033400969,
	"z" : 0.145756
}
