{
	"pitch" : 1.3360320891091393,
	"roll" : -2.9194471463959548,
	"x" : 0.24488299999999999,
	"y" : -0.21645600000000001,
	"yaw" : 1.8223506318848386,
	"z" : 0.14072499999999999
}
