{
	"pitch" : 1.1105355497514722,
	"roll" : 2.2696785191709861,
	"x" : 0.15925500000000001,
	"y" : -0.140935,
	"yaw" : 1.3305168486728376,
	"z" : 0.268536
}
