{
	"pitch" : 1.0623644623964286,
	"roll" : -2.5276730892007881,
	"x" : 0.19192600000000001,
	"y" : -0.12381,
	"yaw" : 2.9631327375733729,
	"z" : 0.305981
}
