{
	"pitch" : 0.91361005024895181,
	"roll" : -2.7782849164946537,
	"x" : 0.27034599999999998,
	"y" : -0.21715599999999999,
	"yaw" : 2.6461460388261631,
	"z" : 0.136376
}
