{
	"pitch" : 1.0738836354595913,
	"roll" : 2.5509383281298721,
	"x" : 0.17358499999999999,
	"y" : -0.156888,
	"yaw" : 1.5320849239856622,
	"z" : 0.23547399999999999
}
