{
	"pitch" : 0.86412996595491287,
	"roll" : -2.6222699346588807,
	"x" : 0.296537,
	"y" : -0.24202799999999999,
	"yaw" : 2.6848050817578373,
	"z" : 0.14718100000000001
}
