{
	"pitch" : 1.1592825957596735,
	"roll" : -2.6993436744269497,
	"x" : 0.207064,
	"y" : -0.11047999999999999,
	"yaw" : 2.9965208861640242,
	"z" : 0.31145499999999998
}
