{
	"pitch" : 1.1271685375229779,
	"roll" : -2.8458640651318743,
	"x" : 0.25172800000000001,
	"y" : -0.22924700000000001,
	"yaw" : 2.2514572817801652,
	"z" : 0.12194199999999999
}
