{
	"pitch" : 1.0367604822696719,
	"roll" : -2.5054550478229003,
	"x" : 0.18848300000000001,
	"y" : -0.124737,
	"yaw" : 2.9606543700355412,
	"z" : 0.30043599999999998
}
