{
	"pitch" : 1.5271281889099995,
	"roll" : -1.7156935612954693,
	"x" : 0.061797999999999999,
	"y" : -0.029302000000000002,
	"yaw" : -2.20120925261525,
	"z" : 0.246256
}
