{
	"pitch" : 1.2329878500713938,
	"roll" : -2.8217436148693129,
	"x" : 0.25475500000000001,
	"y" : -0.20813599999999999,
	"yaw" : 2.0158727393459701,
	"z" : 0.13525300000000001
}
