{
	"pitch" : 0.89273591239509953,
	"roll" : -2.7403589118488165,
	"x" : 0.26708199999999999,
	"y" : -0.22101299999999999,
	"yaw" : 2.6949978045894842,
	"z" : 0.13578899999999999
}
