{
	"pitch" : 1.2554327842520412,
	"roll" : -2.7494869838367468,
	"x" : 0.25362299999999999,
	"y" : -0.23702899999999999,
	"yaw" : 2.202221543581405,
	"z" : 0.14155400000000001
}
