{
	"pitch" : 1.1714649939385944,
	"roll" : -2.8634918905770173,
	"x" : 0.268876,
	"y" : -0.215387,
	"yaw" : 2.1486748421302191,
	"z" : 0.13397300000000001
}
