{
	"pitch" : 0.72733105918359697,
	"roll" : -2.8261767511693781,
	"x" : 0.230213,
	"y" : -0.18856999999999999,
	"yaw" : 2.6821521812948057,
	"z" : 0.12559899999999999
}
