{
	"pitch" : 0.88774427073439555,
	"roll" : -2.7005304983183063,
	"x" : 0.29946800000000001,
	"y" : -0.239977,
	"yaw" : 2.6250101015845111,
	"z" : 0.14610500000000001
}
