{
	"pitch" : 1.0140886552862658,
	"roll" : -3.0983957546029335,
	"x" : 0.29086000000000001,
	"y" : -0.189299,
	"yaw" : 2.3175878071382301,
	"z" : 0.13811599999999999
}
