{
	"pitch" : 1.2447339159373159,
	"roll" : -2.8783271892189686,
	"x" : 0.25065700000000002,
	"y" : -0.214005,
	"yaw" : 1.9408759413877736,
	"z" : 0.135738
}
