{
	"pitch" : 0.74363243439722382,
	"roll" : -2.8187416485558821,
	"x" : 0.231936,
	"y" : -0.19119900000000001,
	"yaw" : 2.6775096054845009,
	"z" : 0.128084
}
