{
	"pitch" : 0.79044216493571196,
	"roll" : -2.2951079663725436,
	"x" : 0.16933699999999999,
	"y" : -0.115953,
	"yaw" : -3.0340978249594626,
	"z" : 0.2387
}
