{
	"pitch" : 1.3429261396545171,
	"roll" : -2.9008942964472553,
	"x" : 0.24548800000000001,
	"y" : -0.21659600000000001,
	"yaw" : 1.8477800790863967,
	"z" : 0.14140800000000001
}
