{
	"pitch" : 1.4723597569824174,
	"roll" : -2.8110272932620681,
	"x" : 0.066002000000000005,
	"y" : -0.032146000000000001,
	"yaw" : 2.9896268356186479,
	"z" : 0.21127899999999999
}
