{
	"pitch" : 1.2494113983326605,
	"roll" : -2.7654043866149354,
	"x" : 0.24931200000000001,
	"y" : -0.23880499999999999,
	"yaw" : 2.1921160872123582,
	"z" : 0.13919999999999999
}
