{
	"pitch" : 1.188272514635299,
	"roll" : -2.8015850620087779,
	"x" : 0.25120500000000001,
	"y" : -0.20946300000000001,
	"yaw" : 2.0229413228165476,
	"z" : 0.13156499999999999
}
