{
	"pitch" : 1.0787705573651749,
	"roll" : -2.5480061749865217,
	"x" : 0.19459199999999999,
	"y" : -0.12213300000000001,
	"yaw" : 2.9732381939424202,
	"z" : 0.30782500000000002
}
