{
	"pitch" : 1.4482916665974153,
	"roll" : -0.75494216795014712,
	"x" : 0.068991999999999998,
	"y" : -0.025169,
	"yaw" : -1.1218278300118756,
	"z" : 0.227826
}
