{
	"pitch" : 1.4800392056911924,
	"roll" : -0.63378141127670251,
	"x" : 0.054872999999999998,
	"y" : -0.023220000000000001,
	"yaw" : -1.1101864839010749,
	"z" : 0.28288799999999997
}
