{
	"pitch" : 0.85873689856625013,
	"roll" : -2.6268252440065858,
	"x" : 0.297543,
	"y" : -0.24115400000000001,
	"yaw" : 2.6992040480867905,
	"z" : 0.14672399999999999
}
