{
	"pitch" : 1.2430758531479214,
	"roll" : -2.7566428337699236,
	"x" : 0.24893199999999999,
	"y" : -0.23840600000000001,
	"yaw" : 2.185518742639819,
	"z" : 0.13911200000000001
}
