{
	"pitch" : 1.1834728591923147,
	"roll" : -2.8074493682954786,
	"x" : 0.255137,
	"y" : -0.234074,
	"yaw" : 2.2700450383139046,
	"z" : 0.129417
}
