{
	"pitch" : 0.90814716969020948,
	"roll" : -2.5045823831969027,
	"x" : 0.264125,
	"y" : -0.23358499999999999,
	"yaw" : 2.6572986927464068,
	"z" : 0.13147
}
