{
	"pitch" : 0.91338315744619281,
	"roll" : -2.4951226986510942,
	"x" : 0.26272400000000001,
	"y" : -0.23389199999999999,
	"yaw" : 2.6520627049904242,
	"z" : 0.13231499999999999
}
