{
	"pitch" : 1.3053317475665587,
	"roll" : -1.0045067976928153,
	"x" : 0.063735,
	"y" : -0.027751999999999999,
	"yaw" : -1.4333167416153021,
	"z" : 0.25055100000000002
}
