{
	"pitch" : 0.98084013303577289,
	"roll" : 2.8165076271133294,
	"x" : 0.186061,
	"y" : -0.16800899999999999,
	"yaw" : 1.7429032443340575,
	"z" : 0.194102
}
