{
	"pitch" : 1.002290229542784,
	"roll" : -3.109391328890498,
	"x" : 0.29142899999999999,
	"y" : -0.18918399999999999,
	"yaw" : 2.3140971486342421,
	"z" : 0.138957
}
