{
	"pitch" : 1.361077563875257,
	"roll" : -2.7921428307554876,
	"x" : 0.26127800000000001,
	"y" : -0.21605199999999999,
	"yaw" : 2.1319720411886345,
	"z" : 0.14396100000000001
}
