{
	"pitch" : 0.8654040563088683,
	"roll" : -2.7401843789236175,
	"x" : 0.25427499999999997,
	"y" : -0.213341,
	"yaw" : 2.68084318435581,
	"z" : 0.116966
}
