{
	"pitch" : 0.76927132110902063,
	"roll" : -2.895518682351113,
	"x" : 0.24510599999999999,
	"y" : -0.200102,
	"yaw" : 2.6028793266692234,
	"z" : 0.138624
}
