{
	"pitch" : 1.4293373909207561,
	"roll" : -0.53373913855238531,
	"x" : 0.047515000000000002,
	"y" : -0.016042000000000001,
	"yaw" : -0.99372066291549122,
	"z" : 0.31113600000000002
}
