{
	"pitch" : 0.87245518648692555,
	"roll" : -2.6166325211749388,
	"x" : 0.29486600000000002,
	"y" : -0.23874500000000001,
	"yaw" : 2.718193230348489,
	"z" : 0.143931
}
