{
	"pitch" : 1.1729310705102693,
	"roll" : -2.7908163805239723,
	"x" : 0.25312200000000001,
	"y" : -0.212113,
	"yaw" : 2.0812178665406389,
	"z" : 0.13047600000000001
}
