{
	"pitch" : 1.3585817430449068,
	"roll" : -2.3269602252214403,
	"x" : 0.27617999999999998,
	"y" : -0.21340200000000001,
	"yaw" : 2.7597844264235141,
	"z" : 0.14929400000000001
}
