{
	"pitch" : 1.1435920857842445,
	"roll" : -2.8386034954435773,
	"x" : 0.25299199999999999,
	"y" : -0.23089599999999999,
	"yaw" : 2.2525393859164016,
	"z" : 0.12425600000000001
}
