{
	"pitch" : 0.74944438080636533,
	"roll" : -2.8801772382260822,
	"x" : 0.24072199999999999,
	"y" : -0.19720699999999999,
	"yaw" : 2.6245912225640327,
	"z" : 0.13445299999999999
}
