{
	"pitch" : 0.99836323872579646,
	"roll" : -2.9833785568965072,
	"x" : 0.26280799999999999,
	"y" : -0.223159,
	"yaw" : 2.2623306830200898,
	"z" : 0.113317
}
