{
	"pitch" : 0.80990258609544874,
	"roll" : -2.4124464519841222,
	"x" : 0.25045099999999998,
	"y" : -0.194054,
	"yaw" : 2.7768362932154984,
	"z" : 0.13084899999999999
}
