{
	"pitch" : 1.2472820966452272,
	"roll" : -2.7324351170447621,
	"x" : 0.24977199999999999,
	"y" : -0.23830599999999999,
	"yaw" : 2.245348629398185,
	"z" : 0.13755999999999999
}
