{
	"pitch" : 0.99146918818041929,
	"roll" : 3.0656533778355199,
	"x" : 0.28160200000000002,
	"y" : -0.19720299999999999,
	"yaw" : 2.1016207654964525,
	"z" : 0.13522799999999999
}
