{
	"pitch" : 1.1050203093151694,
	"roll" : -2.5932625624907342,
	"x" : 0.199408,
	"y" : -0.118364,
	"yaw" : 2.9899584481765262,
	"z" : 0.308917
}
