{
	"pitch" : 1.1962486693169136,
	"roll" : -2.7916541385649301,
	"x" : 0.209783,
	"y" : -0.11097700000000001,
	"yaw" : 2.9025349059441297,
	"z" : 0.32153500000000002
}
