{
	"pitch" : 0.70794045119393978,
	"roll" : -2.7542168261096518,
	"x" : 0.219219,
	"y" : -0.18108299999999999,
	"yaw" : 2.7468340833737157,
	"z" : 0.11623
}
