{
	"pitch" : 1.3898405899481245,
	"roll" : -2.8306098874694436,
	"x" : 0.25312400000000002,
	"y" : -0.214675,
	"yaw" : 1.9945622691791194,
	"z" : 0.14550299999999999
}
