{
	"pitch" : 1.356173188677154,
	"roll" : -3.052022356377444,
	"x" : 0.050762000000000002,
	"y" : 0.0032659999999999998,
	"yaw" : 2.9861536304071783,
	"z" : 0.28581400000000001
}
