{
	"pitch" : 1.3053317475665596,
	"roll" : -3.030519899992874,
	"x" : 0.248554,
	"y" : -0.21598700000000001,
	"yaw" : 1.7564469993295344,
	"z" : 0.140155
}
