{
	"pitch" : 0.91406383585447015,
	"roll" : -2.4911608012490665,
	"x" : 0.26025500000000001,
	"y" : -0.233566,
	"yaw" : 2.6392345349882653,
	"z" : 0.13203999999999999
}
