{
	"pitch" : 1.3171999864801207,
	"roll" : -2.9561688738579157,
	"x" : 0.24429699999999999,
	"y" : -0.21518000000000001,
	"yaw" : 1.7965197589553228,
	"z" : 0.13857
}
