{
	"pitch" : 0.86580548203682728,
	"roll" : -2.3395964090058787,
	"x" : 0.173375,
	"y" : -0.118491,
	"yaw" : -3.1126201880066873,
	"z" : 0.25634600000000002
}
