{
	"pitch" : 0.93780031368159289,
	"roll" : 2.8173977450318466,
	"x" : 0.19858300000000001,
	"y" : -0.172346,
	"yaw" : 1.7748078630605135,
	"z" : 0.191973
}
