{
	"pitch" : 1.2364785085753824,
	"roll" : -2.8009043836004999,
	"x" : 0.26340999999999998,
	"y" : -0.191303,
	"yaw" : 2.0548808481280445,
	"z" : 0.13544400000000001
}
