{
	"pitch" : 0.83215553405837683,
	"roll" : -2.4321512192391386,
	"x" : 0.25056800000000001,
	"y" : -0.19900999999999999,
	"yaw" : 2.7370951461475874,
	"z" : 0.13018399999999999
}
