{
	"pitch" : 1.1738735483063463,
	"roll" : -2.7955113162118379,
	"x" : 0.25267800000000001,
	"y" : -0.21167900000000001,
	"yaw" : 2.0674297654498832,
	"z" : 0.130494
}
