{
	"pitch" : 1.0658027610228575,
	"roll" : -2.88096263638948,
	"x" : 0.25929400000000002,
	"y" : -0.22451499999999999,
	"yaw" : 2.3273616509493986,
	"z" : 0.117381
}
