{
	"pitch" : 0.90154982511767079,
	"roll" : -2.6522197846231035,
	"x" : 0.28412900000000002,
	"y" : -0.232547,
	"yaw" : 2.6590963818759605,
	"z" : 0.13499700000000001
}
