{
	"pitch" : 0.9346761743205233,
	"roll" : -2.953865039245283,
	"x" : 0.30216599999999999,
	"y" : -0.23674100000000001,
	"yaw" : 2.3467348056465358,
	"z" : 0.14493300000000001
}
