{
	"pitch" : 1.3737312009522165,
	"roll" : 0.31309461451526233,
	"x" : 0.037954000000000002,
	"y" : -0.003826,
	"yaw" : -0.084159776531166658,
	"z" : 0.346109
}
