{
	"pitch" : 0.8193971772262979,
	"roll" : -2.3073252711365035,
	"x" : 0.170982,
	"y" : -0.115027,
	"yaw" : -3.0346388770275809,
	"z" : 0.24562200000000001
}
