{
	"pitch" : 1.0259219876147867,
	"roll" : -2.2754206524100478,
	"x" : 0.201159,
	"y" : -0.12225999999999999,
	"yaw" : -2.9722782628538233,
	"z" : 0.301678
}
