{
	"pitch" : 1.2329354901938343,
	"roll" : -2.8219356010870316,
	"x" : 0.25474200000000002,
	"y" : -0.20813499999999999,
	"yaw" : 2.0155236734955717,
	"z" : 0.13524700000000001
}
