{
	"pitch" : 1.450996926938007,
	"roll" : -0.7296523470887486,
	"x" : 0.069018999999999997,
	"y" : -0.025094999999999999,
	"yaw" : -1.0954908115992803,
	"z" : 0.22783400000000001
}
