{
	"pitch" : 0.90200361072318924,
	"roll" : -2.8410818629814099,
	"x" : 0.32276100000000002,
	"y" : -0.21488599999999999,
	"yaw" : 2.7098680098164758,
	"z" : 0.138512
}
