{
	"pitch" : 0.89374820336125649,
	"roll" : -2.6478913680781573,
	"x" : 0.28558299999999998,
	"y" : -0.23275199999999999,
	"yaw" : 2.6745949056336702,
	"z" : 0.13556000000000001
}
