{
	"pitch" : 1.2458509266585922,
	"roll" : -2.7680223804929267,
	"x" : 0.24912500000000001,
	"y" : -0.23883499999999999,
	"yaw" : 2.1789213980672808,
	"z" : 0.139236
}
