{
	"pitch" : 1.3080370079071506,
	"roll" : -0.99382538267061171,
	"x" : 0.065493999999999997,
	"y" : -0.024048,
	"yaw" : -1.3769600600684067,
	"z" : 0.249556
}
