{
	"pitch" : 0.82136939928105168,
	"roll" : -2.7754749363989428,
	"x" : 0.248694,
	"y" : -0.20735200000000001,
	"yaw" : 2.6645243558496632,
	"z" : 0.13233900000000001
}
