{
	"pitch" : 0.76843356306806343,
	"roll" : -3.1147320364016005,
	"x" : 0.20746899999999999,
	"y" : -0.18512000000000001,
	"yaw" : 2.0413545464250884,
	"z" : 0.11208
}
