{
	"pitch" : 1.2191124825180395,
	"roll" : -2.7430990787744478,
	"x" : 0.25292300000000001,
	"y" : -0.235759,
	"yaw" : 2.2962947902639002,
	"z" : 0.132996
}
