{
	"pitch" : 0.84960882657831982,
	"roll" : -2.4179442391279049,
	"x" : 0.226882,
	"y" : -0.16128000000000001,
	"yaw" : 2.808671098771875,
	"z" : 0.19322500000000001
}
