{
	"pitch" : 0.755343593678106,
	"roll" : -2.3019496570403613,
	"x" : 0.170819,
	"y" : -0.119397,
	"yaw" : -3.0674685202575938,
	"z" : 0.23236100000000001
}
