{
	"pitch" : 1.1948873125003581,
	"roll" : -2.8220926807197109,
	"x" : 0.21018899999999999,
	"y" : -0.108349,
	"yaw" : 2.9007721233996158,
	"z" : 0.31660100000000002
}
