{
	"pitch" : 1.356941133548031,
	"roll" : -2.3297702053171507,
	"x" : 0.27643899999999999,
	"y" : -0.213282,
	"yaw" : 2.7603254784916316,
	"z" : 0.14915400000000001
}
