{
	"pitch" : 0.90186398438302995,
	"roll" : -2.838394055933338,
	"x" : 0.32284099999999999,
	"y" : -0.21484500000000001,
	"yaw" : 2.7143185994090619,
	"z" : 0.138547
}
