{
	"pitch" : 1.3070421702335131,
	"roll" : -0.99155645464301789,
	"x" : 0.064986000000000002,
	"y" : -0.024929,
	"yaw" : -1.3860532254712967,
	"z" : 0.25030000000000002
}
