{
	"pitch" : 1.193648128731442,
	"roll" : -2.8352001034021885,
	"x" : 0.21018899999999999,
	"y" : -0.10741199999999999,
	"yaw" : 2.8970545720928675,
	"z" : 0.31452200000000002
}
