{
	"pitch" : 1.2481547612712243,
	"roll" : -2.7554385565860477,
	"x" : 0.264768,
	"y" : -0.186306,
	"yaw" : 2.0898921529230505,
	"z" : 0.13685700000000001
}
