{
	"pitch" : 1.0083814286322437,
	"roll" : -3.1012406412836842,
	"x" : 0.29084300000000002,
	"y" : -0.18894900000000001,
	"yaw" : 2.3171340215327119,
	"z" : 0.13766999999999999
}
