{
	"pitch" : 0.78902844824159635,
	"roll" : 3.0968075049836186,
	"x" : 0.20632400000000001,
	"y" : -0.18428900000000001,
	"yaw" : 1.952255488110777,
	"z" : 0.12443799999999999
}
