{
	"pitch" : 1.1151432189767367,
	"roll" : -2.9517706441428895,
	"x" : 0.25527499999999997,
	"y" : -0.20863799999999999,
	"yaw" : 1.9526220072536959,
	"z" : 0.123863
}
