{
	"pitch" : 0.89453360152465389,
	"roll" : 2.8830046716143132,
	"x" : 0.20150999999999999,
	"y" : -0.174569,
	"yaw" : 1.825858743681348,
	"z" : 0.17632300000000001
}
