{
	"pitch" : 0.94012160158674518,
	"roll" : -2.9669201020502003,
	"x" : 0.30691200000000002,
	"y" : -0.23438800000000001,
	"yaw" : 2.4163385362160694,
	"z" : 0.1452
}
