{
	"pitch" : 0.85191266119095233,
	"roll" : -2.4226915346933291,
	"x" : 0.22614899999999999,
	"y" : -0.160608,
	"yaw" : 2.8081125934112365,
	"z" : 0.19375400000000001
}
