{
	"pitch" : 1.1900178438872937,
	"roll" : -2.7754923896914625,
	"x" : 0.20943899999999999,
	"y" : -0.11243400000000001,
	"yaw" : 2.90258726582169,
	"z" : 0.32199699999999998
}
