{
	"pitch" : 0.86323984803639542,
	"roll" : -2.6224793741691199,
	"x" : 0.297016,
	"y" : -0.24173700000000001,
	"yaw" : 2.6923798107114925,
	"z" : 0.147121
}
