{
	"pitch" : 0.77061522463305621,
	"roll" : -3.1089200899924592,
	"x" : 0.207847,
	"y" : -0.185114,
	"yaw" : 2.0550728343457632,
	"z" : 0.112229
}
