{
	"pitch" : 0.90921182053392613,
	"roll" : -2.5115811534974002,
	"x" : 0.26691300000000001,
	"y" : -0.23391999999999999,
	"yaw" : 2.6686782394694095,
	"z" : 0.132433
}
