{
	"pitch" : 1.0380869325011874,
	"roll" : -2.9134432137690949,
	"x" : 0.26055499999999998,
	"y" : -0.223908,
	"yaw" : 2.3117060475590097,
	"z" : 0.115596
}
