{
	"pitch" : 1.2813509236441571,
	"roll" : -2.3517613538922788,
	"x" : 0.287856,
	"y" : -0.211977,
	"yaw" : 2.8330882550072762,
	"z" : 0.148118
}
