{
	"pitch" : 0.81506876068135214,
	"roll" : 3.0959872002351814,
	"x" : 0.20411000000000001,
	"y" : -0.18448700000000001,
	"yaw" : 1.9417136994287314,
	"z" : 0.12903800000000001
}
