{
	"pitch" : 1.1937004886090024,
	"roll" : -2.814011806282978,
	"x" : 0.25384600000000002,
	"y" : -0.204263,
	"yaw" : 2.008926328923033,
	"z" : 0.13186
}
