{
	"pitch" : 1.4224258870828583,
	"roll" : -2.9115931647619808,
	"x" : 0.046600999999999997,
	"y" : 0.0047559999999999998,
	"yaw" : 3.108169598414102,
	"z" : 0.30404799999999998
}
