{
	"pitch" : 1.3580930508543481,
	"roll" : -2.8311160329525222,
	"x" : 0.25816600000000001,
	"y" : -0.21622,
	"yaw" : 2.0623857639116192,
	"z" : 0.143175
}
