{
	"pitch" : 0.68586203615621155,
	"roll" : -2.8038539900363704,
	"x" : 0.22143699999999999,
	"y" : -0.17966499999999999,
	"yaw" : 2.7284383130576955,
	"z" : 0.11648
}
