{
	"pitch" : 0.75806630731121705,
	"roll" : -2.8605248308486262,
	"x" : 0.21451000000000001,
	"y" : -0.18357200000000001,
	"yaw" : 2.5085268273064103,
	"z" : 0.113997
}
