{
	"pitch" : 0.99518673948716696,
	"roll" : -3.0817802201239477,
	"x" : 0.29095399999999999,
	"y" : -0.190442,
	"yaw" : 2.3435408531153863,
	"z" : 0.13889199999999999
}
