{
	"pitch" : 1.265450974158489,
	"roll" : -1.0744246875277097,
	"x" : 0.061781000000000003,
	"y" : -0.031108,
	"yaw" : -1.5496603895532455,
	"z" : 0.25228400000000001
}
