{
	"pitch" : 1.0644588574988216,
	"roll" : -1.2879831748017354,
	"x" : 0.078787999999999997,
	"y" : -0.042278000000000003,
	"yaw" : -1.8138334251351069,
	"z" : 0.317556
}
