{
	"pitch" : 0.96937331985017039,
	"roll" : 3.0588465937527416,
	"x" : 0.28163100000000002,
	"y" : -0.19583400000000001,
	"yaw" : 2.1029821223130076,
	"z" : 0.13358999999999999
}
