{
	"pitch" : 1.3790544551707991,
	"roll" : -2.8395110666546155,
	"x" : 0.24694199999999999,
	"y" : -0.21710199999999999,
	"yaw" : 1.9235099153304291,
	"z" : 0.144815
}
