{
	"pitch" : 1.4280982071518402,
	"roll" : -2.9081374128430317,
	"x" : 0.046288000000000003,
	"y" : 0.0049969999999999997,
	"yaw" : 3.1113810042377712,
	"z" : 0.30545499999999998
}
