{
	"pitch" : 1.3239718639778577,
	"roll" : -2.905152899822121,
	"x" : 0.24159800000000001,
	"y" : -0.21507899999999999,
	"yaw" : 1.8256143975860675,
	"z" : 0.138351
}
