{
	"pitch" : 0.80740676526509669,
	"roll" : 3.0975056366844163,
	"x" : 0.20424100000000001,
	"y" : -0.18418999999999999,
	"yaw" : 1.9447156657421618,
	"z" : 0.12750600000000001
}
