{
	"pitch" : 0.95383988950742093,
	"roll" : 2.7911654463743716,
	"x" : 0.19126699999999999,
	"y" : -0.167185,
	"yaw" : 1.753532299478703,
	"z" : 0.19645099999999999
}
