{
	"pitch" : 1.0594148559605585,
	"roll" : -2.5588970295189668,
	"x" : 0.222275,
	"y" : -0.129716,
	"yaw" : 3.0240447284679748,
	"z" : 0.29960900000000001
}
