{
	"pitch" : 1.0319608268266875,
	"roll" : -2.9186966548175977,
	"x" : 0.26011499999999999,
	"y" : -0.22404399999999999,
	"yaw" : 2.307080925041225,
	"z" : 0.115051
}
