{
	"pitch" : 0.835977805120244,
	"roll" : -2.3986408976008469,
	"x" : 0.239867,
	"y" : -0.16847200000000001,
	"yaw" : 2.8104513346089086,
	"z" : 0.17896000000000001
}
