{
	"pitch" : 1.2362516157726229,
	"roll" : -2.7128699761299062,
	"x" : 0.25018800000000002,
	"y" : -0.23727999999999999,
	"yaw" : 2.2888771409429238,
	"z" : 0.13481000000000001
}
