{
	"pitch" : 0.92193527078096482,
	"roll" : -2.962225166362336,
	"x" : 0.31044699999999997,
	"y" : -0.22842499999999999,
	"yaw" : 2.4655568211223096,
	"z" : 0.143565
}
