{
	"pitch" : 0.9604546873724793,
	"roll" : 2.7798557128214485,
	"x" : 0.193218,
	"y" : -0.16856199999999999,
	"yaw" : 1.7442820544431334,
	"z" : 0.19939200000000001
}
