{
	"pitch" : 0.95418895535781978,
	"roll" : 2.7905720344286937,
	"x" : 0.196768,
	"y" : -0.171066,
	"yaw" : 1.7530610605806645,
	"z" : 0.197793
}
