{
	"pitch" : 0.91856678532461566,
	"roll" : -2.8449564939208369,
	"x" : 0.32217400000000002,
	"y" : -0.216501,
	"yaw" : 2.6800577861924131,
	"z" : 0.13958599999999999
}
