{
	"pitch" : 1.115457378242096,
	"roll" : 2.1175207149821205,
	"x" : 0.14882300000000001,
	"y" : -0.12288499999999999,
	"yaw" : 1.2907582483124067,
	"z" : 0.287663
}
