{
	"pitch" : 1.0185217915863309,
	"roll" : -1.1223339754949537,
	"x" : 0.055766000000000003,
	"y" : -0.023574999999999999,
	"yaw" : -1.5883019791923998,
	"z" : 0.286858
}
