{
	"pitch" : 1.0144377211366644,
	"roll" : -1.1211471516035973,
	"x" : 0.055534,
	"y" : -0.023472,
	"yaw" : -1.5881274462671999,
	"z" : 0.287713
}
