{
	"pitch" : 0.96165896455635569,
	"roll" : 3.0665260424615175,
	"x" : 0.28271400000000002,
	"y" : -0.19414300000000001,
	"yaw" : 2.1280275970791265,
	"z" : 0.13298299999999999
}
