{
	"pitch" : 0.90716978530909298,
	"roll" : -2.3830027475029785,
	"x" : 0.17604500000000001,
	"y" : -0.120392,
	"yaw" : 3.1038935417467157,
	"z" : 0.26524900000000001
}
