{
	"pitch" : 0.76087628740692814,
	"roll" : -2.8924992627451624,
	"x" : 0.21267,
	"y" : -0.18420500000000001,
	"yaw" : 2.4349961059198888,
	"z" : 0.11361400000000001
}
