{
	"pitch" : 1.1490026064654268,
	"roll" : -2.6702839423812446,
	"x" : 0.205874,
	"y" : -0.11190700000000001,
	"yaw" : 3.0071499413086697,
	"z" : 0.31115900000000002
}
