{
	"pitch" : 1.0289239539282173,
	"roll" : -2.9237406563558608,
	"x" : 0.26064199999999998,
	"y" : -0.22409999999999999,
	"yaw" : 2.3042709449455137,
	"z" : 0.11505899999999999
}
