{
	"pitch" : 1.0020109768624648,
	"roll" : -2.9614048616138984,
	"x" : 0.26233699999999999,
	"y" : -0.22358,
	"yaw" : 2.2806566401660304,
	"z" : 0.11368300000000001
}
