{
	"pitch" : 1.4554649698231115,
	"roll" : -0.68542570384321522,
	"x" : 0.069018999999999997,
	"y" : -0.025094999999999999,
	"yaw" : -1.0509500090883874,
	"z" : 0.22783400000000001
}
