{
	"pitch" : 1.4478204276993769,
	"roll" : -0.52691490117708928,
	"x" : 0.073541999999999996,
	"y" : -0.0077169999999999999,
	"yaw" : -0.69389055071538674,
	"z" : 0.229376
}
