{
	"pitch" : 1.4035239712837602,
	"roll" : -2.9678800331387976,
	"x" : 0.048471,
	"y" : 0.0035200000000000001,
	"yaw" : 3.0537851389219584,
	"z" : 0.29714299999999999
}
