{
	"pitch" : 0.94696329225456344,
	"roll" : 2.8026322595599744,
	"x" : 0.18923000000000001,
	"y" : -0.16574900000000001,
	"yaw" : 1.7628523576843527,
	"z" : 0.193441
}
