{
	"pitch" : 0.76119044667228719,
	"roll" : -2.8978050636712256,
	"x" : 0.24521000000000001,
	"y" : -0.19925499999999999,
	"yaw" : 2.607870968329927,
	"z" : 0.13809199999999999
}
