{
	"pitch" : 0.88626074087020079,
	"roll" : -2.7389277418621814,
	"x" : 0.26563300000000001,
	"y" : -0.21981400000000001,
	"yaw" : 2.6994483941820695,
	"z" : 0.13424
}
