{
	"pitch" : 0.90357440704998437,
	"roll" : -2.8366312733888237,
	"x" : 0.32284600000000002,
	"y" : -0.21498900000000001,
	"yaw" : 2.7146676652594599,
	"z" : 0.13869400000000001
}
