{
	"pitch" : 1.3861753985189369,
	"roll" : -2.8579591968481943,
	"x" : 0.050896999999999998,
	"y" : 0.00073499999999999998,
	"yaw" : -3.1268620747029607,
	"z" : 0.28876800000000002
}
