{
	"pitch" : 0.77087702402085556,
	"roll" : -2.98863199794501,
	"x" : 0.21008099999999999,
	"y" : -0.184866,
	"yaw" : 2.2591018239039009,
	"z" : 0.112973
}
