{
	"pitch" : 1.0798003016238518,
	"roll" : 2.6457795196832441,
	"x" : 0.17652899999999999,
	"y" : -0.16409000000000001,
	"yaw" : 1.5759275947957598,
	"z" : 0.22384499999999999
}
