{
	"pitch" : 1.1870856907439433,
	"roll" : -2.8166647067460091,
	"x" : 0.25178299999999998,
	"y" : -0.207373,
	"yaw" : 2.001927558622536,
	"z" : 0.131303
}
