{
	"pitch" : 0.76595519553023172,
	"roll" : -3.1260941298320835,
	"x" : 0.206728,
	"y" : -0.18526000000000001,
	"yaw" : 2.013481638270739,
	"z" : 0.11190799999999999
}
