{
	"pitch" : 1.463353858042127,
	"roll" : -0.47273988119518551,
	"x" : 0.070999000000000007,
	"y" : -0.019099000000000001,
	"yaw" : -0.76766561819718737,
	"z" : 0.22841500000000001
}
