{
	"pitch" : 1.0068978987680488,
	"roll" : -2.9509677926869724,
	"x" : 0.26189499999999999,
	"y" : -0.223719,
	"yaw" : 2.288772421187804,
	"z" : 0.11390500000000001
}
