{
	"pitch" : 1.5274423481753561,
	"roll" : -2.4712989543613708,
	"x" : 0.042752999999999999,
	"y" : 0.0041960000000000001,
	"yaw" : -2.7713908659492739,
	"z" : 0.322799
}
