{
	"pitch" : 1.4620448611031323,
	"roll" : -0.47715556420272903,
	"x" : 0.071266999999999997,
	"y" : -0.018162999999999999,
	"yaw" : -0.7613998861825253,
	"z" : 0.22850100000000001
}
