{
	"pitch" : 1.3685650263663136,
	"roll" : -2.8233842243661869,
	"x" : 0.25835999999999998,
	"y" : -0.21416199999999999,
	"yaw" : 2.0601517424690674,
	"z" : 0.143979
}
