{
	"pitch" : 0.84599599502669165,
	"roll" : -2.4059887337517432,
	"x" : 0.23788400000000001,
	"y" : -0.16780400000000001,
	"yaw" : 2.7968203131508336,
	"z" : 0.181891
}
