{
	"pitch" : 0.80882048195921219,
	"roll" : -2.3048643568911915,
	"x" : 0.17005400000000001,
	"y" : -0.114232,
	"yaw" : -3.0240447284679748,
	"z" : 0.24276800000000001
}
