{
	"pitch" : 1.083797105610919,
	"roll" : -2.5544638932189012,
	"x" : 0.19527900000000001,
	"y" : -0.121784,
	"yaw" : 2.97334291369754,
	"z" : 0.30862299999999998
}
