{
	"pitch" : 0.87390380976608073,
	"roll" : -2.6071379300440896,
	"x" : 0.29314699999999999,
	"y" : -0.23678199999999999,
	"yaw" : 2.7398876729507786,
	"z" : 0.141764
}
