{
	"pitch" : 1.1108148024317912,
	"roll" : -2.5980273113486789,
	"x" : 0.20028099999999999,
	"y" : -0.11779100000000001,
	"yaw" : 2.9951595293474691,
	"z" : 0.30977700000000002
}
