{
	"pitch" : 1.3038307644098437,
	"roll" : -2.9316993577449555,
	"x" : 0.24205199999999999,
	"y" : -0.21448999999999999,
	"yaw" : 1.8068521081271303,
	"z" : 0.13636499999999999
}
