{
	"pitch" : 0.82604688167639639,
	"roll" : -2.4229533340811278,
	"x" : 0.25117899999999999,
	"y" : -0.19692499999999999,
	"yaw" : 2.7551418506132084,
	"z" : 0.13101699999999999
}
