{
	"pitch" : 0.81676173005578656,
	"roll" : -2.41316203697744,
	"x" : 0.21670300000000001,
	"y" : -0.153395,
	"yaw" : 2.8721836302519486,
	"z" : 0.197325
}
