{
	"pitch" : 0.93184874093229286,
	"roll" : -2.9680371127714773,
	"x" : 0.30272100000000002,
	"y" : -0.23611199999999999,
	"yaw" : 2.3407134197271553,
	"z" : 0.144592
}
