{
	"pitch" : 0.85330892459254759,
	"roll" : -2.6147999254603445,
	"x" : 0.29822900000000002,
	"y" : -0.240812,
	"yaw" : 2.7251221874789064,
	"z" : 0.146757
}
