{
	"pitch" : 1.369036265264352,
	"roll" : -2.4468817981259701,
	"x" : 0.27124399999999999,
	"y" : -0.214084,
	"yaw" : 2.5933498289533339,
	"z" : 0.14775099999999999
}
