{
	"pitch" : 0.89945543001527761,
	"roll" : -2.8797059993280443,
	"x" : 0.31972400000000001,
	"y" : -0.21784600000000001,
	"yaw" : 2.6452384676151257,
	"z" : 0.13843800000000001
}
