{
	"pitch" : 1.2436169052160404,
	"roll" : -2.745699619359919,
	"x" : 0.26370300000000002,
	"y" : -0.18748500000000001,
	"yaw" : 2.0937842371549977,
	"z" : 0.136604
}
