{
	"pitch" : 0.90188143767554996,
	"roll" : -2.8387082151986971,
	"x" : 0.32283200000000001,
	"y" : -0.21485000000000001,
	"yaw" : 2.7138124539259834,
	"z" : 0.138544
}
