{
	"pitch" : 0.87516044682751659,
	"roll" : -2.6173655594607763,
	"x" : 0.28945199999999999,
	"y" : -0.233987,
	"yaw" : 2.7311610266908066,
	"z" : 0.13794899999999999
}
