{
	"pitch" : 0.94261742241709767,
	"roll" : -2.9769731985416881,
	"x" : 0.30567499999999997,
	"y" : -0.23561699999999999,
	"yaw" : 2.3881340155038413,
	"z" : 0.145289
}
