{
	"pitch" : 0.96165896455635547,
	"roll" : -2.6042930433633389,
	"x" : 0.27593499999999999,
	"y" : -0.23557500000000001,
	"yaw" : 2.6087436329559237,
	"z" : 0.13678499999999999
}
