{
	"pitch" : 1.1187036906508054,
	"roll" : -2.9375636640316563,
	"x" : 0.254527,
	"y" : -0.20855099999999999,
	"yaw" : 1.9654501772558546,
	"z" : 0.12388299999999999
}
