{
	"pitch" : 0.82580253558111694,
	"roll" : -2.3125438055999665,
	"x" : 0.17119300000000001,
	"y" : -0.115518,
	"yaw" : -3.0471005278868204,
	"z" : 0.24688599999999999
}
