{
	"pitch" : 1.3677447216178757,
	"roll" : -2.7291888046360526,
	"x" : 0.26379599999999997,
	"y" : -0.21568799999999999,
	"yaw" : 2.2238112664285752,
	"z" : 0.14494899999999999
}
