{
	"pitch" : 1.0534632832112574,
	"roll" : -2.5101499835107646,
	"x" : 0.22131799999999999,
	"y" : -0.13112699999999999,
	"yaw" : 3.0565951190176692,
	"z" : 0.30021700000000001
}
