{
	"pitch" : 1.2270711839071331,
	"roll" : -2.7657534524653347,
	"x" : 0.26011499999999999,
	"y" : -0.19386800000000001,
	"yaw" : 2.066539647531366,
	"z" : 0.13506099999999999
}
