{
	"pitch" : 0.9082169828602894,
	"roll" : -2.5087013602316093,
	"x" : 0.26625100000000002,
	"y" : -0.23366200000000001,
	"yaw" : 2.6698825166532858,
	"z" : 0.13205900000000001
}
