{
	"pitch" : 1.3084907935126693,
	"roll" : -0.99836323872579724,
	"x" : 0.065668000000000004,
	"y" : -0.023907000000000001,
	"yaw" : -1.3791417216334003,
	"z" : 0.24898799999999999
}
