{
	"pitch" : 0.74417348646534243,
	"roll" : -2.8343623453612312,
	"x" : 0.233986,
	"y" : -0.19193299999999999,
	"yaw" : 2.6649606881626617,
	"z" : 0.12932199999999999
}
