{
	"pitch" : 0.9347634407831229,
	"roll" : -2.4121846525963231,
	"x" : 0.17802899999999999,
	"y" : -0.121702,
	"yaw" : 3.0602952170318973,
	"z" : 0.27204299999999998
}
