{
	"pitch" : 0.99188806720089728,
	"roll" : -3.0600857775216581,
	"x" : 0.290072,
	"y" : -0.19162999999999999,
	"yaw" : 2.3661428669287119,
	"z" : 0.13871700000000001
}
