{
	"pitch" : 0.77536252019848095,
	"roll" : -3.0953937882895035,
	"x" : 0.20871500000000001,
	"y" : -0.185082,
	"yaw" : 2.0866632938068612,
	"z" : 0.112565
}
