{
	"pitch" : 1.0762921898273428,
	"roll" : 2.5269924107925101,
	"x" : 0.17254800000000001,
	"y" : -0.155414,
	"yaw" : 1.5168831062007917,
	"z" : 0.238511
}
