{
	"pitch" : 0.76752599185702641,
	"roll" : 3.1244884269202489,
	"x" : 0.20627000000000001,
	"y" : -0.184559,
	"yaw" : 1.9731819858421895,
	"z" : 0.116212
}
