{
	"pitch" : 1.05267788504786,
	"roll" : -2.8964262535621499,
	"x" : 0.25971100000000003,
	"y" : -0.224409,
	"yaw" : 2.3210086524721398,
	"z" : 0.11647200000000001
}
