{
	"pitch" : 1.1853229081994296,
	"roll" : -1.0593450427904778,
	"x" : 0.058860999999999997,
	"y" : -0.028958999999999999,
	"yaw" : -1.5385077356330012,
	"z" : 0.26823799999999998
}
