{
	"pitch" : 1.2307189220438015,
	"roll" : -2.8196143131818792,
	"x" : 0.25647700000000001,
	"y" : -0.205541,
	"yaw" : 2.0242503197555433,
	"z" : 0.13508899999999999
}
