{
	"pitch" : 0.80566143601310247,
	"roll" : -2.2954395789304223,
	"x" : 0.16917199999999999,
	"y" : -0.11408500000000001,
	"yaw" : -3.0161383869564409,
	"z" : 0.24107000000000001
}
