{
	"pitch" : 0.79663808378029166,
	"roll" : -2.2942178484540263,
	"x" : 0.16961399999999999,
	"y" : -0.11348900000000001,
	"yaw" : -3.0021059397704066,
	"z" : 0.24073800000000001
}
