{
	"pitch" : 1.2448735422774759,
	"roll" : 0.6501002397828477,
	"x" : 0.052138999999999998,
	"y" : -0.03058,
	"yaw" : 0.11958996034665155,
	"z" : 0.35756100000000002
}
