{
	"pitch" : 1.1522663721666566,
	"roll" : 1.9095647346069964,
	"x" : 0.13122900000000001,
	"y" : -0.098900000000000002,
	"yaw" : 1.2104905560131873,
	"z" : 0.31053399999999998
}
