{
	"pitch" : 1.3174268792828803,
	"roll" : -1.0119768068913522,
	"x" : 0.066165000000000002,
	"y" : -0.024242,
	"yaw" : -1.3927029299213958,
	"z" : 0.24592600000000001
}
