{
	"pitch" : 1.0737789157044715,
	"roll" : -2.678137924015219,
	"x" : 0.30623400000000001,
	"y" : -0.219976,
	"yaw" : 2.6322008581027281,
	"z" : 0.142624
}
