{
	"pitch" : 1.3703976220809087,
	"roll" : -2.8611182427943045,
	"x" : 0.24696399999999999,
	"y" : -0.21693999999999999,
	"yaw" : 1.9023565247962602,
	"z" : 0.14396500000000001
}
