{
	"pitch" : 0.93509505334100174,
	"roll" : -2.9569193654362733,
	"x" : 0.30216599999999999,
	"y" : -0.23674100000000001,
	"yaw" : 2.342947441169708,
	"z" : 0.14493300000000001
}
