{
	"pitch" : 0.9181828128891768,
	"roll" : -2.7995430267839443,
	"x" : 0.30066799999999999,
	"y" : -0.23894899999999999,
	"yaw" : 2.5145307599332711,
	"z" : 0.145985
}
