{
	"pitch" : 1.3573774658610303,
	"roll" : -2.8402441049404525,
	"x" : 0.25769500000000001,
	"y" : -0.21559900000000001,
	"yaw" : 2.0465207210109919,
	"z" : 0.142933
}
