{
	"pitch" : 1.132439431864001,
	"roll" : -2.8440838292948398,
	"x" : 0.25198900000000002,
	"y" : -0.22977,
	"yaw" : 2.25007847167109,
	"z" : 0.122639
}
