{
	"pitch" : 1.3538344474794815,
	"roll" : -3.0549545095207948,
	"x" : 0.050790000000000002,
	"y" : 0.003362,
	"yaw" : 2.9845304742028236,
	"z" : 0.28548600000000002
}
