{
	"pitch" : 0.96396279916898797,
	"roll" : 3.1017118801817229,
	"x" : 0.28398400000000001,
	"y" : -0.19289100000000001,
	"yaw" : 2.1862866875106968,
	"z" : 0.133051
}
