{
	"pitch" : 1.3419138486883595,
	"roll" : -2.9756991081877322,
	"x" : 0.24653700000000001,
	"y" : -0.21665400000000001,
	"yaw" : 1.7938843117848118,
	"z" : 0.14272799999999999
}
