{
	"pitch" : 0.69310515255198824,
	"roll" : -2.7830845719376378,
	"x" : 0.22031600000000001,
	"y" : -0.179478,
	"yaw" : 2.7407079776992158,
	"z" : 0.11633499999999999
}
