{
	"pitch" : 0.92683964597906876,
	"roll" : 2.8343797986537513,
	"x" : 0.19939999999999999,
	"y" : -0.17292299999999999,
	"yaw" : 1.78845633781111,
	"z" : 0.18806200000000001
}
