{
	"pitch" : 0.77127844974881432,
	"roll" : -2.4042434044997485,
	"x" : 0.207096,
	"y" : -0.145955,
	"yaw" : 2.9401816579096476,
	"z" : 0.19850300000000001
}
