{
	"pitch" : 0.86306531511119611,
	"roll" : -2.6206293251620059,
	"x" : 0.29595199999999999,
	"y" : -0.24038499999999999,
	"yaw" : 2.7028692395159784,
	"z" : 0.145513
}
