{
	"pitch" : 1.1980289051539477,
	"roll" : -2.8521996103166134,
	"x" : 0.210948,
	"y" : -0.105494,
	"yaw" : 2.9030585047197279,
	"z" : 0.31281399999999998
}
