{
	"pitch" : 1.185637067464788,
	"roll" : -2.7961570880350757,
	"x" : 0.251384,
	"y" : -0.21032000000000001,
	"yaw" : 2.0371483029277813,
	"z" : 0.13141700000000001
}
