{
	"pitch" : 0.84803803025152491,
	"roll" : -2.4403717200160315,
	"x" : 0.25146200000000002,
	"y" : -0.20327100000000001,
	"yaw" : 2.7166398873142135,
	"z" : 0.130553
}
