{
	"pitch" : 1.4567565134695875,
	"roll" : 0.21554816262130003,
	"x" : 0.039309999999999998,
	"y" : 0.000522,
	"yaw" : -0.13925982101662748,
	"z" : 0.33889599999999998
}
