{
	"pitch" : 1.3472021963219032,
	"roll" : -2.9009117497397749,
	"x" : 0.24589,
	"y" : -0.216527,
	"yaw" : 1.8512009244203051,
	"z" : 0.14177600000000001
}
