{
	"pitch" : 0.89819879295384197,
	"roll" : -2.739678233440539,
	"x" : 0.26769900000000002,
	"y" : -0.220524,
	"yaw" : 2.6926416100992916,
	"z" : 0.13616200000000001
}
