{
	"pitch" : 1.110605362921552,
	"roll" : -2.9752802291672538,
	"x" : 0.26210099999999997,
	"y" : -0.21073700000000001,
	"yaw" : 1.9692375417326822,
	"z" : 0.12596099999999999
}
