{
	"pitch" : 0.70155254613164086,
	"roll" : -2.7654916530775351,
	"x" : 0.2198,
	"y" : -0.180448,
	"yaw" : 2.7461883115504779,
	"z" : 0.116468
}
