{
	"pitch" : 0.72816881722455429,
	"roll" : -2.366107960343673,
	"x" : 0.178013,
	"y" : -0.124751,
	"yaw" : 3.1208057821985409,
	"z" : 0.21559400000000001
}
