{
	"pitch" : 1.2054640077674439,
	"roll" : -2.7751433238410641,
	"x" : 0.25448799999999999,
	"y" : -0.23472100000000001,
	"yaw" : 2.2856133752416943,
	"z" : 0.13153500000000001
}
