{
	"pitch" : 0.77937677747806766,
	"roll" : -2.3612210384380887,
	"x" : 0.24712300000000001,
	"y" : -0.17086399999999999,
	"yaw" : 2.8780479365386493,
	"z" : 0.16236700000000001
}
