{
	"pitch" : 1.3038133111173242,
	"roll" : 0.42798963917404931,
	"x" : 0.040469999999999999,
	"y" : -0.012397999999999999,
	"yaw" : -0.022602013813326608,
	"z" : 0.35273100000000002
}
