{
	"pitch" : 1.1903145498601326,
	"roll" : -2.7992463208111058,
	"x" : 0.25488,
	"y" : -0.23441899999999999,
	"yaw" : 2.2736229632804932,
	"z" : 0.130054
}
