{
	"pitch" : 0.85721846211701491,
	"roll" : -2.6227760801419588,
	"x" : 0.29786299999999999,
	"y" : -0.241006,
	"yaw" : 2.7090826116530784,
	"z" : 0.14675299999999999
}
