{
	"pitch" : 1.5214733221335388,
	"roll" : -2.2493977932628111,
	"x" : 0.063643000000000005,
	"y" : -0.031877999999999997,
	"yaw" : -2.7459439654551976,
	"z" : 0.231155
}
