{
	"pitch" : 0.99820615909311716,
	"roll" : -2.8672967083463643,
	"x" : 0.31448599999999999,
	"y" : -0.22406000000000001,
	"yaw" : 2.5051932484351003,
	"z" : 0.14285999999999999
}
