{
	"pitch" : 1.159125516126994,
	"roll" : -2.8899859886222909,
	"x" : 0.26778200000000002,
	"y" : -0.21498900000000001,
	"yaw" : 2.1124243535662965,
	"z" : 0.13258300000000001
}
