{
	"pitch" : 0.86742863824118199,
	"roll" : -2.7648284279617776,
	"x" : 0.25394299999999997,
	"y" : -0.21171999999999999,
	"yaw" : 2.6656239132784196,
	"z" : 0.123034
}
