{
	"pitch" : 1.4013772163038078,
	"roll" : -2.9719990101735041,
	"x" : 0.048507000000000002,
	"y" : 0.0036050000000000001,
	"yaw" : 3.0508704390711276,
	"z" : 0.296844
}
