{
	"pitch" : 1.2431631196105213,
	"roll" : -2.7028517862234591,
	"x" : 0.24948100000000001,
	"y" : -0.23761499999999999,
	"yaw" : 2.2900988714193193,
	"z" : 0.136077
}
