{
	"pitch" : 0.79789472084172786,
	"roll" : -2.8705604740475938,
	"x" : 0.24710799999999999,
	"y" : -0.2011,
	"yaw" : 2.6084643802756053,
	"z" : 0.139074
}
