{
	"pitch" : 0.86210538402259895,
	"roll" : -2.6212750969852436,
	"x" : 0.296379,
	"y" : -0.241146,
	"yaw" : 2.6961322686032805,
	"z" : 0.14632000000000001
}
