{
	"pitch" : 1.1080397289211199,
	"roll" : 2.1712070427734664,
	"x" : 0.15301200000000001,
	"y" : -0.130609,
	"yaw" : 1.2941616403537959,
	"z" : 0.28001999999999999
}
