{
	"pitch" : 0.75811866718877685,
	"roll" : -2.8552539365076033,
	"x" : 0.214809,
	"y" : -0.183506,
	"yaw" : 2.5199936404920127,
	"z" : 0.114097
}
