{
	"pitch" : 1.3049652284236406,
	"roll" : -1.0044369845227368,
	"x" : 0.063811999999999994,
	"y" : -0.027567999999999999,
	"yaw" : -1.4310827201727514,
	"z" : 0.25057000000000001
}
