{
	"pitch" : 1.4616783419602115,
	"roll" : -0.52567571740817198,
	"x" : 0.052711000000000001,
	"y" : -0.021572000000000001,
	"yaw" : -1.0013302984541863,
	"z" : 0.29177700000000001
}
