{
	"pitch" : 1.0693806859894461,
	"roll" : 2.6955039500725628,
	"x" : 0.178504,
	"y" : -0.16638800000000001,
	"yaw" : 1.6128064018904003,
	"z" : 0.21712100000000001
}
