{
	"pitch" : 1.3504659620231334,
	"roll" : -3.0584626213173034,
	"x" : 0.050771999999999998,
	"y" : 0.003568,
	"yaw" : 2.9832214772638275,
	"z" : 0.28518199999999999
}
