{
	"pitch" : 1.1154050183645356,
	"roll" : -2.6879466744114269,
	"x" : 0.21662600000000001,
	"y" : -0.121195,
	"yaw" : 2.9406703501002061,
	"z" : 0.30995699999999998
}
