{
	"pitch" : 1.0687523674587278,
	"roll" : 2.7011413635565042,
	"x" : 0.17868899999999999,
	"y" : -0.16669700000000001,
	"yaw" : 1.6164192334420289,
	"z" : 0.21637600000000001
}
