{
	"pitch" : 1.4180276573678332,
	"roll" : -2.6397755870563837,
	"x" : 0.050795,
	"y" : -0.0017700000000000001,
	"yaw" : -2.9354169090517037,
	"z" : 0.29266500000000001
}
