{
	"pitch" : 1.1977147458885884,
	"roll" : -2.8505590008197386,
	"x" : 0.21088899999999999,
	"y" : -0.10567600000000001,
	"yaw" : 2.9025698125291699,
	"z" : 0.31300699999999998
}
