{
	"pitch" : 1.1274477902032969,
	"roll" : -2.8455324525739951,
	"x" : 0.25172299999999997,
	"y" : -0.22926099999999999,
	"yaw" : 2.2516667212904045,
	"z" : 0.12196799999999999
}
