{
	"pitch" : 1.0059903275570119,
	"roll" : 3.079476385511315,
	"x" : 0.28122599999999998,
	"y" : -0.19883200000000001,
	"yaw" : 2.1103125051713842,
	"z" : 0.135681
}
