{
	"pitch" : 1.3431006725797165,
	"roll" : 0.35997415822383055,
	"x" : 0.038815000000000002,
	"y" : -0.0072719999999999998,
	"yaw" : -0.059847340050885454,
	"z" : 0.34907300000000002
}
