{
	"pitch" : 0.79354885100426198,
	"roll" : -2.8832490177095926,
	"x" : 0.24656700000000001,
	"y" : -0.20070399999999999,
	"yaw" : 2.6004184124239114,
	"z" : 0.13980699999999999
}
