{
	"pitch" : 1.2234408990629853,
	"roll" : -2.7560145152392059,
	"x" : 0.26945799999999998,
	"y" : -0.217253,
	"yaw" : 2.2562569372231494,
	"z" : 0.139292
}
