{
	"pitch" : 1.1577641593104386,
	"roll" : -2.8323726700139575,
	"x" : 0.25439699999999998,
	"y" : -0.232381,
	"yaw" : 2.255174833086913,
	"z" : 0.12639700000000001
}
