{
	"pitch" : 1.0364986828818723,
	"roll" : 2.8220926807197109,
	"x" : 0.18328900000000001,
	"y" : -0.17203299999999999,
	"yaw" : 1.7063560497972958,
	"z" : 0.19850499999999999
}
