{
	"pitch" : 1.3599081932764219,
	"roll" : -2.3462112068709366,
	"x" : 0.27489999999999998,
	"y" : -0.213418,
	"yaw" : 2.7310563069356868,
	"z" : 0.14879700000000001
}
