{
	"pitch" : 1.0356085649633555,
	"roll" : 2.793556547449604,
	"x" : 0.18262100000000001,
	"y" : -0.170074,
	"yaw" : 1.6923061493187423,
	"z" : 0.202122
}
