{
	"pitch" : 1.2411385376782076,
	"roll" : -2.8705255674625536,
	"x" : 0.250967,
	"y" : -0.21343400000000001,
	"yaw" : 1.9500912798383043,
	"z" : 0.13550000000000001
}
