{
	"pitch" : 1.1938924748267212,
	"roll" : -2.7847077281419925,
	"x" : 0.209401,
	"y" : -0.111817,
	"yaw" : 2.899079154025181,
	"z" : 0.32217099999999999
}
