{
	"pitch" : 1.2703204427715538,
	"roll" : -2.3643102712141184,
	"x" : 0.28959200000000002,
	"y" : -0.21229100000000001,
	"yaw" : 2.828079160054052,
	"z" : 0.14813999999999999
}
