{
	"pitch" : 1.5106348274786525,
	"roll" : -2.5092598655922487,
	"x" : 0.064628000000000005,
	"y" : -0.033321999999999997,
	"yaw" : -3.0122463027244946,
	"z" : 0.22098400000000001
}
