{
	"pitch" : 0.99399991559581069,
	"roll" : -2.9913721648706413,
	"x" : 0.26335599999999998,
	"y" : -0.22304499999999999,
	"yaw" : 2.2577055605023046,
	"z" : 0.113191
}
