{
	"pitch" : 0.96192076394415504,
	"roll" : 3.0665085891689974,
	"x" : 0.28270800000000001,
	"y" : -0.194165,
	"yaw" : 2.1278007042763676,
	"z" : 0.13300400000000001
}
