{
	"pitch" : 1.0435323597674098,
	"roll" : -2.905833578230399,
	"x" : 0.25996200000000003,
	"y" : -0.223968,
	"yaw" : 2.3159471976413553,
	"z" : 0.115776
}
