{
	"pitch" : 1.1001857472871461,
	"roll" : -1.7965546655403637,
	"x" : 0.13525499999999999,
	"y" : -0.077981999999999996,
	"yaw" : -2.3710123355417765,
	"z" : 0.31896600000000003
}
