{
	"pitch" : 0.94041830755958455,
	"roll" : -2.576961187277107,
	"x" : 0.27280900000000002,
	"y" : -0.23504900000000001,
	"yaw" : 2.6230727861147978,
	"z" : 0.135045
}
