{
	"pitch" : 1.1238000520666285,
	"roll" : 2.0685293228786392,
	"x" : 0.14461399999999999,
	"y" : -0.115913,
	"yaw" : 1.2840910905697873,
	"z" : 0.29420200000000002
}
