{
	"pitch" : 1.008032362781845,
	"roll" : -2.9462728569991077,
	"x" : 0.26188699999999998,
	"y" : -0.22381400000000001,
	"yaw" : 2.2933975437055887,
	"z" : 0.114035
}
