{
	"pitch" : 0.96462602428474598,
	"roll" : 3.0623547055492506,
	"x" : 0.28243200000000002,
	"y" : -0.19456200000000001,
	"yaw" : 2.1167702234037624,
	"z" : 0.13322200000000001
}
