{
	"pitch" : 0.88420125235284719,
	"roll" : -2.7375140251680663,
	"x" : 0.26524199999999998,
	"y" : -0.21943499999999999,
	"yaw" : 2.7026074401281797,
	"z" : 0.133793
}
