{
	"pitch" : 1.0643366844511821,
	"roll" : -2.8882930192478562,
	"x" : 0.25990999999999997,
	"y" : -0.22456899999999999,
	"yaw" : 2.3229459679418523,
	"z" : 0.11745899999999999
}
