{
	"pitch" : 0.91832243922933621,
	"roll" : -2.7879191339656622,
	"x" : 0.27123999999999998,
	"y" : -0.21609999999999999,
	"yaw" : 2.6354646238039576,
	"z" : 0.13650699999999999
}
