{
	"pitch" : 1.3284573601554837,
	"roll" : -2.9004230575492156,
	"x" : 0.243751,
	"y" : -0.21610499999999999,
	"yaw" : 1.83451557677124,
	"z" : 0.13988400000000001
}
