{
	"pitch" : 0.75743798878049928,
	"roll" : -2.8473475949960689,
	"x" : 0.21512300000000001,
	"y" : -0.18343799999999999,
	"yaw" : 2.5354398043721629,
	"z" : 0.114206
}
