{
	"pitch" : 1.0095507992310799,
	"roll" : -2.9423633194746408,
	"x" : 0.26128499999999999,
	"y" : -0.223632,
	"yaw" : 2.2955792052705815,
	"z" : 0.113843
}
