{
	"pitch" : 1.2490623324822612,
	"roll" : -2.7683365397582853,
	"x" : 0.24915699999999999,
	"y" : -0.23882200000000001,
	"yaw" : 2.1873338850618937,
	"z" : 0.13914000000000001
}
