{
	"pitch" : 0.87219338709912642,
	"roll" : -2.6065619713909314,
	"x" : 0.29266199999999998,
	"y" : -0.23630899999999999,
	"yaw" : 2.7426976530464895,
	"z" : 0.14115
}
