{
	"pitch" : 1.0782295052970572,
	"roll" : 2.6615922027063124,
	"x" : 0.17708299999999999,
	"y" : -0.16497500000000001,
	"yaw" : 1.5861028643348869,
	"z" : 0.22181600000000001
}
