{
	"pitch" : 0.8999790287908761,
	"roll" : -2.845340466356276,
	"x" : 0.32269399999999998,
	"y" : -0.21473700000000001,
	"yaw" : 2.7059933788770483,
	"z" : 0.13830400000000001
}
