{
	"pitch" : 1.4682233266551905,
	"roll" : -0.47664941871965238,
	"x" : 0.069638000000000005,
	"y" : -0.023366000000000001,
	"yaw" : -0.82079344062789428,
	"z" : 0.22800699999999999
}
