{
	"pitch" : 1.1150908590991775,
	"roll" : -2.9586123348107081,
	"x" : 0.25600600000000001,
	"y" : -0.20897499999999999,
	"yaw" : 1.9455359704905992,
	"z" : 0.124264
}
