{
	"pitch" : 0.89887947136211976,
	"roll" : -2.8445725214853983,
	"x" : 0.32274399999999998,
	"y" : -0.21462500000000001,
	"yaw" : 2.7087859056802395,
	"z" : 0.138241
}
