{
	"pitch" : 1.3872400493626522,
	"roll" : -2.8853434128119861,
	"x" : 0.247834,
	"y" : -0.216893,
	"yaw" : 1.8913434972161742,
	"z" : 0.14502699999999999
}
