{
	"pitch" : 1.2300731502205635,
	"roll" : 0.76948076061926007,
	"x" : 0.059397999999999999,
	"y" : -0.039479,
	"yaw" : 0.20713567562668714,
	"z" : 0.357325
}
