{
	"pitch" : 1.2485736402917038,
	"roll" : -2.7625071400566243,
	"x" : 0.24964700000000001,
	"y" : -0.23879300000000001,
	"yaw" : 2.1982072863018192,
	"z" : 0.138493
}
