{
	"pitch" : 0.75548322001826562,
	"roll" : -2.8220752274271916,
	"x" : 0.216642,
	"y" : -0.182925,
	"yaw" : 2.5934196421234144,
	"z" : 0.114595
}
