{
	"pitch" : 0.68896872222476158,
	"roll" : -2.7965934203480742,
	"x" : 0.22117300000000001,
	"y" : -0.17991799999999999,
	"yaw" : 2.7324002104597227,
	"z" : 0.116614
}
