{
	"pitch" : 1.2468108577471895,
	"roll" : -2.7721588108201534,
	"x" : 0.264513,
	"y" : -0.188663,
	"yaw" : 2.0815494790985176,
	"z" : 0.136572
}
