{
	"pitch" : 1.2479802283460257,
	"roll" : -1.0735171163166732,
	"x" : 0.061184000000000002,
	"y" : -0.030844,
	"yaw" : -1.5511613727099611,
	"z" : 0.25543900000000003
}
