{
	"pitch" : 0.97963585585189716,
	"roll" : -2.8946983776026753,
	"x" : 0.31721100000000002,
	"y" : -0.223084,
	"yaw" : 2.50234836175435,
	"z" : 0.142791
}
