{
	"pitch" : 1.3430308594096361,
	"roll" : -2.2732040842600147,
	"x" : 0.28007500000000002,
	"y" : -0.212727,
	"yaw" : 2.8501401217992592,
	"z" : 0.149808
}
