{
	"pitch" : 1.2298462574178051,
	"roll" : -2.8229478920531879,
	"x" : 0.25703700000000002,
	"y" : -0.204542,
	"yaw" : 2.0220686581905514,
	"z" : 0.13498599999999999
}
