{
	"pitch" : 1.3281257475976056,
	"roll" : -2.9017146011956929,
	"x" : 0.243671,
	"y" : -0.21609800000000001,
	"yaw" : 1.8323164619137269,
	"z" : 0.139849
}
