{
	"pitch" : 1.1850087489340702,
	"roll" : -2.4506866158953176,
	"x" : 0.29633100000000001,
	"y" : -0.213203,
	"yaw" : 2.7873955351900639,
	"z" : 0.144959
}
