{
	"pitch" : 0.74953164726896482,
	"roll" : -2.3679754626433067,
	"x" : 0.25117699999999998,
	"y" : -0.17745,
	"yaw" : 2.8852735996419057,
	"z" : 0.14005100000000001
}
