{
	"pitch" : 0.78621846814588559,
	"roll" : -2.894401671629836,
	"x" : 0.246535,
	"y" : -0.19998099999999999,
	"yaw" : 2.5943621199194911,
	"z" : 0.13913300000000001
}
