{
	"pitch" : 1.3047732422059206,
	"roll" : -2.3123169127972067,
	"x" : 0.28505200000000003,
	"y" : -0.211951,
	"yaw" : 2.8545383515142859,
	"z" : 0.148257
}
