{
	"pitch" : 1.3866291841244547,
	"roll" : -2.8778908569059705,
	"x" : 0.24854200000000001,
	"y" : -0.21684400000000001,
	"yaw" : 1.9068594742664042,
	"z" : 0.145005
}
