{
	"pitch" : 1.1789524564296501,
	"roll" : 1.6584293085375328,
	"x" : 0.11337,
	"y" : -0.083102999999999996,
	"yaw" : 1.0093239064283215,
	"z" : 0.32726499999999997
}
