{
	"pitch" : 0.86214029060763908,
	"roll" : -2.623037879529758,
	"x" : 0.29715900000000001,
	"y" : -0.24160000000000001,
	"yaw" : 2.6947360052016847,
	"z" : 0.147039
}
