{
	"pitch" : 1.109558165370355,
	"roll" : 2.2406013338327604,
	"x" : 0.15728500000000001,
	"y" : -0.13817399999999999,
	"yaw" : 1.316100429051364,
	"z" : 0.271534
}
