{
	"pitch" : 1.2280660215807697,
	"roll" : -2.829545236625727,
	"x" : 0.259077,
	"y" : -0.201346,
	"yaw" : 2.0223828174559095,
	"z" : 0.13477800000000001
}
