{
	"pitch" : 0.97296869810927866,
	"roll" : -2.9716673976156254,
	"x" : 0.28511500000000001,
	"y" : -0.198161,
	"yaw" : 2.4532871564807892,
	"z" : 0.13785700000000001
}
