{
	"pitch" : 1.1195239953992429,
	"roll" : -1.5307235671691071,
	"x" : 0.105601,
	"y" : -0.057792000000000003,
	"yaw" : -2.0616527256257817,
	"z" : 0.320826
}
