{
	"pitch" : 1.1692309724960417,
	"roll" : -2.804848827710007,
	"x" : 0.25161,
	"y" : -0.21085699999999999,
	"yaw" : 2.0719850747975883,
	"z" : 0.12876899999999999
}
