{
	"pitch" : 0.76597264882275162,
	"roll" : -3.1337561252483384,
	"x" : 0.20667199999999999,
	"y" : -0.18573600000000001,
	"yaw" : 1.9945797224716399,
	"z" : 0.11218500000000001
}
