{
	"pitch" : 1.2255702007504177,
	"roll" : -2.8413087557841687,
	"x" : 0.26143100000000002,
	"y" : -0.196907,
	"yaw" : 2.015192060937693,
	"z" : 0.134466
}
