{
	"pitch" : 0.76708965954402797,
	"roll" : -2.8959201080790713,
	"x" : 0.24523,
	"y" : -0.199736,
	"yaw" : 2.6040137906830201,
	"z" : 0.138484
}
