{
	"pitch" : 1.5504283344241181,
	"roll" : -1.4866889101412883,
	"x" : 0.041706,
	"y" : 0.0036059999999999998,
	"yaw" : -1.7999406042892268,
	"z" : 0.32767800000000002
}
