{
	"pitch" : 0.86507244375098935,
	"roll" : -2.7575329516884413,
	"x" : 0.25407200000000002,
	"y" : -0.212338,
	"yaw" : 2.6689574921497283,
	"z" : 0.12005399999999999
}
