{
	"pitch" : 0.96073394005279855,
	"roll" : -2.6049737217716165,
	"x" : 0.27667900000000001,
	"y" : -0.23519899999999999,
	"yaw" : 2.6188316360324517,
	"z" : 0.136707
}
