{
	"pitch" : 1.2534082023197275,
	"roll" : -2.3781856387674738,
	"x" : 0.29045199999999999,
	"y" : -0.21205099999999999,
	"yaw" : 2.8230177052232679,
	"z" : 0.147172
}
