{
	"pitch" : 0.87653925693659207,
	"roll" : -2.7650553207645365,
	"x" : 0.25991799999999998,
	"y" : -0.215277,
	"yaw" : 2.6729193895517556,
	"z" : 0.12992500000000001
}
