{
	"pitch" : 1.2289910460843263,
	"roll" : -2.8392318139742954,
	"x" : 0.26263300000000001,
	"y" : -0.19463900000000001,
	"yaw" : 2.0188397990743607,
	"z" : 0.13476399999999999
}
