{
	"pitch" : 1.1107100826766714,
	"roll" : 2.3001519679108067,
	"x" : 0.16088,
	"y" : -0.143314,
	"yaw" : 1.3474290891246623,
	"z" : 0.26513199999999998
}
