{
	"pitch" : 0.97654662307586726,
	"roll" : 3.1272285938458797,
	"x" : 0.28656999999999999,
	"y" : -0.19134499999999999,
	"yaw" : 2.2332185910968243,
	"z" : 0.13480900000000001
}
