{
	"pitch" : 1.0854726216928334,
	"roll" : 2.4709673418034921,
	"x" : 0.16984099999999999,
	"y" : -0.15243200000000001,
	"yaw" : 1.4759900418265643,
	"z" : 0.24548800000000001
}
