{
	"pitch" : 1.3612171902154175,
	"roll" : -2.3513599281643218,
	"x" : 0.27441700000000002,
	"y" : -0.21357899999999999,
	"yaw" : 2.720270172158362,
	"z" : 0.14879600000000001
}
