{
	"pitch" : 1.1661940995975708,
	"roll" : -2.8237507435091058,
	"x" : 0.25442799999999999,
	"y" : -0.23291500000000001,
	"yaw" : 2.2597126891420984,
	"z" : 0.127303
}
