{
	"pitch" : 0.77154024913661368,
	"roll" : -2.8967927727050684,
	"x" : 0.24549799999999999,
	"y" : -0.19978199999999999,
	"yaw" : 2.6013783435125082,
	"z" : 0.138742
}
