{
	"pitch" : 1.1151257656842166,
	"roll" : -2.9575302306744713,
	"x" : 0.255857,
	"y" : -0.208924,
	"yaw" : 1.9463388219465161,
	"z" : 0.124197
}
