{
	"pitch" : 0.83653631048088228,
	"roll" : 3.0346388770275809,
	"x" : 0.20379700000000001,
	"y" : -0.18163399999999999,
	"yaw" : 1.9100010669199949,
	"z" : 0.142818
}
