{
	"pitch" : 0.73047265183718679,
	"roll" : -2.4000546142949624,
	"x" : 0.18285799999999999,
	"y" : -0.12767600000000001,
	"yaw" : 3.0680270256182323,
	"z" : 0.207259
}
