{
	"pitch" : 1.3751798242313726,
	"roll" : -2.4890314995616332,
	"x" : 0.271123,
	"y" : -0.214116,
	"yaw" : 2.5490359192451986,
	"z" : 0.147707
}
