{
	"pitch" : 1.0643017778661419,
	"roll" : 2.7129048827149451,
	"x" : 0.17923500000000001,
	"y" : -0.16708200000000001,
	"yaw" : 1.6267166760287943,
	"z" : 0.21462500000000001
}
