{
	"pitch" : 0.77522289385832122,
	"roll" : -3.0783942813750782,
	"x" : 0.20884900000000001,
	"y" : -0.18507599999999999,
	"yaw" : 2.1128257792942557,
	"z" : 0.11261699999999999
}
