{
	"pitch" : 0.90929908699652562,
	"roll" : -2.3795993554615888,
	"x" : 0.17629800000000001,
	"y" : -0.120756,
	"yaw" : 3.1040157147943552,
	"z" : 0.26646900000000001
}
