{
	"pitch" : 1.371025940611625,
	"roll" : -2.4588373035021309,
	"x" : 0.27124399999999999,
	"y" : -0.214084,
	"yaw" : 2.5811674307744128,
	"z" : 0.14775099999999999
}
