{
	"pitch" : 1.3475512621723018,
	"roll" : -2.2834491669692207,
	"x" : 0.27879300000000001,
	"y" : -0.21277699999999999,
	"yaw" : 2.8303131814966047,
	"z" : 0.149562
}
