{
	"pitch" : 1.2525704442787702,
	"roll" : -2.672413244068677,
	"x" : 0.26767400000000002,
	"y" : -0.220831,
	"yaw" : 2.3300494579974704,
	"z" : 0.142599
}
