{
	"pitch" : 1.3670814965021185,
	"roll" : -2.9562910469055552,
	"x" : 0.050818000000000002,
	"y" : 0.0022680000000000001,
	"yaw" : 3.0731408403265754,
	"z" : 0.28690599999999999
}
