{
	"pitch" : 0.7524463471197953,
	"roll" : -2.3549727597159489,
	"x" : 0.25018099999999999,
	"y" : -0.17221700000000001,
	"yaw" : 2.9000914449913382,
	"z" : 0.15256500000000001
}
