{
	"pitch" : 0.8653167898462687,
	"roll" : -2.6209609377198846,
	"x" : 0.29619299999999998,
	"y" : -0.24038699999999999,
	"yaw" : 2.704178236454974,
	"z" : 0.14566499999999999
}
