{
	"pitch" : 1.0802191806443309,
	"roll" : 2.6409624109477399,
	"x" : 0.17635999999999999,
	"y" : -0.16381399999999999,
	"yaw" : 1.5728907218972901,
	"z" : 0.22445899999999999
}
