{
	"pitch" : 0.73035047878954706,
	"roll" : -2.7582136300967188,
	"x" : 0.21809999999999999,
	"y" : -0.18212,
	"yaw" : 2.7121718444291081,
	"z" : 0.115804
}
