{
	"pitch" : 1.1052821087029689,
	"roll" : -3.0084763915401855,
	"x" : 0.26119199999999998,
	"y" : -0.20958099999999999,
	"yaw" : 1.9198796304862826,
	"z" : 0.12513099999999999
}
