{
	"pitch" : 1.468258233240229,
	"roll" : -0.47654469896453122,
	"x" : 0.069628999999999996,
	"y" : -0.023390999999999999,
	"yaw" : -0.8209854268456126,
	"z" : 0.22800400000000001
}
