{
	"pitch" : 1.2386776234328956,
	"roll" : -2.7111595534629513,
	"x" : 0.249914,
	"y" : -0.23742199999999999,
	"yaw" : 2.2868351057180898,
	"z" : 0.135021
}
