{
	"pitch" : 0.75581483257614457,
	"roll" : -2.8300688354013257,
	"x" : 0.21619099999999999,
	"y" : -0.18304899999999999,
	"yaw" : 2.5759488963109511,
	"z" : 0.11445
}
