{
	"pitch" : 1.1301530505438879,
	"roll" : -2.8961644541743503,
	"x" : 0.25315599999999999,
	"y" : -0.20871700000000001,
	"yaw" : 2.0032016489764919,
	"z" : 0.124546
}
