{
	"pitch" : 0.74675657375829385,
	"roll" : -2.3627918347648831,
	"x" : 0.25139699999999998,
	"y" : -0.17480299999999999,
	"yaw" : 2.8974210912357865,
	"z" : 0.14404800000000001
}
