{
	"pitch" : 0.67760662879427824,
	"roll" : -2.8264560038496969,
	"x" : 0.222916,
	"y" : -0.17985999999999999,
	"yaw" : 2.7171634860898117,
	"z" : 0.11679
}
