{
	"pitch" : 0.87076221711249091,
	"roll" : -2.6096861107520013,
	"x" : 0.29391200000000001,
	"y" : -0.23767199999999999,
	"yaw" : 2.7324700236298023,
	"z" : 0.14269200000000001
}
