{
	"pitch" : 1.3479352346077409,
	"roll" : -2.2912507887256357,
	"x" : 0.27851900000000002,
	"y" : -0.21287400000000001,
	"yaw" : 2.8192652473314812,
	"z" : 0.14946599999999999
}
