{
	"pitch" : 0.87751664131770901,
	"roll" : -2.7489982916461888,
	"x" : 0.262685,
	"y" : -0.21751699999999999,
	"yaw" : 2.6900934293913803,
	"z" : 0.13122600000000001
}
