{
	"pitch" : 1.2018511762158157,
	"roll" : -2.8657957251896495,
	"x" : 0.21129200000000001,
	"y" : -0.105058,
	"yaw" : 2.8946809243101557,
	"z" : 0.313
}
