{
	"pitch" : 0.76740381880938691,
	"roll" : -3.1385906872763631,
	"x" : 0.206704,
	"y" : -0.185612,
	"yaw" : 1.9907225448247323,
	"z" : 0.113182
}
