{
	"pitch" : 1.380223825769636,
	"roll" : -2.8455848124515546,
	"x" : 0.24710399999999999,
	"y" : -0.217108,
	"yaw" : 1.919094232322885,
	"z" : 0.14488500000000001
}
