{
	"pitch" : 1.3734344949793773,
	"roll" : -1.0496759187344293,
	"x" : 0.068463999999999997,
	"y" : -0.025083000000000001,
	"yaw" : -1.4226876864706568,
	"z" : 0.23141100000000001
}
