{
	"pitch" : 0.94190183742377986,
	"roll" : 2.8108527603368678,
	"x" : 0.19826199999999999,
	"y" : -0.17212,
	"yaw" : 1.7695195154269709,
	"z" : 0.19344700000000001
}
