{
	"pitch" : 1.2554153309595206,
	"roll" : -2.377103534631237,
	"x" : 0.29097800000000001,
	"y" : -0.21232999999999999,
	"yaw" : 2.824064902774464,
	"z" : 0.14766099999999999
}
