{
	"pitch" : 1.1953760046909163,
	"roll" : -2.8024751799272947,
	"x" : 0.20996799999999999,
	"y" : -0.109899,
	"yaw" : 2.9037391831280064,
	"z" : 0.31950800000000001
}
