{
	"pitch" : 1.0418393903929748,
	"roll" : 2.826473457142217,
	"x" : 0.183085,
	"y" : -0.17264499999999999,
	"yaw" : 1.7048201600555417,
	"z" : 0.19841400000000001
}
