{
	"pitch" : 0.94259996912457766,
	"roll" : -2.5817259361350522,
	"x" : 0.27280900000000002,
	"y" : -0.23504900000000001,
	"yaw" : 2.6171910265355769,
	"z" : 0.135045
}
