{
	"pitch" : 1.0736043827792718,
	"roll" : 2.558181444525649,
	"x" : 0.173871,
	"y" : -0.157385,
	"yaw" : 1.5361689944353289,
	"z" : 0.23455799999999999
}
