{
	"pitch" : 0.98965404575834492,
	"roll" : -3.013572752956009,
	"x" : 0.26434400000000002,
	"y" : -0.222773,
	"yaw" : 2.241282012241038,
	"z" : 0.113068
}
