{
	"pitch" : 0.85563021249769999,
	"roll" : 3.075182875551409,
	"x" : 0.203321,
	"y" : -0.18524399999999999,
	"yaw" : 1.9196701909760432,
	"z" : 0.139099
}
