{
	"pitch" : 0.90895002114612689,
	"roll" : -2.7683888996358461,
	"x" : 0.26959899999999998,
	"y" : -0.218032,
	"yaw" : 2.6576128520117659,
	"z" : 0.13626199999999999
}
