{
	"pitch" : 0.90627966739057564,
	"roll" : -2.9122040300001784,
	"x" : 0.31597799999999998,
	"y" : -0.22226099999999999,
	"yaw" : 2.5767168411818284,
	"z" : 0.13996400000000001
}
