{
	"pitch" : 1.0240544853151528,
	"roll" : -3.0908908388193579,
	"x" : 0.29029199999999999,
	"y" : -0.18970899999999999,
	"yaw" : 2.3198043752882627,
	"z" : 0.13850299999999999
}
