{
	"pitch" : 0.89793699356604262,
	"roll" : -2.740236738801177,
	"x" : 0.26811400000000002,
	"y" : -0.21995300000000001,
	"yaw" : 2.6931303022898505,
	"z" : 0.136132
}
