{
	"pitch" : 1.2035790521752896,
	"roll" : -2.7762603345623398,
	"x" : 0.254658,
	"y" : -0.23460300000000001,
	"yaw" : 2.2869921853507695,
	"z" : 0.13137199999999999
}
