{
	"pitch" : 0.90184653109050961,
	"roll" : -2.8388129349538165,
	"x" : 0.32282899999999998,
	"y" : -0.21484900000000001,
	"yaw" : 2.7136728275858233,
	"z" : 0.13854
}
