{
	"pitch" : 1.2753295377247769,
	"roll" : 0.5340358445252249,
	"x" : 0.045497000000000003,
	"y" : -0.020327999999999999,
	"yaw" : 0.048677232838121781,
	"z" : 0.355435
}
