{
	"pitch" : 0.74251542367594758,
	"roll" : -2.8550794035824043,
	"x" : 0.23617299999999999,
	"y" : -0.194217,
	"yaw" : 2.649514524282512,
	"z" : 0.131217
}
