{
	"pitch" : 1.450036995849411,
	"roll" : -0.51895619978799468,
	"x" : 0.073265999999999998,
	"y" : -0.0093769999999999999,
	"yaw" : -0.7043625262273524,
	"z" : 0.22924700000000001
}
