{
	"pitch" : 1.2381191180722571,
	"roll" : -2.845200840016116,
	"x" : 0.25146400000000002,
	"y" : -0.212674,
	"yaw" : 1.9782434406729728,
	"z" : 0.13546
}
