{
	"pitch" : 1.0895043322649403,
	"roll" : -2.5665939315202615,
	"x" : 0.19677800000000001,
	"y" : -0.12080100000000001,
	"yaw" : 2.9788756074263616,
	"z" : 0.30851400000000001
}
