{
	"pitch" : 1.3795606006538783,
	"roll" : -2.836491647048665,
	"x" : 0.24707999999999999,
	"y" : -0.21710699999999999,
	"yaw" : 1.9280826779706548,
	"z" : 0.144875
}
