{
	"pitch" : 1.3661041121210018,
	"roll" : -2.7462930313055973,
	"x" : 0.26313199999999998,
	"y" : -0.21579300000000001,
	"yaw" : 2.1990799509278158,
	"z" : 0.14469000000000001
}
