{
	"pitch" : 0.83590799195016396,
	"roll" : 3.0886742706693249,
	"x" : 0.20367199999999999,
	"y" : -0.18504799999999999,
	"yaw" : 1.9320445753726829,
	"z" : 0.13369600000000001
}
