{
	"pitch" : 0.92825336267318415,
	"roll" : -2.859774339270269,
	"x" : 0.32140299999999999,
	"y" : -0.217616,
	"yaw" : 2.6421492348390956,
	"z" : 0.14002800000000001
}
