{
	"pitch" : 1.3870306098524134,
	"roll" : -2.8663542305502867,
	"x" : 0.24968499999999999,
	"y" : -0.216415,
	"yaw" : 1.9291298755218524,
	"z" : 0.145092
}
