{
	"pitch" : 1.3632941320252911,
	"roll" : -2.8309415000273224,
	"x" : 0.258247,
	"y" : -0.214646,
	"yaw" : 2.0553346337335618,
	"z" : 0.14348900000000001
}
