{
	"pitch" : 1.2515930598976539,
	"roll" : -2.6665663910744968,
	"x" : 0.26767400000000002,
	"y" : -0.220831,
	"yaw" : 2.3362104702570092,
	"z" : 0.142599
}
