{
	"pitch" : 0.85974918953240675,
	"roll" : -2.6239279974482752,
	"x" : 0.29747800000000002,
	"y" : -0.24130199999999999,
	"yaw" : 2.7003559653931068,
	"z" : 0.146869
}
