{
	"pitch" : 0.86920887407821612,
	"roll" : -2.611379080126436,
	"x" : 0.29488300000000001,
	"y" : -0.23894199999999999,
	"yaw" : 2.722853259451314,
	"z" : 0.14408299999999999
}
