{
	"pitch" : 1.5227474124874933,
	"roll" : -2.1971426354581016,
	"x" : 0.063452999999999996,
	"y" : -0.031579999999999997,
	"yaw" : -2.6922576376638534,
	"z" : 0.23294599999999999
}
