{
	"pitch" : 1.2509123814893763,
	"roll" : -2.7518257250344198,
	"x" : 0.26504299999999997,
	"y" : -0.18673300000000001,
	"yaw" : 2.0981999201625432,
	"z" : 0.13711699999999999
}
