{
	"pitch" : 0.91654220339230252,
	"roll" : -2.7816708552435223,
	"x" : 0.27082000000000001,
	"y" : -0.21662699999999999,
	"yaw" : 2.6414161965532585,
	"z" : 0.13650799999999999
}
