{
	"pitch" : 0.79100067029635002,
	"roll" : 3.0949749092690246,
	"x" : 0.206321,
	"y" : -0.18428700000000001,
	"yaw" : 1.9509639444643019,
	"z" : 0.125084
}
