{
	"pitch" : 0.82786202409847043,
	"roll" : -2.7447745948563624,
	"x" : 0.25044899999999998,
	"y" : -0.20935999999999999,
	"yaw" : 2.6877372349011881,
	"z" : 0.13034100000000001
}
