{
	"pitch" : 1.4741923526970109,
	"roll" : -2.802963872117854,
	"x" : 0.065953999999999999,
	"y" : -0.032272000000000002,
	"yaw" : 2.9962067268986652,
	"z" : 0.21146100000000001
}
