{
	"pitch" : 1.1766660751095375,
	"roll" : -2.8134009410447796,
	"x" : 0.25471199999999999,
	"y" : -0.23365,
	"yaw" : 2.2660307810343179,
	"z" : 0.12853999999999999
}
