{
	"pitch" : 0.98762946382603145,
	"roll" : -1.104706150049811,
	"x" : 0.053453000000000001,
	"y" : -0.024927000000000001,
	"yaw" : -1.604167022093028,
	"z" : 0.29654999999999998
}
