{
	"pitch" : 0.99487258022180802,
	"roll" : -3.117629282959911,
	"x" : 0.27417799999999998,
	"y" : -0.2109,
	"yaw" : 2.1734061576309789,
	"z" : 0.125113
}
