{
	"pitch" : 0.91736250814073961,
	"roll" : -2.7845157419242734,
	"x" : 0.27091199999999999,
	"y" : -0.21651200000000001,
	"yaw" : 2.6382571506071484,
	"z" : 0.13650799999999999
}
