{
	"pitch" : 0.97806505952510259,
	"roll" : -2.4543518073245059,
	"x" : 0.18213299999999999,
	"y" : -0.123666,
	"yaw" : 3.0037989091448405,
	"z" : 0.28410999999999997
}
