{
	"pitch" : 1.0719114134048375,
	"roll" : -2.694299672888687,
	"x" : 0.30745299999999998,
	"y" : -0.22096499999999999,
	"yaw" : 2.6187094629848118,
	"z" : 0.143347
}
