{
	"pitch" : 1.447419001971417,
	"roll" : -0.52841588433380382,
	"x" : 0.073590000000000003,
	"y" : -0.0074060000000000003,
	"yaw" : -0.69193578195315231,
	"z" : 0.22939899999999999
}
