{
	"pitch" : 1.3290158655161222,
	"roll" : -1.0370571882425115,
	"x" : 0.066988000000000006,
	"y" : -0.024424000000000001,
	"yaw" : -1.4143450126461254,
	"z" : 0.24132999999999999
}
