{
	"pitch" : 1.5081913665258599,
	"roll" : -2.5444980631900105,
	"x" : 0.064763000000000001,
	"y" : -0.033418000000000003,
	"yaw" : -3.0474146871521777,
	"z" : 0.21965899999999999
}
