{
	"pitch" : 1.1720758591767926,
	"roll" : -2.794237225857882,
	"x" : 0.25287399999999999,
	"y" : -0.21210300000000001,
	"yaw" : 2.0748125081858189,
	"z" : 0.13036700000000001
}
