{
	"pitch" : 1.0874448437475868,
	"roll" : -1.9533201389544934,
	"x" : 0.15393000000000001,
	"y" : -0.089922000000000002,
	"yaw" : -2.5505892622794728,
	"z" : 0.315166
}
