{
	"pitch" : 1.3106200952001024,
	"roll" : -2.9605321969879013,
	"x" : 0.243561,
	"y" : -0.214808,
	"yaw" : 1.788997389879228,
	"z" : 0.13764999999999999
}
