{
	"pitch" : 1.1859337734376265,
	"roll" : -2.7646364417440576,
	"x" : 0.20954900000000001,
	"y" : -0.113398,
	"yaw" : 2.9043849549512437,
	"z" : 0.32230900000000001
}
