{
	"pitch" : 1.1143752741058595,
	"roll" : -1.6852375658481649,
	"x" : 0.122117,
	"y" : -0.068887000000000004,
	"yaw" : -2.2383324058051679,
	"z" : 0.32038299999999997
}
