{
	"pitch" : 0.86502008387342944,
	"roll" : -2.6241199836659943,
	"x" : 0.296537,
	"y" : -0.24202799999999999,
	"yaw" : 2.682379074097565,
	"z" : 0.14718100000000001
}
