{
	"pitch" : 0.84292421554318153,
	"roll" : -2.6678230281359321,
	"x" : 0.25365500000000002,
	"y" : -0.215091,
	"yaw" : 2.7425754799988495,
	"z" : 0.118074
}
