{
	"pitch" : 1.4086726925771429,
	"roll" : 0.28820621938182323,
	"x" : 0.038348,
	"y" : -0.001459,
	"yaw" : -0.087720248205235191,
	"z" : 0.34295999999999999
}
