{
	"pitch" : 0.90964815284692457,
	"roll" : -2.5086664536465695,
	"x" : 0.26602999999999999,
	"y" : -0.233794,
	"yaw" : 2.6661475120540175,
	"z" : 0.13214300000000001
}
