{
	"pitch" : 0.92834062913578397,
	"roll" : -2.8649754204412119,
	"x" : 0.321239,
	"y" : -0.217693,
	"yaw" : 2.6335447616267635,
	"z" : 0.139956
}
