{
	"pitch" : 1.4626033664637683,
	"roll" : -0.47525315531805656,
	"x" : 0.071152999999999994,
	"y" : -0.018565999999999999,
	"yaw" : -0.76408769323059866,
	"z" : 0.228464
}
