{
	"pitch" : 0.92905621412910144,
	"roll" : 2.8309764066123626,
	"x" : 0.199238,
	"y" : -0.17280899999999999,
	"yaw" : 1.7857336241779982,
	"z" : 0.188856
}
