{
	"pitch" : 0.76871281574838257,
	"roll" : -2.8952568829633134,
	"x" : 0.24526700000000001,
	"y" : -0.19984399999999999,
	"yaw" : 2.6037519912952205,
	"z" : 0.13859399999999999
}
