{
	"pitch" : 1.4045711688349563,
	"roll" : -2.7407603375767748,
	"x" : 0.050867000000000002,
	"y" : -0.00067299999999999999,
	"yaw" : -3.0244461541959335,
	"z" : 0.29094199999999998
}
