{
	"pitch" : 0.83739152181435927,
	"roll" : 2.9534985201023645,
	"x" : 0.20416999999999999,
	"y" : -0.17644499999999999,
	"yaw" : 1.8795974313502533,
	"z" : 0.15679699999999999
}
