{
	"pitch" : 0.972968698109279,
	"roll" : -2.9716673976156254,
	"x" : 0.28569,
	"y" : -0.19733000000000001,
	"yaw" : 2.4562018563316204,
	"z" : 0.13785700000000001
}
