{
	"pitch" : 1.4668968764236745,
	"roll" : -0.52579789045581082,
	"x" : 0.069223999999999994,
	"y" : -0.024535999999999999,
	"yaw" : -0.88383473320992767,
	"z" : 0.22789000000000001
}
