{
	"pitch" : 0.80546944979538326,
	"roll" : -2.3036251731222759,
	"x" : 0.16983799999999999,
	"y" : -0.11394899999999999,
	"yaw" : -3.0193497927801105,
	"z" : 0.24193500000000001
}
