{
	"pitch" : 1.3394354811505287,
	"roll" : -2.9114011785442613,
	"x" : 0.24507300000000001,
	"y" : -0.216528,
	"yaw" : 1.8325608080090061,
	"z" : 0.14105699999999999
}
