{
	"pitch" : 1.0139490289461059,
	"roll" : 3.1079077990263024,
	"x" : 0.27986800000000001,
	"y" : -0.2019,
	"yaw" : 2.1329843321547899,
	"z" : 0.13433999999999999
}
