{
	"pitch" : 1.1877140092746605,
	"roll" : -2.829545236625727,
	"x" : 0.269372,
	"y" : -0.215917,
	"yaw" : 2.1867928329937749,
	"z" : 0.13562299999999999
}
