{
	"pitch" : 0.82079344062789328,
	"roll" : 2.9876895201489329,
	"x" : 0.204622,
	"y" : -0.17787600000000001,
	"yaw" : 1.8986389734895117,
	"z" : 0.14846000000000001
}
