{
	"pitch" : 1.1912046677786499,
	"roll" : -2.7980769502122689,
	"x" : 0.25509399999999999,
	"y" : -0.23408200000000001,
	"yaw" : 2.2740069357159323,
	"z" : 0.130138
}
