{
	"pitch" : 0.83829909302539629,
	"roll" : -2.3947139067838594,
	"x" : 0.239956,
	"y" : -0.16860900000000001,
	"yaw" : 2.8136976470176185,
	"z" : 0.179228
}
