{
	"pitch" : 0.9323548864153709,
	"roll" : -2.9721735430987035,
	"x" : 0.302535,
	"y" : -0.236535,
	"yaw" : 2.3381303324342038,
	"z" : 0.144591
}
