{
	"pitch" : 1.1022277825119791,
	"roll" : -2.9903075140269246,
	"x" : 0.25842700000000002,
	"y" : -0.20851900000000001,
	"yaw" : 1.932393641223082,
	"z" : 0.12357899999999999
}
