{
	"pitch" : 0.89296280519785876,
	"roll" : -2.6462507585812824,
	"x" : 0.28617700000000001,
	"y" : -0.232985,
	"yaw" : 2.6787313359608969,
	"z" : 0.13597000000000001
}
