{
	"pitch" : 0.90795518347248994,
	"roll" : -2.9349282168611444,
	"x" : 0.31425500000000001,
	"y" : -0.223972,
	"yaw" : 2.5345845930386854,
	"z" : 0.14042299999999999
}
