{
	"pitch" : 0.74310883562162555,
	"roll" : -2.358603044560097,
	"x" : 0.251029,
	"y" : -0.173543,
	"yaw" : 2.9005452305968564,
	"z" : 0.146647
}
