{
	"pitch" : 1.3342518532721055,
	"roll" : -2.7407254309917359,
	"x" : 0.099907999999999997,
	"y" : 0.072170999999999999,
	"yaw" : -2.0975890549243457,
	"z" : 0.23932700000000001
}
