{
	"pitch" : 1.170906488577955,
	"roll" : 2.3830900139655773,
	"x" : 0.26383800000000002,
	"y" : 0.159578,
	"yaw" : -2.298162292563533,
	"z" : 0.241394
}
