{
	"pitch" : 0.28482028063295467,
	"roll" : 2.5800155134680978,
	"x" : 0.34796500000000002,
	"y" : 0.18776000000000001,
	"yaw" : -3.0329982675307057,
	"z" : 0.16528100000000001
}
