{
	"pitch" : 1.0239846721450734,
	"roll" : 2.7722460772827531,
	"x" : 0.22356000000000001,
	"y" : 0.18278700000000001,
	"yaw" : -2.671208966884802,
	"z" : 0.24646399999999999
}
