{
	"pitch" : 0.98811815601658981,
	"roll" : 2.5177770723419797,
	"x" : 0.26150099999999998,
	"y" : 0.193356,
	"yaw" : -2.5748318855896746,
	"z" : 0.21626200000000001
}
