{
	"pitch" : 0.9066461865334946,
	"roll" : 1.0599559080286767,
	"x" : 0.071567000000000006,
	"y" : 0.0051219999999999998,
	"yaw" : 1.3003750124908957,
	"z" : 0.247364
}
