{
	"pitch" : 0.5310164249192747,
	"roll" : 2.5497340509459963,
	"x" : 0.32656200000000002,
	"y" : 0.205128,
	"yaw" : -2.9245609611042984,
	"z" : 0.24746699999999999
}
