{
	"pitch" : 0.39866810774054479,
	"roll" : 2.5894926513064269,
	"x" : 0.34721099999999999,
	"y" : 0.207318,
	"yaw" : -3.1301432936967104,
	"z" : 0.18107100000000001
}
