{
	"pitch" : 1.4100340493936994,
	"roll" : -2.5967706742872436,
	"x" : 0.118598,
	"y" : 0.095575999999999994,
	"yaw" : -1.8631215232114269,
	"z" : 0.29975200000000002
}
