{
	"pitch" : 0.44615851668731055,
	"roll" : 2.6261969254758677,
	"x" : 0.367006,
	"y" : 0.19145000000000001,
	"yaw" : 3.1408770685964758,
	"z" : 0.17596300000000001
}
