{
	"pitch" : 0.32995449508952807,
	"roll" : 2.5513397538578313,
	"x" : 0.35427500000000001,
	"y" : 0.15362600000000001,
	"yaw" : -3.0464023961860223,
	"z" : 0.19172
}
