{
	"pitch" : 0.98494165677796019,
	"roll" : 2.274827240464369,
	"x" : 0.26454100000000003,
	"y" : 0.172788,
	"yaw" : -2.6997974600324688,
	"z" : 0.22173100000000001
}
