{
	"pitch" : 0.98434824483228234,
	"roll" : 2.8028067924851738,
	"x" : 0.248559,
	"y" : 0.21071400000000001,
	"yaw" : -2.4311738348580212,
	"z" : 0.201761
}
