{
	"pitch" : 1.1920598791121269,
	"roll" : 3.0079178861795475,
	"x" : 0.096707000000000001,
	"y" : 0.049931999999999997,
	"yaw" : -2.846125864519673,
	"z" : 0.184534
}
