{
	"pitch" : 0.3513522317189785,
	"roll" : 2.6233520387951166,
	"x" : 0.34207199999999999,
	"y" : 0.15040799999999999,
	"yaw" : -3.0751479689663692,
	"z" : 0.17032700000000001
}
