{
	"pitch" : 0.4292811828205253,
	"roll" : 2.5610612377914395,
	"x" : 0.34950900000000001,
	"y" : 0.16960900000000001,
	"yaw" : -2.996067100558506,
	"z" : 0.21268300000000001
}
