{
	"pitch" : 1.1491247795130666,
	"roll" : 2.5001841534818774,
	"x" : 0.28052899999999997,
	"y" : 0.15737499999999999,
	"yaw" : -2.1748024210325747,
	"z" : 0.258405
}
