{
	"pitch" : 0.42521456566337856,
	"roll" : 2.5861765257276375,
	"x" : 0.34720200000000001,
	"y" : 0.163213,
	"yaw" : -3.0747639965309301,
	"z" : 0.200431
}
