{
	"pitch" : 0.99321451743241307,
	"roll" : 2.2481760627864165,
	"x" : 0.26775399999999999,
	"y" : 0.170851,
	"yaw" : -2.72095085056664,
	"z" : 0.224908
}
