{
	"pitch" : 0.96602228768634146,
	"roll" : 2.9149616502183293,
	"x" : 0.25533299999999998,
	"y" : 0.20561199999999999,
	"yaw" : -2.4231802268838871,
	"z" : 0.205818
}
