{
	"pitch" : 1.0437941591552089,
	"roll" : 2.341778070570872,
	"x" : 0.287744,
	"y" : 0.12884300000000001,
	"yaw" : -2.2815991179621076,
	"z" : 0.27008199999999999
}
