{
	"pitch" : 1.170068730536999,
	"roll" : 2.4995907415361991,
	"x" : 0.27623700000000001,
	"y" : 0.157415,
	"yaw" : -2.15481840109724,
	"z" : 0.25539000000000001
}
