{
	"pitch" : 0.63072708508571074,
	"roll" : 2.0713567562668702,
	"x" : 0.33052199999999998,
	"y" : 0.101995,
	"yaw" : -2.9386981280454525,
	"z" : 0.29996499999999998
}
