{
	"pitch" : 0.9558121115621746,
	"roll" : 2.6580317310322443,
	"x" : 0.25228099999999998,
	"y" : 0.203407,
	"yaw" : -2.542700374060459,
	"z" : 0.206703
}
