{
	"pitch" : 0.77529270702840125,
	"roll" : 2.1376443612576153,
	"x" : 0.32816000000000001,
	"y" : 0.10237499999999999,
	"yaw" : -2.8031907649206125,
	"z" : 0.30033500000000002
}
