{
	"pitch" : 1.4156540095851202,
	"roll" : -2.5942923067494115,
	"x" : 0.121882,
	"y" : 0.098949999999999996,
	"yaw" : -1.8510612980801462,
	"z" : 0.306286
}
