{
	"pitch" : 0.36622243694597029,
	"roll" : 2.6556755365420517,
	"x" : 0.37189499999999998,
	"y" : 0.191718,
	"yaw" : 3.1015024406714833,
	"z" : 0.14036499999999999
}
