{
	"pitch" : 0.4654444049218478,
	"roll" : 2.506275352571337,
	"x" : 0.31162099999999998,
	"y" : 0.20602799999999999,
	"yaw" : -2.7992463208111054,
	"z" : 0.254104
}
