{
	"pitch" : 0.47460738349481812,
	"roll" : 2.0907822708415673,
	"x" : 0.33475100000000002,
	"y" : 0.096695000000000003,
	"yaw" : -3.0485316978734556,
	"z" : 0.29501699999999997
}
