{
	"pitch" : 0.42811181222168909,
	"roll" : 2.4059014672891434,
	"x" : 0.30813099999999999,
	"y" : 0.11644500000000001,
	"yaw" : 2.8793220268926056,
	"z" : 0.27343899999999999
}
