{
	"pitch" : 0.35257396219537446,
	"roll" : 2.606090732492893,
	"x" : 0.34001799999999999,
	"y" : 0.21756200000000001,
	"yaw" : -3.0658104574681992,
	"z" : 0.16575500000000001
}
