{
	"pitch" : 0.49939105887313756,
	"roll" : 2.5155255976069069,
	"x" : 0.32969399999999999,
	"y" : 0.20494999999999999,
	"yaw" : -3.0331204405783456,
	"z" : 0.24688599999999999
}
