{
	"pitch" : 0.87563168572555516,
	"roll" : 1.0954908115992807,
	"x" : 0.071618000000000001,
	"y" : 0.0063340000000000002,
	"yaw" : 1.3532933954113631,
	"z" : 0.246613
}
