{
	"pitch" : 1.1247076232776656,
	"roll" : 2.6872136361255894,
	"x" : 0.22780800000000001,
	"y" : 0.190218,
	"yaw" : -2.7112642732180707,
	"z" : 0.27955099999999999
}
