{
	"pitch" : 0.32405528221778718,
	"roll" : 2.6804417586278513,
	"x" : 0.372977,
	"y" : 0.19165499999999999,
	"yaw" : 3.1026892645628394,
	"z" : 0.118281
}
