{
	"pitch" : 0.27930504019665259,
	"roll" : 2.6850843344381561,
	"x" : 0.35808400000000001,
	"y" : 0.18548799999999999,
	"yaw" : 3.1093738755979778,
	"z" : 0.11334900000000001
}
