{
	"pitch" : 0.96588266134618217,
	"roll" : 2.8611880559643841,
	"x" : 0.25441599999999998,
	"y" : 0.20696999999999999,
	"yaw" : -2.4574061335154962,
	"z" : 0.20310800000000001
}
