{
	"pitch" : 0.97300360469431868,
	"roll" : 2.8215516286515929,
	"x" : 0.246806,
	"y" : 0.20987700000000001,
	"yaw" : -2.4012239848937988,
	"z" : 0.199629
}
