{
	"pitch" : 0.42414991481966202,
	"roll" : 2.5575182194098907,
	"x" : 0.34950900000000001,
	"y" : 0.16960900000000001,
	"yaw" : -3.0046192138932781,
	"z" : 0.21268300000000001
}
