{
	"pitch" : 0.94680621262188414,
	"roll" : 1.2464443386042703,
	"x" : 0.070581000000000005,
	"y" : 0.020811,
	"yaw" : 1.6255996653075184,
	"z" : 0.236619
}
