{
	"pitch" : 0.41886156718611917,
	"roll" : 2.5724407845144421,
	"x" : 0.34900199999999998,
	"y" : 0.16445599999999999,
	"yaw" : -3.0895469352953224,
	"z" : 0.203704
}
