{
	"pitch" : 0.44106215527148701,
	"roll" : 2.6083945671055253,
	"x" : 0.36252299999999998,
	"y" : 0.19358700000000001,
	"yaw" : -3.1266875417777613,
	"z" : 0.18415200000000001
}
