{
	"pitch" : 0.45682247841699575,
	"roll" : 2.5952173312529681,
	"x" : 0.35993999999999998,
	"y" : 0.19325300000000001,
	"yaw" : -3.1240870011922901,
	"z" : 0.19468299999999999
}
