{
	"pitch" : 1.0005623535833097,
	"roll" : 3.1040855279644348,
	"x" : 0.26527800000000001,
	"y" : 0.212649,
	"yaw" : -2.2337247365799038,
	"z" : 0.22045899999999999
}
