{
	"pitch" : 0.96017543469216049,
	"roll" : 1.2906011686797272,
	"x" : 0.069822999999999996,
	"y" : 0.024267,
	"yaw" : 1.6996190788845984,
	"z" : 0.23410300000000001
}
