{
	"pitch" : 1.0090970136255615,
	"roll" : 2.2216645114486222,
	"x" : 0.27518700000000001,
	"y" : 0.16689999999999999,
	"yaw" : -2.7573409654707217,
	"z" : 0.23138600000000001
}
