{
	"pitch" : 0.49967031155345676,
	"roll" : 2.5566804613689333,
	"x" : 0.35177199999999997,
	"y" : 0.19183700000000001,
	"yaw" : -3.1220798725524967,
	"z" : 0.22304399999999999
}
