{
	"pitch" : 1.1727390842925505,
	"roll" : 2.5104815960686442,
	"x" : 0.278194,
	"y" : 0.15786500000000001,
	"yaw" : -2.1450620105785916,
	"z" : 0.25818600000000003
}
