{
	"pitch" : 0.41076323945686538,
	"roll" : 2.6428299132473736,
	"x" : 0.36858400000000002,
	"y" : 0.19214600000000001,
	"yaw" : -3.1358679736432515,
	"z" : 0.160109
}
