{
	"pitch" : 1.3676923617403165,
	"roll" : 3.0562809597523106,
	"x" : 0.17830699999999999,
	"y" : 0.14361699999999999,
	"yaw" : -2.4378584458931587,
	"z" : 0.33377200000000001
}
