{
	"pitch" : 0.2382898027747857,
	"roll" : 2.5319491458681735,
	"x" : 0.33430199999999999,
	"y" : 0.16042699999999999,
	"yaw" : 3.0323175891224281,
	"z" : 0.18798599999999999
}
