{
	"pitch" : 0.44991097457909818,
	"roll" : 2.6114488932965156,
	"x" : 0.36379800000000001,
	"y" : 0.19256499999999999,
	"yaw" : -3.1341051910987376,
	"z" : 0.18432399999999999
}
