{
	"pitch" : 0.40329323025832975,
	"roll" : 2.5865255915780367,
	"x" : 0.34830299999999997,
	"y" : 0.20311899999999999,
	"yaw" : -3.1279092722541577,
	"z" : 0.184478
}
