{
	"pitch" : 0.41104249213718458,
	"roll" : 2.6427077401997341,
	"x" : 0.36857400000000001,
	"y" : 0.19214200000000001,
	"yaw" : -3.1359203335208119,
	"z" : 0.16023200000000001
}
