{
	"pitch" : 1.0060950473121311,
	"roll" : 1.2527798837890101,
	"x" : 0.069966,
	"y" : 0.025427000000000002,
	"yaw" : 1.6705418935463727,
	"z" : 0.24931800000000001
}
