{
	"pitch" : 0.96750581755053666,
	"roll" : 3.0622325325016111,
	"x" : 0.260683,
	"y" : 0.212336,
	"yaw" : -2.2895229127661616,
	"z" : 0.21365600000000001
}
