{
	"pitch" : 0.45340163308308684,
	"roll" : 2.4992765822708396,
	"x" : 0.31359799999999999,
	"y" : 0.200679,
	"yaw" : -2.8073097419553195,
	"z" : 0.25405499999999998
}
