{
	"pitch" : 0.40765655338831552,
	"roll" : 2.5471684169455644,
	"x" : 0.34946899999999997,
	"y" : 0.17164299999999999,
	"yaw" : -3.044657066934028,
	"z" : 0.212448
}
