{
	"pitch" : 0.97455694772859369,
	"roll" : 1.9770915233666564,
	"x" : 0.12553500000000001,
	"y" : 0.071029999999999996,
	"yaw" : 2.4498314045618406,
	"z" : 0.27867900000000001
}
