{
	"pitch" : 0.27843237557065537,
	"roll" : 2.5598046007300033,
	"x" : 0.35064200000000001,
	"y" : 0.17000100000000001,
	"yaw" : -3.0260169505227283,
	"z" : 0.17361299999999999
}
