{
	"pitch" : 1.0545453873474941,
	"roll" : 2.8541892856638866,
	"x" : 0.26644499999999999,
	"y" : 0.189579,
	"yaw" : -2.0558582325091601,
	"z" : 0.22040899999999999
}
