{
	"pitch" : 0.4033106835508497,
	"roll" : 2.5435904919789758,
	"x" : 0.34978700000000001,
	"y" : 0.16950100000000001,
	"yaw" : -3.043854215478111,
	"z" : 0.212696
}
