{
	"pitch" : 0.96802941632613448,
	"roll" : 3.0627212246921691,
	"x" : 0.260826,
	"y" : 0.21241399999999999,
	"yaw" : -2.2892785666708817,
	"z" : 0.213861
}
