{
	"pitch" : 0.39823177542754623,
	"roll" : 2.5979225915935595,
	"x" : 0.345719,
	"y" : 0.21321100000000001,
	"yaw" : -3.1254832645938855,
	"z" : 0.17599999999999999
}
