{
	"pitch" : 0.97684332904870608,
	"roll" : 2.2323459264708272,
	"x" : 0.31825999999999999,
	"y" : 0.103989,
	"yaw" : -2.5388431964135516,
	"z" : 0.30257299999999998
}
