{
	"pitch" : 1.0529047778506191,
	"roll" : 2.8217610681618326,
	"x" : 0.26633899999999999,
	"y" : 0.186944,
	"yaw" : -2.0745158022129795,
	"z" : 0.220722
}
