{
	"pitch" : 0.94952892625499508,
	"roll" : 3.0204842567939068,
	"x" : 0.25911299999999998,
	"y" : 0.2099,
	"yaw" : -2.3456701548028192,
	"z" : 0.20915500000000001
}
