{
	"pitch" : 0.46202355958793889,
	"roll" : 2.6183778504269331,
	"x" : 0.36610700000000002,
	"y" : 0.191055,
	"yaw" : 3.1374562232625669,
	"z" : 0.18312600000000001
}
