{
	"pitch" : 0.33454471102227307,
	"roll" : 2.5902256895922644,
	"x" : 0.34805799999999998,
	"y" : 0.14616899999999999,
	"yaw" : -3.0706275662037039,
	"z" : 0.178454
}
