{
	"pitch" : 1.0874797503326266,
	"roll" : 2.5633301658190319,
	"x" : 0.26805800000000002,
	"y" : 0.16361500000000001,
	"yaw" : -2.2414739984587571,
	"z" : 0.228072
}
