{
	"pitch" : 0.96401515904654811,
	"roll" : 2.8519203576362941,
	"x" : 0.25449699999999997,
	"y" : 0.20754400000000001,
	"yaw" : -2.4623803218836802,
	"z" : 0.20193900000000001
}
