{
	"pitch" : 0.96590011463870218,
	"roll" : 3.0572059842558672,
	"x" : 0.26027400000000001,
	"y" : 0.21243100000000001,
	"yaw" : -2.2909889893378375,
	"z" : 0.21265800000000001
}
