{
	"pitch" : 1.0217157441174802,
	"roll" : 2.2336374701173027,
	"x" : 0.29975099999999999,
	"y" : 0.115837,
	"yaw" : -2.4168446816991471,
	"z" : 0.288381
}
