{
	"pitch" : 0.50005428398889551,
	"roll" : 2.5729818365825605,
	"x" : 0.35611700000000002,
	"y" : 0.19170999999999999,
	"yaw" : -3.1329358204999012,
	"z" : 0.21445500000000001
}
