{
	"pitch" : 0.25759314430184321,
	"roll" : 2.6684338933741301,
	"x" : 0.35313800000000001,
	"y" : 0.18609600000000001,
	"yaw" : 3.1233190563214128,
	"z" : 0.118546
}
