{
	"pitch" : 1.0898184915302991,
	"roll" : 2.7388055688145418,
	"x" : 0.23399400000000001,
	"y" : 0.20281299999999999,
	"yaw" : -2.5679378350442965,
	"z" : 0.25689400000000001
}
