{
	"pitch" : 0.44699627472826781,
	"roll" : 2.5998424537707536,
	"x" : 0.36061700000000002,
	"y" : 0.193555,
	"yaw" : -3.1220798725524967,
	"z" : 0.190331
}
