{
	"pitch" : 0.98019436121253545,
	"roll" : 2.2327822587838257,
	"x" : 0.31802000000000002,
	"y" : 0.104033,
	"yaw" : -2.5339737278004875,
	"z" : 0.30283700000000002
}
