{
	"pitch" : 0.40001201126458052,
	"roll" : 2.5492628120479579,
	"x" : 0.35001700000000002,
	"y" : 0.167103,
	"yaw" : -3.0905592262614787,
	"z" : 0.20873800000000001
}
