{
	"pitch" : 0.46263442482613709,
	"roll" : 2.6314154599393307,
	"x" : 0.34404000000000001,
	"y" : 0.16030800000000001,
	"yaw" : -3.0150388295276844,
	"z" : 0.19364999999999999
}
