{
	"pitch" : 0.39694023178107041,
	"roll" : 2.6472281429623994,
	"x" : 0.36985400000000002,
	"y" : 0.19203000000000001,
	"yaw" : 3.1326391145270622,
	"z" : 0.15357100000000001
}
