{
	"pitch" : 1.0645810305464614,
	"roll" : 2.859948872195468,
	"x" : 0.22126399999999999,
	"y" : 0.17821100000000001,
	"yaw" : -2.6002438794987119,
	"z" : 0.25569500000000001
}
