{
	"pitch" : 0.37156314445707289,
	"roll" : 2.4764651289472739,
	"x" : 0.33551199999999998,
	"y" : 0.118878,
	"yaw" : 2.9612652352737392,
	"z" : 0.239039
}
