{
	"pitch" : 0.99138192171781903,
	"roll" : 2.3808734458155443,
	"x" : 0.26157200000000003,
	"y" : 0.182694,
	"yaw" : -2.6313631000617712,
	"z" : 0.22038099999999999
}
