{
	"pitch" : 1.0189057640217696,
	"roll" : 2.2306704103889126,
	"x" : 0.30155500000000002,
	"y" : 0.114133,
	"yaw" : -2.4286954673201895,
	"z" : 0.290244
}
