{
	"pitch" : 0.42099086887355219,
	"roll" : 2.4895900049222721,
	"x" : 0.34021200000000001,
	"y" : 0.115463,
	"yaw" : 2.9909358325576427,
	"z" : 0.243677
}
