{
	"pitch" : 1.1093138192750758,
	"roll" : 2.6933571950926098,
	"x" : 0.22733600000000001,
	"y" : 0.18989,
	"yaw" : -2.7057315794892491,
	"z" : 0.27427699999999999
}
