{
	"pitch" : 0.3980572425023467,
	"roll" : 2.6490607386769933,
	"x" : 0.36968299999999998,
	"y" : 0.19208900000000001,
	"yaw" : 3.1392364590996009,
	"z" : 0.153533
}
