{
	"pitch" : 0.49504518903567163,
	"roll" : 2.5535737753003835,
	"x" : 0.35075899999999999,
	"y" : 0.19205800000000001,
	"yaw" : -3.1173674835721119,
	"z" : 0.223886
}
