{
	"pitch" : 0.9962164837458436,
	"roll" : 3.1401265770181177,
	"x" : 0.26571,
	"y" : 0.21204799999999999,
	"yaw" : -2.2000747886014524,
	"z" : 0.22009200000000001
}
