{
	"pitch" : 0.53201126259291143,
	"roll" : 2.557134246974452,
	"x" : 0.32380599999999998,
	"y" : 0.20405300000000001,
	"yaw" : -2.8665985766455666,
	"z" : 0.24875
}
