{
	"pitch" : 0.36473890708177492,
	"roll" : 2.4729395638582456,
	"x" : 0.33054899999999998,
	"y" : 0.13476099999999999,
	"yaw" : 2.9834134634815475,
	"z" : 0.23822399999999999
}
