{
	"pitch" : 1.4235603510966559,
	"roll" : -2.5674840494387787,
	"x" : 0.125443,
	"y" : 0.10283100000000001,
	"yaw" : -1.8118612030803547,
	"z" : 0.31450699999999998
}
