{
	"pitch" : 0.48195521964571425,
	"roll" : 2.5170440340561426,
	"x" : 0.31099599999999999,
	"y" : 0.20983199999999999,
	"yaw" : -2.8032082182131326,
	"z" : 0.25347799999999998
}
