{
	"pitch" : 1.0865721791215897,
	"roll" : 2.567326969806099,
	"x" : 0.26819100000000001,
	"y" : 0.163688,
	"yaw" : -2.2396763093292038,
	"z" : 0.22791900000000001
}
