{
	"pitch" : 1.1225608682977126,
	"roll" : 2.7409523237944948,
	"x" : 0.23000599999999999,
	"y" : 0.187747,
	"yaw" : -2.6937760741130887,
	"z" : 0.27977200000000002
}
