{
	"pitch" : 1.1942764472621603,
	"roll" : 2.99489772995967,
	"x" : 0.096140000000000003,
	"y" : 0.051334999999999999,
	"yaw" : -2.8421465138251261,
	"z" : 0.184781
}
