{
	"pitch" : 0.26448719484722077,
	"roll" : 2.6567576406782885,
	"x" : 0.34420400000000001,
	"y" : 0.17410400000000001,
	"yaw" : -3.1192349858717456,
	"z" : 0.13106000000000001
}
