{
	"pitch" : 0.42814671880672889,
	"roll" : 2.6349410250283594,
	"x" : 0.36788599999999999,
	"y" : 0.19183800000000001,
	"yaw" : -3.1385906872763631,
	"z" : 0.167826
}
