{
	"pitch" : 0.46151741410486058,
	"roll" : 2.5300641902760197,
	"x" : 0.342449,
	"y" : 0.19443099999999999,
	"yaw" : -3.0786909873479171,
	"z" : 0.23048399999999999
}
