{
	"pitch" : 1.1335564425852769,
	"roll" : 2.8612229625494243,
	"x" : 0.23111499999999999,
	"y" : 0.18731600000000001,
	"yaw" : -2.5734356221880792,
	"z" : 0.27825699999999998
}
