{
	"pitch" : 0.97017617130608813,
	"roll" : 2.8241521692370646,
	"x" : 0.246916,
	"y" : 0.20938899999999999,
	"yaw" : -2.3977507796823301,
	"z" : 0.19938600000000001
}
