{
	"pitch" : 1.0271786246762229,
	"roll" : 2.3188793507847065,
	"x" : 0.28194000000000002,
	"y" : 0.168235,
	"yaw" : -2.6780506575526193,
	"z" : 0.23253199999999999
}
