{
	"pitch" : 1.0249620565261897,
	"roll" : 1.7082410053894503,
	"x" : 0.10366499999999999,
	"y" : 0.049072999999999999,
	"yaw" : 2.12071466751327,
	"z" : 0.26631700000000003
}
