{
	"pitch" : 0.34391712910548267,
	"roll" : 2.6683640802040505,
	"x" : 0.37230999999999997,
	"y" : 0.19178300000000001,
	"yaw" : 3.1050629123455522,
	"z" : 0.12942600000000001
}
