{
	"pitch" : 0.39385099900504045,
	"roll" : 2.6005231321790312,
	"x" : 0.34441699999999997,
	"y" : 0.21615599999999999,
	"yaw" : -3.1196364115997044,
	"z" : 0.17366799999999999
}
