{
	"pitch" : 0.86961029980617477,
	"roll" : 1.0863976461963902,
	"x" : 0.071573999999999999,
	"y" : 0.0052610000000000001,
	"yaw" : 1.3352815975307815,
	"z" : 0.247278
}
