{
	"pitch" : 1.1640473446176185,
	"roll" : 2.458610410699372,
	"x" : 0.27198600000000001,
	"y" : 0.156527,
	"yaw" : -2.197003009117942,
	"z" : 0.24951599999999999
}
