{
	"pitch" : 0.367513980592446,
	"roll" : 2.2772707014171614,
	"x" : 0.33661600000000003,
	"y" : 0.080293000000000003,
	"yaw" : -3.0503992001730897,
	"z" : 0.28010600000000002
}
