{
	"pitch" : 0.88842494914267367,
	"roll" : 1.1161555099428939,
	"x" : 0.071656999999999998,
	"y" : 0.0086680000000000004,
	"yaw" : 1.3934010616221932,
	"z" : 0.245142
}
