{
	"pitch" : 0.92108005944748761,
	"roll" : 2.0690005617766776,
	"x" : 0.14896400000000001,
	"y" : 0.089065000000000005,
	"yaw" : 2.5774324261751458,
	"z" : 0.29866199999999998
}
