{
	"pitch" : 1.0254856553017884,
	"roll" : 1.4522361107069219,
	"x" : 0.086563000000000001,
	"y" : 0.034224999999999998,
	"yaw" : 1.8432596763237314,
	"z" : 0.258745
}
