{
	"pitch" : 1.087479750332627,
	"roll" : 2.5633301658190324,
	"x" : 0.26793,
	"y" : 0.163824,
	"yaw" : -2.2406886002953605,
	"z" : 0.228072
}
