{
	"pitch" : 0.3983714017677058,
	"roll" : 2.5986207232943572,
	"x" : 0.34171200000000002,
	"y" : 0.159549,
	"yaw" : -3.1016595203041626,
	"z" : 0.1913
}
