{
	"pitch" : 0.405090919387884,
	"roll" : 2.5460863128093281,
	"x" : 0.34899999999999998,
	"y" : 0.171824,
	"yaw" : -3.0397875983209639,
	"z" : 0.212422
}
