{
	"pitch" : 0.95593428460981389,
	"roll" : 2.8151462702967738,
	"x" : 0.246335,
	"y" : 0.20911199999999999,
	"yaw" : -2.3963545162807338,
	"z" : 0.19903399999999999
}
