{
	"pitch" : 0.31342622707314172,
	"roll" : 2.3422493094689103,
	"x" : 0.33544600000000002,
	"y" : 0.076066999999999996,
	"yaw" : -3.0522317958876832,
	"z" : 0.27488299999999999
}
