{
	"pitch" : 0.40720276778279696,
	"roll" : 2.6145555793650654,
	"x" : 0.34244400000000003,
	"y" : 0.22498000000000001,
	"yaw" : -3.1089899031625392,
	"z" : 0.16825799999999999
}
