{
	"pitch" : 0.96033251432484001,
	"roll" : 2.9044024082437638,
	"x" : 0.25177699999999997,
	"y" : 0.21401700000000001,
	"yaw" : -2.4187645438763412,
	"z" : 0.20897199999999999
}
