{
	"pitch" : 0.94228580985921861,
	"roll" : 2.0506222447531783,
	"x" : 0.142178,
	"y" : 0.085328000000000001,
	"yaw" : 2.5643773633702289,
	"z" : 0.29697000000000001
}
