{
	"pitch" : 0.99153900135049888,
	"roll" : 3.0794414789262752,
	"x" : 0.264436,
	"y" : 0.211779,
	"yaw" : -2.2648614104354814,
	"z" : 0.218699
}
