{
	"pitch" : 0.95310685122158345,
	"roll" : 2.7394687939302997,
	"x" : 0.244585,
	"y" : 0.20757400000000001,
	"yaw" : -2.4210683784889748,
	"z" : 0.20302600000000001
}
