{
	"pitch" : 1.2415574166986862,
	"roll" : 0.37067302653855588,
	"x" : 0.071567000000000006,
	"y" : 0.0051219999999999998,
	"yaw" : 0.53487360256618233,
	"z" : 0.247364
}
