{
	"pitch" : 0.4499109745790984,
	"roll" : 2.6114488932965156,
	"x" : 0.36348000000000003,
	"y" : 0.193164,
	"yaw" : -3.1324471283093427,
	"z" : 0.18432399999999999
}
