{
	"pitch" : 0.37161550433463264,
	"roll" : 2.4749641457905591,
	"x" : 0.33273599999999998,
	"y" : 0.12784300000000001,
	"yaw" : 2.9746868172215755,
	"z" : 0.23902699999999999
}
