{
	"pitch" : 0.38482764677222969,
	"roll" : 2.4778264857638295,
	"x" : 0.33815400000000001,
	"y" : 0.11532100000000001,
	"yaw" : 2.9594675461441851,
	"z" : 0.241034
}
