{
	"pitch" : 0.96309013454299142,
	"roll" : 2.8940002459018777,
	"x" : 0.254803,
	"y" : 0.205876,
	"yaw" : -2.441349104397148,
	"z" : 0.204737
}
