{
	"pitch" : 0.45591490720595884,
	"roll" : 2.5206219590227303,
	"x" : 0.335447,
	"y" : 0.11865100000000001,
	"yaw" : -3.1333197929353402,
	"z" : 0.24440600000000001
}
