{
	"pitch" : 1.3760699421498892,
	"roll" : 3.0939800715953871,
	"x" : 0.17680599999999999,
	"y" : 0.142348,
	"yaw" : -2.4017301303768774,
	"z" : 0.33593499999999998
}
