{
	"pitch" : 0.52907910944956116,
	"roll" : 2.5485646803471598,
	"x" : 0.32661499999999999,
	"y" : 0.205154,
	"yaw" : -2.9270567819346502,
	"z" : 0.24728600000000001
}
