{
	"pitch" : 0.34037411072393414,
	"roll" : 2.6720467249257589,
	"x" : 0.37252200000000002,
	"y" : 0.19170100000000001,
	"yaw" : 3.1053247117333509,
	"z" : 0.12690699999999999
}
