{
	"pitch" : 1.1091043797648368,
	"roll" : 2.4773028869882312,
	"x" : 0.26288,
	"y" : 0.163547,
	"yaw" : -2.2527662787191614,
	"z" : 0.23216300000000001
}
