{
	"pitch" : 0.27279496208671378,
	"roll" : 2.5618989958323968,
	"x" : 0.349883,
	"y" : 0.17288500000000001,
	"yaw" : -3.0237305692026162,
	"z" : 0.171183
}
