{
	"pitch" : 1.0602700672940351,
	"roll" : 2.7106534079798728,
	"x" : 0.225129,
	"y" : 0.188358,
	"yaw" : -2.6904424952417791,
	"z" : 0.257637
}
