{
	"pitch" : 1.0960667702524391,
	"roll" : 2.8879963132750173,
	"x" : 0.218247,
	"y" : 0.17521100000000001,
	"yaw" : -2.5771357202023069,
	"z" : 0.26406099999999999
}
