{
	"pitch" : 0.4627391445812567,
	"roll" : 2.5276381826157475,
	"x" : 0.341308,
	"y" : 0.19509799999999999,
	"yaw" : -3.0751654222588889,
	"z" : 0.23205000000000001
}
