{
	"pitch" : 1.0277022234518214,
	"roll" : 2.7468864432512752,
	"x" : 0.222548,
	"y" : 0.18407799999999999,
	"yaw" : -2.6785742563282176,
	"z" : 0.24717800000000001
}
