{
	"pitch" : 0.44277257793844138,
	"roll" : 2.6089879790512036,
	"x" : 0.36270799999999997,
	"y" : 0.19350600000000001,
	"yaw" : -3.1278045524990383,
	"z" : 0.18418399999999999
}
