{
	"pitch" : 0.26202628060190863,
	"roll" : 2.6442436299414891,
	"x" : 0.34863,
	"y" : 0.18461,
	"yaw" : 3.1256228909340451,
	"z" : 0.13259199999999999
}
