{
	"pitch" : 1.0164448497764578,
	"roll" : 1.3516178793294487,
	"x" : 0.078201000000000007,
	"y" : 0.029728999999999998,
	"yaw" : 1.7556266945810963,
	"z" : 0.25569999999999998
}
