{
	"pitch" : 0.56883770980999193,
	"roll" : 2.3916944871779093,
	"x" : 0.24912699999999999,
	"y" : 0.118159,
	"yaw" : 2.8189510880661217,
	"z" : 0.26812999999999998
}
