{
	"pitch" : 1.011156502142915,
	"roll" : 1.3145819926021292,
	"x" : 0.075065999999999994,
	"y" : 0.028063999999999999,
	"yaw" : 1.72370462256212,
	"z" : 0.25382700000000002
}
