{
	"pitch" : 1.0538821622317363,
	"roll" : 2.7911479930818515,
	"x" : 0.26626899999999998,
	"y" : 0.184391,
	"yaw" : -2.091410589372285,
	"z" : 0.221248
}
