{
	"pitch" : 0.627533132554561,
	"roll" : 2.3729147444264505,
	"x" : 0.22999800000000001,
	"y" : 0.118159,
	"yaw" : 2.8013058093284586,
	"z" : 0.267814
}
