{
	"pitch" : 0.96593502122374197,
	"roll" : 3.0519699964998845,
	"x" : 0.26024199999999997,
	"y" : 0.212477,
	"yaw" : -2.2966089495292588,
	"z" : 0.21268400000000001
}
