{
	"pitch" : 0.41774455646484276,
	"roll" : 2.6395312409611047,
	"x" : 0.368315,
	"y" : 0.192027,
	"yaw" : -3.1371944238747673,
	"z" : 0.16326199999999999
}
