{
	"pitch" : 0.96598738110130178,
	"roll" : 2.8629508385088984,
	"x" : 0.25372800000000001,
	"y" : 0.20638799999999999,
	"yaw" : -2.4567603616922584,
	"z" : 0.20349200000000001
}
