{
	"pitch" : 0.55930821209410286,
	"roll" : 2.0521406812024128,
	"x" : 0.33183499999999999,
	"y" : 0.10112599999999999,
	"yaw" : -2.996067100558506,
	"z" : 0.29952499999999999
}
