{
	"pitch" : 0.93457145456540391,
	"roll" : 2.8109225735069479,
	"x" : 0.24510000000000001,
	"y" : 0.20841799999999999,
	"yaw" : -2.3852542222380504,
	"z" : 0.199436
}
