{
	"pitch" : 0.54080772202296279,
	"roll" : 2.5563488488110551,
	"x" : 0.32635599999999998,
	"y" : 0.20502699999999999,
	"yaw" : -2.910877579768663,
	"z" : 0.248172
}
