{
	"pitch" : 0.43411574484854953,
	"roll" : 2.4080656755616165,
	"x" : 0.30369600000000002,
	"y" : 0.11620900000000001,
	"yaw" : 2.8752728630279787,
	"z" : 0.272094
}
