{
	"pitch" : 0.5481730114663792,
	"roll" : 2.5653198411663056,
	"x" : 0.32669399999999998,
	"y" : 0.203794,
	"yaw" : -2.8913647987313662,
	"z" : 0.24807899999999999
}
