{
	"pitch" : 0.30099948279894201,
	"roll" : 2.6880513941665467,
	"x" : 0.36315799999999998,
	"y" : 0.18756600000000001,
	"yaw" : 3.1034572094337172,
	"z" : 0.114159
}
