{
	"pitch" : 1.2685925668120792,
	"roll" : -3.086370436056693,
	"x" : 0.099263000000000004,
	"y" : 0.060648000000000001,
	"yaw" : -2.5550747584570987,
	"z" : 0.21004999999999999
}
