{
	"pitch" : 0.33016393459976728,
	"roll" : 2.5516888197082297,
	"x" : 0.35439999999999999,
	"y" : 0.15340000000000001,
	"yaw" : -3.0461755033832629,
	"z" : 0.191582
}
