{
	"pitch" : 1.1688470000606022,
	"roll" : 2.5030988533327072,
	"x" : 0.27651799999999999,
	"y" : 0.157444,
	"yaw" : -2.1506296108924525,
	"z" : 0.25578400000000001
}
