{
	"pitch" : 0.4985009409546205,
	"roll" : 2.5146878395659495,
	"x" : 0.32876899999999998,
	"y" : 0.20501900000000001,
	"yaw" : -3.0255631649172101,
	"z" : 0.24770200000000001
}
