{
	"pitch" : 0.4116009974978227,
	"roll" : 2.5627542071658738,
	"x" : 0.349578,
	"y" : 0.165487,
	"yaw" : -3.0925663549012725,
	"z" : 0.20576
}
