{
	"pitch" : 1.1632619464542204,
	"roll" : 2.4077689695887776,
	"x" : 0.26684000000000002,
	"y" : 0.155003,
	"yaw" : -2.2550526600392731,
	"z" : 0.24316599999999999
}
