{
	"pitch" : 0.50127601446529146,
	"roll" : 2.5651453082411062,
	"x" : 0.35411999999999999,
	"y" : 0.191719,
	"yaw" : -3.1286248572474755,
	"z" : 0.21881500000000001
}
