{
	"pitch" : 1.089050546659422,
	"roll" : 2.7420344279307312,
	"x" : 0.234148,
	"y" : 0.202654,
	"yaw" : -2.5672222500509796,
	"z" : 0.25678899999999999
}
