{
	"pitch" : 0.99101540257490051,
	"roll" : 2.5167996879608632,
	"x" : 0.26195600000000002,
	"y" : 0.19331699999999999,
	"yaw" : -2.5726327707321617,
	"z" : 0.21703
}
