{
	"pitch" : 0.95200729379282722,
	"roll" : 2.7508657939458225,
	"x" : 0.244976,
	"y" : 0.20741499999999999,
	"yaw" : -2.4120624795486836,
	"z" : 0.20225199999999999
}
