{
	"pitch" : 1.4028083862904426,
	"roll" : -2.8087932718195141,
	"x" : 0.15837699999999999,
	"y" : 0.12745899999999999,
	"yaw" : -2.0366596107372228,
	"z" : 0.337032
}
