{
	"pitch" : 0.25399776604273483,
	"roll" : 2.5183355777026182,
	"x" : 0.33174100000000001,
	"y" : 0.15998200000000001,
	"yaw" : 3.0369427116402132,
	"z" : 0.19749
}
