{
	"pitch" : 0.82957244676542485,
	"roll" : 2.1699504057120298,
	"x" : 0.16353799999999999,
	"y" : 0.097686999999999996,
	"yaw" : 2.6505966284187483,
	"z" : 0.28322399999999998
}
