{
	"pitch" : 0.98139863839641173,
	"roll" : 3.021130028617145,
	"x" : 0.25944400000000001,
	"y" : 0.209039,
	"yaw" : -2.3142193216818812,
	"z" : 0.211752
}
