{
	"pitch" : 1.0326764118200045,
	"roll" : 2.7220678612879161,
	"x" : 0.22139600000000001,
	"y" : 0.18548999999999999,
	"yaw" : -2.682745593240484,
	"z" : 0.24799499999999999
}
