{
	"pitch" : 1.0283654485675791,
	"roll" : 2.2615452848566924,
	"x" : 0.28251100000000001,
	"y" : 0.16767699999999999,
	"yaw" : -2.7321907709494835,
	"z" : 0.235648
}
