{
	"pitch" : 0.39465385046095774,
	"roll" : 2.5999122669408332,
	"x" : 0.34469899999999998,
	"y" : 0.21527199999999999,
	"yaw" : -3.119165172701666,
	"z" : 0.174345
}
