{
	"pitch" : 0.9729163382317193,
	"roll" : 2.8212025628011941,
	"x" : 0.24718499999999999,
	"y" : 0.20943000000000001,
	"yaw" : -2.4034405530438319,
	"z" : 0.199629
}
