{
	"pitch" : 0.99996894163763106,
	"roll" : 2.4588896633796904,
	"x" : 0.260743,
	"y" : 0.189832,
	"yaw" : -2.5840297707476849,
	"z" : 0.21876499999999999
}
