{
	"pitch" : 0.34225906631608805,
	"roll" : 2.3081979357625007,
	"x" : 0.33617999999999998,
	"y" : 0.078361,
	"yaw" : -3.0515860240644455,
	"z" : 0.27759800000000001
}
