{
	"pitch" : 0.30885346443291656,
	"roll" : 2.3594931624786142,
	"x" : 0.33413999999999999,
	"y" : 0.078376000000000001,
	"yaw" : -3.0315496442515504,
	"z" : 0.273731
}
