{
	"pitch" : 0.99783963995019831,
	"roll" : 2.2211409126730239,
	"x" : 0.31315300000000001,
	"y" : 0.10564900000000001,
	"yaw" : -2.4990322361755606,
	"z" : 0.301153
}
