{
	"pitch" : 1.0177713000079738,
	"roll" : 2.7335521277660395,
	"x" : 0.240865,
	"y" : 0.20990500000000001,
	"yaw" : -2.5510779544700317,
	"z" : 0.232072
}
