{
	"pitch" : 1.0266026660230645,
	"roll" : 2.7876922411629033,
	"x" : 0.22367200000000001,
	"y" : 0.18219399999999999,
	"yaw" : -2.6604228321074768,
	"z" : 0.246861
}
