{
	"pitch" : 0.98623320042443607,
	"roll" : 2.3187571777370666,
	"x" : 0.26375900000000002,
	"y" : 0.177013,
	"yaw" : -2.6752930373344683,
	"z" : 0.22070500000000001
}
