{
	"pitch" : 1.4222513541576582,
	"roll" : -2.6052878810369751,
	"x" : 0.128964,
	"y" : 0.106119,
	"yaw" : -1.8419157727996944,
	"z" : 0.31749300000000003
}
