{
	"pitch" : 0.97106628922460525,
	"roll" : 2.8235587572913863,
	"x" : 0.24829000000000001,
	"y" : 0.215861,
	"yaw" : -2.4470737843436896,
	"z" : 0.209781
}
