{
	"pitch" : 0.45507714916500147,
	"roll" : 2.5053852346528203,
	"x" : 0.34159800000000001,
	"y" : 0.115353,
	"yaw" : 3.0238876488352955,
	"z" : 0.245111
}
