{
	"pitch" : 0.29176669105589215,
	"roll" : 2.6900236162213003,
	"x" : 0.35922799999999999,
	"y" : 0.18512999999999999,
	"yaw" : 3.1037015555289966,
	"z" : 0.11344799999999999
}
