{
	"pitch" : 0.98769927699611115,
	"roll" : 2.7943943054905618,
	"x" : 0.24925900000000001,
	"y" : 0.21101800000000001,
	"yaw" : -2.4436703923023009,
	"z" : 0.20260900000000001
}
