{
	"pitch" : 0.97483620040891261,
	"roll" : 2.821743614869312,
	"x" : 0.24699399999999999,
	"y" : 0.209844,
	"yaw" : -2.402340995615075,
	"z" : 0.19975699999999999
}
