{
	"pitch" : 0.34313173094208521,
	"roll" : 2.6417827156961771,
	"x" : 0.34486800000000001,
	"y" : 0.152944,
	"yaw" : -3.097051851078898,
	"z" : 0.159608
}
