{
	"pitch" : 0.3973242042165091,
	"roll" : 2.6491829117246333,
	"x" : 0.369502,
	"y" : 0.19217200000000001,
	"yaw" : -3.1409468817665553,
	"z" : 0.153506
}
