{
	"pitch" : 0.34163074778537011,
	"roll" : 2.6407704247300203,
	"x" : 0.34489199999999998,
	"y" : 0.15293200000000001,
	"yaw" : -3.1005076029978462,
	"z" : 0.159608
}
