{
	"pitch" : 0.9934763168202122,
	"roll" : 2.2469717856025397,
	"x" : 0.26849899999999999,
	"y" : 0.17049,
	"yaw" : -2.7246684018733878,
	"z" : 0.22542599999999999
}
