{
	"pitch" : 0.99731604117459971,
	"roll" : 2.4762207828519953,
	"x" : 0.26077299999999998,
	"y" : 0.191445,
	"yaw" : -2.5813245104070934,
	"z" : 0.21807399999999999
}
