{
	"pitch" : 0.26104889622079175,
	"roll" : 2.64398183055369,
	"x" : 0.34854299999999999,
	"y" : 0.18443000000000001,
	"yaw" : 3.1284677776147958,
	"z" : 0.13258300000000001
}
