{
	"pitch" : 0.33375931285887567,
	"roll" : 2.6083422072279658,
	"x" : 0.34387800000000002,
	"y" : 0.14457400000000001,
	"yaw" : -3.0757762874970873,
	"z" : 0.17192299999999999
}
