{
	"pitch" : 0.39601520727751338,
	"roll" : 2.4574584933930557,
	"x" : 0.32098900000000002,
	"y" : 0.17102600000000001,
	"yaw" : -2.8477141141389879,
	"z" : 0.257662
}
