{
	"pitch" : 1.1662988193526904,
	"roll" : 2.3706807229838986,
	"x" : 0.26613500000000001,
	"y" : 0.15443599999999999,
	"yaw" : -2.3022987228907601,
	"z" : 0.24179800000000001
}
