{
	"pitch" : 0.54424602064939187,
	"roll" : 2.5601187599953623,
	"x" : 0.32656499999999999,
	"y" : 0.20446400000000001,
	"yaw" : -2.9031632244748478,
	"z" : 0.248145
}
