{
	"pitch" : 0.95246107939834568,
	"roll" : 1.2640547107568931,
	"x" : 0.070296999999999998,
	"y" : 0.022221000000000001,
	"yaw" : 1.6553226224689821,
	"z" : 0.23560300000000001
}
