{
	"pitch" : 0.44303437732624057,
	"roll" : 2.4929235837935808,
	"x" : 0.31532399999999999,
	"y" : 0.195747,
	"yaw" : -2.8148844709089746,
	"z" : 0.254139
}
