{
	"pitch" : 0.98591904115907658,
	"roll" : 3.0871383809275699,
	"x" : 0.264289,
	"y" : 0.21113000000000001,
	"yaw" : -2.2608471531558947,
	"z" : 0.21779799999999999
}
