{
	"pitch" : 0.99003801819378368,
	"roll" : 2.7920381110003691,
	"x" : 0.24979699999999999,
	"y" : 0.21133399999999999,
	"yaw" : -2.4472134106838492,
	"z" : 0.203345
}
