{
	"pitch" : 0.96050704725003977,
	"roll" : 2.8789031478721268,
	"x" : 0.25138199999999999,
	"y" : 0.214531,
	"yaw" : -2.4409127720841495,
	"z" : 0.209312
}
