{
	"pitch" : 0.96480055720994506,
	"roll" : 2.9270393286421301,
	"x" : 0.25532300000000002,
	"y" : 0.20564099999999999,
	"yaw" : -2.41302241063728,
	"z" : 0.205626
}
