{
	"pitch" : 0.28354619027899874,
	"roll" : 2.6867773038125908,
	"x" : 0.35851699999999997,
	"y" : 0.18528600000000001,
	"yaw" : 3.1072096673255047,
	"z" : 0.113381
}
