{
	"pitch" : 0.27761207082221812,
	"roll" : 2.6844211093223986,
	"x" : 0.35791099999999998,
	"y" : 0.18556800000000001,
	"yaw" : 3.110246540223975,
	"z" : 0.11333699999999999
}
