{
	"pitch" : 0.34079298974441286,
	"roll" : 2.5575531259949309,
	"x" : 0.35522500000000001,
	"y" : 0.151561,
	"yaw" : -3.0517605569896453,
	"z" : 0.19186400000000001
}
