{
	"pitch" : 0.30127873547926115,
	"roll" : 2.6879117678263871,
	"x" : 0.36186099999999999,
	"y" : 0.18699399999999999,
	"yaw" : 3.1034223028486769,
	"z" : 0.11497400000000001
}
