{
	"pitch" : 1.015397652225261,
	"roll" : 2.2269877656672046,
	"x" : 0.30420000000000003,
	"y" : 0.111178,
	"yaw" : -2.4463756526428919,
	"z" : 0.292796
}
