{
	"pitch" : 0.9571734683787303,
	"roll" : 2.8129995153168208,
	"x" : 0.24646599999999999,
	"y" : 0.20913999999999999,
	"yaw" : -2.3999324412473229,
	"z" : 0.199157
}
