{
	"pitch" : 0.94781850358804032,
	"roll" : 3.0133807667382895,
	"x" : 0.25675399999999998,
	"y" : 0.20885100000000001,
	"yaw" : -2.347363124177253,
	"z" : 0.208013
}
