{
	"pitch" : 0.29241246287913009,
	"roll" : 2.5502401964290744,
	"x" : 0.338368,
	"y" : 0.15870999999999999,
	"yaw" : 3.0340629183744223,
	"z" : 0.18774299999999999
}
