{
	"pitch" : 1.113554969357422,
	"roll" : 2.4624850416387996,
	"x" : 0.26235900000000001,
	"y" : 0.16312599999999999,
	"yaw" : -2.2585956784208214,
	"z" : 0.232819
}
