{
	"pitch" : 1.1336786156329168,
	"roll" : 2.8718345644015502,
	"x" : 0.231295,
	"y" : 0.18820400000000001,
	"yaw" : -2.5539053878582627,
	"z" : 0.27716299999999999
}
