{
	"pitch" : 0.99092813611230057,
	"roll" : 2.5176199927093004,
	"x" : 0.26194699999999999,
	"y" : 0.193305,
	"yaw" : -2.5717601061061646,
	"z" : 0.217001
}
