{
	"pitch" : 1.1013376645934618,
	"roll" : 0.8418072048219053,
	"x" : 0.071567000000000006,
	"y" : 0.0051219999999999998,
	"yaw" : 1.0433927334272504,
	"z" : 0.247364
}
