{
	"pitch" : 0.3092199835758353,
	"roll" : 2.6856079332137544,
	"x" : 0.36847000000000002,
	"y" : 0.189829,
	"yaw" : 3.1038935417467157,
	"z" : 0.114636
}
