{
	"pitch" : 0.40886083057219164,
	"roll" : 2.6023731811861448,
	"x" : 0.342366,
	"y" : 0.159833,
	"yaw" : -3.088447377866566,
	"z" : 0.19212399999999999
}
