{
	"pitch" : 0.33805282281878163,
	"roll" : 2.5837854246524055,
	"x" : 0.35009499999999999,
	"y" : 0.14730599999999999,
	"yaw" : -3.0690567698769087,
	"z" : 0.18152699999999999
}
