{
	"pitch" : 1.1331899234423584,
	"roll" : 2.8663716838428073,
	"x" : 0.23127900000000001,
	"y" : 0.188692,
	"yaw" : -2.5547955057767795,
	"z" : 0.27675499999999997
}
