{
	"pitch" : 1.0047860503731358,
	"roll" : 1.2466537781145102,
	"x" : 0.069486000000000006,
	"y" : 0.025177000000000001,
	"yaw" : 1.6653757189604694,
	"z" : 0.24904899999999999
}
