{
	"pitch" : 1.0282258222274194,
	"roll" : 2.7443208092508438,
	"x" : 0.22242899999999999,
	"y" : 0.184227,
	"yaw" : -2.6789931353486964,
	"z" : 0.24726200000000001
}
