{
	"pitch" : 0.37964401889380656,
	"roll" : 2.6157424032564216,
	"x" : 0.34302100000000002,
	"y" : 0.216526,
	"yaw" : -3.0828099643826241,
	"z" : 0.166101
}
