{
	"pitch" : 0.98879883442486738,
	"roll" : 2.7517384585718201,
	"x" : 0.24262900000000001,
	"y" : 0.21271699999999999,
	"yaw" : -2.5249329222751573,
	"z" : 0.221776
}
