{
	"pitch" : 0.9325119660480502,
	"roll" : 2.0625079369592592,
	"x" : 0.14694399999999999,
	"y" : 0.088013999999999995,
	"yaw" : 2.5746224460794349,
	"z" : 0.29926799999999998
}
