{
	"pitch" : 1.1916235467991283,
	"roll" : 2.9064269901760773,
	"x" : 0.20652100000000001,
	"y" : 0.16652600000000001,
	"yaw" : -2.5609739713288393,
	"z" : 0.28969699999999998
}
