{
	"pitch" : 0.44155084746204531,
	"roll" : 2.5703812959970889,
	"x" : 0.34895999999999999,
	"y" : 0.169821,
	"yaw" : -2.9647733470702478,
	"z" : 0.21265899999999999
}
