{
	"pitch" : 1.0866943521692294,
	"roll" : 2.5667859177379806,
	"x" : 0.26779999999999998,
	"y" : 0.16428799999999999,
	"yaw" : -2.2376342741043698,
	"z" : 0.22794
}
