{
	"pitch" : 0.37027160081059696,
	"roll" : 2.4206320461759758,
	"x" : 0.32477400000000001,
	"y" : 0.117211,
	"yaw" : 2.9247529473220175,
	"z" : 0.26398500000000003
}
