{
	"pitch" : 0.46197119971037909,
	"roll" : 2.6155504170387025,
	"x" : 0.36553600000000003,
	"y" : 0.191134,
	"yaw" : 3.1389222998342419,
	"z" : 0.18457299999999999
}
