{
	"pitch" : 1.017055715014656,
	"roll" : 1.7900445874304241,
	"x" : 0.108776,
	"y" : 0.054179999999999999,
	"yaw" : 2.2142119555426061,
	"z" : 0.26745099999999999
}
