{
	"pitch" : 0.94554957556044816,
	"roll" : 2.8133136745821798,
	"x" : 0.24631600000000001,
	"y" : 0.20923,
	"yaw" : -2.3928289511917056,
	"z" : 0.19913
}
