{
	"pitch" : 0.45322710015788753,
	"roll" : 2.509102785959568,
	"x" : 0.33988200000000002,
	"y" : 0.116316,
	"yaw" : 3.0567172920653087,
	"z" : 0.24487200000000001
}
