{
	"pitch" : 0.40381682903392802,
	"roll" : 2.6487640327041544,
	"x" : 0.37080600000000002,
	"y" : 0.19158500000000001,
	"yaw" : 3.1227780042532944,
	"z" : 0.153725
}
