{
	"pitch" : 0.87240282660936552,
	"roll" : 1.0905864364011768,
	"x" : 0.071596999999999994,
	"y" : 0.0057580000000000001,
	"yaw" : 1.3435893647702748,
	"z" : 0.246971
}
