{
	"pitch" : 0.95006997832311324,
	"roll" : 3.0180407958411144,
	"x" : 0.25844,
	"y" : 0.21054800000000001,
	"yaw" : -2.3438375590882252,
	"z" : 0.20907999999999999
}
