{
	"pitch" : 1.1738037351362667,
	"roll" : 0.67706557672616041,
	"x" : 0.071567000000000006,
	"y" : 0.0051219999999999998,
	"yaw" : 0.86210538402259895,
	"z" : 0.247364
}
