{
	"pitch" : 1.045347502189484,
	"roll" : 2.3624427689144842,
	"x" : 0.28693000000000002,
	"y" : 0.13008,
	"yaw" : -2.2650359433606808,
	"z" : 0.26776299999999997
}
