{
	"pitch" : 1.1601029005081109,
	"roll" : 2.4227438945708881,
	"x" : 0.26815099999999997,
	"y" : 0.15520700000000001,
	"yaw" : -2.2365521699681343,
	"z" : 0.244065
}
