{
	"pitch" : 1.0348057135074382,
	"roll" : 2.8078158874383976,
	"x" : 0.22330900000000001,
	"y" : 0.181307,
	"yaw" : -2.6435105916556512,
	"z" : 0.24854200000000001
}
