{
	"pitch" : 1.111373307792429,
	"roll" : 2.8942096854121169,
	"x" : 0.21656,
	"y" : 0.173791,
	"yaw" : -2.5724582378069623,
	"z" : 0.26826100000000003
}
