{
	"pitch" : 0.4115835442053028,
	"roll" : 2.5518633526334296,
	"x" : 0.34684599999999999,
	"y" : 0.17213200000000001,
	"yaw" : -2.9868168555229362,
	"z" : 0.212557
}
