{
	"pitch" : 0.27843237557065542,
	"roll" : 2.5447773158703324,
	"x" : 0.337949,
	"y" : 0.15890000000000001,
	"yaw" : 3.0212696549573042,
	"z" : 0.18771399999999999
}
