{
	"pitch" : 0.97324795078959803,
	"roll" : 1.9825718572179192,
	"x" : 0.12536700000000001,
	"y" : 0.070943999999999993,
	"yaw" : 2.454369260617026,
	"z" : 0.27731699999999998
}
