{
	"pitch" : 0.28829348584442338,
	"roll" : 2.6557628030046514,
	"x" : 0.345192,
	"y" : 0.16021099999999999,
	"yaw" : -3.1344368036566164,
	"z" : 0.13902700000000001
}
