{
	"pitch" : 0.26408576911926201,
	"roll" : 2.5124014582458374,
	"x" : 0.330816,
	"y" : 0.15948799999999999,
	"yaw" : 3.035563901531138,
	"z" : 0.202067
}
