{
	"pitch" : 0.94422312532893227,
	"roll" : 1.2388172497730552,
	"x" : 0.070696999999999996,
	"y" : 0.020185000000000002,
	"yaw" : 1.6125969623801606,
	"z" : 0.237065
}
