{
	"pitch" : 0.54485688588758985,
	"roll" : 2.5636268717918709,
	"x" : 0.32655899999999999,
	"y" : 0.20344400000000001,
	"yaw" : -2.8877868737647776,
	"z" : 0.248222
}
