{
	"pitch" : 1.1613071776919868,
	"roll" : 2.4251000890610817,
	"x" : 0.26847100000000002,
	"y" : 0.15528700000000001,
	"yaw" : -2.2344054149881805,
	"z" : 0.244482
}
