{
	"pitch" : 1.0899232112854191,
	"roll" : 2.566716104567901,
	"x" : 0.26960000000000001,
	"y" : 0.163274,
	"yaw" : -2.2490138208273738,
	"z" : 0.22872899999999999
}
