{
	"pitch" : 1.265695320253768,
	"roll" : -3.122289312062736,
	"x" : 0.099238999999999994,
	"y" : 0.060165999999999997,
	"yaw" : -2.5971721000152024,
	"z" : 0.20897099999999999
}
