{
	"pitch" : 0.46708501441872247,
	"roll" : 2.5072178303674142,
	"x" : 0.31184899999999999,
	"y" : 0.20598900000000001,
	"yaw" : -2.8005902243351408,
	"z" : 0.25411299999999998
}
