{
	"pitch" : 0.37522833588626081,
	"roll" : 2.4762382361445145,
	"x" : 0.33624300000000001,
	"y" : 0.11834799999999999,
	"yaw" : 2.9610732490560197,
	"z" : 0.23980799999999999
}
