{
	"pitch" : 0.30344294375173414,
	"roll" : 2.5873633496189941,
	"x" : 0.34172999999999998,
	"y" : 0.207839,
	"yaw" : -3.0691440363395084,
	"z" : 0.16536000000000001
}
