{
	"pitch" : 0.70528755073090843,
	"roll" : 2.3338891823518573,
	"x" : 0.198877,
	"y" : 0.113744,
	"yaw" : 2.772298437160313,
	"z" : 0.26382899999999998
}
