{
	"pitch" : 1.1613944441545869,
	"roll" : 2.5024879880945097,
	"x" : 0.28053400000000001,
	"y" : 0.15781999999999999,
	"yaw" : -2.1706310841203078,
	"z" : 0.25917299999999999
}
