{
	"pitch" : 1.4178007645650732,
	"roll" : -2.5793348350598189,
	"x" : 0.121477,
	"y" : 0.098391999999999993,
	"yaw" : -1.8387567268535852,
	"z" : 0.30680600000000002
}
