{
	"pitch" : 1.1576070796777591,
	"roll" : 2.5004983127472364,
	"x" : 0.28066999999999998,
	"y" : 0.157836,
	"yaw" : -2.175203846760533,
	"z" : 0.25896200000000003
}
