{
	"pitch" : 0.97132808861240449,
	"roll" : 2.8214643621889932,
	"x" : 0.247055,
	"y" : 0.20941000000000001,
	"yaw" : -2.4020966495197955,
	"z" : 0.19951099999999999
}
