{
	"pitch" : 1.0553656920959313,
	"roll" : 2.766713383553931,
	"x" : 0.27133600000000002,
	"y" : 0.18140700000000001,
	"yaw" : -2.167768744147037,
	"z" : 0.221746
}
