{
	"pitch" : 0.98831014223430924,
	"roll" : 3.0542912844050365,
	"x" : 0.261654,
	"y" : 0.210808,
	"yaw" : -2.281162785649109,
	"z" : 0.215195
}
