{
	"pitch" : 1.1350748790345127,
	"roll" : 2.4990496894680807,
	"x" : 0.280449,
	"y" : 0.15607799999999999,
	"yaw" : -2.1751165802979338,
	"z" : 0.257498
}
