{
	"pitch" : 0.24945990998754952,
	"roll" : 2.6575604921342055,
	"x" : 0.35126099999999999,
	"y" : 0.18575700000000001,
	"yaw" : 3.1047138464951529,
	"z" : 0.122474
}
