{
	"pitch" : 1.1659846600873314,
	"roll" : 2.9081199595505112,
	"x" : 0.20996300000000001,
	"y" : 0.16891500000000001,
	"yaw" : -2.5593857217095248,
	"z" : 0.28285399999999999
}
