{
	"pitch" : 0.54944710182033485,
	"roll" : 2.5646391627580281,
	"x" : 0.32697199999999998,
	"y" : 0.203982,
	"yaw" : -2.8911902658061668,
	"z" : 0.24868799999999999
}
