{
	"pitch" : 1.0544755741774143,
	"roll" : 2.8471032489007899,
	"x" : 0.26874599999999998,
	"y" : 0.186167,
	"yaw" : -2.0748997746484181,
	"z" : 0.220495
}
