{
	"pitch" : 1.0318037471940078,
	"roll" : 2.2317874211101891,
	"x" : 0.28191300000000002,
	"y" : 0.167541,
	"yaw" : -2.7563635810896048,
	"z" : 0.238008
}
