{
	"pitch" : 0.95298467817394372,
	"roll" : 2.9746170040514954,
	"x" : 0.254967,
	"y" : 0.21041199999999999,
	"yaw" : -2.3707505361539778,
	"z" : 0.20816000000000001
}
