{
	"pitch" : 0.74385932719998316,
	"roll" : 2.2995236493800886,
	"x" : 0.18784300000000001,
	"y" : 0.110386,
	"yaw" : 2.7481779868977516,
	"z" : 0.26685999999999999
}
