{
	"pitch" : 0.98441805800236137,
	"roll" : 2.5205521458526507,
	"x" : 0.260685,
	"y" : 0.194074,
	"yaw" : -2.5762106956987494,
	"z" : 0.21535000000000001
}
