{
	"pitch" : 1.4001903924124512,
	"roll" : -2.6236487447679564,
	"x" : 0.112121,
	"y" : 0.089472999999999997,
	"yaw" : -1.9040320408781743,
	"z" : 0.28590700000000002
}
