{
	"pitch" : 0.46483353968364993,
	"roll" : 2.6169815870253377,
	"x" : 0.36593700000000001,
	"y" : 0.19098000000000001,
	"yaw" : 3.1368279047318488,
	"z" : 0.184387
}
