{
	"pitch" : 1.0546501071026135,
	"roll" : 2.7976929777768302,
	"x" : 0.265874,
	"y" : 0.185364,
	"yaw" : -2.084219832854068,
	"z" : 0.22120400000000001
}
