{
	"pitch" : 1.1907334288806117,
	"roll" : 3.0212347483722644,
	"x" : 0.097134999999999999,
	"y" : 0.048846000000000001,
	"yaw" : -2.8456720789141543,
	"z" : 0.184367
}
