{
	"pitch" : 0.46017351058082484,
	"roll" : 2.5232050463156819,
	"x" : 0.33565200000000001,
	"y" : 0.118548,
	"yaw" : -3.1307017990573485,
	"z" : 0.244423
}
