{
	"pitch" : 0.93443182822524407,
	"roll" : 2.8068559563498003,
	"x" : 0.24496399999999999,
	"y" : 0.20887900000000001,
	"yaw" : -2.3925496985113868,
	"z" : 0.19949800000000001
}
