{
	"pitch" : 1.1599981807529909,
	"roll" : 2.4315054474159008,
	"x" : 0.26875399999999999,
	"y" : 0.155304,
	"yaw" : -2.2265165267691662,
	"z" : 0.24485100000000001
}
