{
	"pitch" : 1.2289735927918071,
	"roll" : 0.45326200674292721,
	"x" : 0.071567000000000006,
	"y" : 0.0051219999999999998,
	"yaw" : 0.62234950467613792,
	"z" : 0.247364
}
