{
	"pitch" : 0.35896186725767387,
	"roll" : 2.6273139361971438,
	"x" : 0.34240399999999999,
	"y" : 0.152083,
	"yaw" : -3.083717535593661,
	"z" : 0.17036999999999999
}
