{
	"pitch" : 0.98775163687367107,
	"roll" : 2.5172534735663818,
	"x" : 0.26149299999999998,
	"y" : 0.19356799999999999,
	"yaw" : -2.5773102531275067,
	"z" : 0.216229
}
