{
	"pitch" : 1.163663372182179,
	"roll" : 2.5003586864070764,
	"x" : 0.28009899999999999,
	"y" : 0.15806200000000001,
	"yaw" : -2.1679258237797159,
	"z" : 0.25937100000000002
}
