{
	"pitch" : 0.44458772036051547,
	"roll" : 2.6009769177845499,
	"x" : 0.36077599999999999,
	"y" : 0.19362499999999999,
	"yaw" : -3.1215911803619383,
	"z" : 0.18926699999999999
}
