{
	"pitch" : 1.0408096461342984,
	"roll" : 2.7247033084584276,
	"x" : 0.238536,
	"y" : 0.208286,
	"yaw" : -2.5610786910839591,
	"z" : 0.240006
}
