{
	"pitch" : 1.1235382526788291,
	"roll" : 2.7373394922428664,
	"x" : 0.22980900000000001,
	"y" : 0.18797900000000001,
	"yaw" : -2.6938807938682081,
	"z" : 0.27990100000000001
}
