{
	"pitch" : 0.99265601207177545,
	"roll" : 2.2227989754624184,
	"x" : 0.31448199999999998,
	"y" : 0.104994,
	"yaw" : -2.5095391182725666,
	"z" : 0.30171900000000001
}
