{
	"pitch" : 0.27136379210007833,
	"roll" : 2.5712190540380466,
	"x" : 0.34878799999999999,
	"y" : 0.181648,
	"yaw" : -3.0287222108633198,
	"z" : 0.16601399999999999
}
