{
	"pitch" : 1.1247774364477454,
	"roll" : 2.7824038935293598,
	"x" : 0.230683,
	"y" : 0.18743299999999999,
	"yaw" : -2.65619913531765,
	"z" : 0.27889700000000001
}
