{
	"pitch" : 1.1403108667904951,
	"roll" : 2.4994860217810797,
	"x" : 0.28066999999999998,
	"y" : 0.15621699999999999,
	"yaw" : -2.1761986844341692,
	"z" : 0.25783400000000001
}
