{
	"pitch" : 0.42360886275154369,
	"roll" : 2.637105233300832,
	"x" : 0.36808400000000002,
	"y" : 0.19192600000000001,
	"yaw" : -3.1376831160653262,
	"z" : 0.16577700000000001
}
