{
	"pitch" : 0.30785862675927977,
	"roll" : 2.3713963079772156,
	"x" : 0.33227400000000001,
	"y" : 0.085799,
	"yaw" : -3.0000813578380927,
	"z" : 0.272482
}
