{
	"pitch" : 1.1281982817816552,
	"roll" : 2.9052052596996809,
	"x" : 0.214698,
	"y" : 0.17222699999999999,
	"yaw" : -2.5627716604583943,
	"z" : 0.27271800000000002
}
