{
	"pitch" : 0.50005428398889551,
	"roll" : 2.5688104996702941,
	"x" : 0.35504000000000002,
	"y" : 0.191748,
	"yaw" : -3.1303003733293902,
	"z" : 0.21665699999999999
}
