{
	"pitch" : 0.29529225614492061,
	"roll" : 2.5568724475866529,
	"x" : 0.35192200000000001,
	"y" : 0.16474,
	"yaw" : -3.0307467927956333,
	"z" : 0.17948800000000001
}
