{
	"pitch" : 0.43669883214150124,
	"roll" : 2.5982192975663985,
	"x" : 0.346472,
	"y" : 0.162831,
	"yaw" : -3.0505039199282091,
	"z" : 0.19930500000000001
}
