{
	"pitch" : 0.33252012908995959,
	"roll" : 2.4044004841324282,
	"x" : 0.32512099999999999,
	"y" : 0.135819,
	"yaw" : -2.8903699610577291,
	"z" : 0.26387699999999997
}
