{
	"pitch" : 1.2537223615850868,
	"roll" : 0.24701644903475745,
	"x" : 0.071559999999999999,
	"y" : 0.0049789999999999999,
	"yaw" : 0.40299652428549071,
	"z" : 0.24745200000000001
}
