{
	"pitch" : 0.99218477317373632,
	"roll" : 2.3934049098448642,
	"x" : 0.26125300000000001,
	"y" : 0.18360099999999999,
	"yaw" : -2.6208038580872053,
	"z" : 0.219998
}
