{
	"pitch" : 0.32037263749607919,
	"roll" : 2.6823441675125252,
	"x" : 0.37182500000000002,
	"y" : 0.19114700000000001,
	"yaw" : 3.1032826765085177,
	"z" : 0.11719300000000001
}
