{
	"pitch" : 1.0505834899454671,
	"roll" : 2.6628837463527884,
	"x" : 0.27334700000000001,
	"y" : 0.17758199999999999,
	"yaw" : -2.2833619005066215,
	"z" : 0.22333800000000001
}
