{
	"pitch" : 0.49902453973021865,
	"roll" : 2.5164506221104639,
	"x" : 0.329378,
	"y" : 0.20504800000000001,
	"yaw" : -3.0274306672168443,
	"z" : 0.24682899999999999
}
