{
	"pitch" : 0.52792719214324491,
	"roll" : 2.5475698426735232,
	"x" : 0.32661499999999999,
	"y" : 0.205154,
	"yaw" : -2.9290290039894038,
	"z" : 0.24728600000000001
}
