{
	"pitch" : 1.2981409910483419,
	"roll" : -2.9494144496526982,
	"x" : 0.099467,
	"y" : 0.065214999999999995,
	"yaw" : -2.3712741349295761,
	"z" : 0.22129799999999999
}
