{
	"pitch" : 0.99703678849428046,
	"roll" : 2.4760462499267955,
	"x" : 0.26070100000000002,
	"y" : 0.19180700000000001,
	"yaw" : -2.5830523863665675,
	"z" : 0.21806200000000001
}
