{
	"pitch" : 0.45633378622643755,
	"roll" : 2.5133090294568747,
	"x" : 0.33905800000000003,
	"y" : 0.11676599999999999,
	"yaw" : 3.0783244682049986,
	"z" : 0.24476899999999999
}
