{
	"pitch" : 0.8953888128581311,
	"roll" : 1.067862249540211,
	"x" : 0.071567000000000006,
	"y" : 0.0051219999999999998,
	"yaw" : 1.3104455622749029,
	"z" : 0.247364
}
