{
	"pitch" : 1.0925412051634102,
	"roll" : 2.5309194016094971,
	"x" : 0.26483400000000001,
	"y" : 0.16367200000000001,
	"yaw" : -2.2333233108519441,
	"z" : 0.22922699999999999
}
