{
	"pitch" : 0.95930277006616305,
	"roll" : 2.8465272902476317,
	"x" : 0.25017099999999998,
	"y" : 0.214755,
	"yaw" : -2.4614029375025623,
	"z" : 0.209013
}
