{
	"pitch" : 0.4260174171192958,
	"roll" : 2.6115361597591153,
	"x" : 0.34295700000000001,
	"y" : 0.15998200000000001,
	"yaw" : -3.0649552461347223,
	"z" : 0.192693
}
