{
	"pitch" : 0.9709092095919255,
	"roll" : 3.0781673885723193,
	"x" : 0.26277,
	"y" : 0.21113599999999999,
	"yaw" : -2.2847407106156972,
	"z" : 0.21555299999999999
}
