{
	"pitch" : 0.98354539337636471,
	"roll" : 2.5235541121660812,
	"x" : 0.26072600000000001,
	"y" : 0.19434100000000001,
	"yaw" : -2.5768041076444277,
	"z" : 0.21520800000000001
}
