{
	"pitch" : 0.37063811995351575,
	"roll" : 2.6533542486368997,
	"x" : 0.37181199999999998,
	"y" : 0.19168199999999999,
	"yaw" : 3.100664682630526,
	"z" : 0.14241999999999999
}
