{
	"pitch" : 0.45369833905592599,
	"roll" : 2.5967008611171636,
	"x" : 0.36015999999999998,
	"y" : 0.193351,
	"yaw" : -3.1234412293690523,
	"z" : 0.193301
}
