{
	"pitch" : 1.3400637996812463,
	"roll" : -2.7233244983493514,
	"x" : 0.099923999999999999,
	"y" : 0.072895000000000001,
	"yaw" : -2.0738351238047024,
	"z" : 0.24176500000000001
}
