{
	"pitch" : 0.35035739404534177,
	"roll" : 2.4213650844618133,
	"x" : 0.32289299999999999,
	"y" : 0.15049699999999999,
	"yaw" : -2.8664414970128873,
	"z" : 0.26118999999999998
}
