{
	"pitch" : 0.89362603031361665,
	"roll" : 1.1251439555906642,
	"x" : 0.071649000000000004,
	"y" : 0.0096419999999999995,
	"yaw" : 1.4105227415842569,
	"z" : 0.24451899999999999
}
