{
	"pitch" : 0.35210272329733605,
	"roll" : 2.6238232776931554,
	"x" : 0.34251799999999999,
	"y" : 0.14939,
	"yaw" : -3.0767362185856837,
	"z" : 0.17032700000000001
}
