{
	"pitch" : 0.89549353261325082,
	"roll" : 1.1284775344619737,
	"x" : 0.071642999999999998,
	"y" : 0.0099970000000000007,
	"yaw" : 1.4168233801839567,
	"z" : 0.24429000000000001
}
