{
	"pitch" : 0.43038074024928169,
	"roll" : 2.5618291826623172,
	"x" : 0.34950900000000001,
	"y" : 0.16960900000000001,
	"yaw" : -2.9942170515513924,
	"z" : 0.21268300000000001
}
