{
	"pitch" : 0.88126909920949692,
	"roll" : 1.1043570841994119,
	"x" : 0.071645,
	"y" : 0.0073540000000000003,
	"yaw" : 1.3706594214687071,
	"z" : 0.245974
}
