{
	"pitch" : 0.94059284048478409,
	"roll" : 2.8066814234246014,
	"x" : 0.24556500000000001,
	"y" : 0.20893,
	"yaw" : -2.3981172988252486,
	"z" : 0.19992799999999999
}
