{
	"pitch" : 1.0259219876147871,
	"roll" : 2.2212456324281433,
	"x" : 0.27922799999999998,
	"y" : 0.167099,
	"yaw" : -2.7596273467908343,
	"z" : 0.236397
}
