{
	"pitch" : 0.49757591645106342,
	"roll" : 2.5742035670589569,
	"x" : 0.35634199999999999,
	"y" : 0.19181000000000001,
	"yaw" : -3.1323598618467434,
	"z" : 0.213365
}
