{
	"pitch" : 1.1719711394216723,
	"roll" : 2.5095391182725666,
	"x" : 0.2777,
	"y" : 0.15774099999999999,
	"yaw" : -2.1453761698439497,
	"z" : 0.25747399999999998
}
