{
	"pitch" : 0.29515262980476115,
	"roll" : 2.5854085808567602,
	"x" : 0.34690399999999999,
	"y" : 0.19294700000000001,
	"yaw" : -3.0422485125662759,
	"z" : 0.16525999999999999
}
