{
	"pitch" : 0.45516441562760129,
	"roll" : 2.5111971810619611,
	"x" : 0.33957700000000002,
	"y" : 0.116484,
	"yaw" : 3.0659326305158388,
	"z" : 0.244833
}
