{
	"pitch" : 1.2165293952250875,
	"roll" : 3.0316892705917105,
	"x" : 0.097106999999999999,
	"y" : 0.054066000000000003,
	"yaw" : -2.7805363912297261,
	"z" : 0.191858
}
