{
	"pitch" : 1.1702432634621978,
	"roll" : 2.348235788803251,
	"x" : 0.26551599999999997,
	"y" : 0.15496699999999999,
	"yaw" : -2.3312362818888257,
	"z" : 0.24107300000000001
}
