{
	"pitch" : 1.3925283969961963,
	"roll" : -2.6547854186235345,
	"x" : 0.107406,
	"y" : 0.086195999999999995,
	"yaw" : -1.9347323824207534,
	"z" : 0.27512500000000001
}
