{
	"pitch" : 0.98550016213859815,
	"roll" : 2.251108215929766,
	"x" : 0.265598,
	"y" : 0.17127100000000001,
	"yaw" : -2.7166398873142135,
	"z" : 0.22258800000000001
}
