{
	"pitch" : 0.7365987575116868,
	"roll" : 2.3077092435719426,
	"x" : 0.190252,
	"y" : 0.11125,
	"yaw" : 2.7541644662320919,
	"z" : 0.266208
}
