{
	"pitch" : 1.16659552532553,
	"roll" : 2.3876278700207627,
	"x" : 0.26658100000000001,
	"y" : 0.154471,
	"yaw" : -2.2820878101526652,
	"z" : 0.24238100000000001
}
