{
	"pitch" : 0.49665089194750639,
	"roll" : 2.512907603728916,
	"x" : 0.33087800000000001,
	"y" : 0.20427300000000001,
	"yaw" : -3.0488982170163741,
	"z" : 0.24632599999999999
}
