{
	"pitch" : 1.1638728116924182,
	"roll" : 2.4736900554366028,
	"x" : 0.27371699999999999,
	"y" : 0.156857,
	"yaw" : -2.1808412602444744,
	"z" : 0.25187500000000002
}
