{
	"pitch" : 0.35812410921671645,
	"roll" : 2.473480615926364,
	"x" : 0.32986599999999999,
	"y" : 0.13785700000000001,
	"yaw" : 2.9882305722170512,
	"z" : 0.236678
}
