{
	"pitch" : 1.1607312190388295,
	"roll" : 2.4206669527610152,
	"x" : 0.26805299999999999,
	"y" : 0.15520300000000001,
	"yaw" : -2.2391701638461252,
	"z" : 0.24393699999999999
}
