{
	"pitch" : 0.86892962139789676,
	"roll" : 2.1055652096059587,
	"x" : 0.15560499999999999,
	"y" : 0.093103000000000005,
	"yaw" : 2.6012038105873092,
	"z" : 0.29273900000000003
}
