{
	"pitch" : 0.96656333975445963,
	"roll" : 3.0443254543761489,
	"x" : 0.26013900000000001,
	"y" : 0.21262,
	"yaw" : -2.3036077198297553,
	"z" : 0.21276800000000001
}
