{
	"pitch" : 1.0786309310250157,
	"roll" : 2.6098257370921609,
	"x" : 0.268785,
	"y" : 0.165934,
	"yaw" : -2.2154511393115217,
	"z" : 0.22642399999999999
}
