{
	"pitch" : 0.97525507942939182,
	"roll" : 3.0829495907227833,
	"x" : 0.26386399999999999,
	"y" : 0.210647,
	"yaw" : -2.2789985773766359,
	"z" : 0.216416
}
