{
	"pitch" : 1.4243632025525719,
	"roll" : -2.6006802118117105,
	"x" : 0.13145399999999999,
	"y" : 0.108418,
	"yaw" : -1.8322117421586064,
	"z" : 0.32141900000000001
}
