{
	"pitch" : 0.34517376616691864,
	"roll" : 2.6677183083808127,
	"x" : 0.37230099999999999,
	"y" : 0.19178000000000001,
	"yaw" : 3.1048360195427929,
	"z" : 0.13001399999999999
}
