{
	"pitch" : 1.1220547228146345,
	"roll" : 2.7582659899742787,
	"x" : 0.23047500000000001,
	"y" : 0.18768199999999999,
	"yaw" : -2.6788360557160167,
	"z" : 0.27903299999999998
}
