{
	"pitch" : 0.29382617957324536,
	"roll" : 2.5508859682523122,
	"x" : 0.338368,
	"y" : 0.15870999999999999,
	"yaw" : 3.0362794865244553,
	"z" : 0.18774299999999999
}
