{
	"pitch" : 1.0685778345335284,
	"roll" : 2.8658306317746889,
	"x" : 0.22093699999999999,
	"y" : 0.177788,
	"yaw" : -2.5954791306407676,
	"z" : 0.25672400000000001
}
