{
	"pitch" : 0.3702017876405172,
	"roll" : 2.4738296817767629,
	"x" : 0.332119,
	"y" : 0.12981200000000001,
	"yaw" : 2.9753500423373334,
	"z" : 0.23905000000000001
}
