{
	"pitch" : 1.155198525310007,
	"roll" : 2.4354149849403672,
	"x" : 0.26332,
	"y" : 0.16208500000000001,
	"yaw" : -2.2675841240685934,
	"z" : 0.23927499999999999
}
