{
	"pitch" : 1.0259568941998265,
	"roll" : 2.313782989368883,
	"x" : 0.28182400000000002,
	"y" : 0.16825999999999999,
	"yaw" : -2.6816983956892875,
	"z" : 0.23264499999999999
}
