{
	"pitch" : 0.99068379001702134,
	"roll" : 2.3857429144286093,
	"x" : 0.26183000000000001,
	"y" : 0.18254799999999999,
	"yaw" : -2.6301413695853748,
	"z" : 0.22017600000000001
}
