{
	"pitch" : 1.1661591930125315,
	"roll" : 2.3974715270020108,
	"x" : 0.26227400000000001,
	"y" : 0.16100700000000001,
	"yaw" : -2.2871492649834493,
	"z" : 0.24082400000000001
}
