{
	"pitch" : 0.94361226009073407,
	"roll" : 2.8119523177656243,
	"x" : 0.24596100000000001,
	"y" : 0.20909,
	"yaw" : -2.3930907505795052,
	"z" : 0.19949600000000001
}
