{
	"pitch" : 1.0652268023696991,
	"roll" : 2.7295727770714917,
	"x" : 0.236378,
	"y" : 0.20569499999999999,
	"yaw" : -2.5653023878737855,
	"z" : 0.248394
}
