{
	"pitch" : 1.2049404089918456,
	"roll" : 3.0224739321411804,
	"x" : 0.096270999999999995,
	"y" : 0.053024000000000002,
	"yaw" : -2.7959127419397962,
	"z" : 0.18765200000000001
}
