{
	"pitch" : 1.024368644580512,
	"roll" : 1.4246250019403719,
	"x" : 0.084232000000000001,
	"y" : 0.033022999999999997,
	"yaw" : 1.8196104649592086,
	"z" : 0.25814900000000002
}
