{
	"pitch" : 0.94506088336988991,
	"roll" : 1.2412781640183674,
	"x" : 0.070660000000000001,
	"y" : 0.020386999999999999,
	"yaw" : 1.6167857525849474,
	"z" : 0.23692099999999999
}
