{
	"pitch" : 1.2383460108750166,
	"roll" : 0.39395571876016,
	"x" : 0.071567000000000006,
	"y" : 0.0051219999999999998,
	"yaw" : 0.55951765160434219,
	"z" : 0.247364
}
