{
	"pitch" : 0.41875684743099945,
	"roll" : 2.5768041076444277,
	"x" : 0.35133799999999998,
	"y" : 0.19159399999999999,
	"yaw" : -3.1227954575458141,
	"z" : 0.194935
}
