{
	"pitch" : 0.33545228223331014,
	"roll" : 2.5997551873081539,
	"x" : 0.33809499999999998,
	"y" : 0.21819,
	"yaw" : -3.0549370562282747,
	"z" : 0.16558300000000001
}
