{
	"pitch" : 1.1632095865766607,
	"roll" : 2.491038628201427,
	"x" : 0.27937400000000001,
	"y" : 0.158,
	"yaw" : -2.1731443582431802,
	"z" : 0.25898700000000002
}
