{
	"pitch" : 0.43366195924303114,
	"roll" : 2.5642900969076288,
	"x" : 0.34936499999999998,
	"y" : 0.16966500000000001,
	"yaw" : -2.9859616441894588,
	"z" : 0.212676
}
