{
	"pitch" : 1.0327636782826046,
	"roll" : 2.7215617158048375,
	"x" : 0.22137399999999999,
	"y" : 0.18551699999999999,
	"yaw" : -2.6828328597030837,
	"z" : 0.24801100000000001
}
