{
	"pitch" : 1.0917907135850526,
	"roll" : 2.5614975701044385,
	"x" : 0.27003500000000003,
	"y" : 0.163356,
	"yaw" : -2.2591192771964201,
	"z" : 0.22897600000000001
}
