{
	"pitch" : 0.49689523804278551,
	"roll" : 2.5135882821371935,
	"x" : 0.329708,
	"y" : 0.20494599999999999,
	"yaw" : -3.0373266840756523,
	"z" : 0.246888
}
