{
	"pitch" : 0.47493899605269685,
	"roll" : 2.512645804341116,
	"x" : 0.30968600000000002,
	"y" : 0.210623,
	"yaw" : -2.7952146102389985,
	"z" : 0.25364999999999999
}
