{
	"pitch" : 0.28157396822424524,
	"roll" : 2.685991905649193,
	"x" : 0.35831499999999999,
	"y" : 0.18538099999999999,
	"yaw" : 3.1082219582916615,
	"z" : 0.11336599999999999
}
