{
	"pitch" : 1.1032575267706559,
	"roll" : 2.5392271688489902,
	"x" : 0.27194299999999999,
	"y" : 0.163912,
	"yaw" : -2.2969231087946178,
	"z" : 0.23081199999999999
}
