{
	"pitch" : 0.47511352897789638,
	"roll" : 2.5132043097017549,
	"x" : 0.30967800000000001,
	"y" : 0.210539,
	"yaw" : -2.7958603820622363,
	"z" : 0.25342700000000001
}
