{
	"pitch" : 0.94122115901550185,
	"roll" : 2.7892281309046583,
	"x" : 0.244974,
	"y" : 0.20816200000000001,
	"yaw" : -2.3919388332731888,
	"z" : 0.20028699999999999
}
