{
	"pitch" : 1.0398671683382217,
	"roll" : 2.7169714998720926,
	"x" : 0.22237199999999999,
	"y" : 0.186445,
	"yaw" : -2.6849621613905166,
	"z" : 0.25044499999999997
}
