{
	"pitch" : 0.44849725788498279,
	"roll" : 2.4963793357125295,
	"x" : 0.31447599999999998,
	"y" : 0.19833000000000001,
	"yaw" : -2.8110796531396267,
	"z" : 0.25404100000000002
}
