{
	"pitch" : 1.0230072877639562,
	"roll" : 0.95373516975230144,
	"x" : 0.071567000000000006,
	"y" : 0.0051219999999999998,
	"yaw" : 1.1714126340610345,
	"z" : 0.247364
}
