{
	"pitch" : 0.9977698267801185,
	"roll" : 2.4736551488515635,
	"x" : 0.26097799999999999,
	"y" : 0.19106799999999999,
	"yaw" : -2.5837330647748455,
	"z" : 0.21817900000000001
}
