{
	"pitch" : 0.40123374174097648,
	"roll" : 2.6473328627175192,
	"x" : 0.36891699999999999,
	"y" : 0.19229199999999999,
	"yaw" : -3.1340877378062175,
	"z" : 0.15579599999999999
}
