{
	"pitch" : 0.26703537555513246,
	"roll" : 2.5409724981009845,
	"x" : 0.33729100000000001,
	"y" : 0.159194,
	"yaw" : 3.0175870102355962,
	"z" : 0.187671
}
