{
	"pitch" : 0.40304888416305051,
	"roll" : 2.6464776513840418,
	"x" : 0.36885600000000002,
	"y" : 0.19226599999999999,
	"yaw" : -3.1344193503640962,
	"z" : 0.15662100000000001
}
