{
	"pitch" : 0.88510882356388443,
	"roll" : 2.2019422909010862,
	"x" : 0.32543899999999998,
	"y" : 0.10292,
	"yaw" : -2.6748567050214698,
	"z" : 0.30123499999999998
}
