{
	"pitch" : 0.98654735968979501,
	"roll" : 2.8092470574250328,
	"x" : 0.25391900000000001,
	"y" : 0.21103,
	"yaw" : -2.4691521993814178,
	"z" : 0.205176
}
