{
	"pitch" : 1.1237651454815891,
	"roll" : 2.7770282794332175,
	"x" : 0.230688,
	"y" : 0.18742600000000001,
	"yaw" : -2.6622728811145904,
	"z" : 0.278893
}
