{
	"pitch" : 0.9807354132806535,
	"roll" : 2.8242394356996643,
	"x" : 0.25455499999999998,
	"y" : 0.210207,
	"yaw" : -2.4656266342923896,
	"z" : 0.20451800000000001
}
