{
	"pitch" : 0.42128757484639129,
	"roll" : 2.5792126620121802,
	"x" : 0.34794799999999998,
	"y" : 0.16384099999999999,
	"yaw" : -3.0813613411034688,
	"z" : 0.20194899999999999
}
