{
	"pitch" : 0.40755183363319591,
	"roll" : 2.5470986037754848,
	"x" : 0.34946899999999997,
	"y" : 0.17164299999999999,
	"yaw" : -3.0448315998592275,
	"z" : 0.212448
}
