{
	"pitch" : 1.0611427319200328,
	"roll" : 2.612426277677633,
	"x" : 0.28444999999999998,
	"y" : 0.142901,
	"yaw" : -2.0786871391252464,
	"z" : 0.25145899999999999
}
