{
	"pitch" : 1.0272135312612627,
	"roll" : 2.4002815070977217,
	"x" : 0.27940199999999998,
	"y" : 0.17014199999999999,
	"yaw" : -2.5911507140958214,
	"z" : 0.228771
}
