{
	"pitch" : 1.0314197747585689,
	"roll" : 2.7284034064726557,
	"x" : 0.221691,
	"y" : 0.18513399999999999,
	"yaw" : -2.6816634891042472,
	"z" : 0.24778500000000001
}
