{
	"pitch" : 0.4350407693521065,
	"roll" : 2.4868323847041207,
	"x" : 0.31652000000000002,
	"y" : 0.19129399999999999,
	"yaw" : -2.8212200160937142,
	"z" : 0.25482300000000002
}
