{
	"pitch" : 1.1439062450496034,
	"roll" : 0.75562284635842492,
	"x" : 0.071567000000000006,
	"y" : 0.0051219999999999998,
	"yaw" : 0.94780105029552042,
	"z" : 0.247364
}
