{
	"pitch" : 1.122281615617394,
	"roll" : 2.4567429083997387,
	"x" : 0.26154300000000003,
	"y" : 0.163276,
	"yaw" : -2.2559951378353502,
	"z" : 0.23396400000000001
}
