{
	"pitch" : 0.60266219071364213,
	"roll" : 2.0627522830545382,
	"x" : 0.33088699999999999,
	"y" : 0.101895,
	"yaw" : -2.9603053041851424,
	"z" : 0.29982399999999998
}
