{
	"pitch" : 0.42657592247993414,
	"roll" : 2.6228284400195183,
	"x" : 0.345528,
	"y" : 0.22192600000000001,
	"yaw" : -3.1150985555445194,
	"z" : 0.168485
}
