{
	"pitch" : 1.4149907844693634,
	"roll" : -2.6692367448300485,
	"x" : 0.140796,
	"y" : 0.11530700000000001,
	"yaw" : -1.8965620316796392,
	"z" : 0.32727600000000001
}
