{
	"pitch" : 0.45032985359957689,
	"roll" : 2.6141541536371071,
	"x" : 0.34513300000000002,
	"y" : 0.16217500000000001,
	"yaw" : -3.0196464987529494,
	"z" : 0.19725500000000001
}
