{
	"pitch" : 0.96148443163115616,
	"roll" : 2.0095895540387909,
	"x" : 0.12968399999999999,
	"y" : 0.075605000000000006,
	"yaw" : 2.4998525409239982,
	"z" : 0.28326400000000002
}
