{
	"pitch" : 0.3981445089649463,
	"roll" : 2.5423862147951,
	"x" : 0.347802,
	"y" : 0.17224100000000001,
	"yaw" : -3.0300312078023155,
	"z" : 0.21260200000000001
}
