{
	"pitch" : 0.39039524708609152,
	"roll" : 2.4540201947666263,
	"x" : 0.32148300000000002,
	"y" : 0.16886699999999999,
	"yaw" : -2.8502273882618598,
	"z" : 0.25759700000000002
}
