{
	"pitch" : 1.0495886522718303,
	"roll" : 2.5591588289067655,
	"x" : 0.28395199999999998,
	"y" : 0.13897599999999999,
	"yaw" : -2.1170494760840817,
	"z" : 0.252637
}
