{
	"pitch" : 0.24664992989183868,
	"roll" : 2.5234144858259215,
	"x" : 0.33268599999999998,
	"y" : 0.160331,
	"yaw" : 3.03476105007522,
	"z" : 0.19370000000000001
}
