{
	"pitch" : 1.0876717365503459,
	"roll" : 2.5635919652068311,
	"x" : 0.268598,
	"y" : 0.16313900000000001,
	"yaw" : -2.2459420413438629,
	"z" : 0.228079
}
