{
	"pitch" : 1.0251714960364291,
	"roll" : 2.2987382512166921,
	"x" : 0.28220200000000001,
	"y" : 0.16777800000000001,
	"yaw" : -2.6977554248076352,
	"z" : 0.233178
}
