{
	"pitch" : 0.94930203345223585,
	"roll" : 3.0099075615268212,
	"x" : 0.256575,
	"y" : 0.20907899999999999,
	"yaw" : -2.3477121900276527,
	"z" : 0.20813000000000001
}
