{
	"pitch" : 0.29843384879851037,
	"roll" : 2.6893603911055424,
	"x" : 0.36075000000000002,
	"y" : 0.186505,
	"yaw" : 3.1038586351616755,
	"z" : 0.11426500000000001
}
