{
	"pitch" : 0.89137455557854417,
	"roll" : 2.085947708813543,
	"x" : 0.15224299999999999,
	"y" : 0.091172000000000003,
	"yaw" : 2.5884978136327903,
	"z" : 0.29579800000000001
}
