{
	"pitch" : 0.49703486438294525,
	"roll" : 2.5741512071813966,
	"x" : 0.35630699999999998,
	"y" : 0.19183600000000001,
	"yaw" : -3.1320107959963441,
	"z" : 0.21329500000000001
}
