{
	"pitch" : 1.1459482802744372,
	"roll" : 2.502104015659071,
	"x" : 0.28063700000000003,
	"y" : 0.15678,
	"yaw" : -2.1732665312908193,
	"z" : 0.25815100000000002
}
