{
	"pitch" : 1.0173698742800144,
	"roll" : 2.2199715420741879,
	"x" : 0.27738200000000002,
	"y" : 0.16652,
	"yaw" : -2.7607269042195903,
	"z" : 0.23386100000000001
}
