{
	"pitch" : 0.94832464907111935,
	"roll" : 2.7592957342329556,
	"x" : 0.24504600000000001,
	"y" : 0.207679,
	"yaw" : -2.4073151839832589,
	"z" : 0.201351
}
