{
	"pitch" : 1.1562282695686841,
	"roll" : 2.4300742774292652,
	"x" : 0.26317699999999999,
	"y" : 0.161938,
	"yaw" : -2.2705162772119443,
	"z" : 0.23946799999999999
}
