{
	"pitch" : 0.27466246438634762,
	"roll" : 2.5433810524687366,
	"x" : 0.33781499999999998,
	"y" : 0.15895999999999999,
	"yaw" : 3.018302595228914,
	"z" : 0.18770500000000001
}
