{
	"pitch" : 1.1595443951474724,
	"roll" : 2.9085213852784704,
	"x" : 0.21080399999999999,
	"y" : 0.16949900000000001,
	"yaw" : -2.5590366558591264,
	"z" : 0.28111999999999998
}
