{
	"pitch" : 1.2322722650780762,
	"roll" : 3.0585847943649429,
	"x" : 0.097997000000000001,
	"y" : 0.055613000000000003,
	"yaw" : -2.7417551752504123,
	"z" : 0.19727500000000001
}
