{
	"pitch" : 0.50185197311844953,
	"roll" : 2.5632952592339922,
	"x" : 0.35364699999999999,
	"y" : 0.19170499999999999,
	"yaw" : -3.1277347393289578,
	"z" : 0.21989700000000001
}
