{
	"pitch" : 0.31428143840661893,
	"roll" : 2.5916568595789,
	"x" : 0.33665299999999998,
	"y" : 0.21745500000000001,
	"yaw" : -3.0457740776553042,
	"z" : 0.16542000000000001
}
