{
	"pitch" : 0.939336203423348,
	"roll" : 1.2248022558795408,
	"x" : 0.070831000000000005,
	"y" : 0.019095000000000001,
	"yaw" : 1.589733149179035,
	"z" : 0.23815900000000001
}
