{
	"pitch" : 0.34922293003154542,
	"roll" : 2.6222001214888011,
	"x" : 0.34248699999999999,
	"y" : 0.14837,
	"yaw" : -3.0724252553332581,
	"z" : 0.17034299999999999
}
