{
	"pitch" : 1.2866916311552588,
	"roll" : 2.9047689273866824,
	"x" : 0.19261400000000001,
	"y" : 0.15687300000000001,
	"yaw" : -2.5618466359548364,
	"z" : 0.31394699999999998
}
