{
	"pitch" : 1.0538472556466962,
	"roll" : 2.7136553742933036,
	"x" : 0.26719999999999999,
	"y" : 0.17598900000000001,
	"yaw" : -2.1423392969454795,
	"z" : 0.22256600000000001
}
