{
	"pitch" : 0.45390777856616538,
	"roll" : 2.5046172897819425,
	"x" : 0.34159800000000001,
	"y" : 0.115353,
	"yaw" : 3.0221248662907811,
	"z" : 0.245111
}
