{
	"pitch" : 1.1889880996286175,
	"roll" : 3.0245159673660136,
	"x" : 0.097545999999999994,
	"y" : 0.047766999999999997,
	"yaw" : -2.8558648017458013,
	"z" : 0.18420700000000001
}
