{
	"pitch" : 0.54799847854117978,
	"roll" : 2.5651627615336263,
	"x" : 0.32669399999999998,
	"y" : 0.203794,
	"yaw" : -2.8916964112892449,
	"z" : 0.24807899999999999
}
