{
	"pitch" : 0.54558992417342744,
	"roll" : 2.5613579437642784,
	"x" : 0.32656499999999999,
	"y" : 0.20446400000000001,
	"yaw" : -2.9007895766921354,
	"z" : 0.248145
}
