{
	"pitch" : 1.014263188211465,
	"roll" : 1.8086148906716442,
	"x" : 0.110607,
	"y" : 0.055932999999999997,
	"yaw" : 2.2377215405669695,
	"z" : 0.26943499999999998
}
