{
	"pitch" : 0.33370695298131581,
	"roll" : 2.5517760861708294,
	"x" : 0.35440700000000003,
	"y" : 0.15296100000000001,
	"yaw" : -3.0456169980226249,
	"z" : 0.192519
}
