{
	"pitch" : 1.0442479447607274,
	"roll" : 2.5832269192917674,
	"x" : 0.27494200000000002,
	"y" : 0.17516999999999999,
	"yaw" : -2.3747473401410444,
	"z" : 0.22469900000000001
}
