{
	"pitch" : 0.9739111759053557,
	"roll" : 2.7853360466727106,
	"x" : 0.24621399999999999,
	"y" : 0.21495500000000001,
	"yaw" : -2.4873559834797185,
	"z" : 0.21412999999999999
}
