{
	"pitch" : 1.4119015516933326,
	"roll" : -2.7038815304821355,
	"x" : 0.14583599999999999,
	"y" : 0.118795,
	"yaw" : -1.9312417239167659,
	"z" : 0.33065699999999998
}
