{
	"pitch" : 1.0992956293686287,
	"roll" : 2.5101325302182445,
	"x" : 0.26433200000000001,
	"y" : 0.16366,
	"yaw" : -2.2406536937103203,
	"z" : 0.23071700000000001
}
