{
	"pitch" : 1.0540741484494551,
	"roll" : 2.8370326991167829,
	"x" : 0.26593099999999997,
	"y" : 0.18882499999999999,
	"yaw" : -2.0629966291498172,
	"z" : 0.22059799999999999
}
