{
	"pitch" : 0.87039569796957228,
	"roll" : 2.1018302050066913,
	"x" : 0.15517800000000001,
	"y" : 0.092881000000000005,
	"yaw" : 2.5983414706140375,
	"z" : 0.29325099999999998
}
