{
	"pitch" : 0.30277971863597619,
	"roll" : 2.5872411765713541,
	"x" : 0.34196500000000002,
	"y" : 0.207149,
	"yaw" : -3.0677826795229528,
	"z" : 0.16535
}
