{
	"pitch" : 1.1245854502300265,
	"roll" : 2.4958033770593708,
	"x" : 0.28004600000000002,
	"y" : 0.15581800000000001,
	"yaw" : -2.1759019784613307,
	"z" : 0.256884
}
