{
	"pitch" : 0.92579244842787212,
	"roll" : 1.1905763492479322,
	"x" : 0.071242,
	"y" : 0.016087000000000001,
	"yaw" : 1.5299905288832694,
	"z" : 0.24024499999999999
}
