{
	"pitch" : 1.3890900983697672,
	"roll" : -2.9610383424709799,
	"x" : 0.16814799999999999,
	"y" : 0.134518,
	"yaw" : -2.1872117120142542,
	"z" : 0.33729799999999999
}
