{
	"pitch" : 0.37887607402292905,
	"roll" : 2.4139474351408374,
	"x" : 0.32216600000000001,
	"y" : 0.11674900000000001,
	"yaw" : 2.9094987696595873,
	"z" : 0.26736300000000002
}
