{
	"pitch" : 0.41174062383798227,
	"roll" : 2.615306070943423,
	"x" : 0.34250799999999998,
	"y" : 0.22559299999999999,
	"yaw" : -3.1123409353263685,
	"z" : 0.16836899999999999
}
