{
	"pitch" : 0.4605400297237438,
	"roll" : 2.6295654109322171,
	"x" : 0.34404000000000001,
	"y" : 0.16030800000000001,
	"yaw" : -3.0191927131474308,
	"z" : 0.19364999999999999
}
