{
	"pitch" : 1.1203617534401997,
	"roll" : 2.7892804907822177,
	"x" : 0.23158699999999999,
	"y" : 0.19583800000000001,
	"yaw" : -2.5679727416293363,
	"z" : 0.26932
}
