{
	"pitch" : 0.95956456945396262,
	"roll" : 1.2883496939446542,
	"x" : 0.069864999999999997,
	"y" : 0.024097,
	"yaw" : 1.6958840742853303,
	"z" : 0.23422899999999999
}
