{
	"pitch" : 0.2689203311472862,
	"roll" : 2.5700322301466905,
	"x" : 0.34897299999999998,
	"y" : 0.18073,
	"yaw" : -3.0278669995298428,
	"z" : 0.16589499999999999
}
