{
	"pitch" : 1.0278069432069408,
	"roll" : 1.5719656973937324,
	"x" : 0.094478000000000006,
	"y" : 0.040296999999999999,
	"yaw" : 1.965083658112935,
	"z" : 0.26066400000000001
}
