{
	"pitch" : 0.46003388424066533,
	"roll" : 2.5231177798530826,
	"x" : 0.33565200000000001,
	"y" : 0.118548,
	"yaw" : -3.1309112385675881,
	"z" : 0.244423
}
