{
	"pitch" : 1.2112934074691051,
	"roll" : 0.54215162554699881,
	"x" : 0.071567000000000006,
	"y" : 0.0051219999999999998,
	"yaw" : 0.71698125671927082,
	"z" : 0.247364
}
