{
	"pitch" : 1.0532887502860582,
	"roll" : 2.8532991677453698,
	"x" : 0.26637899999999998,
	"y" : 0.18954399999999999,
	"yaw" : -2.0563294714071998,
	"z" : 0.22032499999999999
}
