{
	"pitch" : 1.1066958253970847,
	"roll" : 2.8919058507994841,
	"x" : 0.21707399999999999,
	"y" : 0.17439099999999999,
	"yaw" : -2.5725978641471219,
	"z" : 0.26685700000000001
}
