{
	"pitch" : 0.96511471647530478,
	"roll" : 2.8545034449292457,
	"x" : 0.255131,
	"y" : 0.20796000000000001,
	"yaw" : -2.4593085424001697,
	"z" : 0.20210400000000001
}
