{
	"pitch" : 0.98801343626147076,
	"roll" : 2.3236964595202108,
	"x" : 0.26318599999999998,
	"y" : 0.17768600000000001,
	"yaw" : -2.6704410220139243,
	"z" : 0.221246
}
