{
	"pitch" : 0.98080522645073343,
	"roll" : 2.2256089555581293,
	"x" : 0.31696800000000003,
	"y" : 0.104102,
	"yaw" : -2.5314604536776155,
	"z" : 0.30251699999999998
}
