{
	"pitch" : 1.0861533001011112,
	"roll" : 2.563399978989112,
	"x" : 0.267293,
	"y" : 0.16315199999999999,
	"yaw" : -2.2304958774637136,
	"z" : 0.22803300000000001
}
