{
	"pitch" : 0.43336525327019193,
	"roll" : 2.6057067600574539,
	"x" : 0.36168400000000001,
	"y" : 0.19395100000000001,
	"yaw" : -3.1216609935320179,
	"z" : 0.18401000000000001
}
