{
	"pitch" : 0.47568948763105445,
	"roll" : 2.5120872989804783,
	"x" : 0.31059500000000001,
	"y" : 0.209533,
	"yaw" : -2.7964712473004343,
	"z" : 0.25416699999999998
}
