{
	"pitch" : 0.28773498048378526,
	"roll" : 2.5483028809593606,
	"x" : 0.338287,
	"y" : 0.158747,
	"yaw" : 3.0285302246456003,
	"z" : 0.18773699999999999
}
