{
	"pitch" : 0.98769927699611093,
	"roll" : 2.5182134046549782,
	"x" : 0.26145299999999999,
	"y" : 0.193302,
	"yaw" : -2.5747795257121147,
	"z" : 0.216139
}
