{
	"pitch" : 1.0576695267085638,
	"roll" : 2.6106460418405981,
	"x" : 0.28452499999999997,
	"y" : 0.14191699999999999,
	"yaw" : -2.0800484959418024,
	"z" : 0.25126100000000001
}
