{
	"pitch" : 0.40327577696580963,
	"roll" : 2.6463729316289224,
	"x" : 0.36884899999999998,
	"y" : 0.19226299999999999,
	"yaw" : -3.1344542569491365,
	"z" : 0.156717
}
