{
	"pitch" : 1.0314895879286488,
	"roll" : 2.7280368873297367,
	"x" : 0.22167400000000001,
	"y" : 0.18515400000000001,
	"yaw" : -2.6817158489818076,
	"z" : 0.24779699999999999
}
