{
	"pitch" : 0.83191118796309715,
	"roll" : 2.1648889508812466,
	"x" : 0.16294900000000001,
	"y" : 0.097380999999999995,
	"yaw" : 2.6468616238194804,
	"z" : 0.28400799999999998
}
