{
	"pitch" : 1.1000461209469863,
	"roll" : 2.5431017997884173,
	"x" : 0.27147500000000002,
	"y" : 0.16382099999999999,
	"yaw" : -2.2882488224122057,
	"z" : 0.23050699999999999
}
