{
	"pitch" : 1.3857914260834978,
	"roll" : -3.0324572154625886,
	"x" : 0.17091700000000001,
	"y" : 0.13681399999999999,
	"yaw" : -2.2560649510054303,
	"z" : 0.33702900000000002
}
