{
	"pitch" : 0.45170866370865237,
	"roll" : 2.5031686665027872,
	"x" : 0.34159800000000001,
	"y" : 0.115353,
	"yaw" : 3.0188087407119921,
	"z" : 0.245111
}
