{
	"pitch" : 0.25148449191986294,
	"roll" : 2.5195747614715338,
	"x" : 0.33193600000000001,
	"y" : 0.160051,
	"yaw" : 3.0372568709055718,
	"z" : 0.196467
}
