{
	"pitch" : 0.31864476153660487,
	"roll" : 2.5933498289533343,
	"x" : 0.33669399999999999,
	"y" : 0.21800700000000001,
	"yaw" : -3.046489662648622,
	"z" : 0.16544900000000001
}
