{
	"pitch" : 1.16348883925698,
	"roll" : 2.4033183799961915,
	"x" : 0.26257999999999998,
	"y" : 0.161165,
	"yaw" : -2.2857879081668937,
	"z" : 0.240566
}
