{
	"pitch" : 0.96127499212091705,
	"roll" : 2.8807881034642802,
	"x" : 0.25436700000000001,
	"y" : 0.20593800000000001,
	"yaw" : -2.4532871564807892,
	"z" : 0.203876
}
