{
	"pitch" : 0.9806481468180539,
	"roll" : 2.5263815455543122,
	"x" : 0.26020900000000002,
	"y" : 0.194246,
	"yaw" : -2.5756696436306314,
	"z" : 0.21438299999999999
}
