{
	"pitch" : 1.0606016798519142,
	"roll" : 2.6882259270917461,
	"x" : 0.26762799999999998,
	"y" : 0.17358399999999999,
	"yaw" : -2.1601067487307826,
	"z" : 0.22353600000000001
}
