{
	"pitch" : 0.99586741789544442,
	"roll" : 1.22813583475085,
	"x" : 0.067756999999999998,
	"y" : 0.024278000000000001,
	"yaw" : 1.6505927801960771,
	"z" : 0.247338
}
