{
	"pitch" : 0.28731610146330661,
	"roll" : 2.5006902989649555,
	"x" : 0.32931899999999997,
	"y" : 0.156807,
	"yaw" : 3.0327015615578667,
	"z" : 0.21171899999999999
}
