{
	"pitch" : 1.170208356877158,
	"roll" : 2.4999921672641578,
	"x" : 0.27623700000000001,
	"y" : 0.157415,
	"yaw" : -2.1543820687842401,
	"z" : 0.25539000000000001
}
