{
	"pitch" : 0.95588192473225464,
	"roll" : 2.8540147527386877,
	"x" : 0.25070199999999998,
	"y" : 0.21447099999999999,
	"yaw" : -2.4664294857483067,
	"z" : 0.20876600000000001
}
