{
	"pitch" : 1.4185338028509118,
	"roll" : -2.6355693435590779,
	"x" : 0.134994,
	"y" : 0.111091,
	"yaw" : -1.8647621327083026,
	"z" : 0.32282
}
