{
	"pitch" : 1.3846046021921423,
	"roll" : -3.1042600608896342,
	"x" : 0.17366599999999999,
	"y" : 0.13930799999999999,
	"yaw" : -2.3235568331800511,
	"z" : 0.33763100000000001
}
