{
	"pitch" : 1.0782818651746167,
	"roll" : 2.7375140251680663,
	"x" : 0.235207,
	"y" : 0.20415,
	"yaw" : -2.5641679238599897,
	"z" : 0.25281900000000002
}
