{
	"pitch" : 0.25701718564868503,
	"roll" : 2.6537731276573782,
	"x" : 0.35121200000000002,
	"y" : 0.18582099999999999,
	"yaw" : 3.1039808082093154,
	"z" : 0.12581800000000001
}
