{
	"pitch" : 1.0958573307421995,
	"roll" : 2.5246885761798774,
	"x" : 0.264768,
	"y" : 0.16392000000000001,
	"yaw" : -2.234108709015342,
	"z" : 0.23005600000000001
}
