{
	"pitch" : 1.3946751519761489,
	"roll" : -2.6464252915064823,
	"x" : 0.10878599999999999,
	"y" : 0.087153999999999995,
	"yaw" : -1.9265118816438613,
	"z" : 0.27826200000000001
}
