{
	"pitch" : 1.1228924808555916,
	"roll" : 2.7466246438634765,
	"x" : 0.2301,
	"y" : 0.187635,
	"yaw" : -2.6893603911055424,
	"z" : 0.27971000000000001
}
