{
	"pitch" : 0.41013492092614739,
	"roll" : 2.5509208748373524,
	"x" : 0.34684599999999999,
	"y" : 0.17213200000000001,
	"yaw" : -2.9891555967206083,
	"z" : 0.212557
}
