{
	"pitch" : 0.97143280836752388,
	"roll" : 2.8098753759557509,
	"x" : 0.247895,
	"y" : 0.21601699999999999,
	"yaw" : -2.4586976771619717,
	"z" : 0.210478
}
