{
	"pitch" : 0.97127572873484436,
	"roll" : 2.8206266041480363,
	"x" : 0.248331,
	"y" : 0.21588399999999999,
	"yaw" : -2.4507389757728779,
	"z" : 0.209844
}
