{
	"pitch" : 0.40224603270713316,
	"roll" : 2.5854958473193599,
	"x" : 0.348306,
	"y" : 0.201875,
	"yaw" : -3.1300036673565512,
	"z" : 0.184949
}
