{
	"pitch" : 1.0885967610539029,
	"roll" : 2.5728945701199608,
	"x" : 0.27006400000000003,
	"y" : 0.163017,
	"yaw" : -2.2530804379845204,
	"z" : 0.22798099999999999
}
