{
	"pitch" : 0.76715947271410778,
	"roll" : 2.2690327473477483,
	"x" : 0.180174,
	"y" : 0.107013,
	"yaw" : 2.7247207617509477,
	"z" : 0.26963700000000002
}
