{
	"pitch" : 0.94478163068957055,
	"roll" : 2.0444612324936373,
	"x" : 0.13697599999999999,
	"y" : 0.082404000000000005,
	"yaw" : 2.5572738733146112,
	"z" : 0.29178399999999999
}
