{
	"pitch" : 0.96455621111466627,
	"roll" : 2.9255208921928952,
	"x" : 0.25532300000000002,
	"y" : 0.20564099999999999,
	"yaw" : -2.4148899129369141,
	"z" : 0.205625
}
