{
	"pitch" : 0.34107224242473194,
	"roll" : 2.6422888611792552,
	"x" : 0.34531899999999999,
	"y" : 0.15278900000000001,
	"yaw" : -3.1048011129577526,
	"z" : 0.15872700000000001
}
