{
	"pitch" : 0.79676025682793139,
	"roll" : 2.2236716400884151,
	"x" : 0.170263,
	"y" : 0.101536,
	"yaw" : 2.6910882670650165,
	"z" : 0.27462300000000001
}
