{
	"pitch" : 0.99831087884823666,
	"roll" : 2.2191512373257498,
	"x" : 0.31243399999999999,
	"y" : 0.105891,
	"yaw" : -2.4966760416853684,
	"z" : 0.30046
}
