{
	"pitch" : 1.0008241529711082,
	"roll" : 1.8837513149699998,
	"x" : 0.116769,
	"y" : 0.061817999999999998,
	"yaw" : 2.3271173048541192,
	"z" : 0.272534
}
