{
	"pitch" : 0.34260813216648695,
	"roll" : 2.6333178688240042,
	"x" : 0.343472,
	"y" : 0.15317500000000001,
	"yaw" : -3.0927059812414321,
	"z" : 0.16328300000000001
}
