{
	"pitch" : 1.1102213904861127,
	"roll" : 2.4717876465519293,
	"x" : 0.26297700000000002,
	"y" : 0.16298699999999999,
	"yaw" : -2.2571121485566268,
	"z" : 0.232373
}
