{
	"pitch" : 0.4487765105653021,
	"roll" : 2.6225142807541593,
	"x" : 0.34385300000000002,
	"y" : 0.16023899999999999,
	"yaw" : -3.0366460056673739,
	"z" : 0.193525
}
