{
	"pitch" : 0.98047361389285426,
	"roll" : 3.0881855784787668,
	"x" : 0.26460699999999998,
	"y" : 0.21041399999999999,
	"yaw" : -2.2693294533205872,
	"z" : 0.21722
}
