{
	"pitch" : 0.44170792709472501,
	"roll" : 2.5729120234124809,
	"x" : 0.34704699999999999,
	"y" : 0.171462,
	"yaw" : -2.9353296425891031,
	"z" : 0.21255199999999999
}
