{
	"pitch" : 0.34147366815269065,
	"roll" : 2.6424808473969748,
	"x" : 0.345385,
	"y" : 0.152756,
	"yaw" : -3.1055516045361102,
	"z" : 0.15873000000000001
}
