{
	"pitch" : 0.97933914987905824,
	"roll" : 2.7757192824942223,
	"x" : 0.244418,
	"y" : 0.21373200000000001,
	"yaw" : -2.4987355302027217,
	"z" : 0.21697900000000001
}
