{
	"pitch" : 0.46540949833680789,
	"roll" : 2.5220356757168458,
	"x" : 0.338034,
	"y" : 0.117315,
	"yaw" : 3.1132135999523651,
	"z" : 0.24465200000000001
}
