{
	"pitch" : 0.40954150898046948,
	"roll" : 2.6021462883833859,
	"x" : 0.34254200000000001,
	"y" : 0.15989600000000001,
	"yaw" : -3.0885346443291657,
	"z" : 0.19234200000000001
}
