{
	"pitch" : 0.41894883364871882,
	"roll" : 2.6149744583855443,
	"x" : 0.34327099999999999,
	"y" : 0.22628499999999999,
	"yaw" : -3.1187986535587471,
	"z" : 0.16908300000000001
}
