{
	"pitch" : 0.98684406566263383,
	"roll" : 3.0853930516755756,
	"x" : 0.26419700000000002,
	"y" : 0.211257,
	"yaw" : -2.2609344196184944,
	"z" : 0.21787400000000001
}
