{
	"pitch" : 0.33731978453294409,
	"roll" : 2.6412940235056186,
	"x" : 0.34551599999999999,
	"y" : 0.15273800000000001,
	"yaw" : -3.1119918694759692,
	"z" : 0.15809500000000001
}
