{
	"pitch" : 0.37974873864892622,
	"roll" : 2.477093447477992,
	"x" : 0.33740500000000001,
	"y" : 0.116081,
	"yaw" : 2.9580189228650298,
	"z" : 0.240337
}
