{
	"pitch" : 1.0478433230198356,
	"roll" : 2.4668832713538253,
	"x" : 0.28484999999999999,
	"y" : 0.13465099999999999,
	"yaw" : -2.1894282801642864,
	"z" : 0.25823800000000002
}
