{
	"pitch" : 0.9632297608831506,
	"roll" : 2.2349813736413386,
	"x" : 0.32035599999999997,
	"y" : 0.103768,
	"yaw" : -2.5614103036418383,
	"z" : 0.30257800000000001
}
