{
	"pitch" : 0.42722169430317208,
	"roll" : 2.492330171847903,
	"x" : 0.340476,
	"y" : 0.115412,
	"yaw" : 2.9961369137285856,
	"z" : 0.243892
}
