{
	"pitch" : 1.0538647089392164,
	"roll" : 2.826787616407576,
	"x" : 0.26606099999999999,
	"y" : 0.18765200000000001,
	"yaw" : -2.0690005617766785,
	"z" : 0.220723
}
