{
	"pitch" : 0.26007151183967508,
	"roll" : 2.6451512011525264,
	"x" : 0.34789399999999998,
	"y" : 0.18429100000000001,
	"yaw" : 3.1336339522006993,
	"z" : 0.13211800000000001
}
