{
	"pitch" : 1.1994949817256231,
	"roll" : 3.0119321434591346,
	"x" : 0.095963000000000007,
	"y" : 0.052456999999999997,
	"yaw" : -2.8111843728947465,
	"z" : 0.18587600000000001
}
