{
	"pitch" : 0.94802794309827987,
	"roll" : 3.0219503333655822,
	"x" : 0.25795899999999999,
	"y" : 0.208923,
	"yaw" : -2.3457050613878589,
	"z" : 0.20887900000000001
}
