{
	"pitch" : 0.9957452448478048,
	"roll" : 1.2275773293902117,
	"x" : 0.067735000000000004,
	"y" : 0.024267,
	"yaw" : 1.6501215412980395,
	"z" : 0.247473
}
