{
	"pitch" : 0.53557173426698013,
	"roll" : 2.5516539131231899,
	"x" : 0.32635599999999998,
	"y" : 0.20502699999999999,
	"yaw" : -2.920023105049113,
	"z" : 0.248172
}
