{
	"pitch" : 0.4752706086105758,
	"roll" : 2.0977286812645044,
	"x" : 0.335005,
	"y" : 0.095690999999999998,
	"yaw" : -3.0474495937372188,
	"z" : 0.294545
}
