{
	"pitch" : 0.99932316981439362,
	"roll" : 3.1113460976527314,
	"x" : 0.265403,
	"y" : 0.212475,
	"yaw" : -2.227773163830602,
	"z" : 0.22035199999999999
}
