{
	"pitch" : 1.0928379111362496,
	"roll" : 2.558425790620928,
	"x" : 0.27016899999999999,
	"y" : 0.163414,
	"yaw" : -2.2634302404488462,
	"z" : 0.22913900000000001
}
