{
	"pitch" : 0.30693360225572275,
	"roll" : 2.6434233251930515,
	"x" : 0.34635199999999999,
	"y" : 0.154472,
	"yaw" : 3.1405629093311167,
	"z" : 0.149145
}
