{
	"pitch" : 0.60730476652394705,
	"roll" : 2.3826711349450993,
	"x" : 0.23488899999999999,
	"y" : 0.117978,
	"yaw" : 2.8084965658466752,
	"z" : 0.266345
}
