{
	"pitch" : 0.97370173639511715,
	"roll" : 2.9717895706632644,
	"x" : 0.25692900000000002,
	"y" : 0.20766799999999999,
	"yaw" : -2.3643277245066385,
	"z" : 0.208477
}
