{
	"pitch" : 1.0009114194337079,
	"roll" : 3.1237902952194507,
	"x" : 0.26527800000000001,
	"y" : 0.212649,
	"yaw" : -2.2103198713106589,
	"z" : 0.22045899999999999
}
