{
	"pitch" : 0.95678949594329177,
	"roll" : 2.8473126884110296,
	"x" : 0.25067400000000001,
	"y" : 0.214309,
	"yaw" : -2.4697979712046556,
	"z" : 0.20882200000000001
}
