{
	"pitch" : 0.99640846996356291,
	"roll" : 2.2325728192735865,
	"x" : 0.27163999999999999,
	"y" : 0.16855300000000001,
	"yaw" : -2.7453331002170005,
	"z" : 0.227515
}
