{
	"pitch" : 0.31670744606689105,
	"roll" : 2.3883260017215608,
	"x" : 0.326602,
	"y" : 0.12170400000000001,
	"yaw" : -2.9134432137690944,
	"z" : 0.266679
}
