{
	"pitch" : 1.0261488804175458,
	"roll" : 2.2383673123902073,
	"x" : 0.296879,
	"y" : 0.118478,
	"yaw" : -2.3981696587028085,
	"z" : 0.28547699999999998
}
