{
	"pitch" : 0.95666732289565193,
	"roll" : 2.8637536899648155,
	"x" : 0.250774,
	"y" : 0.214338,
	"yaw" : -2.4566032820595782,
	"z" : 0.20865400000000001
}
