{
	"pitch" : 1.1308337289521662,
	"roll" : 2.4579297322910949,
	"x" : 0.26295800000000003,
	"y" : 0.16301299999999999,
	"yaw" : -2.2613358453464527,
	"z" : 0.23605000000000001
}
