{
	"pitch" : 0.9661793673190211,
	"roll" : 2.8518505444662146,
	"x" : 0.255019,
	"y" : 0.208116,
	"yaw" : -2.4598670477608082,
	"z" : 0.20222000000000001
}
