{
	"pitch" : 0.42366122262910344,
	"roll" : 2.581394323577173,
	"x" : 0.34793800000000003,
	"y" : 0.16367599999999999,
	"yaw" : -3.0798254513617143,
	"z" : 0.20169000000000001
}
