{
	"pitch" : 1.1112162281597495,
	"roll" : 2.8950823500381135,
	"x" : 0.21659300000000001,
	"y" : 0.173731,
	"yaw" : -2.5723360647593223,
	"z" : 0.26825199999999999
}
