{
	"pitch" : 0.46109853508438209,
	"roll" : 2.6188316360324517,
	"x" : 0.36616300000000002,
	"y" : 0.191079,
	"yaw" : 3.137648209480286,
	"z" : 0.18270500000000001
}
