{
	"pitch" : 1.1316714869931233,
	"roll" : 2.8538227665209681,
	"x" : 0.23128499999999999,
	"y" : 0.18983900000000001,
	"yaw" : -2.5568724475866529,
	"z" : 0.27570299999999998
}
