{
	"pitch" : 0.95856973178032567,
	"roll" : 2.9171607650758422,
	"x" : 0.25289,
	"y" : 0.21265500000000001,
	"yaw" : -2.4143139542837564,
	"z" : 0.20869099999999999
}
