{
	"pitch" : 1.0102489309318776,
	"roll" : 1.282590107413073,
	"x" : 0.072609999999999994,
	"y" : 0.026786999999999998,
	"yaw" : 1.6959189808703703,
	"z" : 0.25258000000000003
}
