{
	"pitch" : 1.0959445972047996,
	"roll" : 2.7474798551969539,
	"x" : 0.23350899999999999,
	"y" : 0.201714,
	"yaw" : -2.5663844920100223,
	"z" : 0.25915700000000003
}
