{
	"pitch" : 0.47389179850150037,
	"roll" : 2.6417303558186176,
	"x" : 0.34404000000000001,
	"y" : 0.16030800000000001,
	"yaw" : -2.9922099229115986,
	"z" : 0.19364999999999999
}
