{
	"pitch" : 1.1341498545309552,
	"roll" : 2.8778384970284101,
	"x" : 0.23132,
	"y" : 0.187671,
	"yaw" : -2.5529454567696654,
	"z" : 0.27759400000000001
}
