{
	"pitch" : 1.387973087648491,
	"roll" : -3.0294377958566376,
	"x" : 0.171017,
	"y" : 0.13691800000000001,
	"yaw" : -2.2528011853042007,
	"z" : 0.33791500000000002
}
