{
	"pitch" : 1.3569585868405512,
	"roll" : 2.978369461943283,
	"x" : 0.18119299999999999,
	"y" : 0.14683599999999999,
	"yaw" : -2.5059786465984977,
	"z" : 0.331432
}
