{
	"pitch" : 0.44940482909601986,
	"roll" : 2.5987079897569569,
	"x" : 0.36045500000000003,
	"y" : 0.19348199999999999,
	"yaw" : -3.1225685647430548,
	"z" : 0.19140299999999999
}
