{
	"pitch" : 1.0282607288124592,
	"roll" : 2.2200588085367876,
	"x" : 0.279613,
	"y" : 0.16728199999999999,
	"yaw" : -2.7597495198384738,
	"z" : 0.23710700000000001
}
