{
	"pitch" : 0.98602376091419652,
	"roll" : 3.0464547560635822,
	"x" : 0.26113199999999998,
	"y" : 0.210428,
	"yaw" : -2.2905177504397987,
	"z" : 0.214335
}
