{
	"pitch" : 0.32037263749607919,
	"roll" : 2.638937829015426,
	"x" : 0.345775,
	"y" : 0.153335,
	"yaw" : -3.1304749062545891,
	"z" : 0.15463399999999999
}
