{
	"pitch" : 1.1049679494376101,
	"roll" : 2.6950327111745236,
	"x" : 0.227329,
	"y" : 0.189885,
	"yaw" : -2.7042305963325344,
	"z" : 0.27282800000000001
}
