{
	"pitch" : 0.9506110303912314,
	"roll" : 1.2581554978851526,
	"x" : 0.070394999999999999,
	"y" : 0.021753999999999999,
	"yaw" : 1.6454091523176548,
	"z" : 0.23594100000000001
}
