{
	"pitch" : 0.93760832746387379,
	"roll" : 1.0364288697117927,
	"x" : 0.071567000000000006,
	"y" : 0.0051219999999999998,
	"yaw" : 1.270861494839671,
	"z" : 0.247364
}
