{
	"pitch" : 0.91854933203209599,
	"roll" : 1.1741004411091056,
	"x" : 0.071396000000000001,
	"y" : 0.014559000000000001,
	"yaw" : 1.5006515441572443,
	"z" : 0.241282
}
