{
	"pitch" : 0.3385938748868999,
	"roll" : 2.5825636941760095,
	"x" : 0.35042600000000002,
	"y" : 0.14752199999999999,
	"yaw" : -3.0683237315910712,
	"z" : 0.18207899999999999
}
