{
	"pitch" : 0.50181706653340974,
	"roll" : 2.5173581933215012,
	"x" : 0.32969399999999999,
	"y" : 0.20494999999999999,
	"yaw" : -3.0292807162239579,
	"z" : 0.24688599999999999
}
