{
	"pitch" : 1.0110866889728352,
	"roll" : 1.2868661640804593,
	"x" : 0.072955999999999993,
	"y" : 0.026967000000000001,
	"yaw" : 1.6995318124219987,
	"z" : 0.25275300000000001
}
