{
	"pitch" : 1.0837796523183987,
	"roll" : 2.5805740188287358,
	"x" : 0.26831300000000002,
	"y" : 0.16480900000000001,
	"yaw" : -2.2329916982940654,
	"z" : 0.22742699999999999
}
