{
	"pitch" : 0.437972922495457,
	"roll" : 2.607312462969289,
	"x" : 0.36218499999999998,
	"y" : 0.19373399999999999,
	"yaw" : -3.1246629598454483,
	"z" : 0.18409400000000001
}
