{
	"pitch" : 0.94994780527547362,
	"roll" : 3.0005176901510917,
	"x" : 0.25591799999999998,
	"y" : 0.209233,
	"yaw" : -2.3523024059603972,
	"z" : 0.20780199999999999
}
