{
	"pitch" : 0.98398172568936304,
	"roll" : 2.265856248109118,
	"x" : 0.26458500000000001,
	"y" : 0.17235,
	"yaw" : -2.7064820710676072,
	"z" : 0.22203100000000001
}
