{
	"pitch" : 0.98303924789328645,
	"roll" : 3.0883252048189265,
	"x" : 0.26403300000000002,
	"y" : 0.210727,
	"yaw" : -2.2615103782716526,
	"z" : 0.217111
}
