{
	"pitch" : 1.0555925848986907,
	"roll" : 2.8290216378501287,
	"x" : 0.26615699999999998,
	"y" : 0.18771099999999999,
	"yaw" : -2.0674123121573635,
	"z" : 0.22082199999999999
}
