{
	"pitch" : 0.47912778625748348,
	"roll" : 2.086261868078902,
	"x" : 0.33468199999999998,
	"y" : 0.096925999999999998,
	"yaw" : -3.0477113931250184,
	"z" : 0.29542800000000002
}
