{
	"pitch" : 0.99387774254817096,
	"roll" : 3.0783768280825585,
	"x" : 0.263235,
	"y" : 0.21182500000000001,
	"yaw" : -2.2566234563660683,
	"z" : 0.21756500000000001
}
