{
	"pitch" : 0.95087282977903043,
	"roll" : 2.0316330624914798,
	"x" : 0.133407,
	"y" : 0.079580999999999999,
	"yaw" : 2.5375167461820363,
	"z" : 0.28803499999999999
}
