{
	"pitch" : 0.99310979767729357,
	"roll" : 2.7842015826589144,
	"x" : 0.25162200000000001,
	"y" : 0.21207500000000001,
	"yaw" : -2.4686635071908594,
	"z" : 0.20513300000000001
}
