{
	"pitch" : 0.30592131128956607,
	"roll" : 2.3715533876098949,
	"x" : 0.33202199999999998,
	"y" : 0.088395000000000001,
	"yaw" : -2.9928033348572765,
	"z" : 0.27165800000000001
}
