{
	"pitch" : 0.97094411617696541,
	"roll" : 2.8004680512875018,
	"x" : 0.24765200000000001,
	"y" : 0.21587600000000001,
	"yaw" : -2.4698154244971757,
	"z" : 0.21127599999999999
}
