{
	"pitch" : 0.95837774556260646,
	"roll" : 1.2841259971548278,
	"x" : 0.069943000000000005,
	"y" : 0.023775999999999999,
	"yaw" : 1.6888678506923129,
	"z" : 0.23446600000000001
}
