{
	"pitch" : 0.8595397500221672,
	"roll" : 2.1152168803694877,
	"x" : 0.15681800000000001,
	"y" : 0.093867999999999993,
	"yaw" : 2.6082549407653661,
	"z" : 0.291074
}
