{
	"pitch" : 1.0544057610073341,
	"roll" : 2.8533340743304101,
	"x" : 0.266874,
	"y" : 0.188975,
	"yaw" : -2.0591045449178695,
	"z" : 0.22040899999999999
}
