{
	"pitch" : 1.1437317121244042,
	"roll" : 2.4438449252274999,
	"x" : 0.26380700000000001,
	"y" : 0.162193,
	"yaw" : -2.2731168177974155,
	"z" : 0.237817
}
