{
	"pitch" : 0.43687336506670055,
	"roll" : 2.6030364063019031,
	"x" : 0.36125400000000002,
	"y" : 0.193879,
	"yaw" : -3.1217657132871377,
	"z" : 0.18609999999999999
}
