{
	"pitch" : 1.0512990749387845,
	"roll" : 2.659951593209438,
	"x" : 0.273177,
	"y" : 0.17766599999999999,
	"yaw" : -2.2840949387924585,
	"z" : 0.22344900000000001
}
