{
	"pitch" : 0.43612287348834311,
	"roll" : 2.5983240173215179,
	"x" : 0.34633999999999998,
	"y" : 0.16279099999999999,
	"yaw" : -3.0503817468805696,
	"z" : 0.19914599999999999
}
