{
	"pitch" : 0.2609267231731523,
	"roll" : 2.646006412486003,
	"x" : 0.34989300000000001,
	"y" : 0.18512200000000001,
	"yaw" : 3.1119918694759692,
	"z" : 0.13090499999999999
}
