{
	"pitch" : 0.33423055175691407,
	"roll" : 2.676916193538823,
	"x" : 0.372919,
	"y" : 0.191584,
	"yaw" : 3.1032128633384377,
	"z" : 0.122715
}
