{
	"pitch" : 1.0271088115061431,
	"roll" : 2.3864410461294066,
	"x" : 0.27955099999999999,
	"y" : 0.16978099999999999,
	"yaw" : -2.6041883236082191,
	"z" : 0.229209
}
