{
	"pitch" : 1.1694229587137601,
	"roll" : 2.4974614398487653,
	"x" : 0.27642600000000001,
	"y" : 0.15745999999999999,
	"yaw" : -2.1573665818051504,
	"z" : 0.255658
}
