{
	"pitch" : 1.1887961134108977,
	"roll" : 3.0264358295432072,
	"x" : 0.097604999999999997,
	"y" : 0.047607999999999998,
	"yaw" : -2.8557949885757217,
	"z" : 0.18418399999999999
}
