{
	"pitch" : 0.9655859553733428,
	"roll" : 2.8611531493793443,
	"x" : 0.254436,
	"y" : 0.206981,
	"yaw" : -2.457441040100536,
	"z" : 0.203014
}
