{
	"pitch" : 0.97349229688487771,
	"roll" : 3.0804363165999122,
	"x" : 0.26355699999999999,
	"y" : 0.21083499999999999,
	"yaw" : -2.2829604747786632,
	"z" : 0.21617600000000001
}
