{
	"pitch" : 0.96041978078743984,
	"roll" : 1.2907582483124065,
	"x" : 0.069655999999999996,
	"y" : 0.024462999999999999,
	"yaw" : 1.7025163254429083,
	"z" : 0.234705
}
