{
	"pitch" : 0.34718089480671216,
	"roll" : 2.6193028749304901,
	"x" : 0.34287699999999999,
	"y" : 0.148035,
	"yaw" : -3.0722681757005783,
	"z" : 0.17091000000000001
}
