{
	"pitch" : 0.99386028925565106,
	"roll" : 1.2378573186844586,
	"x" : 0.067951999999999999,
	"y" : 0.024379999999999999,
	"yaw" : 1.6594590527962088,
	"z" : 0.244813
}
