{
	"pitch" : 1.0852631821825938,
	"roll" : 2.7350705642152739,
	"x" : 0.234401,
	"y" : 0.203374,
	"yaw" : -2.569177018813213,
	"z" : 0.25540400000000002
}
