{
	"pitch" : 0.95797631983464726,
	"roll" : 2.5987254430494766,
	"x" : 0.25376900000000002,
	"y" : 0.200463,
	"yaw" : -2.5515840999531099,
	"z" : 0.20869199999999999
}
