{
	"pitch" : 0.54391440809151292,
	"roll" : 2.0481264239228265,
	"x" : 0.33200000000000002,
	"y" : 0.101078,
	"yaw" : -3.0069230485059104,
	"z" : 0.29946200000000001
}
