{
	"pitch" : 0.95495690022869772,
	"roll" : 2.811114559724667,
	"x" : 0.246479,
	"y" : 0.20894199999999999,
	"yaw" : -2.4019744764721556,
	"z" : 0.19903399999999999
}
