{
	"pitch" : 1.1101166707309933,
	"roll" : 2.4723112453275276,
	"x" : 0.26300400000000002,
	"y" : 0.16298099999999999,
	"yaw" : -2.2569201623389077,
	"z" : 0.232353
}
