{
	"pitch" : 1.1263482327745407,
	"roll" : 2.7026074401281797,
	"x" : 0.22863900000000001,
	"y" : 0.18932499999999999,
	"yaw" : -2.7094665840885175,
	"z" : 0.28066999999999998
}
