{
	"pitch" : 0.41524873563449094,
	"roll" : 2.6407180648524604,
	"x" : 0.36841400000000002,
	"y" : 0.19207099999999999,
	"yaw" : -3.1367057316842089,
	"z" : 0.16213
}
