{
	"pitch" : 0.9495289262549953,
	"roll" : 3.0204842567939068,
	"x" : 0.25865700000000003,
	"y" : 0.21046300000000001,
	"yaw" : -2.3434884932378259,
	"z" : 0.20915500000000001
}
