{
	"pitch" : 0.40495129304772437,
	"roll" : 2.5474651229184033,
	"x" : 0.34673799999999999,
	"y" : 0.17263500000000001,
	"yaw" : -2.9991737866270558,
	"z" : 0.212563
}
