{
	"pitch" : 1.1556523109155252,
	"roll" : 2.4330936970352153,
	"x" : 0.26332499999999998,
	"y" : 0.161911,
	"yaw" : -2.2692770934430269,
	"z" : 0.23935899999999999
}
