{
	"pitch" : 1.0319433735341677,
	"roll" : 2.7256806928395441,
	"x" : 0.22156500000000001,
	"y" : 0.18528700000000001,
	"yaw" : -2.6821172747097659,
	"z" : 0.24787500000000001
}
