{
	"pitch" : 0.95003507173807378,
	"roll" : 2.9985105615112979,
	"x" : 0.25598100000000001,
	"y" : 0.20927699999999999,
	"yaw" : -2.3548156800832696,
	"z" : 0.207899
}
