{
	"pitch" : 0.95171058781998796,
	"roll" : 2.7542517326946916,
	"x" : 0.244947,
	"y" : 0.207484,
	"yaw" : -2.4095142988407718,
	"z" : 0.20216500000000001
}
