{
	"pitch" : 0.45135959785825347,
	"roll" : 2.5978004185459196,
	"x" : 0.36032199999999998,
	"y" : 0.19342300000000001,
	"yaw" : -3.1229699904710135,
	"z" : 0.19226199999999999
}
