{
	"pitch" : 0.99241166597649566,
	"roll" : 2.513710455184833,
	"x" : 0.26162200000000002,
	"y" : 0.193022,
	"yaw" : -2.5673618763911388,
	"z" : 0.21720700000000001
}
