{
	"pitch" : 0.34960690246698417,
	"roll" : 2.4757495439539565,
	"x" : 0.32882800000000001,
	"y" : 0.14269499999999999,
	"yaw" : 2.9985629213888578,
	"z" : 0.234018
}
