{
	"pitch" : 0.46268678470369701,
	"roll" : 2.5322283985484937,
	"x" : 0.34364899999999998,
	"y" : 0.19348099999999999,
	"yaw" : -3.083717535593661,
	"z" : 0.229518
}
