{
	"pitch" : 0.35569810155644432,
	"roll" : 2.4740391212870021,
	"x" : 0.32949899999999999,
	"y" : 0.139707,
	"yaw" : 2.9907787529249634,
	"z" : 0.23585900000000001
}
