{
	"pitch" : 0.99742076092971954,
	"roll" : 3.1297069613837114,
	"x" : 0.265596,
	"y" : 0.21220600000000001,
	"yaw" : -2.2100755252153794,
	"z" : 0.22018799999999999
}
