{
	"pitch" : 0.96307268125047085,
	"roll" : 2.856144054426121,
	"x" : 0.25453700000000001,
	"y" : 0.20742099999999999,
	"yaw" : -2.4589245699647306,
	"z" : 0.20180899999999999
}
