{
	"pitch" : 0.43765876323009806,
	"roll" : 2.5644820831253488,
	"x" : 0.352051,
	"y" : 0.17641200000000001,
	"yaw" : -3.0953763349969834,
	"z" : 0.20915500000000001
}
