{
	"pitch" : 1.3294871044141605,
	"roll" : 2.9181381494569587,
	"x" : 0.18584400000000001,
	"y" : 0.15117900000000001,
	"yaw" : -2.5572389667295718,
	"z" : 0.32466600000000001
}
