{
	"pitch" : 0.48286279085675121,
	"roll" : 2.5190860692809758,
	"x" : 0.33443699999999998,
	"y" : 0.20197499999999999,
	"yaw" : -3.0555828280515125,
	"z" : 0.24046799999999999
}
