{
	"pitch" : 0.35053192697054109,
	"roll" : 2.6230553328222777,
	"x" : 0.34264899999999998,
	"y" : 0.14821899999999999,
	"yaw" : -3.0734549995919345,
	"z" : 0.170317
}
