{
	"pitch" : 0.87563168572555516,
	"roll" : 1.0954733583067611,
	"x" : 0.071618000000000001,
	"y" : 0.006332,
	"yaw" : 1.3532759421188436,
	"z" : 0.246614
}
