{
	"pitch" : 0.40652208937451928,
	"roll" : 2.6240501704959147,
	"x" : 0.34497699999999998,
	"y" : 0.21726799999999999,
	"yaw" : -3.0990240731336516,
	"z" : 0.16656499999999999
}
