{
	"pitch" : 0.98359775325392462,
	"roll" : 1.949899293620585,
	"x" : 0.122708,
	"y" : 0.067976999999999996,
	"yaw" : 2.412045026256163,
	"z" : 0.27631499999999998
}
