{
	"pitch" : 0.92593207476803174,
	"roll" : 2.2240207059388144,
	"x" : 0.3236,
	"y" : 0.10328900000000001,
	"yaw" : -2.6188490893249718,
	"z" : 0.30199199999999998
}
