{
	"pitch" : 1.1334168162451179,
	"roll" : 2.869042037598359,
	"x" : 0.23129,
	"y" : 0.18845600000000001,
	"yaw" : -2.5543591734637814,
	"z" : 0.276947
}
