{
	"pitch" : 0.33208379677696104,
	"roll" : 2.6031585793495426,
	"x" : 0.345107,
	"y" : 0.14399999999999999,
	"yaw" : -3.0778532293069607,
	"z" : 0.17337900000000001
}
