{
	"pitch" : 0.42483059322793965,
	"roll" : 2.6165452547123391,
	"x" : 0.34356300000000001,
	"y" : 0.22656399999999999,
	"yaw" : -3.1210501282938199,
	"z" : 0.169207
}
