{
	"pitch" : 0.96537651586310369,
	"roll" : 2.8565454801540793,
	"x" : 0.254384,
	"y" : 0.20732,
	"yaw" : -2.4585929574068519,
	"z" : 0.20256299999999999
}
