{
	"pitch" : 0.41256092858641957,
	"roll" : 2.6151140847257039,
	"x" : 0.34269100000000002,
	"y" : 0.225526,
	"yaw" : -3.1150811022519993,
	"z" : 0.168403
}
