{
	"pitch" : 0.87161742844596823,
	"roll" : 1.0893996125098206,
	"x" : 0.071591000000000002,
	"y" : 0.0056179999999999997,
	"yaw" : 1.3412506235726025,
	"z" : 0.247058
}
