{
	"pitch" : 0.27263788245403431,
	"roll" : 2.6597247004066786,
	"x" : 0.344393,
	"y" : 0.16686100000000001,
	"yaw" : -3.1239124682670907,
	"z" : 0.13283
}
