{
	"pitch" : 0.96968747911552977,
	"roll" : 3.0702435937682653,
	"x" : 0.26144499999999998,
	"y" : 0.21201,
	"yaw" : -2.2879346631468467,
	"z" : 0.214974
}
