{
	"pitch" : 1.3729108962037804,
	"roll" : -2.6962020817733596,
	"x" : 0.10197100000000001,
	"y" : 0.080048999999999995,
	"yaw" : -1.9965693978189134,
	"z" : 0.25799100000000003
}
