{
	"pitch" : 1.0175095006201744,
	"roll" : 1.7849133194295612,
	"x" : 0.108847,
	"y" : 0.054217000000000001,
	"yaw" : 2.2098486324126201,
	"z" : 0.26857300000000001
}
