{
	"pitch" : 0.34009485804361506,
	"roll" : 2.6387807493827466,
	"x" : 0.34430300000000003,
	"y" : 0.15317500000000001,
	"yaw" : -3.0945560302485462,
	"z" : 0.160188
}
