{
	"pitch" : 0.40030871723741945,
	"roll" : 2.5442886236797735,
	"x" : 0.34713300000000002,
	"y" : 0.17249,
	"yaw" : -3.0139741786839678,
	"z" : 0.21257599999999999
}
