{
	"pitch" : 0.92572263525779219,
	"roll" : 2.0703968251782734,
	"x" : 0.14848600000000001,
	"y" : 0.088816000000000006,
	"yaw" : 2.5798933404204583,
	"z" : 0.29851800000000001
}
