{
	"pitch" : 0.95870935812048486,
	"roll" : 2.9120294970749794,
	"x" : 0.25280799999999998,
	"y" : 0.21276500000000001,
	"yaw" : -2.4187121839987817,
	"z" : 0.208761
}
