{
	"pitch" : 1.3630672392225314,
	"roll" : -2.708559012877481,
	"x" : 0.10123,
	"y" : 0.077989000000000003,
	"yaw" : -2.0224002707484297,
	"z" : 0.25283699999999998
}
