{
	"pitch" : 1.0051351162235345,
	"roll" : 1.2482769343188642,
	"x" : 0.069674,
	"y" : 0.025274999999999999,
	"yaw" : 1.6667545290695445,
	"z" : 0.24950900000000001
}
