{
	"pitch" : 0.43804273566553686,
	"roll" : 2.6073473695543288,
	"x" : 0.36219400000000002,
	"y" : 0.19373099999999999,
	"yaw" : -3.1247153197230078,
	"z" : 0.18409500000000001
}
