{
	"pitch" : 0.30037116426822413,
	"roll" : 2.6883830067244254,
	"x" : 0.36136499999999999,
	"y" : 0.186776,
	"yaw" : 3.1035619291888366,
	"z" : 0.11482100000000001
}
