{
	"pitch" : 0.33108895910332425,
	"roll" : 2.6399675732741028,
	"x" : 0.34560999999999997,
	"y" : 0.15276999999999999,
	"yaw" : -3.1184495877083487,
	"z" : 0.15701699999999999
}
