{
	"pitch" : 0.32709215511625722,
	"roll" : 2.6392170816957456,
	"x" : 0.34567100000000001,
	"y" : 0.15279000000000001,
	"yaw" : -3.1224289384028951,
	"z" : 0.15629899999999999
}
