{
	"pitch" : 0.4504345733546965,
	"roll" : 2.6241025303734742,
	"x" : 0.36677500000000002,
	"y" : 0.19134899999999999,
	"yaw" : 3.1399694973854388,
	"z" : 0.177893
}
