{
	"pitch" : 0.95823811922244684,
	"roll" : 2.9285054052138055,
	"x" : 0.25293900000000002,
	"y" : 0.212501,
	"yaw" : -2.4024806219552342,
	"z" : 0.208539
}
