{
	"pitch" : 0.35615188716196294,
	"roll" : 2.625743139870349,
	"x" : 0.34243800000000002,
	"y" : 0.151449,
	"yaw" : -3.0844156672944587,
	"z" : 0.17035800000000001
}
