{
	"pitch" : 0.9933890503576126,
	"roll" : 2.7847251814345126,
	"x" : 0.25243199999999999,
	"y" : 0.212093,
	"yaw" : -2.4743707338448808,
	"z" : 0.20565700000000001
}
