{
	"pitch" : 1.0606191331444341,
	"roll" : 2.6156202302087816,
	"x" : 0.284275,
	"y" : 0.142734,
	"yaw" : -2.0768545434106529,
	"z" : 0.25084800000000002
}
