{
	"pitch" : 0.40137336808113588,
	"roll" : 2.5522298717763481,
	"x" : 0.34967199999999998,
	"y" : 0.166744,
	"yaw" : -3.0897214682205214,
	"z" : 0.20788000000000001
}
