{
	"pitch" : 0.97036815752380712,
	"roll" : 3.0651123257674016,
	"x" : 0.26160099999999997,
	"y" : 0.21183299999999999,
	"yaw" : -2.2933451838280292,
	"z" : 0.21504400000000001
}
