{
	"pitch" : 0.43868850748877491,
	"roll" : 2.4890314995616332,
	"x" : 0.31703799999999999,
	"y" : 0.19119800000000001,
	"yaw" : -2.8243092488697439,
	"z" : 0.25482500000000002
}
