{
	"pitch" : 1.422390980497819,
	"roll" : -2.6147475655827845,
	"x" : 0.13417799999999999,
	"y" : 0.110526,
	"yaw" : -1.8441672475347679,
	"z" : 0.323681
}
