{
	"pitch" : 1.0202845741308451,
	"roll" : 1.3807299712527143,
	"x" : 0.080708000000000002,
	"y" : 0.031033999999999999,
	"yaw" : 1.7804627298369757,
	"z" : 0.25691199999999997
}
