{
	"pitch" : 1.0988942036406704,
	"roll" : 2.5470811504829651,
	"x" : 0.27133499999999999,
	"y" : 0.16375999999999999,
	"yaw" : -2.2827684885609441,
	"z" : 0.23033699999999999
}
