{
	"pitch" : 1.0274927839415819,
	"roll" : 1.4976670311363345,
	"x" : 0.089764999999999998,
	"y" : 0.036455000000000001,
	"yaw" : 1.8877830255421071,
	"z" : 0.25958900000000001
}
