{
	"pitch" : 0.99469804729660849,
	"roll" : 2.2223800964419396,
	"x" : 0.31425500000000001,
	"y" : 0.104975,
	"yaw" : -2.5066767782992962,
	"z" : 0.30183199999999999
}
