{
	"pitch" : 0.98532562921339895,
	"roll" : 2.7619660879885068,
	"x" : 0.24312900000000001,
	"y" : 0.21306700000000001,
	"yaw" : -2.5126283510485972,
	"z" : 0.219772
}
