{
	"pitch" : 0.49710467755302501,
	"roll" : 2.5142864138379917,
	"x" : 0.32859899999999997,
	"y" : 0.205071,
	"yaw" : -3.0244112476108937,
	"z" : 0.247673
}
