{
	"pitch" : 0.99145173488789895,
	"roll" : 3.0729837606938957,
	"x" : 0.26274500000000001,
	"y" : 0.211502,
	"yaw" : -2.2625052159452892,
	"z" : 0.216782
}
