{
	"pitch" : 0.97907735049125899,
	"roll" : 1.9659388694464126,
	"x" : 0.123741,
	"y" : 0.069084000000000007,
	"yaw" : 2.430842222300142,
	"z" : 0.27596199999999999
}
