{
	"pitch" : 0.34416147520076185,
	"roll" : 2.6030014997168629,
	"x" : 0.33907700000000002,
	"y" : 0.21787300000000001,
	"yaw" : -3.0604872032496169,
	"z" : 0.16566600000000001
}
