{
	"pitch" : 1.2255876540429376,
	"roll" : 3.046803821913981,
	"x" : 0.097649,
	"y" : 0.054926000000000003,
	"yaw" : -2.7590513881376757,
	"z" : 0.19498399999999999
}
