{
	"pitch" : 0.99749057409979924,
	"roll" : 2.4413491043971476,
	"x" : 0.26132100000000003,
	"y" : 0.18684500000000001,
	"yaw" : -2.5903478626399039,
	"z" : 0.21917
}
