{
	"pitch" : 0.57958893800227673,
	"roll" : 2.3896699052455963,
	"x" : 0.24498,
	"y" : 0.118158,
	"yaw" : 2.8161934678479703,
	"z" : 0.26752500000000001
}
