{
	"pitch" : 0.94808030297583956,
	"roll" : 3.0219677866581014,
	"x" : 0.25847199999999998,
	"y" : 0.20927999999999999,
	"yaw" : -2.3456876080953393,
	"z" : 0.20888000000000001
}
