{
	"pitch" : 1.0936058560071269,
	"roll" : 2.5648486022682673,
	"x" : 0.27111000000000002,
	"y" : 0.163303,
	"yaw" : -2.268264802476871,
	"z" : 0.228991
}
