{
	"pitch" : 0.2698977155284033,
	"roll" : 2.5649358687308674,
	"x" : 0.349657,
	"y" : 0.174731,
	"yaw" : -3.0228229979915788,
	"z" : 0.168964
}
