{
	"pitch" : 0.94778359700300074,
	"roll" : 3.0186865676643526,
	"x" : 0.257415,
	"y" : 0.20883199999999999,
	"yaw" : -2.3463508332110972,
	"z" : 0.20850399999999999
}
