{
	"pitch" : 0.45233698223937036,
	"roll" : 2.5075145363402531,
	"x" : 0.34024599999999999,
	"y" : 0.116115,
	"yaw" : 3.0478684727576977,
	"z" : 0.24492
}
