{
	"pitch" : 1.1269765513052583,
	"roll" : 2.8188114617259621,
	"x" : 0.23130800000000001,
	"y" : 0.192997,
	"yaw" : -2.5629636466761134,
	"z" : 0.27267200000000003
}
