{
	"pitch" : 0.49982739118613606,
	"roll" : 2.5162935424777846,
	"x" : 0.32934000000000002,
	"y" : 0.20500599999999999,
	"yaw" : -3.0277448264822033,
	"z" : 0.24706600000000001
}
