{
	"pitch" : 0.47736500371296903,
	"roll" : 2.5431192530809379,
	"x" : 0.34725299999999998,
	"y" : 0.19286500000000001,
	"yaw" : -3.1000887239773682,
	"z" : 0.22631799999999999
}
