{
	"pitch" : 1.0544057610073343,
	"roll" : 2.8533340743304101,
	"x" : 0.26733899999999999,
	"y" : 0.18831700000000001,
	"yaw" : -2.061565459163182,
	"z" : 0.22040899999999999
}
