{
	"pitch" : 1.3246350890936154,
	"roll" : 2.916340460327405,
	"x" : 0.18663299999999999,
	"y" : 0.151921,
	"yaw" : -2.5572913266071309,
	"z" : 0.32342799999999999
}
