{
	"pitch" : 0.25827382271012078,
	"roll" : 2.6670027233874949,
	"x" : 0.35320299999999999,
	"y" : 0.18612500000000001,
	"yaw" : 3.1208406887835807,
	"z" : 0.1193
}
