{
	"pitch" : 1.161918042930185,
	"roll" : 2.4449793892412961,
	"x" : 0.270316,
	"y" : 0.15617,
	"yaw" : -2.2109656431338967,
	"z" : 0.24727299999999999
}
