{
	"pitch" : 0.3328866482328785,
	"roll" : 2.5961947156340854,
	"x" : 0.34656199999999998,
	"y" : 0.14515800000000001,
	"yaw" : -3.0734200930068947,
	"z" : 0.175984
}
