{
	"pitch" : 0.43034583366424184,
	"roll" : 2.5754427508278726,
	"x" : 0.35217500000000002,
	"y" : 0.18609400000000001,
	"yaw" : -3.1130565203196863,
	"z" : 0.199877
}
