{
	"pitch" : 0.69560097338233995,
	"roll" : 2.0964371376180289,
	"x" : 0.32954899999999998,
	"y" : 0.102188,
	"yaw" : -2.8830744847843928,
	"z" : 0.30018299999999998
}
