{
	"pitch" : 0.96619682061154055,
	"roll" : 3.0616565738484525,
	"x" : 0.26041199999999998,
	"y" : 0.212147,
	"yaw" : -2.2899941516641995,
	"z" : 0.21322199999999999
}
