{
	"pitch" : 0.43303364071231298,
	"roll" : 2.6325848305381672,
	"x" : 0.36766199999999999,
	"y" : 0.19173999999999999,
	"yaw" : -3.1395680716574796,
	"z" : 0.17003399999999999
}
