{
	"pitch" : 0.95406678231018016,
	"roll" : 2.9601482245524631,
	"x" : 0.253884,
	"y" : 0.211115,
	"yaw" : -2.3787790507131517,
	"z" : 0.20790900000000001
}
