{
	"pitch" : 1.0290286736833367,
	"roll" : 2.2797316156624734,
	"x" : 0.28262700000000002,
	"y" : 0.16748099999999999,
	"yaw" : -2.7173380190150116,
	"z" : 0.23513100000000001
}
