{
	"pitch" : 0.44279003123096139,
	"roll" : 2.512226925320638,
	"x" : 0.33528999999999998,
	"y" : 0.118739,
	"yaw" : 3.1331452600101404,
	"z" : 0.24435299999999999
}
