{
	"pitch" : 0.94842936882623841,
	"roll" : 3.0172379443851973,
	"x" : 0.25734499999999999,
	"y" : 0.20893200000000001,
	"yaw" : -2.3464904595512563,
	"z" : 0.208562
}
