{
	"pitch" : 0.44689155497314803,
	"roll" : 2.5998948136483131,
	"x" : 0.360624,
	"y" : 0.19355800000000001,
	"yaw" : -3.1220449659674565,
	"z" : 0.19028300000000001
}
