{
	"pitch" : 0.36533231902745311,
	"roll" : 2.4429897138940233,
	"x" : 0.33114399999999999,
	"y" : 0.11816,
	"yaw" : 2.9753151357522936,
	"z" : 0.25496200000000002
}
