{
	"pitch" : 0.95186766745266738,
	"roll" : 1.2621348485796995,
	"x" : 0.070329000000000003,
	"y" : 0.022069999999999999,
	"yaw" : 1.6521112166453125,
	"z" : 0.235712
}
