{
	"pitch" : 0.26481880740509961,
	"roll" : 2.5402045532301072,
	"x" : 0.33719700000000002,
	"y" : 0.15923599999999999,
	"yaw" : 3.0161907468340003,
	"z" : 0.187665
}
