{
	"pitch" : 0.26230553328222783,
	"roll" : 2.6455700801730049,
	"x" : 0.34756900000000002,
	"y" : 0.18429999999999999,
	"yaw" : 3.1371420639972079,
	"z" : 0.13254199999999999
}
