{
	"pitch" : 1.1223514287874736,
	"roll" : 2.7495218904217871,
	"x" : 0.23022999999999999,
	"y" : 0.18748100000000001,
	"yaw" : -2.6887146192823046,
	"z" : 0.27962500000000001
}
