{
	"pitch" : 1.0684905680709287,
	"roll" : 2.6172782929981762,
	"x" : 0.284499,
	"y" : 0.144675,
	"yaw" : -2.0853717501603848,
	"z" : 0.25094300000000003
}
