{
	"pitch" : 1.0328509447452048,
	"roll" : 2.7251570940639462,
	"x" : 0.23929300000000001,
	"y" : 0.208812,
	"yaw" : -2.5606598120634811,
	"z" : 0.23749500000000001
}
