{
	"pitch" : 0.98555252201615806,
	"roll" : 2.7999793590969428,
	"x" : 0.24873100000000001,
	"y" : 0.21075099999999999,
	"yaw" : -2.4356942376206869,
	"z" : 0.201931
}
