{
	"pitch" : 1.0378251331133883,
	"roll" : 0.93588045150439947,
	"x" : 0.071567000000000006,
	"y" : 0.0051219999999999998,
	"yaw" : 1.1505908560847422,
	"z" : 0.247364
}
