{
	"pitch" : 0.34110714900977179,
	"roll" : 2.6424110342268952,
	"x" : 0.345167,
	"y" : 0.152863,
	"yaw" : -3.1013802676238438,
	"z" : 0.15873399999999999
}
