{
	"pitch" : 1.4250962408384105,
	"roll" : -2.5885501735103498,
	"x" : 0.12910199999999999,
	"y" : 0.10619099999999999,
	"yaw" : -1.8255794910010292,
	"z" : 0.319048
}
