{
	"pitch" : 0.91685636265766113,
	"roll" : 1.1704177963873976,
	"x" : 0.071426000000000003,
	"y" : 0.014208999999999999,
	"yaw" : 1.4940192929996661,
	"z" : 0.24151700000000001
}
