{
	"pitch" : 0.45361107259332617,
	"roll" : 2.1502107318719741,
	"x" : 0.33627699999999999,
	"y" : 0.091821,
	"yaw" : -3.0484618847033755,
	"z" : 0.29044799999999998
}
