{
	"pitch" : 1.1276397764210162,
	"roll" : 2.8273461217682141,
	"x" : 0.23136899999999999,
	"y" : 0.19228300000000001,
	"yaw" : -2.5614103036418383,
	"z" : 0.27325700000000003
}
