{
	"pitch" : 1.086258019856231,
	"roll" : 2.5616895563221571,
	"x" : 0.26697100000000001,
	"y" : 0.16317999999999999,
	"yaw" : -2.2284014823613205,
	"z" : 0.22808
}
