{
	"pitch" : 0.39793506945470725,
	"roll" : 2.6076789821122075,
	"x" : 0.34278799999999998,
	"y" : 0.22114,
	"yaw" : -3.1126725478842467,
	"z" : 0.170457
}
