{
	"pitch" : 0.95624844387517316,
	"roll" : 2.6236138381829162,
	"x" : 0.25219399999999997,
	"y" : 0.20257,
	"yaw" : -2.5487392132723596,
	"z" : 0.20743400000000001
}
