{
	"pitch" : 1.1704003430948775,
	"roll" : 2.3863886862518466,
	"x" : 0.26363599999999998,
	"y" : 0.16011800000000001,
	"yaw" : -2.294549461011905,
	"z" : 0.24130299999999999
}
