{
	"pitch" : 0.46120325483950175,
	"roll" : 2.5176723525868603,
	"x" : 0.33864,
	"y" : 0.116992,
	"yaw" : 3.0943640440308267,
	"z" : 0.24471999999999999
}
