{
	"pitch" : 0.45729371731503443,
	"roll" : 2.6139621674193876,
	"x" : 0.365035,
	"y" : 0.19136500000000001,
	"yaw" : 3.1415926535897931,
	"z" : 0.184474
}
