{
	"pitch" : 1.0715798008469588,
	"roll" : 2.6453431873702455,
	"x" : 0.26815699999999998,
	"y" : 0.16975799999999999,
	"yaw" : -2.1896726262595663,
	"z" : 0.22517599999999999
}
