{
	"pitch" : 0.94865626162899763,
	"roll" : 3.0202050041135875,
	"x" : 0.25892599999999999,
	"y" : 0.20977000000000001,
	"yaw" : -2.3458970476055785,
	"z" : 0.20886399999999999
}
