{
	"pitch" : 0.4079008994835947,
	"roll" : 2.5824240678358499,
	"x" : 0.349576,
	"y" : 0.198796,
	"yaw" : -3.128747030295115,
	"z" : 0.18817999999999999
}
