{
	"pitch" : 0.39629445995783236,
	"roll" : 2.6071902899216495,
	"x" : 0.342609,
	"y" : 0.22120400000000001,
	"yaw" : -3.1116253503330502,
	"z" : 0.170428
}
