{
	"pitch" : 0.44183010014236468,
	"roll" : 2.628326227163301,
	"x" : 0.36723099999999997,
	"y" : 0.19155,
	"yaw" : 3.1415926535897931,
	"z" : 0.17400599999999999
}
