{
	"pitch" : 0.3581939223867962,
	"roll" : 2.6598643267468383,
	"x" : 0.37202200000000002,
	"y" : 0.191774,
	"yaw" : 3.1029859705356788,
	"z" : 0.13663400000000001
}
