{
	"pitch" : 1.0543010412522145,
	"roll" : 2.8100499088809503,
	"x" : 0.26635900000000001,
	"y" : 0.185699,
	"yaw" : -2.0795598037512439,
	"z" : 0.220995
}
