{
	"pitch" : 0.44074799600612802,
	"roll" : 2.6042581367782986,
	"x" : 0.34590900000000002,
	"y" : 0.16247500000000001,
	"yaw" : -3.0410965952599596,
	"z" : 0.198352
}
