{
	"pitch" : 0.40589377084380118,
	"roll" : 2.5544987998039406,
	"x" : 0.35016799999999998,
	"y" : 0.16648299999999999,
	"yaw" : -3.093055047091831,
	"z" : 0.20783399999999999
}
