{
	"pitch" : 0.46165704044502004,
	"roll" : 2.528877366384664,
	"x" : 0.34212900000000002,
	"y" : 0.19434199999999999,
	"yaw" : -3.0779928556471199,
	"z" : 0.23116700000000001
}
