{
	"pitch" : 0.51319661325641275,
	"roll" : 2.5446202362376527,
	"x" : 0.319716,
	"y" : 0.20524899999999999,
	"yaw" : -2.8446772412405177,
	"z" : 0.25002799999999997
}
