{
	"pitch" : 0.46424012773797185,
	"roll" : 2.6160914691068204,
	"x" : 0.36573600000000001,
	"y" : 0.191027,
	"yaw" : 3.1375609430176863,
	"z" : 0.184728
}
