{
	"pitch" : 0.77138316950393426,
	"roll" : 2.2604457274279359,
	"x" : 0.17807400000000001,
	"y" : 0.105945,
	"yaw" : 2.7187517357091271,
	"z" : 0.27047700000000002
}
