{
	"pitch" : 0.98567469506379801,
	"roll" : 2.2508464165419677,
	"x" : 0.26549800000000001,
	"y" : 0.17147399999999999,
	"yaw" : -2.7160115687834963,
	"z" : 0.22264500000000001
}
