{
	"pitch" : 0.99351122340525189,
	"roll" : 2.5075494429252929,
	"x" : 0.26133299999999998,
	"y" : 0.193194,
	"yaw" : -2.5690199391805333,
	"z" : 0.21745500000000001
}
