{
	"pitch" : 1.0837796523183987,
	"roll" : 2.5805740188287358,
	"x" : 0.26799099999999998,
	"y" : 0.16533200000000001,
	"yaw" : -2.2310369295318315,
	"z" : 0.22742699999999999
}
