{
	"pitch" : 0.53569390731461963,
	"roll" : 2.5517586328783097,
	"x" : 0.32635599999999998,
	"y" : 0.20502699999999999,
	"yaw" : -2.9198136655388738,
	"z" : 0.248172
}
