{
	"pitch" : 0.54462999308483073,
	"roll" : 2.0496099537870207,
	"x" : 0.332237,
	"y" : 0.100984,
	"yaw" : -3.0086160178803452,
	"z" : 0.29937399999999997
}
