{
	"pitch" : 0.34414402190824195,
	"roll" : 2.4771807139405917,
	"x" : 0.328538,
	"y" : 0.14459900000000001,
	"yaw" : 3.0027866181786842,
	"z" : 0.232401
}
