{
	"pitch" : 1.0086432280200435,
	"roll" : 2.2215946982785422,
	"x" : 0.27466499999999999,
	"y" : 0.16756199999999999,
	"yaw" : -2.7548800512254092,
	"z" : 0.23125200000000001
}
