{
	"pitch" : 0.9935810365753317,
	"roll" : 2.7841666760738741,
	"x" : 0.25240899999999999,
	"y" : 0.212121,
	"yaw" : -2.47451036018504,
	"z" : 0.205681
}
