{
	"pitch" : 0.94045321414462468,
	"roll" : 2.0547237684953643,
	"x" : 0.143433,
	"y" : 0.086188000000000001,
	"yaw" : 2.5696831642962912,
	"z" : 0.29791699999999999
}
