{
	"pitch" : 0.26989771552840325,
	"roll" : 2.6742283864907517,
	"x" : 0.35639300000000002,
	"y" : 0.18629899999999999,
	"yaw" : 3.1161981129732754,
	"z" : 0.116883
}
