{
	"pitch" : 0.33651693307702674,
	"roll" : 2.6095115778268019,
	"x" : 0.34428500000000001,
	"y" : 0.14449799999999999,
	"yaw" : -3.0771900041912024,
	"z" : 0.17208599999999999
}
