{
	"pitch" : 0.95050631063611224,
	"roll" : 2.8141688859156577,
	"x" : 0.24632299999999999,
	"y" : 0.20904700000000001,
	"yaw" : -2.3948709864165387,
	"z" : 0.19903299999999999
}
