{
	"pitch" : 0.39854593469290517,
	"roll" : 2.5428749069856584,
	"x" : 0.34753000000000001,
	"y" : 0.172343,
	"yaw" : -3.0242716212707341,
	"z" : 0.212591
}
