{
	"pitch" : 1.0529047778506193,
	"roll" : 2.815722228949932,
	"x" : 0.26630700000000002,
	"y" : 0.18643299999999999,
	"yaw" : -2.0776399415740499,
	"z" : 0.220807
}
