{
	"pitch" : 1.0321702663369265,
	"roll" : 2.2385069387303669,
	"x" : 0.28197899999999998,
	"y" : 0.16748399999999999,
	"yaw" : -2.7500280359048648,
	"z" : 0.23764099999999999
}
