{
	"pitch" : 1.1245854502300268,
	"roll" : 2.7220678612879161,
	"x" : 0.229324,
	"y" : 0.18854399999999999,
	"yaw" : -2.7012635366041442,
	"z" : 0.28022000000000002
}
