{
	"pitch" : 1.050129704339948,
	"roll" : 2.7293109776836926,
	"x" : 0.26617499999999999,
	"y" : 0.179317,
	"yaw" : -2.1305583244945181,
	"z" : 0.22201000000000001
}
