{
	"pitch" : 0.94017396146430554,
	"roll" : 2.7929282289188859,
	"x" : 0.24473400000000001,
	"y" : 0.20849599999999999,
	"yaw" : -2.3891637597625182,
	"z" : 0.20014599999999999
}
