{
	"pitch" : 0.36767106022512541,
	"roll" : 2.6549075916711744,
	"x" : 0.37186900000000001,
	"y" : 0.19170699999999999,
	"yaw" : 3.1012231879911645,
	"z" : 0.141042
}
