{
	"pitch" : 0.33222342311712055,
	"roll" : 2.5976433389132403,
	"x" : 0.34614800000000001,
	"y" : 0.144896,
	"yaw" : -3.0742403977553319,
	"z" : 0.17533299999999999
}
