{
	"pitch" : 0.36096899589746734,
	"roll" : 2.6091276053913628,
	"x" : 0.34095500000000001,
	"y" : 0.21724599999999999,
	"yaw" : -3.0710988051017423,
	"z" : 0.165853
}
