{
	"pitch" : 0.97773344696722364,
	"roll" : 2.9956656748305477,
	"x" : 0.25800899999999999,
	"y" : 0.208151,
	"yaw" : -2.3388110108424813,
	"z" : 0.20982700000000001
}
