{
	"pitch" : 0.41043162689898649,
	"roll" : 2.5483028809593606,
	"x" : 0.34989900000000002,
	"y" : 0.171602,
	"yaw" : -3.0495439888396123,
	"z" : 0.212479
}
