{
	"pitch" : 0.99619903045332359,
	"roll" : 3.1388524866641618,
	"x" : 0.26571,
	"y" : 0.21204799999999999,
	"yaw" : -2.2016106783432075,
	"z" : 0.22009200000000001
}
