{
	"pitch" : 1.4011852300860881,
	"roll" : -2.6224270142915613,
	"x" : 0.114607,
	"y" : 0.091471999999999998,
	"yaw" : -1.9003668494489874,
	"z" : 0.29012100000000002
}
