{
	"pitch" : 0.95237381293574597,
	"roll" : 2.7518606316194592,
	"x" : 0.24496899999999999,
	"y" : 0.20742099999999999,
	"yaw" : -2.4106836694396083,
	"z" : 0.20225699999999999
}
