{
	"pitch" : 0.27239353635875507,
	"roll" : 2.5600664001178028,
	"x" : 0.35051900000000002,
	"y" : 0.17091899999999999,
	"yaw" : -3.0284080515979608,
	"z" : 0.171984
}
