{
	"pitch" : 0.85570002566778014,
	"roll" : 2.1233152080987416,
	"x" : 0.15778,
	"y" : 0.094367999999999994,
	"yaw" : 2.6142239668071863,
	"z" : 0.28988999999999998
}
