{
	"pitch" : 0.39763836348186821,
	"roll" : 2.5982367508589186,
	"x" : 0.34551799999999999,
	"y" : 0.213286,
	"yaw" : -3.1220275126749364,
	"z" : 0.17596800000000001
}
