{
	"pitch" : 0.30192450730249898,
	"roll" : 2.5543766267563006,
	"x" : 0.33851700000000001,
	"y" : 0.15864300000000001,
	"yaw" : 3.0458264375328645,
	"z" : 0.187754
}
