{
	"pitch" : 0.45006805421177776,
	"roll" : 2.5169567675935429,
	"x" : 0.33527699999999999,
	"y" : 0.118737,
	"yaw" : -3.1390444728818818,
	"z" : 0.244392
}
