{
	"pitch" : 0.48027970356379973,
	"roll" : 2.5173581933215012,
	"x" : 0.311338,
	"y" : 0.20976,
	"yaw" : -2.8037318169887309,
	"z" : 0.25280799999999998
}
