{
	"pitch" : 0.26263714584010672,
	"roll" : 2.6521674247455431,
	"x" : 0.34537299999999999,
	"y" : 0.17805199999999999,
	"yaw" : -3.1227780042532944,
	"z" : 0.131576
}
