{
	"pitch" : 1.3937501274725912,
	"roll" : -2.919167893715636,
	"x" : 0.166329,
	"y" : 0.133131,
	"yaw" : -2.1461964745923869,
	"z" : 0.33827699999999999
}
