{
	"pitch" : 0.45951028546506706,
	"roll" : 2.6257780464553888,
	"x" : 0.34443800000000002,
	"y" : 0.16134699999999999,
	"yaw" : -3.0073244742338692,
	"z" : 0.19548499999999999
}
