{
	"pitch" : 0.99883447762383482,
	"roll" : 2.4674068701294236,
	"x" : 0.26069700000000001,
	"y" : 0.191216,
	"yaw" : -2.5855656604894395,
	"z" : 0.21843399999999999
}
