{
	"pitch" : 1.0273357043089024,
	"roll" : 1.4703351750501035,
	"x" : 0.087478,
	"y" : 0.034874000000000002,
	"yaw" : 1.8604337161633557,
	"z" : 0.25777099999999997
}
