{
	"pitch" : 1.0142108283339049,
	"roll" : 2.2266561531093254,
	"x" : 0.30477100000000001,
	"y" : 0.11121499999999999,
	"yaw" : -2.4488365668882039,
	"z" : 0.293632
}
