{
	"pitch" : 0.99977695541991174,
	"roll" : 2.4621883356659606,
	"x" : 0.26067800000000002,
	"y" : 0.19006600000000001,
	"yaw" : -2.5818132025976519,
	"z" : 0.21865200000000001
}
