{
	"pitch" : 1.015397652225261,
	"roll" : 2.2270052189597251,
	"x" : 0.303929,
	"y" : 0.111919,
	"yaw" : -2.4439321916900996,
	"z" : 0.29279699999999997
}
