{
	"pitch" : 0.99024745770402289,
	"roll" : 2.7885299992038601,
	"x" : 0.24988199999999999,
	"y" : 0.211342,
	"yaw" : -2.4520828792969134,
	"z" : 0.20342099999999999
}
