{
	"pitch" : 1.1010060520355829,
	"roll" : 2.4966934949778885,
	"x" : 0.26379000000000002,
	"y" : 0.16361000000000001,
	"yaw" : -2.2469543323100201,
	"z" : 0.231159
}
