{
	"pitch" : 1.1704701562649575,
	"roll" : 2.3860396204014482,
	"x" : 0.26403599999999999,
	"y" : 0.15943299999999999,
	"yaw" : -2.2973070812300569,
	"z" : 0.241316
}
