{
	"pitch" : 0.29218557007637075,
	"roll" : 2.6543141797254961,
	"x" : 0.34562900000000002,
	"y" : 0.15909999999999999,
	"yaw" : -3.1379972753306848,
	"z" : 0.140596
}
