{
	"pitch" : 0.96403261233906778,
	"roll" : 2.8519378109288143,
	"x" : 0.25499899999999998,
	"y" : 0.20787600000000001,
	"yaw" : -2.46236286859116,
	"z" : 0.20191700000000001
}
