{
	"pitch" : 1.1651294487538544,
	"roll" : 2.4711244214361723,
	"x" : 0.27343000000000001,
	"y" : 0.15682099999999999,
	"yaw" : -2.1839479463130247,
	"z" : 0.25148300000000001
}
