{
	"pitch" : 0.43017130073904247,
	"roll" : 2.5645693495879476,
	"x" : 0.34703899999999999,
	"y" : 0.17147999999999999,
	"yaw" : -2.9550169565515993,
	"z" : 0.21255199999999999
}
