{
	"pitch" : 0.81091487706160548,
	"roll" : 2.1596878697103032,
	"x" : 0.32746700000000001,
	"y" : 0.102463,
	"yaw" : -2.7630830987097825,
	"z" : 0.30041899999999999
}
