{
	"pitch" : 1.4161776083607187,
	"roll" : -2.5914997799462203,
	"x" : 0.12254,
	"y" : 0.099404999999999993,
	"yaw" : -1.8483036778619955,
	"z" : 0.30743399999999999
}
