{
	"pitch" : 1.0278418497919806,
	"roll" : 1.5755785289453612,
	"x" : 0.094965999999999995,
	"y" : 0.040719999999999999,
	"yaw" : 1.9698484069708802,
	"z" : 0.261689
}
