{
	"pitch" : 0.88842494914267345,
	"roll" : 1.1161729632354134,
	"x" : 0.071656999999999998,
	"y" : 0.0086689999999999996,
	"yaw" : 1.3934359682072326,
	"z" : 0.245141
}
