{
	"pitch" : 1.1088425803770374,
	"roll" : 2.5391922622639505,
	"x" : 0.28098000000000001,
	"y" : 0.154083,
	"yaw" : -2.1423392969454795,
	"z" : 0.254828
}
