{
	"pitch" : 1.0112437686055147,
	"roll" : 1.2876515622438567,
	"x" : 0.072761000000000006,
	"y" : 0.026865,
	"yaw" : 1.7001950375377564,
	"z" : 0.25141400000000003
}
