{
	"pitch" : 0.26129324231607109,
	"roll" : 2.6490781919695134,
	"x" : 0.34649999999999997,
	"y" : 0.18074200000000001,
	"yaw" : -3.1282757913970762,
	"z" : 0.13178000000000001
}
