{
	"pitch" : 0.96193821723667439,
	"roll" : 2.8780304832461296,
	"x" : 0.25422499999999998,
	"y" : 0.20541999999999999,
	"yaw" : -2.4535489558685888,
	"z" : 0.203487
}
