{
	"pitch" : 0.96028015444728021,
	"roll" : 1.0173000611099348,
	"x" : 0.071567000000000006,
	"y" : 0.0051219999999999998,
	"yaw" : 1.2473170032302674,
	"z" : 0.247364
}
