{
	"pitch" : 1.1239745849918281,
	"roll" : 2.7578471109537999,
	"x" : 0.23023099999999999,
	"y" : 0.18748200000000001,
	"yaw" : -2.6794992808317746,
	"z" : 0.27962399999999998
}
