{
	"pitch" : 0.7779630607839525,
	"roll" : 2.2555064456447917,
	"x" : 0.17586099999999999,
	"y" : 0.10462,
	"yaw" : 2.7149120113547394,
	"z" : 0.270451
}
