{
	"pitch" : 0.54784139890850037,
	"roll" : 2.5642028304450291,
	"x" : 0.32682099999999997,
	"y" : 0.20388899999999999,
	"yaw" : -2.8960248278341911,
	"z" : 0.248113
}
