{
	"pitch" : 0.98712331834295286,
	"roll" : 2.2869747320582494,
	"x" : 0.26413399999999998,
	"y" : 0.17433799999999999,
	"yaw" : -2.690355228779179,
	"z" : 0.22137599999999999
}
