{
	"pitch" : 0.33805282281878174,
	"roll" : 2.555964876375616,
	"x" : 0.35503299999999999,
	"y" : 0.15165400000000001,
	"yaw" : -3.0523190623502829,
	"z" : 0.191888
}
