{
	"pitch" : 0.32138492846223593,
	"roll" : 2.4869196511667204,
	"x" : 0.328322,
	"y" : 0.15140600000000001,
	"yaw" : 3.0196290454604293,
	"z" : 0.22395000000000001
}
