{
	"pitch" : 1.4202267722253457,
	"roll" : -2.5864034185303972,
	"x" : 0.124583,
	"y" : 0.102197,
	"yaw" : -1.830902745219612,
	"z" : 0.31176799999999999
}
