{
	"pitch" : 1.0281560090573398,
	"roll" : 2.7446698751012431,
	"x" : 0.222445,
	"y" : 0.18420600000000001,
	"yaw" : -2.6789407754711361,
	"z" : 0.247251
}
