{
	"pitch" : 1.1355810245175901,
	"roll" : 2.8766865797220937,
	"x" : 0.23111499999999999,
	"y" : 0.18731600000000001,
	"yaw" : -2.5563837553960944,
	"z" : 0.27825699999999998
}
