{
	"pitch" : 0.9974207609297191,
	"roll" : 3.1415926535897931,
	"x" : 0.26560099999999998,
	"y" : 0.2122,
	"yaw" : -2.1963397840021837,
	"z" : 0.22018399999999999
}
