{
	"pitch" : 0.49736647694082414,
	"roll" : 2.515857210164786,
	"x" : 0.32822299999999999,
	"y" : 0.20518400000000001,
	"yaw" : -3.0166096258544792,
	"z" : 0.24760799999999999
}
