{
	"pitch" : 0.41667990562112617,
	"roll" : 2.2140548759099272,
	"x" : 0.337032,
	"y" : 0.086407999999999999,
	"yaw" : -3.049875601397491,
	"z" : 0.28532299999999999
}
