{
	"pitch" : 1.4048329682227561,
	"roll" : -2.7639906699208208,
	"x" : 0.15311900000000001,
	"y" : 0.123832,
	"yaw" : -1.9913857699404907,
	"z" : 0.33397300000000002
}
