{
	"pitch" : 1.0525033521226608,
	"roll" : 2.8476268476763886,
	"x" : 0.26603700000000002,
	"y" : 0.18931999999999999,
	"yaw" : -2.0568181635977578,
	"z" : 0.22033900000000001
}
