{
	"pitch" : 0.9476090640778011,
	"roll" : 1.2488877995570624,
	"x" : 0.070542999999999995,
	"y" : 0.021007999999999999,
	"yaw" : 1.629718642342225,
	"z" : 0.23647699999999999
}
