{
	"pitch" : 0.25581290846480886,
	"roll" : 2.6644370893870635,
	"x" : 0.35253400000000001,
	"y" : 0.185832,
	"yaw" : 3.1131088801972457,
	"z" : 0.12021800000000001
}
