{
	"pitch" : 0.97179932751044262,
	"roll" : 2.5538704812732225,
	"x" : 0.25864500000000001,
	"y" : 0.19600000000000001,
	"yaw" : -2.5672746099285386,
	"z" : 0.21249100000000001
}
