{
	"pitch" : 1.3867513571720949,
	"roll" : -2.6709297142044823,
	"x" : 0.104173,
	"y" : 0.083471000000000004,
	"yaw" : -1.954908388573809,
	"z" : 0.26734599999999997
}
