{
	"pitch" : 0.94558448214548796,
	"roll" : 2.0418955984932063,
	"x" : 0.138628,
	"y" : 0.083277000000000004,
	"yaw" : 2.5553191045523778,
	"z" : 0.294373
}
