{
	"pitch" : 0.35513959619580604,
	"roll" : 2.6070332102889702,
	"x" : 0.340306,
	"y" : 0.21746599999999999,
	"yaw" : -3.0674336136725544,
	"z" : 0.16578399999999999
}
