{
	"pitch" : 0.86308276840371601,
	"roll" : 2.1128432325867759,
	"x" : 0.156385,
	"y" : 0.093643000000000004,
	"yaw" : 2.6072601030917295,
	"z" : 0.29160199999999997
}
