{
	"pitch" : 0.37302922102874819,
	"roll" : 2.4766920217500332,
	"x" : 0.33488499999999999,
	"y" : 0.12109300000000001,
	"yaw" : 2.966518676322242,
	"z" : 0.239097
}
