{
	"pitch" : 1.123782598774109,
	"roll" : 2.7256981461320642,
	"x" : 0.22950300000000001,
	"y" : 0.188337,
	"yaw" : -2.7007573911210652,
	"z" : 0.28010299999999999
}
