{
	"pitch" : 0.99660045618128157,
	"roll" : 1.9037004283202947,
	"x" : 0.117836,
	"y" : 0.062993999999999994,
	"yaw" : 2.3498763983001254,
	"z" : 0.27193600000000001
}
