{
	"pitch" : 0.45437901746420362,
	"roll" : 2.6189538090800912,
	"x" : 0.34501399999999999,
	"y" : 0.16183600000000001,
	"yaw" : -3.0157195079359624,
	"z" : 0.19667100000000001
}
