{
	"pitch" : 0.37320375395394756,
	"roll" : 2.6520103451128638,
	"x" : 0.37175999999999998,
	"y" : 0.191659,
	"yaw" : 3.1001759904399679,
	"z" : 0.14360800000000001
}
