{
	"pitch" : 0.51036917986818198,
	"roll" : 2.0487547424535433,
	"x" : 0.333227,
	"y" : 0.099945000000000006,
	"yaw" : -3.0355289949460977,
	"z" : 0.29871199999999998
}
