{
	"pitch" : 0.47727773725036948,
	"roll" : 2.0868552800245799,
	"x" : 0.33491100000000001,
	"y" : 0.096848000000000004,
	"yaw" : -3.0511496917514473,
	"z" : 0.295348
}
