{
	"pitch" : 0.98445296458740161,
	"roll" : 3.0360700470142161,
	"x" : 0.260295,
	"y" : 0.209782,
	"yaw" : -2.2979703063458139,
	"z" : 0.213144
}
