{
	"pitch" : 0.96954785277537014,
	"roll" : 2.8238554632642252,
	"x" : 0.248636,
	"y" : 0.215591,
	"yaw" : -2.4527461044126713,
	"z" : 0.20966799999999999
}
