{
	"pitch" : 1.4213786895316625,
	"roll" : -2.6228982531895983,
	"x" : 0.13600999999999999,
	"y" : 0.11199199999999999,
	"yaw" : -1.8504853394269876,
	"z" : 0.32528200000000002
}
