{
	"pitch" : 0.97275925859903967,
	"roll" : 2.8394238001920149,
	"x" : 0.25480999999999998,
	"y" : 0.209066,
	"yaw" : -2.4623977751761998,
	"z" : 0.20325099999999999
}
