{
	"pitch" : 0.30894073089551627,
	"roll" : 2.3625998485471644,
	"x" : 0.33361099999999999,
	"y" : 0.079861000000000001,
	"yaw" : -3.0241494482230946,
	"z" : 0.273644
}
