{
	"pitch" : 0.29541442919256011,
	"roll" : 2.5513397538578313,
	"x" : 0.33853899999999998,
	"y" : 0.158633,
	"yaw" : 3.0351624758031788,
	"z" : 0.18775600000000001
}
