{
	"pitch" : 0.95336865060938258,
	"roll" : 3.0151784558678441,
	"x" : 0.25864300000000001,
	"y" : 0.21104400000000001,
	"yaw" : -2.3436979327480651,
	"z" : 0.20979600000000001
}
