{
	"pitch" : 0.81777402102194297,
	"roll" : 2.1883287227355304,
	"x" : 0.165879,
	"y" : 0.098905000000000007,
	"yaw" : 2.6629884661079082,
	"z" : 0.28003800000000001
}
