{
	"pitch" : 0.33272956860019887,
	"roll" : 2.5999820801109128,
	"x" : 0.34583599999999998,
	"y" : 0.144541,
	"yaw" : -3.0759159138372465,
	"z" : 0.174621
}
