{
	"pitch" : 0.31962214591772142,
	"roll" : 2.6827804998255238,
	"x" : 0.37157600000000002,
	"y" : 0.19103200000000001,
	"yaw" : 3.1033873962636376,
	"z" : 0.116954
}
