{
	"pitch" : 1.1295945451832499,
	"roll" : 2.6851541476082366,
	"x" : 0.227824,
	"y" : 0.19022900000000001,
	"yaw" : -2.7131143222251852,
	"z" : 0.28120600000000001
}
