{
	"pitch" : 1.0844952373117165,
	"roll" : 2.5764201352089899,
	"x" : 0.26797100000000001,
	"y" : 0.16470899999999999,
	"yaw" : -2.2323982863483871,
	"z" : 0.227571
}
