{
	"pitch" : 0.25408503250533443,
	"roll" : 2.6651875809654211,
	"x" : 0.35198600000000002,
	"y" : 0.18559300000000001,
	"yaw" : 3.1131263334897659,
	"z" : 0.119768
}
