{
	"pitch" : 0.2913827186204534,
	"roll" : 2.6898665365886205,
	"x" : 0.35890100000000003,
	"y" : 0.18570700000000001,
	"yaw" : 3.1054468847809908,
	"z" : 0.113444
}
