{
	"pitch" : 1.0075087640062463,
	"roll" : 1.268976539247517,
	"x" : 0.071428000000000005,
	"y" : 0.026172000000000001,
	"yaw" : 1.6843823545146877,
	"z" : 0.251554
}
