{
	"pitch" : 1.0524160856600611,
	"roll" : 2.8483773392547462,
	"x" : 0.266065,
	"y" : 0.189663,
	"yaw" : -2.0584413198021116,
	"z" : 0.22032299999999999
}
