{
	"pitch" : 0.97248000591872064,
	"roll" : 3.0790749597833562,
	"x" : 0.26327600000000001,
	"y" : 0.21117,
	"yaw" : -2.284845430370817,
	"z" : 0.21610499999999999
}
