{
	"pitch" : 0.94527032288012891,
	"roll" : 2.7748815244532641,
	"x" : 0.24475,
	"y" : 0.20822499999999999,
	"yaw" : -2.3971573677366518,
	"z" : 0.20083599999999999
}
