{
	"pitch" : 1.2329703967788741,
	"roll" : 3.0669100148969557,
	"x" : 0.097897999999999999,
	"y" : 0.055828999999999997,
	"yaw" : -2.7301661890171696,
	"z" : 0.19731399999999999
}
