{
	"pitch" : 1.0523986323675414,
	"roll" : 2.5917441260414997,
	"x" : 0.28411500000000001,
	"y" : 0.140292,
	"yaw" : -2.0925974132636416,
	"z" : 0.25134000000000001
}
