{
	"pitch" : 0.40072759625789806,
	"roll" : 2.5883407340001106,
	"x" : 0.34775099999999998,
	"y" : 0.205322,
	"yaw" : -3.1285375907848758,
	"z" : 0.18257499999999999
}
