{
	"pitch" : 0.4673119072214818,
	"roll" : 2.4045401104725879,
	"x" : 0.290626,
	"y" : 0.116771,
	"yaw" : 2.8560393346710011,
	"z" : 0.27260600000000001
}
