{
	"pitch" : 0.94277450204977697,
	"roll" : 1.2346459128607887,
	"x" : 0.070758000000000001,
	"y" : 0.019838999999999999,
	"yaw" : 1.6054760190320239,
	"z" : 0.23731099999999999
}
