{
	"pitch" : 0.51134656424929859,
	"roll" : 2.5317222530654142,
	"x" : 0.32720100000000002,
	"y" : 0.204985,
	"yaw" : -2.9683687253293556,
	"z" : 0.24737700000000001
}
