{
	"pitch" : 0.24626595745639995,
	"roll" : 2.6603530189373967,
	"x" : 0.35139599999999999,
	"y" : 0.185692,
	"yaw" : 3.1045218602774338,
	"z" : 0.12047099999999999
}
