{
	"pitch" : 0.49989720435621599,
	"roll" : 2.5151067185864284,
	"x" : 0.32893899999999998,
	"y" : 0.20496700000000001,
	"yaw" : -3.0267325355160466,
	"z" : 0.24773300000000001
}
