{
	"pitch" : 0.34430110154092142,
	"roll" : 2.6328117233409261,
	"x" : 0.34340399999999999,
	"y" : 0.15315200000000001,
	"yaw" : -3.0928805141666316,
	"z" : 0.16394300000000001
}
