{
	"pitch" : 1.0566048758648474,
	"roll" : 2.7497662365170665,
	"x" : 0.27136199999999999,
	"y" : 0.181059,
	"yaw" : -2.1831974547346666,
	"z" : 0.22212100000000001
}
