{
	"pitch" : 0.96425950514182712,
	"roll" : 2.8672443484688048,
	"x" : 0.25391000000000002,
	"y" : 0.20613500000000001,
	"yaw" : -2.4558702437737412,
	"z" : 0.20330799999999999
}
