{
	"pitch" : 1.0339155955889208,
	"roll" : 2.2321190336680683,
	"x" : 0.28167999999999999,
	"y" : 0.16746800000000001,
	"yaw" : -2.7560668751167658,
	"z" : 0.23868200000000001
}
