{
	"pitch" : 0.95631825704525275,
	"roll" : 2.8486914985201044,
	"x" : 0.250357,
	"y" : 0.214672,
	"yaw" : -2.4677733892723426,
	"z" : 0.20876800000000001
}
