{
	"pitch" : 0.93118551581653475,
	"roll" : 2.0653702769325304,
	"x" : 0.14730599999999999,
	"y" : 0.088202000000000003,
	"yaw" : 2.5768215609369478,
	"z" : 0.29894199999999999
}
