{
	"pitch" : 1.0556798513612899,
	"roll" : 2.6015528764377076,
	"x" : 0.28410200000000002,
	"y" : 0.14164199999999999,
	"yaw" : -2.0844641789493483,
	"z" : 0.25133299999999997
}
