{
	"pitch" : 0.9836152065464443,
	"roll" : 2.269120013810348,
	"x" : 0.26435500000000001,
	"y" : 0.17288000000000001,
	"yaw" : -2.7033404784140167,
	"z" : 0.221886
}
