{
	"pitch" : 0.97651171649082724,
	"roll" : 2.9823837192228702,
	"x" : 0.25745000000000001,
	"y" : 0.20802300000000001,
	"yaw" : -2.3519184335249581,
	"z" : 0.20926600000000001
}
