{
	"pitch" : 0.42100832216607204,
	"roll" : 2.6155329637461819,
	"x" : 0.34315499999999999,
	"y" : 0.226714,
	"yaw" : -3.1186241206335477,
	"z" : 0.169126
}
