{
	"pitch" : 0.37276742164094889,
	"roll" : 2.4396561350227137,
	"x" : 0.32265199999999999,
	"y" : 0.15982499999999999,
	"yaw" : -2.860315391338387,
	"z" : 0.25925500000000001
}
