{
	"pitch" : 0.37175513067479221,
	"roll" : 2.4750339589606387,
	"x" : 0.33273599999999998,
	"y" : 0.12784300000000001,
	"yaw" : 2.974878803439295,
	"z" : 0.23902699999999999
}
