{
	"pitch" : 0.79236202711290571,
	"roll" : 2.2319619540353886,
	"x" : 0.17182,
	"y" : 0.102352,
	"yaw" : 2.6970747463993576,
	"z" : 0.27363900000000002
}
