{
	"pitch" : 0.41887902047863906,
	"roll" : 2.6149570050930242,
	"x" : 0.34326400000000001,
	"y" : 0.22628799999999999,
	"yaw" : -3.1187462936811876,
	"z" : 0.16908100000000001
}
