{
	"pitch" : 0.94687602579196384,
	"roll" : 1.2466363248219898,
	"x" : 0.070578000000000002,
	"y" : 0.020826000000000001,
	"yaw" : 1.6258963712803578,
	"z" : 0.23660800000000001
}
