{
	"pitch" : 0.47431067752197892,
	"roll" : 2.5868746574284356,
	"x" : 0.35862699999999997,
	"y" : 0.19266800000000001,
	"yaw" : -3.1278394590840777,
	"z" : 0.20241999999999999
}
