{
	"pitch" : 0.95846501202520573,
	"roll" : 2.927946899853167,
	"x" : 0.252913,
	"y" : 0.212536,
	"yaw" : -2.4025678884178339,
	"z" : 0.208561
}
