{
	"pitch" : 0.98771673028863094,
	"roll" : 2.5176199927093004,
	"x" : 0.26106800000000002,
	"y" : 0.19412299999999999,
	"yaw" : -2.5746922592495149,
	"z" : 0.21621699999999999
}
