{
	"pitch" : 1.0469357518087985,
	"roll" : 2.4981421182570434,
	"x" : 0.28475699999999998,
	"y" : 0.13618,
	"yaw" : -2.1680305435348366,
	"z" : 0.25620500000000002
}
