{
	"pitch" : 1.1050377626076893,
	"roll" : 2.7572187924230822,
	"x" : 0.232683,
	"y" : 0.199957,
	"yaw" : -2.5681123679694964,
	"z" : 0.26276300000000002
}
