{
	"pitch" : 1.1626685345085428,
	"roll" : 2.4019046633020764,
	"x" : 0.26657999999999998,
	"y" : 0.15496199999999999,
	"yaw" : -2.2617198177818918,
	"z" : 0.242786
}
