{
	"pitch" : 1.0373015343377905,
	"roll" : 2.2888945942354439,
	"x" : 0.29090300000000002,
	"y" : 0.124987,
	"yaw" : -2.3325801854128616,
	"z" : 0.27662500000000001
}
