{
	"pitch" : 1.0924364854082911,
	"roll" : 2.699692740277349,
	"x" : 0.22683400000000001,
	"y" : 0.18954199999999999,
	"yaw" : -2.7000941660053077,
	"z" : 0.26855299999999999
}
