{
	"pitch" : 1.1702432634621978,
	"roll" : 2.348235788803251,
	"x" : 0.26548899999999998,
	"y" : 0.15501200000000001,
	"yaw" : -2.3310617489636267,
	"z" : 0.24107300000000001
}
