{
	"pitch" : 0.33622022710418759,
	"roll" : 2.5690373924730534,
	"x" : 0.33937699999999998,
	"y" : 0.158773,
	"yaw" : 3.0922172890508737,
	"z" : 0.18854199999999999
}
