{
	"pitch" : 1.1182673583378067,
	"roll" : 2.6898316300035812,
	"x" : 0.22755600000000001,
	"y" : 0.19004299999999999,
	"yaw" : -2.708908078727879,
	"z" : 0.27732299999999999
}
