{
	"pitch" : 0.96090847297799842,
	"roll" : 2.8179562503924847,
	"x" : 0.246005,
	"y" : 0.20935699999999999,
	"yaw" : -2.3952898654370181,
	"z" : 0.198828
}
