{
	"pitch" : 1.1954981777385556,
	"roll" : 2.9985105615112979,
	"x" : 0.095922999999999994,
	"y" : 0.051846999999999997,
	"yaw" : -2.8316570850206402,
	"z" : 0.184866
}
