{
	"pitch" : 1.1673285636113673,
	"roll" : 2.3668235453369904,
	"x" : 0.266262,
	"y" : 0.15449299999999999,
	"yaw" : -2.3074299908916229,
	"z" : 0.241956
}
