{
	"pitch" : 0.30560715202420713,
	"roll" : 2.3726005851610914,
	"x" : 0.33134799999999998,
	"y" : 0.092730999999999994,
	"yaw" : -2.9812492552090739,
	"z" : 0.27096799999999999
}
