{
	"pitch" : 1.0370746415350307,
	"roll" : 2.4953321381613329,
	"x" : 0.27683200000000002,
	"y" : 0.17305499999999999,
	"yaw" : -2.4776694061311502,
	"z" : 0.22652700000000001
}
