{
	"pitch" : 0.99056161696938183,
	"roll" : 2.2477222771808973,
	"x" : 0.26715800000000001,
	"y" : 0.17064699999999999,
	"yaw" : -2.7213173697095585,
	"z" : 0.224137
}
