{
	"pitch" : 0.30665434957540377,
	"roll" : 2.3733859833244892,
	"x" : 0.33104600000000001,
	"y" : 0.094309000000000004,
	"yaw" : -2.9773920775621669,
	"z" : 0.27094099999999999
}
