{
	"pitch" : 0.43175955035835717,
	"roll" : 2.1890617610213674,
	"x" : 0.336557,
	"y" : 0.088552000000000006,
	"yaw" : -3.0458613441179039,
	"z" : 0.28732999999999997
}
