{
	"pitch" : 0.95551540558933579,
	"roll" : 2.0223130042858304,
	"x" : 0.13154099999999999,
	"y" : 0.077716999999999994,
	"yaw" : 2.5213026374310088,
	"z" : 0.28562500000000002
}
