{
	"pitch" : 0.49363147234155624,
	"roll" : 2.551915712510989,
	"x" : 0.350248,
	"y" : 0.19212599999999999,
	"yaw" : -3.115412714809878,
	"z" : 0.224527
}
