{
	"pitch" : 0.95815085275984735,
	"roll" : 1.2833056924063908,
	"x" : 0.069958000000000006,
	"y" : 0.023713000000000001,
	"yaw" : 1.6875064938757574,
	"z" : 0.234512
}
