{
	"pitch" : 0.91259775928279507,
	"roll" : 1.0556449447762504,
	"x" : 0.071567000000000006,
	"y" : 0.0051219999999999998,
	"yaw" : 1.2949121319321528,
	"z" : 0.247364
}
