{
	"pitch" : 0.8781100532633872,
	"roll" : 2.0959484454274708,
	"x" : 0.15379000000000001,
	"y" : 0.092159000000000005,
	"yaw" : 2.5954267707632077,
	"z" : 0.294068
}
