{
	"pitch" : 0.97293379152423864,
	"roll" : 2.9623473394099755,
	"x" : 0.256934,
	"y" : 0.207064,
	"yaw" : -2.3756200047670419,
	"z" : 0.20807500000000001
}
