{
	"pitch" : 0.99811889263051745,
	"roll" : 2.4504771763850783,
	"x" : 0.260878,
	"y" : 0.188634,
	"yaw" : -2.5868397508433962,
	"z" : 0.218919
}
