{
	"pitch" : 0.96302032137291138,
	"roll" : 2.8563011340587998,
	"x" : 0.25454399999999999,
	"y" : 0.20741100000000001,
	"yaw" : -2.4588896633796908,
	"z" : 0.20180200000000001
}
