{
	"pitch" : 1.023600699709635,
	"roll" : 2.7669751829417302,
	"x" : 0.22347,
	"y" : 0.18290300000000001,
	"yaw" : -2.675380303797068,
	"z" : 0.246527
}
