{
	"pitch" : 1.1085109678191585,
	"roll" : 2.4802524934241017,
	"x" : 0.26303500000000002,
	"y" : 0.16350999999999999,
	"yaw" : -2.2517190811679644,
	"z" : 0.23205200000000001
}
