{
	"pitch" : 1.0242115649478325,
	"roll" : 2.76400812321334,
	"x" : 0.223334,
	"y" : 0.18307799999999999,
	"yaw" : -2.6758340894025863,
	"z" : 0.24662300000000001
}
