{
	"pitch" : 0.2666339498271737,
	"roll" : 2.6682593604489311,
	"x" : 0.35553800000000002,
	"y" : 0.18670600000000001,
	"yaw" : 3.1200378373276632,
	"z" : 0.11916499999999999
}
