{
	"pitch" : 0.34465016739132032,
	"roll" : 2.6178018917737749,
	"x" : 0.34290500000000002,
	"y" : 0.14743500000000001,
	"yaw" : -3.0728790409387763,
	"z" : 0.170907
}
