{
	"pitch" : 1.3828243663551067,
	"roll" : -3.076963111388443,
	"x" : 0.172764,
	"y" : 0.13828399999999999,
	"yaw" : -2.2994189296249696,
	"z" : 0.33674500000000002
}
