{
	"pitch" : 1.2068777244615592,
	"roll" : 0.5610884479311371,
	"x" : 0.071567000000000006,
	"y" : 0.0051219999999999998,
	"yaw" : 0.73724452933492468,
	"z" : 0.247364
}
