{
	"pitch" : 0.99499475326944731,
	"roll" : 1.237560612711619,
	"x" : 0.067961999999999995,
	"y" : 0.024385,
	"yaw" : 1.6590052671906901,
	"z" : 0.24474899999999999
}
