{
	"pitch" : 1.1685328407952433,
	"roll" : 2.3451640093197406,
	"x" : 0.26557199999999997,
	"y" : 0.15442900000000001,
	"yaw" : -2.333801915889258,
	"z" : 0.24104999999999999
}
