{
	"pitch" : 0.46324529006433507,
	"roll" : 2.6279422547278619,
	"x" : 0.34480499999999997,
	"y" : 0.16129599999999999,
	"yaw" : -3.0059456641247939,
	"z" : 0.195688
}
