{
	"pitch" : 0.99876466445375489,
	"roll" : 2.449517245296482,
	"x" : 0.261106,
	"y" : 0.18798000000000001,
	"yaw" : -2.5864034185303963,
	"z" : 0.21898699999999999
}
