{
	"pitch" : 0.99832833214075645,
	"roll" : 2.4703913831503339,
	"x" : 0.260853,
	"y" : 0.19111600000000001,
	"yaw" : -2.5847977156185626,
	"z" : 0.21831200000000001
}
