{
	"pitch" : 0.92580990172039201,
	"roll" : 1.1905763492479318,
	"x" : 0.071242,
	"y" : 0.016088000000000002,
	"yaw" : 1.530007982175789,
	"z" : 0.24024400000000001
}
