{
	"pitch" : 1.0273531576014219,
	"roll" : 2.2739894824234117,
	"x" : 0.28246900000000003,
	"y" : 0.16764999999999999,
	"yaw" : -2.7210032104441995,
	"z" : 0.235148
}
