{
	"pitch" : 0.25668557309080614,
	"roll" : 2.6677532149658525,
	"x" : 0.35266799999999998,
	"y" : 0.185891,
	"yaw" : 3.1210152217087801,
	"z" : 0.118877
}
