{
	"pitch" : 1.406211778331832,
	"roll" : -2.7612679562877087,
	"x" : 0.15432199999999999,
	"y" : 0.124666,
	"yaw" : -1.9887677760624993,
	"z" : 0.33566000000000001
}
