{
	"pitch" : 1.0934487763744474,
	"roll" : 2.5653722010438655,
	"x" : 0.271092,
	"y" : 0.163295,
	"yaw" : -2.2675492174835528,
	"z" : 0.228968
}
