{
	"pitch" : 0.38713148138486236,
	"roll" : 2.5333628625622895,
	"x" : 0.35020400000000002,
	"y" : 0.16933699999999999,
	"yaw" : -3.077259817361282,
	"z" : 0.21271699999999999
}
