{
	"pitch" : 0.30832986565731835,
	"roll" : 2.3717453738276144,
	"x" : 0.33234399999999997,
	"y" : 0.085776000000000005,
	"yaw" : -3.0005525967361315,
	"z" : 0.27247100000000002
}
