{
	"pitch" : 0.43966589186989152,
	"roll" : 2.5689850325954935,
	"x" : 0.34895999999999999,
	"y" : 0.169821,
	"yaw" : -2.9680022061864371,
	"z" : 0.21265899999999999
}
