{
	"pitch" : 1.0398846216307416,
	"roll" : 2.8239950896043848,
	"x" : 0.22314700000000001,
	"y" : 0.18040100000000001,
	"yaw" : -2.6330909760212453,
	"z" : 0.24979899999999999
}
