{
	"pitch" : 1.0853853552302342,
	"roll" : 2.5633127125265118,
	"x" : 0.26663100000000001,
	"y" : 0.16314500000000001,
	"yaw" : -2.222868788632498,
	"z" : 0.22798399999999999
}
