{
	"pitch" : 0.31401963901881991,
	"roll" : 2.5534690555452637,
	"x" : 0.35340199999999999,
	"y" : 0.158303,
	"yaw" : -3.0398399581985234,
	"z" : 0.18625800000000001
}
