{
	"pitch" : 1.1655483277743339,
	"roll" : 2.4664469390408272,
	"x" : 0.27294800000000002,
	"y" : 0.15673699999999999,
	"yaw" : -2.189149027483968,
	"z" : 0.25082399999999999
}
