{
	"pitch" : 0.34203217351332882,
	"roll" : 2.6162660020320203,
	"x" : 0.34293899999999999,
	"y" : 0.14679400000000001,
	"yaw" : -3.0735771726395744,
	"z" : 0.170902
}
