{
	"pitch" : 1.0851235558424346,
	"roll" : 2.5737323281609181,
	"x" : 0.26816000000000001,
	"y" : 0.16420599999999999,
	"yaw" : -2.235278079614178,
	"z" : 0.22767299999999999
}
