{
	"pitch" : 0.2722539100185955,
	"roll" : 2.5425258411352591,
	"x" : 0.33772600000000003,
	"y" : 0.159,
	"yaw" : 3.0165049060993594,
	"z" : 0.187699
}
