{
	"pitch" : 0.53946381849892733,
	"roll" : 2.5551271183346587,
	"x" : 0.32635599999999998,
	"y" : 0.20502699999999999,
	"yaw" : -2.9132337742588552,
	"z" : 0.248172
}
