{
	"pitch" : 0.9679072432784952,
	"roll" : 2.8255309793461398,
	"x" : 0.24848100000000001,
	"y" : 0.21581900000000001,
	"yaw" : -2.4542470875693865,
	"z" : 0.209504
}
