{
	"pitch" : 0.4726700680251042,
	"roll" : 2.6392345349882653,
	"x" : 0.34413500000000002,
	"y" : 0.160663,
	"yaw" : -2.9903773271970047,
	"z" : 0.194216
}
