{
	"pitch" : 0.54187237286667977,
	"roll" : 2.5626843939957937,
	"x" : 0.32597199999999998,
	"y" : 0.20366300000000001,
	"yaw" : -2.8821669135733559,
	"z" : 0.248144
}
