{
	"pitch" : 0.39697513836611031,
	"roll" : 2.649444711112432,
	"x" : 0.36936200000000002,
	"y" : 0.19223599999999999,
	"yaw" : -3.1381718082558843,
	"z" : 0.15348400000000001
}
