{
	"pitch" : 1.1048283230974509,
	"roll" : 2.6950850710520839,
	"x" : 0.227383,
	"y" : 0.18992200000000001,
	"yaw" : -2.7041956897474941,
	"z" : 0.27279799999999998
}
