{
	"pitch" : 1.1227004946378722,
	"roll" : 2.7415980956177326,
	"x" : 0.23000599999999999,
	"y" : 0.187747,
	"yaw" : -2.69306048911977,
	"z" : 0.27977200000000002
}
