{
	"pitch" : 0.26129324231607109,
	"roll" : 2.6661126054689781,
	"x" : 0.35498400000000002,
	"y" : 0.18695100000000001,
	"yaw" : 3.1228652707158937,
	"z" : 0.11913799999999999
}
