{
	"pitch" : 0.36053266358446873,
	"roll" : 2.2821052634451857,
	"x" : 0.33672600000000003,
	"y" : 0.079910999999999996,
	"yaw" : -3.0553733885412733,
	"z" : 0.27964699999999998
}
