{
	"pitch" : 1.2433725591207609,
	"roll" : 3.0948701895139052,
	"x" : 0.098416000000000003,
	"y" : 0.056870999999999998,
	"yaw" : -2.6934095549701693,
	"z" : 0.20088
}
