{
	"pitch" : 1.0010859523589075,
	"roll" : 3.1273507668935192,
	"x" : 0.265264,
	"y" : 0.21266699999999999,
	"yaw" : -2.2057820152554735,
	"z" : 0.220471
}
