{
	"pitch" : 1.0693108728193657,
	"roll" : 2.6543316330180162,
	"x" : 0.267509,
	"y" : 0.171406,
	"yaw" : -2.1802653015913163,
	"z" : 0.224831
}
