{
	"pitch" : 0.30915017040575565,
	"roll" : 2.3548680399608295,
	"x" : 0.334424,
	"y" : 0.077997999999999998,
	"yaw" : -3.0370648846878527,
	"z" : 0.27401999999999999
}
