{
	"pitch" : 0.33602824088646827,
	"roll" : 2.5810627110192939,
	"x" : 0.35011999999999999,
	"y" : 0.14766000000000001,
	"yaw" : -3.0666307622166369,
	"z" : 0.18208099999999999
}
