{
	"pitch" : 0.27214919026347584,
	"roll" : 2.6606671782027558,
	"x" : 0.34345999999999999,
	"y" : 0.16636600000000001,
	"yaw" : -3.1224289384028951,
	"z" : 0.13269900000000001
}
