{
	"pitch" : 1.1918329863093684,
	"roll" : 3.0101519076221002,
	"x" : 0.096779000000000004,
	"y" : 0.049750999999999997,
	"yaw" : -2.8460560513495934,
	"z" : 0.184506
}
