{
	"pitch" : 1.1608010322089088,
	"roll" : 2.4371079543148024,
	"x" : 0.269839,
	"y" : 0.156081,
	"yaw" : -2.2196224762237886,
	"z" : 0.246641
}
