{
	"pitch" : 0.4141840847907744,
	"roll" : 2.6249926482919919,
	"x" : 0.34519300000000003,
	"y" : 0.21859700000000001,
	"yaw" : -3.102026039447082,
	"z" : 0.16709299999999999
}
