{
	"pitch" : 1.1638204518148594,
	"roll" : 2.3915548608377506,
	"x" : 0.26616000000000001,
	"y" : 0.15492500000000001,
	"yaw" : -2.2743385482738114,
	"z" : 0.24224200000000001
}
