{
	"pitch" : 0.94123861230802208,
	"roll" : 1.2303174963158428,
	"x" : 0.070819999999999994,
	"y" : 0.019477000000000001,
	"yaw" : 1.598058369711048,
	"z" : 0.237567
}
