{
	"pitch" : 0.50268973115940685,
	"roll" : 2.560572545600881,
	"x" : 0.352939,
	"y" : 0.19168099999999999,
	"yaw" : -3.1263908358049224,
	"z" : 0.2215
}
