{
	"pitch" : 0.33454471102227318,
	"roll" : 2.5924248044497777,
	"x" : 0.34766399999999997,
	"y" : 0.145816,
	"yaw" : -3.0721460026529384,
	"z" : 0.177673
}
