{
	"pitch" : 0.93436201505516436,
	"roll" : 2.0644277991364528,
	"x" : 0.14638999999999999,
	"y" : 0.087725999999999998,
	"yaw" : 2.5768215609369478,
	"z" : 0.29855399999999999
}
