{
	"pitch" : 1.0315419478062089,
	"roll" : 2.7277925412344572,
	"x" : 0.221663,
	"y" : 0.185168,
	"yaw" : -2.6817507555668469,
	"z" : 0.247805
}
