{
	"pitch" : 0.38798669271833947,
	"roll" : 2.5352478181544429,
	"x" : 0.35025099999999998,
	"y" : 0.16891200000000001,
	"yaw" : -3.0833859230357823,
	"z" : 0.212003
}
