{
	"pitch" : 0.46745153356164154,
	"roll" : 2.4009098256284398,
	"x" : 0.291186,
	"y" : 0.117409,
	"yaw" : 2.8596870728076693,
	"z" : 0.274671
}
