{
	"pitch" : 0.98282980838304701,
	"roll" : 3.0172903042627568,
	"x" : 0.25945800000000002,
	"y" : 0.20919099999999999,
	"yaw" : -2.3174307275055512,
	"z" : 0.211946
}
