{
	"pitch" : 0.27555258230486479,
	"roll" : 2.683600804573961,
	"x" : 0.35770200000000002,
	"y" : 0.185665,
	"yaw" : 3.1112937377751719,
	"z" : 0.11332299999999999
}
