{
	"pitch" : 0.46855109099039777,
	"roll" : 2.5239555378940399,
	"x" : 0.33793400000000001,
	"y" : 0.19886400000000001,
	"yaw" : -3.0632273701752477,
	"z" : 0.23516500000000001
}
