{
	"pitch" : 1.154622566656849,
	"roll" : 0.72959998721118957,
	"x" : 0.071567000000000006,
	"y" : 0.0051219999999999998,
	"yaw" : 0.91929982361045348,
	"z" : 0.247364
}
