{
	"pitch" : 0.3595901857883918,
	"roll" : 2.6591487417535209,
	"x" : 0.372002,
	"y" : 0.19176499999999999,
	"yaw" : 3.1027241711478792,
	"z" : 0.13728299999999999
}
