{
	"pitch" : 0.45368088576340604,
	"roll" : 2.5102023433883249,
	"x" : 0.33957700000000002,
	"y" : 0.116484,
	"yaw" : 3.0636811557807664,
	"z" : 0.244833
}
