{
	"pitch" : 0.45389032527364537,
	"roll" : 2.6224095609990399,
	"x" : 0.36658200000000002,
	"y" : 0.19126399999999999,
	"yaw" : 3.1392364590996009,
	"z" : 0.179454
}
