{
	"pitch" : 1.1611326447667873,
	"roll" : 2.4051335224182657,
	"x" : 0.26256699999999999,
	"y" : 0.16156000000000001,
	"yaw" : -2.285700641704294,
	"z" : 0.24037600000000001
}
