{
	"pitch" : 0.95116953575186935,
	"roll" : 2.9814412414267939,
	"x" : 0.25484899999999999,
	"y" : 0.21006,
	"yaw" : -2.3652352957176754,
	"z" : 0.20766999999999999
}
