{
	"pitch" : 0.30283207851353611,
	"roll" : 2.5877124154693925,
	"x" : 0.34359299999999998,
	"y" : 0.203737,
	"yaw" : -3.0674336136725544,
	"z" : 0.165329
}
