{
	"pitch" : 1.0540566951569357,
	"roll" : 2.8506811738673776,
	"x" : 0.26645099999999999,
	"y" : 0.189582,
	"yaw" : -2.0599423029588277,
	"z" : 0.220416
}
