{
	"pitch" : 0.45315728698780783,
	"roll" : 2.6227586268494387,
	"x" : 0.36662299999999998,
	"y" : 0.19128200000000001,
	"yaw" : 3.1393935387322802,
	"z" : 0.179123
}
