{
	"pitch" : 0.998101439337997,
	"roll" : 2.4374744734577209,
	"x" : 0.26111499999999999,
	"y" : 0.186968,
	"yaw" : -2.5913252470210213,
	"z" : 0.21933
}
