{
	"pitch" : 1.1672587504412877,
	"roll" : 2.4993114888558798,
	"x" : 0.279227,
	"y" : 0.15801699999999999,
	"yaw" : -2.1621662372481354,
	"z" : 0.25907799999999997
}
