{
	"pitch" : 1.1664558989853702,
	"roll" : 2.3794771824139493,
	"x" : 0.26638600000000001,
	"y" : 0.15445900000000001,
	"yaw" : -2.2917918407937536,
	"z" : 0.24212500000000001
}
