{
	"pitch" : 0.34082789632945265,
	"roll" : 2.613700368031588,
	"x" : 0.34381400000000001,
	"y" : 0.145589,
	"yaw" : -3.0762475263951257,
	"z" : 0.17153499999999999
}
