{
	"pitch" : 0.42572071114645688,
	"roll" : 2.5556856236952967,
	"x" : 0.35148800000000002,
	"y" : 0.173152,
	"yaw" : -3.0676081465977534,
	"z" : 0.212001
}
