{
	"pitch" : 0.45380305881104566,
	"roll" : 2.5045474766118629,
	"x" : 0.34159800000000001,
	"y" : 0.115353,
	"yaw" : 3.0219503333655822,
	"z" : 0.245111
}
