{
	"pitch" : 0.40943678922534976,
	"roll" : 2.6146602991201853,
	"x" : 0.34227400000000002,
	"y" : 0.225663,
	"yaw" : -3.1109446719247726,
	"z" : 0.168324
}
