{
	"pitch" : 0.32030282432599932,
	"roll" : 2.5939956007765721,
	"x" : 0.336511,
	"y" : 0.218523,
	"yaw" : -3.0458613441179039,
	"z" : 0.165461
}
