{
	"pitch" : 1.0251889493289492,
	"roll" : 2.3374322007334061,
	"x" : 0.28101399999999999,
	"y" : 0.16848399999999999,
	"yaw" : -2.6571416131137275,
	"z" : 0.23124600000000001
}
