{
	"pitch" : 1.0543534011297742,
	"roll" : 2.71173551211611,
	"x" : 0.267036,
	"y" : 0.17610600000000001,
	"yaw" : -2.1425487364557192,
	"z" : 0.22264
}
