{
	"pitch" : 0.9460208144584864,
	"roll" : 1.2441055974065978,
	"x" : 0.070616999999999999,
	"y" : 0.020619999999999999,
	"yaw" : 1.6216203146129715,
	"z" : 0.23675499999999999
}
