{
	"pitch" : 0.56744144640839644,
	"roll" : 2.0547586750804041,
	"x" : 0.33182200000000001,
	"y" : 0.10113,
	"yaw" : -2.9909183792651226,
	"z" : 0.29953000000000002
}
