{
	"pitch" : 0.25316000800177751,
	"roll" : 2.66248232062483,
	"x" : 0.35200199999999998,
	"y" : 0.18559100000000001,
	"yaw" : 3.106267189529428,
	"z" : 0.120757
}
