{
	"pitch" : 0.30897563748055612,
	"roll" : 2.3574336739612609,
	"x" : 0.33434700000000001,
	"y" : 0.077863000000000002,
	"yaw" : -3.0350228494630196,
	"z" : 0.27385900000000002
}
