{
	"pitch" : 0.47734755042044924,
	"roll" : 2.5144784000557103,
	"x" : 0.30998900000000001,
	"y" : 0.21048700000000001,
	"yaw" : -2.7976929777768302,
	"z" : 0.25344299999999997
}
