{
	"pitch" : 0.95987872871932156,
	"roll" : 3.0143581511194069,
	"x" : 0.25920500000000002,
	"y" : 0.21196799999999999,
	"yaw" : -2.339439329373199,
	"z" : 0.211285
}
