{
	"pitch" : 0.39737656409406902,
	"roll" : 2.6491829117246333,
	"x" : 0.36951200000000001,
	"y" : 0.19216800000000001,
	"yaw" : -3.1410516015216747,
	"z" : 0.153507
}
