{
	"pitch" : 0.95593428460981444,
	"roll" : 2.6187094629848118,
	"x" : 0.25259799999999999,
	"y" : 0.201464,
	"yaw" : -2.5517760861708298,
	"z" : 0.20739099999999999
}
