{
	"pitch" : 0.90182907779798982,
	"roll" : 2.2116114149571344,
	"x" : 0.32480199999999998,
	"y" : 0.10305300000000001,
	"yaw" : -2.6527084768136615,
	"z" : 0.30149500000000001
}
