{
	"pitch" : 0.81526074689907135,
	"roll" : 2.1935298039064732,
	"x" : 0.166486,
	"y" : 0.099220000000000003,
	"yaw" : 2.6667758305847356,
	"z" : 0.279194
}
