{
	"pitch" : 0.94556702885296773,
	"roll" : 2.0419479583707658,
	"x" : 0.13816700000000001,
	"y" : 0.083037,
	"yaw" : 2.5553714644299377,
	"z" : 0.29381299999999999
}
