{
	"pitch" : 1.4181323771229535,
	"roll" : -2.6537731276573782,
	"x" : 0.14094300000000001,
	"y" : 0.115409,
	"yaw" : -1.8812729474321674,
	"z" : 0.32889000000000002
}
