{
	"pitch" : 0.47165777705894774,
	"roll" : 2.5098009176603662,
	"x" : 0.31063499999999999,
	"y" : 0.208733,
	"yaw" : -2.7960523682799558,
	"z" : 0.25414100000000001
}
