{
	"pitch" : 0.35601226082180326,
	"roll" : 2.6609987907606345,
	"x" : 0.37205100000000002,
	"y" : 0.19178700000000001,
	"yaw" : 3.1033873962636376,
	"z" : 0.13561999999999999
}
