{
	"pitch" : 1.0275276905266215,
	"roll" : 1.6620421400891601,
	"x" : 0.100398,
	"y" : 0.045809999999999997,
	"yaw" : 2.0659811421707279,
	"z" : 0.26379999999999998
}
