{
	"pitch" : 1.3481621274105,
	"roll" : 2.9542141050956823,
	"x" : 0.182726,
	"y" : 0.14813200000000001,
	"yaw" : -2.5284933939492253,
	"z" : 0.32933099999999998
}
