{
	"pitch" : 1.4081490938015451,
	"roll" : -2.7392768077125811,
	"x" : 0.14998400000000001,
	"y" : 0.12166299999999999,
	"yaw" : -1.966671907732251,
	"z" : 0.33265400000000001
}
