{
	"pitch" : 0.30733502798368151,
	"roll" : 2.3657414412007536,
	"x" : 0.33343099999999998,
	"y" : 0.081464999999999996,
	"yaw" : -3.0169761449973982,
	"z" : 0.27283600000000002
}
