{
	"pitch" : 1.0302853107447729,
	"roll" : 2.7340059133715573,
	"x" : 0.22195200000000001,
	"y" : 0.18481600000000001,
	"yaw" : -2.6807035580156504,
	"z" : 0.24759999999999999
}
