{
	"pitch" : 0.93488561383076274,
	"roll" : 2.8021959272469759,
	"x" : 0.24507899999999999,
	"y" : 0.20891399999999999,
	"yaw" : -2.3990946832063655,
	"z" : 0.19961300000000001
}
