{
	"pitch" : 0.38535124554782807,
	"roll" : 2.6177320786036953,
	"x" : 0.34365000000000001,
	"y" : 0.21629999999999999,
	"yaw" : -3.0863878893492123,
	"z" : 0.166185
}
