{
	"pitch" : 0.44872415068774213,
	"roll" : 2.5012313510330739,
	"x" : 0.34159800000000001,
	"y" : 0.115353,
	"yaw" : 3.0143581511194069,
	"z" : 0.245111
}
