{
	"pitch" : 1.2995896143274983,
	"roll" : -2.9102841678229856,
	"x" : 0.099451999999999999,
	"y" : 0.065708000000000003,
	"yaw" : -2.3261399204730027,
	"z" : 0.222498
}
