{
	"pitch" : 0.95724328154880989,
	"roll" : 2.602582620696384,
	"x" : 0.25420700000000002,
	"y" : 0.200324,
	"yaw" : -2.5537483082255834,
	"z" : 0.208616
}
