{
	"pitch" : 0.3023957462005375,
	"roll" : 2.4941976741475367,
	"x" : 0.32872200000000001,
	"y" : 0.15477399999999999,
	"yaw" : 3.0274132139243242,
	"z" : 0.21732299999999999
}
