{
	"pitch" : 0.45289548760000853,
	"roll" : 2.6124786375551921,
	"x" : 0.36456300000000003,
	"y" : 0.191579,
	"yaw" : -3.1383463411810837,
	"z" : 0.18438399999999999
}
