{
	"pitch" : 0.42914155648036584,
	"roll" : 2.6184302103044934,
	"x" : 0.34543400000000002,
	"y" : 0.22405800000000001,
	"yaw" : -3.12714132738328,
	"z" : 0.169269
}
