{
	"pitch" : 1.0467263122985591,
	"roll" : 2.8353048231573084,
	"x" : 0.22267300000000001,
	"y" : 0.179863,
	"yaw" : -2.6219906819785614,
	"z" : 0.25130200000000003
}
