{
	"pitch" : 0.39694023178107041,
	"roll" : 2.6082025808878062,
	"x" : 0.34321699999999999,
	"y" : 0.22159999999999999,
	"yaw" : -3.1119744161834495,
	"z" : 0.169823
}
