{
	"pitch" : 1.1243236508422274,
	"roll" : 2.4978105056991651,
	"x" : 0.28015299999999999,
	"y" : 0.155804,
	"yaw" : -2.1751514868829731,
	"z" : 0.25681999999999999
}
