{
	"pitch" : 1.2464443386042705,
	"roll" : 0.33140311836868347,
	"x" : 0.071567000000000006,
	"y" : 0.0051219999999999998,
	"yaw" : 0.49343948612383687,
	"z" : 0.247364
}
