{
	"pitch" : 0.98392936581180324,
	"roll" : 2.2663274870071568,
	"x" : 0.26461000000000001,
	"y" : 0.17233799999999999,
	"yaw" : -2.7063598980199672,
	"z" : 0.22201000000000001
}
