{
	"pitch" : 0.98755965065595153,
	"roll" : 3.0408347958721604,
	"x" : 0.26107900000000001,
	"y" : 0.21066499999999999,
	"yaw" : -2.2944098346717459,
	"z" : 0.21457699999999999
}
