{
	"pitch" : 0.99960242249471254,
	"roll" : 3.1340353779286581,
	"x" : 0.265403,
	"y" : 0.212476,
	"yaw" : -2.2007903735947698,
	"z" : 0.22035299999999999
}
