{
	"pitch" : 0.71293209285464398,
	"roll" : 2.1024236169523691,
	"x" : 0.32914900000000002,
	"y" : 0.10229100000000001,
	"yaw" : -2.8669127359109257,
	"z" : 0.30033900000000002
}
