{
	"pitch" : 0.31466541084205768,
	"roll" : 2.5917964859190592,
	"x" : 0.33624100000000001,
	"y" : 0.21814600000000001,
	"yaw" : -3.0439240286481906,
	"z" : 0.16542200000000001
}
