{
	"pitch" : 0.94996525856799396,
	"roll" : 2.8134882075073793,
	"x" : 0.24660199999999999,
	"y" : 0.20929600000000001,
	"yaw" : -2.3947837199539399,
	"z" : 0.199494
}
