{
	"pitch" : 1.0545453873474939,
	"roll" : 2.7123987372318674,
	"x" : 0.27199600000000002,
	"y" : 0.17965999999999999,
	"yaw" : -2.2237938131360555,
	"z" : 0.22264100000000001
}
