{
	"pitch" : 1.1352145053746721,
	"roll" : 2.4515069206437561,
	"x" : 0.263351,
	"y" : 0.162687,
	"yaw" : -2.2698181455111452,
	"z" : 0.236485
}
