{
	"pitch" : 0.33101914593324461,
	"roll" : 2.6768638336612627,
	"x" : 0.37293799999999999,
	"y" : 0.191638,
	"yaw" : 3.1015198939640034,
	"z" : 0.12155199999999999
}
