{
	"pitch" : 0.9843831514173218,
	"roll" : 2.2624528560677288,
	"x" : 0.26442599999999999,
	"y" : 0.17240800000000001,
	"yaw" : -2.7074594554487237,
	"z" : 0.22218199999999999
}
