{
	"pitch" : 0.42723914759569198,
	"roll" : 2.5755300172904723,
	"x" : 0.35211599999999998,
	"y" : 0.18770000000000001,
	"yaw" : -3.1193047990418257,
	"z" : 0.198411
}
