{
	"pitch" : 0.35512214290328636,
	"roll" : 2.4741089344570817,
	"x" : 0.32910099999999998,
	"y" : 0.140704,
	"yaw" : 2.9937981725309135,
	"z" : 0.235735
}
