{
	"pitch" : 1.1224561485425935,
	"roll" : 2.6881212073366267,
	"x" : 0.22753699999999999,
	"y" : 0.19003,
	"yaw" : -2.7104265151771139,
	"z" : 0.278725
}
