{
	"pitch" : 1.1607486723313485,
	"roll" : 2.445712427527134,
	"x" : 0.270866,
	"y" : 0.15628,
	"yaw" : -2.2102849647256191,
	"z" : 0.24800800000000001
}
