{
	"pitch" : 1.1912744809487292,
	"roll" : 3.0157544145210018,
	"x" : 0.096960000000000005,
	"y" : 0.049293999999999998,
	"yaw" : -2.8458466118393542,
	"z" : 0.18443499999999999
}
