{
	"pitch" : 1.1322648989388013,
	"roll" : 0.78169806538322029,
	"x" : 0.071567000000000006,
	"y" : 0.0051219999999999998,
	"yaw" : 0.97652916978334714,
	"z" : 0.247364
}
