{
	"pitch" : 0.95619608399761369,
	"roll" : 2.860873896699025,
	"x" : 0.25079400000000002,
	"y" : 0.21435299999999999,
	"yaw" : -2.4601288471486074,
	"z" : 0.20868600000000001
}
