{
	"pitch" : 0.95699893545353054,
	"roll" : 2.0192761313873593,
	"x" : 0.131105,
	"y" : 0.077200000000000005,
	"yaw" : 2.5160317430899855,
	"z" : 0.28504400000000002
}
