{
	"pitch" : 0.24500932039496401,
	"roll" : 2.5346718595012852,
	"x" : 0.335227,
	"y" : 0.16009300000000001,
	"yaw" : 3.0268372552711664,
	"z" : 0.18756800000000001
}
