{
	"pitch" : 0.54833009109905839,
	"roll" : 2.5649009621458272,
	"x" : 0.32675799999999999,
	"y" : 0.203878,
	"yaw" : -2.8910506394660072,
	"z" : 0.248305
}
