{
	"pitch" : 0.98590158786655657,
	"roll" : 2.283117554411342,
	"x" : 0.26439400000000002,
	"y" : 0.17383899999999999,
	"yaw" : -2.6952246973922431,
	"z" : 0.22146299999999999
}
