{
	"pitch" : 1.1043919907844522,
	"roll" : 2.6952596039772829,
	"x" : 0.22740099999999999,
	"y" : 0.18993499999999999,
	"yaw" : -2.7040386101148148,
	"z" : 0.27265600000000001
}
