{
	"pitch" : 0.37843974170993061,
	"roll" : 2.6507013481738682,
	"x" : 0.37167,
	"y" : 0.19161900000000001,
	"yaw" : 3.1016944268892028,
	"z" : 0.14551600000000001
}
