{
	"pitch" : 1.0549642663679726,
	"roll" : 2.7262217449076624,
	"x" : 0.27169500000000002,
	"y" : 0.18012300000000001,
	"yaw" : -2.2078065971877869,
	"z" : 0.222416
}
