{
	"pitch" : 1.4180276573678317,
	"roll" : -2.5880440280272707,
	"x" : 0.123612,
	"y" : 0.10068299999999999,
	"yaw" : -1.8401006303776197,
	"z" : 0.30963800000000002
}
