{
	"pitch" : 0.33128094532104374,
	"roll" : 2.6018495824105465,
	"x" : 0.34516200000000002,
	"y" : 0.144178,
	"yaw" : -3.0768060317557637,
	"z" : 0.17366400000000001
}
