{
	"pitch" : 0.34941491624926485,
	"roll" : 2.4756622774913568,
	"x" : 0.32882800000000001,
	"y" : 0.14269499999999999,
	"yaw" : 2.9983185752935788,
	"z" : 0.234018
}
