{
	"pitch" : 0.3419274537582091,
	"roll" : 2.6161961888619398,
	"x" : 0.34320600000000001,
	"y" : 0.146145,
	"yaw" : -3.0754097683541683,
	"z" : 0.170901
}
