{
	"pitch" : 1.1203966600252397,
	"roll" : 2.4532871564807892,
	"x" : 0.261768,
	"y" : 0.16334199999999999,
	"yaw" : -2.2593810765842193,
	"z" : 0.233462
}
