{
	"pitch" : 1.1031353537230164,
	"roll" : 2.5397507676245885,
	"x" : 0.27197199999999999,
	"y" : 0.16390199999999999,
	"yaw" : -2.2967485758694188,
	"z" : 0.230792
}
