{
	"pitch" : 0.95829047910000675,
	"roll" : 2.9094987696595873,
	"x" : 0.25237900000000002,
	"y" : 0.21327299999999999,
	"yaw" : -2.4197942881350185,
	"z" : 0.208761
}
