{
	"pitch" : 1.0971663276811956,
	"roll" : 2.5528232837220264,
	"x" : 0.271536,
	"y" : 0.163489,
	"yaw" : -2.2848105237857768,
	"z" : 0.22950699999999999
}
