{
	"pitch" : 0.43884558712145416,
	"roll" : 2.6021288350908658,
	"x" : 0.36112899999999998,
	"y" : 0.193824,
	"yaw" : -3.1221496857225763,
	"z" : 0.186976
}
