{
	"pitch" : 0.33459707089983282,
	"roll" : 2.5861765257276375,
	"x" : 0.34890300000000002,
	"y" : 0.14678099999999999,
	"yaw" : -3.0699119812103861,
	"z" : 0.17993000000000001
}
