{
	"pitch" : 1.3918477185879181,
	"roll" : -2.6574034125015262,
	"x" : 0.10864799999999999,
	"y" : 0.087057999999999996,
	"yaw" : -1.9373154697137058,
	"z" : 0.27686300000000003
}
