{
	"pitch" : 0.94863880833647773,
	"roll" : 2.7637986837031008,
	"x" : 0.24499899999999999,
	"y" : 0.207761,
	"yaw" : -2.402899500975713,
	"z" : 0.20128199999999999
}
