{
	"pitch" : 1.0261314271250264,
	"roll" : 2.2383673123902077,
	"x" : 0.29727700000000001,
	"y" : 0.117474,
	"yaw" : -2.4015555974516771,
	"z" : 0.28547600000000001
}
