{
	"pitch" : 0.44301692403372067,
	"roll" : 2.5714808534258458,
	"x" : 0.34893200000000002,
	"y" : 0.16983100000000001,
	"yaw" : -2.9616841142942176,
	"z" : 0.21265800000000001
}
