{
	"pitch" : 0.45650831915163687,
	"roll" : 2.6230727861147978,
	"x" : 0.34466799999999997,
	"y" : 0.16150500000000001,
	"yaw" : -3.0117576105339352,
	"z" : 0.19594300000000001
}
