{
	"pitch" : 0.9582381192224465,
	"roll" : 2.6037170847101803,
	"x" : 0.25344,
	"y" : 0.201406,
	"yaw" : -2.5516190065381501,
	"z" : 0.20849899999999999
}
