{
	"pitch" : 1.0297617119691749,
	"roll" : 2.7900484356530955,
	"x" : 0.223414,
	"y" : 0.182002,
	"yaw" : -2.6576128520117659,
	"z" : 0.24759999999999999
}
