{
	"pitch" : 0.49982739118613606,
	"roll" : 2.5150892652939087,
	"x" : 0.32893,
	"y" : 0.20497000000000001,
	"yaw" : -3.0266627223459666,
	"z" : 0.24773100000000001
}
