{
	"pitch" : 0.36589082438809128,
	"roll" : 2.4214872575094528,
	"x" : 0.32562999999999998,
	"y" : 0.117574,
	"yaw" : 2.9271091418122102,
	"z" : 0.26306299999999999
}
