{
	"pitch" : 0.95314175780662369,
	"roll" : 2.7442335427882445,
	"x" : 0.24471499999999999,
	"y" : 0.20746000000000001,
	"yaw" : -2.4177347996176657,
	"z" : 0.202931
}
