{
	"pitch" : 0.32503266659890401,
	"roll" : 2.3983965515055679,
	"x" : 0.32478099999999999,
	"y" : 0.13355300000000001,
	"yaw" : -2.8900034419148106,
	"z" : 0.26435599999999998
}
