{
	"pitch" : 0.40041343699253901,
	"roll" : 2.5864732317004764,
	"x" : 0.34798800000000002,
	"y" : 0.20428499999999999,
	"yaw" : -3.1304225463770297,
	"z" : 0.18348999999999999
}
