{
	"pitch" : 0.96651097987690004,
	"roll" : 1.9997633503500634,
	"x" : 0.12749199999999999,
	"y" : 0.073273000000000005,
	"yaw" : 2.4803048533016621,
	"z" : 0.27959099999999998
}
