{
	"pitch" : 1.0060950473121311,
	"roll" : 1.2620824887021398,
	"x" : 0.070855000000000001,
	"y" : 0.025874000000000001,
	"yaw" : 1.6785704081055466,
	"z" : 0.25113600000000003
}
