{
	"pitch" : 1.0113484883606338,
	"roll" : 1.2988391227491403,
	"x" : 0.073944999999999997,
	"y" : 0.027480999999999998,
	"yaw" : 1.7099514280564048,
	"z" : 0.25362000000000001
}
