{
	"pitch" : 1.0274404240640225,
	"roll" : 2.7481605336052319,
	"x" : 0.222606,
	"y" : 0.184005,
	"yaw" : -2.6783648168179783,
	"z" : 0.247137
}
