{
	"pitch" : 1.0022553229577436,
	"roll" : 1.235588390656865,
	"x" : 0.068633,
	"y" : 0.024733999999999999,
	"yaw" : 1.6560556607548191,
	"z" : 0.248641
}
