{
	"pitch" : 0.98642518664215495,
	"roll" : 2.3620064366014866,
	"x" : 0.26234200000000002,
	"y" : 0.180704,
	"yaw" : -2.6456573466356046,
	"z" : 0.22020799999999999
}
