{
	"pitch" : 0.99811889263051723,
	"roll" : 2.443687845594821,
	"x" : 0.26124799999999998,
	"y" : 0.187635,
	"yaw" : -2.5917615793340198,
	"z" : 0.21913199999999999
}
