{
	"pitch" : 0.94633497372384545,
	"roll" : 2.0417036122754868,
	"x" : 0.13511500000000001,
	"y" : 0.081120999999999999,
	"yaw" : 2.5519855256810686,
	"z" : 0.28941800000000001
}
