{
	"pitch" : 0.99359848986785193,
	"roll" : 3.081326434518429,
	"x" : 0.26314599999999999,
	"y" : 0.21176400000000001,
	"yaw" : -2.2530106248144399,
	"z" : 0.21742
}
