{
	"pitch" : 0.32021555786339972,
	"roll" : 2.4864135056836418,
	"x" : 0.32832299999999998,
	"y" : 0.15140600000000001,
	"yaw" : 3.0180233425485943,
	"z" : 0.22394900000000001
}
