{
	"pitch" : 0.29433232505632367,
	"roll" : 2.4972170937534868,
	"x" : 0.32899800000000001,
	"y" : 0.155863,
	"yaw" : 3.0295425156117575,
	"z" : 0.214527
}
