{
	"pitch" : 0.47001716756207301,
	"roll" : 2.6381175242669888,
	"x" : 0.34404000000000001,
	"y" : 0.16030800000000001,
	"yaw" : -3.0001686243006924,
	"z" : 0.19364999999999999
}
