{
	"pitch" : 1.3857914260834978,
	"roll" : -2.6736349745450738,
	"x" : 0.10379099999999999,
	"y" : 0.083141000000000007,
	"yaw" : -1.9581372476899981,
	"z" : 0.26630399999999999
}
