{
	"pitch" : 0.30888837101795646,
	"roll" : 2.6857824661389538,
	"x" : 0.36662800000000001,
	"y" : 0.18901699999999999,
	"yaw" : 3.1039459016242752,
	"z" : 0.115479
}
