{
	"pitch" : 0.44956190872869939,
	"roll" : 2.1554292663354371,
	"x" : 0.33605400000000002,
	"y" : 0.091605000000000006,
	"yaw" : -3.0453901052198655,
	"z" : 0.29000300000000001
}
