{
	"pitch" : 1.252465724523651,
	"roll" : 0.26157249499639018,
	"x" : 0.071559999999999999,
	"y" : 0.0049789999999999999,
	"yaw" : 0.41830306182548099,
	"z" : 0.24745200000000001
}
