{
	"pitch" : 0.28626890391210996,
	"roll" : 2.5476571091361229,
	"x" : 0.338287,
	"y" : 0.158747,
	"yaw" : 3.0262612966180078,
	"z" : 0.18773699999999999
}
