{
	"pitch" : 0.45066146615745578,
	"roll" : 2.6117106926843143,
	"x" : 0.36432300000000001,
	"y" : 0.191688,
	"yaw" : -3.1368977179019284,
	"z" : 0.184339
}
