{
	"pitch" : 0.39774308323698782,
	"roll" : 2.5440093709994547,
	"x" : 0.35041899999999998,
	"y" : 0.16794100000000001,
	"yaw" : -3.0858468372810943,
	"z" : 0.210454
}
