{
	"pitch" : 1.0459583674276822,
	"roll" : 2.3839277720065351,
	"x" : 0.28628700000000001,
	"y" : 0.131296,
	"yaw" : -2.2490836339974529,
	"z" : 0.26552199999999998
}
