{
	"pitch" : 0.26279422547278625,
	"roll" : 2.6444530694517283,
	"x" : 0.34880299999999997,
	"y" : 0.18453600000000001,
	"yaw" : 3.1230048970560538,
	"z" : 0.13259899999999999
}
