{
	"pitch" : 0.27967155933957139,
	"roll" : 2.6591138351684807,
	"x" : 0.34484100000000001,
	"y" : 0.163273,
	"yaw" : -3.1292182691931534,
	"z" : 0.13519
}
