{
	"pitch" : 1.1129441041192243,
	"roll" : 2.7711116132689568,
	"x" : 0.23205500000000001,
	"y" : 0.198321,
	"yaw" : -2.5653547477513454,
	"z" : 0.26575100000000001
}
