{
	"pitch" : 1.0664310795535756,
	"roll" : 2.6186571031072527,
	"x" : 0.28459400000000001,
	"y" : 0.144229,
	"yaw" : -2.0810607869079587,
	"z" : 0.25122699999999998
}
