{
	"pitch" : 0.36372661611561824,
	"roll" : 2.6101224430649999,
	"x" : 0.34126099999999998,
	"y" : 0.217142,
	"yaw" : -3.0728441343537365,
	"z" : 0.16588700000000001
}
