{
	"pitch" : 0.27216664355599585,
	"roll" : 2.678452083280578,
	"x" : 0.35698400000000002,
	"y" : 0.18600800000000001,
	"yaw" : 3.1135626658027644,
	"z" : 0.115259
}
