{
	"pitch" : 0.96942567972773031,
	"roll" : 2.8262989242170176,
	"x" : 0.248587,
	"y" : 0.215583,
	"yaw" : -2.4494125255413621,
	"z" : 0.209621
}
