{
	"pitch" : 1.0835178529305993,
	"roll" : 2.5806787385838557,
	"x" : 0.26821099999999998,
	"y" : 0.164628,
	"yaw" : -2.2310718361168713,
	"z" : 0.227407
}
