{
	"pitch" : 1.1491247795130664,
	"roll" : 2.5001841534818765,
	"x" : 0.28080500000000003,
	"y" : 0.15688199999999999,
	"yaw" : -2.1765652035770882,
	"z" : 0.258405
}
