{
	"pitch" : 0.98600630762167651,
	"roll" : 3.0869813012948906,
	"x" : 0.26428099999999999,
	"y" : 0.211141,
	"yaw" : -2.2608646064484148,
	"z" : 0.217805
}
