{
	"pitch" : 0.3424161459487674,
	"roll" : 2.5662274123773425,
	"x" : 0.35411100000000001,
	"y" : 0.15026900000000001,
	"yaw" : -3.0581310087594242,
	"z" : 0.188944
}
