{
	"pitch" : 0.95740036118148897,
	"roll" : 2.9390297406033312,
	"x" : 0.25293100000000002,
	"y" : 0.21237900000000001,
	"yaw" : -2.3912407015723911,
	"z" : 0.20836299999999999
}
