{
	"pitch" : 1.0066360993802494,
	"roll" : 1.8548312092644541,
	"x" : 0.114299,
	"y" : 0.059447,
	"yaw" : 2.2922630796917924,
	"z" : 0.271231
}
