{
	"pitch" : 1.3432926587974363,
	"roll" : -2.7232197785942325,
	"x" : 0.100309,
	"y" : 0.073896000000000003,
	"yaw" : -2.0672552325246834,
	"z" : 0.24369499999999999
}
