{
	"pitch" : 0.44420374792507678,
	"roll" : 2.6271568565644645,
	"x" : 0.36710900000000002,
	"y" : 0.191496,
	"yaw" : 3.1415926535897931,
	"z" : 0.17507800000000001
}
