{
	"pitch" : 0.25176374460018197,
	"roll" : 2.5365219085083988,
	"x" : 0.33595900000000001,
	"y" : 0.159778,
	"yaw" : 3.0220026932431416,
	"z" : 0.18759899999999999
}
