{
	"pitch" : 0.95268797220110513,
	"roll" : 2.7531172686808958,
	"x" : 0.244974,
	"y" : 0.20741699999999999,
	"yaw" : -2.4092524994529723,
	"z" : 0.20225399999999999
}
