{
	"pitch" : 1.1389844165589795,
	"roll" : 2.4467247184932912,
	"x" : 0.26389200000000002,
	"y" : 0.16274,
	"yaw" : -2.2745828943690904,
	"z" : 0.237423
}
