{
	"pitch" : 0.92605424781567103,
	"roll" : 2.0694194407971565,
	"x" : 0.14797399999999999,
	"y" : 0.088550000000000004,
	"yaw" : 2.5791079422570604,
	"z" : 0.29820400000000002
}
