{
	"pitch" : 0.26101398963575201,
	"roll" : 2.6448370418871674,
	"x" : 0.34769499999999998,
	"y" : 0.18385499999999999,
	"yaw" : 3.139253912392121,
	"z" : 0.132628
}
