{
	"pitch" : 0.5934643055556319,
	"roll" : 2.0603088221017463,
	"x" : 0.331044,
	"y" : 0.101851,
	"yaw" : -2.9675658738734385,
	"z" : 0.29976399999999997
}
