{
	"pitch" : 0.5167221783454411,
	"roll" : 2.4010145453835596,
	"x" : 0.27013900000000002,
	"y" : 0.117686,
	"yaw" : 2.8379751769128601,
	"z" : 0.27086100000000002
}
