{
	"pitch" : 1.0489952403261524,
	"roll" : 2.5475000295034436,
	"x" : 0.284049,
	"y" : 0.13795499999999999,
	"yaw" : -2.1279577839090464,
	"z" : 0.252913
}
