{
	"pitch" : 1.029115940145936,
	"roll" : 2.2512478422699256,
	"x" : 0.28237499999999999,
	"y" : 0.16731599999999999,
	"yaw" : -2.7403763651413366,
	"z" : 0.23643900000000001
}
