{
	"pitch" : 1.0870259647271083,
	"roll" : 2.5629112867985531,
	"x" : 0.268621,
	"y" : 0.16306799999999999,
	"yaw" : -2.2491359938750128,
	"z" : 0.227822
}
