{
	"pitch" : 0.95801122641968728,
	"roll" : 2.6516263726774247,
	"x" : 0.25192199999999998,
	"y" : 0.20355500000000001,
	"yaw" : -2.5409899513935046,
	"z" : 0.20700499999999999
}
