{
	"pitch" : 0.73460908216441323,
	"roll" : 2.3107984763479723,
	"x" : 0.18981400000000001,
	"y" : 0.111029,
	"yaw" : 2.7562588613344849,
	"z" : 0.26504899999999998
}
