{
	"pitch" : 0.37638025319257723,
	"roll" : 2.2672176049256736,
	"x" : 0.33664899999999998,
	"y" : 0.081661999999999998,
	"yaw" : -3.048706230798655,
	"z" : 0.280947
}
