{
	"pitch" : 0.34374259618028313,
	"roll" : 2.5740115808412369,
	"x" : 0.353045,
	"y" : 0.14910300000000001,
	"yaw" : -3.0633669965154073,
	"z" : 0.186332
}
