{
	"pitch" : 1.0557322112388501,
	"roll" : 2.7066042441152462,
	"x" : 0.26718399999999998,
	"y" : 0.17552999999999999,
	"yaw" : -2.1464582739801865,
	"z" : 0.22283500000000001
}
