{
	"pitch" : 1.1930023569082042,
	"roll" : 2.9984232950486982,
	"x" : 0.096393000000000006,
	"y" : 0.050703999999999999,
	"yaw" : -2.8464574770775521,
	"z" : 0.18465699999999999
}
