{
	"pitch" : 0.95256579915346506,
	"roll" : 2.7487888521359491,
	"x" : 0.244865,
	"y" : 0.207513,
	"yaw" : -2.4124639052766415,
	"z" : 0.20233300000000001
}
