{
	"pitch" : 0.99689716215412116,
	"roll" : 2.4884206343234352,
	"x" : 0.26153500000000002,
	"y" : 0.192219,
	"yaw" : -2.5798933404204587,
	"z" : 0.21823000000000001
}
