{
	"pitch" : 0.27904324080885345,
	"roll" : 2.5768913741070278,
	"x" : 0.347746,
	"y" : 0.18684600000000001,
	"yaw" : -3.0289141970810394,
	"z" : 0.16530300000000001
}
