{
	"pitch" : 1.0268644654108638,
	"roll" : 1.6781864356701084,
	"x" : 0.10145999999999999,
	"y" : 0.046835000000000002,
	"yaw" : 2.0843943657792683,
	"z" : 0.26433800000000002
}
