{
	"pitch" : 1.0878113628905057,
	"roll" : 2.5638712178871503,
	"x" : 0.268816,
	"y" : 0.163131,
	"yaw" : -2.2481935160789366,
	"z" : 0.22808200000000001
}
