{
	"pitch" : 1.4249042546206916,
	"roll" : -2.593122936150575,
	"x" : 0.12984899999999999,
	"y" : 0.106971,
	"yaw" : -1.8277436992735021,
	"z" : 0.31980900000000001
}
