{
	"pitch" : 0.99103285586741996,
	"roll" : 1.2511043677070954,
	"x" : 0.068336999999999995,
	"y" : 0.024580000000000001,
	"yaw" : 1.6715018246349693,
	"z" : 0.242282
}
