{
	"pitch" : 0.43271948144695416,
	"roll" : 2.6327419101708465,
	"x" : 0.367676,
	"y" : 0.191746,
	"yaw" : -3.1394982584874001,
	"z" : 0.16989299999999999
}
