{
	"pitch" : 0.46485099297616977,
	"roll" : 2.6325324706606072,
	"x" : 0.34421600000000002,
	"y" : 0.160915,
	"yaw" : -3.0005525967361315,
	"z" : 0.19470399999999999
}
