{
	"pitch" : 1.1952014717657169,
	"roll" : 2.9939028922860333,
	"x" : 0.095926999999999998,
	"y" : 0.051838000000000002,
	"yaw" : -2.8367185398514239,
	"z" : 0.184864
}
