{
	"pitch" : 0.98743747760831224,
	"roll" : 2.2953523124678226,
	"x" : 0.26450800000000002,
	"y" : 0.174682,
	"yaw" : -2.689430204275622,
	"z" : 0.221077
}
