{
	"pitch" : 1.0853504486451937,
	"roll" : 2.5657212668942639,
	"x" : 0.26719599999999999,
	"y" : 0.163109,
	"yaw" : -2.2271273920073642,
	"z" : 0.22792599999999999
}
