{
	"pitch" : 0.35875242774743449,
	"roll" : 2.4286780140276694,
	"x" : 0.322376,
	"y" : 0.155306,
	"yaw" : -2.8606993637738261,
	"z" : 0.26024399999999998
}
