{
	"pitch" : 0.95799377312716782,
	"roll" : 2.6483626069761956,
	"x" : 0.25216300000000003,
	"y" : 0.203071,
	"yaw" : -2.5429970800332979,
	"z" : 0.20708499999999999
}
