{
	"pitch" : 0.42772783978625045,
	"roll" : 2.6173131995832168,
	"x" : 0.34436299999999997,
	"y" : 0.22570100000000001,
	"yaw" : -3.125064385573407,
	"z" : 0.169269
}
