{
	"pitch" : 0.25488788396125195,
	"roll" : 2.6548726850861346,
	"x" : 0.35125699999999999,
	"y" : 0.185755,
	"yaw" : 3.1040331680868753,
	"z" : 0.124863
}
