{
	"pitch" : 0.52064916916242854,
	"roll" : 2.5406932454206652,
	"x" : 0.32681399999999999,
	"y" : 0.205097,
	"yaw" : -2.9453129259105109,
	"z" : 0.24731700000000001
}
