{
	"pitch" : 0.93879515135523006,
	"roll" : 2.2292392404022769,
	"x" : 0.322766,
	"y" : 0.10344299999999999,
	"yaw" : -2.599877360355793,
	"z" : 0.30234100000000003
}
