{
	"pitch" : 1.1588462634466752,
	"roll" : 2.4174031870597861,
	"x" : 0.263158,
	"y" : 0.16145899999999999,
	"yaw" : -2.2805868269959508,
	"z" : 0.23993700000000001
}
