{
	"pitch" : 0.4555832946480799,
	"roll" : 2.613386208766229,
	"x" : 0.36485200000000001,
	"y" : 0.19144800000000001,
	"yaw" : -3.1400916704330779,
	"z" : 0.18443899999999999
}
