{
	"pitch" : 1.1364013292660289,
	"roll" : 2.8782050161713291,
	"x" : 0.23103899999999999,
	"y" : 0.18743399999999999,
	"yaw" : -2.5529454567696654,
	"z" : 0.27828599999999998
}
