{
	"pitch" : 0.49677306499514612,
	"roll" : 2.5128726971438762,
	"x" : 0.33051000000000003,
	"y" : 0.20483899999999999,
	"yaw" : -3.0471877943494201,
	"z" : 0.24637400000000001
}
