{
	"pitch" : 1.0279291162545801,
	"roll" : 2.3578525529817389,
	"x" : 0.28069,
	"y" : 0.16891600000000001,
	"yaw" : -2.6355867968515971,
	"z" : 0.23067599999999999
}
