{
	"pitch" : 0.96064667359019884,
	"roll" : 2.8421290605326064,
	"x" : 0.250002,
	"y" : 0.214979,
	"yaw" : -2.4628690140742386,
	"z" : 0.209176
}
