{
	"pitch" : 0.94771378383292104,
	"roll" : 3.0218456136104623,
	"x" : 0.25798199999999999,
	"y" : 0.20893900000000001,
	"yaw" : -2.3457923278504587,
	"z" : 0.20877399999999999
}
