{
	"pitch" : 0.45827110169615121,
	"roll" : 2.6276280954625029,
	"x" : 0.34403899999999998,
	"y" : 0.160305,
	"yaw" : -3.023643302740016,
	"z" : 0.19364799999999999
}
