{
	"pitch" : 0.88163561835241544,
	"roll" : 1.0770775879907404,
	"x" : 0.071567000000000006,
	"y" : 0.0051219999999999998,
	"yaw" : 1.3223138011884639,
	"z" : 0.247364
}
