{
	"pitch" : 1.1178484793173284,
	"roll" : 2.4568476281548572,
	"x" : 0.26178699999999999,
	"y" : 0.16325000000000001,
	"yaw" : -2.2566758162436282,
	"z" : 0.233234
}
