{
	"pitch" : 1.0889807334893422,
	"roll" : 2.564499536417868,
	"x" : 0.26931899999999998,
	"y" : 0.163193,
	"yaw" : -2.2512478422699256,
	"z" : 0.22837099999999999
}
