{
	"pitch" : 1.1466638652677552,
	"roll" : 2.4402670002609121,
	"x" : 0.26392900000000002,
	"y" : 0.162382,
	"yaw" : -2.2730819112123752,
	"z" : 0.238619
}
