{
	"pitch" : 1.1611151914742679,
	"roll" : 2.4050811625407058,
	"x" : 0.26256699999999999,
	"y" : 0.16156000000000001,
	"yaw" : -2.285770454874374,
	"z" : 0.24037600000000001
}
