{
	"pitch" : 1.0232341805667158,
	"roll" : 1.4019531749569656,
	"x" : 0.082475999999999994,
	"y" : 0.031953000000000002,
	"yaw" : 1.7985792474726767,
	"z" : 0.25740600000000002
}
