{
	"pitch" : 0.90601786800277662,
	"roll" : 2.0761738650023749,
	"x" : 0.15031600000000001,
	"y" : 0.089956999999999995,
	"yaw" : 2.5817259361350522,
	"z" : 0.297151
}
