{
	"pitch" : 1.1686899204279231,
	"roll" : 2.3937365224027429,
	"x" : 0.26295800000000003,
	"y" : 0.16053999999999999,
	"yaw" : -2.2891214870382028,
	"z" : 0.24096999999999999
}
