{
	"pitch" : 0.42626176321457521,
	"roll" : 2.6169292271477778,
	"x" : 0.34371499999999999,
	"y" : 0.22650699999999999,
	"yaw" : -3.1219576995048568,
	"z" : 0.169237
}
