{
	"pitch" : 1.0065662862101699,
	"roll" : 1.8554071679176125,
	"x" : 0.113441,
	"y" : 0.058999999999999997,
	"yaw" : 2.2927517718823518,
	"z" : 0.26965499999999998
}
