{
	"pitch" : 0.37166786421219256,
	"roll" : 2.4750165056681186,
	"x" : 0.33308500000000002,
	"y" : 0.12691,
	"yaw" : 2.9721386365136637,
	"z" : 0.23902599999999999
}
