{
	"pitch" : 1.1265576722847799,
	"roll" : 0.79370593063694139,
	"x" : 0.071567000000000006,
	"y" : 0.0051219999999999998,
	"yaw" : 0.98981112539102423,
	"z" : 0.247364
}
