{
	"pitch" : 0.43655920580134167,
	"roll" : 2.5691246589356531,
	"x" : 0.34703899999999999,
	"y" : 0.17147999999999999,
	"yaw" : -2.9441610086041945,
	"z" : 0.21255199999999999
}
