{
	"pitch" : 0.97052523715648709,
	"roll" : 2.8228606255905886,
	"x" : 0.24843699999999999,
	"y" : 0.21576200000000001,
	"yaw" : -2.4503026434598789,
	"z" : 0.209754
}
