{
	"pitch" : 0.26040312439755392,
	"roll" : 2.6493748979423524,
	"x" : 0.35123900000000002,
	"y" : 0.18535299999999999,
	"yaw" : 3.1031605034608782,
	"z" : 0.128633
}
