{
	"pitch" : 0.96211275016187414,
	"roll" : 2.8388303882463366,
	"x" : 0.249775,
	"y" : 0.215229,
	"yaw" : -2.4621359757884007,
	"z" : 0.20933099999999999
}
