{
	"pitch" : 1.0988592970556297,
	"roll" : 2.5461735792719273,
	"x" : 0.27146799999999999,
	"y" : 0.163603,
	"yaw" : -2.2903955773921578,
	"z" : 0.22977400000000001
}
