{
	"pitch" : 1.0006147134608696,
	"roll" : 3.106563895502267,
	"x" : 0.26527800000000001,
	"y" : 0.212649,
	"yaw" : -2.2307576768515127,
	"z" : 0.22045899999999999
}
