{
	"pitch" : 1.1294898254281303,
	"roll" : 2.8310462197824418,
	"x" : 0.23120299999999999,
	"y" : 0.191829,
	"yaw" : -2.56081689169616,
	"z" : 0.27398400000000001
}
