{
	"pitch" : 0.65617398557978823,
	"roll" : 2.3619540767239262,
	"x" : 0.21884100000000001,
	"y" : 0.117341,
	"yaw" : 2.7928409624562862,
	"z" : 0.26628099999999999
}
