{
	"pitch" : 0.98780399675123109,
	"roll" : 2.7972042855862722,
	"x" : 0.249255,
	"y" : 0.21105299999999999,
	"yaw" : -2.439813214655393,
	"z" : 0.20263999999999999
}
