{
	"pitch" : 0.43175955035835734,
	"roll" : 2.593122936150575,
	"x" : 0.34678100000000001,
	"y" : 0.16294800000000001,
	"yaw" : -3.0617612936035723,
	"z" : 0.199713
}
