{
	"pitch" : 0.9544333014530989,
	"roll" : 2.6534066085144592,
	"x" : 0.25213099999999999,
	"y" : 0.20366200000000001,
	"yaw" : -2.5525614843342268,
	"z" : 0.20714099999999999
}
