{
	"pitch" : 1.4103133020740188,
	"roll" : -2.5918313925040994,
	"x" : 0.117127,
	"y" : 0.094256999999999994,
	"yaw" : -1.8609049550613939,
	"z" : 0.29780800000000002
}
