{
	"pitch" : 0.43645448604622206,
	"roll" : 2.6032283925196222,
	"x" : 0.36127900000000002,
	"y" : 0.19389100000000001,
	"yaw" : -3.121678446824538,
	"z" : 0.185918
}
