{
	"pitch" : 1.1709588484555153,
	"roll" : 2.5070607507347353,
	"x" : 0.27909299999999998,
	"y" : 0.15803200000000001,
	"yaw" : -2.151973514416488,
	"z" : 0.259162
}
