{
	"pitch" : 1.0544057610073345,
	"roll" : 2.8533340743304101,
	"x" : 0.26775900000000002,
	"y" : 0.187719,
	"yaw" : -2.0637994806057347,
	"z" : 0.22040899999999999
}
