{
	"pitch" : 0.30442032813285103,
	"roll" : 2.589073772285948,
	"x" : 0.34463300000000002,
	"y" : 0.20096,
	"yaw" : -3.0583579015621836,
	"z" : 0.16530500000000001
}
