{
	"pitch" : 0.96286324174023186,
	"roll" : 3.0248650332164124,
	"x" : 0.25965500000000002,
	"y" : 0.212283,
	"yaw" : -2.3269078653438799,
	"z" : 0.21199899999999999
}
