{
	"pitch" : 0.33691835880498544,
	"roll" : 2.5536784950555034,
	"x" : 0.35488999999999998,
	"y" : 0.152589,
	"yaw" : -3.0484793379958957,
	"z" : 0.19250800000000001
}
