{
	"pitch" : 0.3396410724380966,
	"roll" : 2.5787763296991817,
	"x" : 0.35132099999999999,
	"y" : 0.148173,
	"yaw" : -3.0658628173457592,
	"z" : 0.18368899999999999
}
