{
	"pitch" : 1.0870259647271081,
	"roll" : 2.7016300557470623,
	"x" : 0.22675500000000001,
	"y" : 0.18948599999999999,
	"yaw" : -2.6983662900458332,
	"z" : 0.26675100000000002
}
