{
	"pitch" : 1.1278143093462161,
	"roll" : 2.6859046391865937,
	"x" : 0.22756799999999999,
	"y" : 0.190051,
	"yaw" : -2.7124336438169077,
	"z" : 0.28053299999999998
}
