{
	"pitch" : 0.3016627079146999,
	"roll" : 2.5862288856051978,
	"x" : 0.33714699999999997,
	"y" : 0.21548,
	"yaw" : -3.0540992981873174,
	"z" : 0.16537099999999999
}
