{
	"pitch" : 0.35208527000481599,
	"roll" : 2.6641403834142245,
	"x" : 0.37224099999999999,
	"y" : 0.19175300000000001,
	"yaw" : 3.1036142890663969,
	"z" : 0.13322300000000001
}
