{
	"pitch" : 1.0806729662498487,
	"roll" : 2.6012910770499089,
	"x" : 0.26860200000000001,
	"y" : 0.16561400000000001,
	"yaw" : -2.2198319157340278,
	"z" : 0.22675100000000001
}
