{
	"pitch" : 1.1671889372712081,
	"roll" : 2.352354765837958,
	"x" : 0.26578800000000002,
	"y" : 0.15443899999999999,
	"yaw" : -2.3247087504863675,
	"z" : 0.24133599999999999
}
