{
	"pitch" : 0.87973320946774203,
	"roll" : 1.0782993184671366,
	"x" : 0.071567000000000006,
	"y" : 0.0051219999999999998,
	"yaw" : 1.3239020508077788,
	"z" : 0.247364
}
