{
	"pitch" : 0.28427922856483651,
	"roll" : 2.5587050433012473,
	"x" : 0.35106300000000001,
	"y" : 0.168212,
	"yaw" : -3.027081601366445,
	"z" : 0.17566599999999999
}
