{
	"pitch" : 0.4081976054564338,
	"roll" : 2.547238230115644,
	"x" : 0.34970099999999998,
	"y" : 0.17155300000000001,
	"yaw" : -3.0482524451931363,
	"z" : 0.21246200000000001
}
