{
	"pitch" : 1.0126225787145902,
	"roll" : 1.3056459068319179,
	"x" : 0.074364,
	"y" : 0.027699000000000001,
	"yaw" : 1.7157459211730257,
	"z" : 0.25319799999999998
}
