{
	"pitch" : 0.37000980142279782,
	"roll" : 2.4741787476271613,
	"x" : 0.33235900000000002,
	"y" : 0.12881899999999999,
	"yaw" : 2.9754547620924527,
	"z" : 0.23902699999999999
}
