{
	"pitch" : 1.3161527889289242,
	"roll" : -2.7960872748649961,
	"x" : 0.099598000000000006,
	"y" : 0.069126999999999994,
	"yaw" : -2.1787817717271216,
	"z" : 0.23109499999999999
}
