{
	"pitch" : 0.95677204265077143,
	"roll" : 3.0127349949150517,
	"x" : 0.258909,
	"y" : 0.21154899999999999,
	"yaw" : -2.3434710399453058,
	"z" : 0.21057600000000001
}
