{
	"pitch" : 0.42945571574572483,
	"roll" : 2.6129847830382706,
	"x" : 0.34304499999999999,
	"y" : 0.16000500000000001,
	"yaw" : -3.0609584421476552,
	"z" : 0.192744
}
