{
	"pitch" : 0.96101319273311769,
	"roll" : 1.2928526434147998,
	"x" : 0.069597999999999993,
	"y" : 0.024641,
	"yaw" : 1.7062862366272167,
	"z" : 0.234656
}
