{
	"pitch" : 0.87603311145351404,
	"roll" : 1.080690419542369,
	"x" : 0.071567000000000006,
	"y" : 0.0051219999999999998,
	"yaw" : 1.327008736876329,
	"z" : 0.247364
}
