{
	"pitch" : 0.9827425419204473,
	"roll" : 2.231839780987749,
	"x" : 0.31766899999999998,
	"y" : 0.104078,
	"yaw" : -2.5300118303984602,
	"z" : 0.30299300000000001
}
