{
	"pitch" : 0.59609975272614335,
	"roll" : 2.3820253631218606,
	"x" : 0.24208299999999999,
	"y" : 0.11854000000000001,
	"yaw" : 2.8099451891258305,
	"z" : 0.269451
}
