{
	"pitch" : 0.95567248522201531,
	"roll" : 2.8583257159911137,
	"x" : 0.25079400000000002,
	"y" : 0.21435299999999999,
	"yaw" : -2.4632355332171572,
	"z" : 0.20868600000000001
}
