{
	"pitch" : 1.0500424378773483,
	"roll" : 2.7287699256155746,
	"x" : 0.26640200000000003,
	"y" : 0.178615,
	"yaw" : -2.1306455909571178,
	"z" : 0.22201299999999999
}
