{
	"pitch" : 1.2589758026335895,
	"roll" : 3.1360075999834116,
	"x" : 0.099066000000000001,
	"y" : 0.059117999999999997,
	"yaw" : -2.6322706712728081,
	"z" : 0.206565
}
