{
	"pitch" : 0.94588118811832667,
	"roll" : 3.021252201664784,
	"x" : 0.25759599999999999,
	"y" : 0.208671,
	"yaw" : -2.3462635667484975,
	"z" : 0.208175
}
