{
	"pitch" : 1.0786309310250157,
	"roll" : 2.6098431903846802,
	"x" : 0.26874100000000001,
	"y" : 0.16600599999999999,
	"yaw" : -2.2151718866312029,
	"z" : 0.22642300000000001
}
