{
	"pitch" : 0.95488708705861758,
	"roll" : 2.7277401813568978,
	"x" : 0.245725,
	"y" : 0.207123,
	"yaw" : -2.4355022514029674,
	"z" : 0.20394100000000001
}
