{
	"pitch" : 1.1557744839631654,
	"roll" : 2.4324479252119771,
	"x" : 0.26298199999999999,
	"y" : 0.16242200000000001,
	"yaw" : -2.2676190306536332,
	"z" : 0.23938300000000001
}
