{
	"pitch" : 0.50092694861489251,
	"roll" : 2.5653198411663056,
	"x" : 0.354153,
	"y" : 0.19173399999999999,
	"yaw" : -3.1285375907848758,
	"z" : 0.218665
}
