{
	"pitch" : 1.0878986293531054,
	"roll" : 2.5520553388511487,
	"x" : 0.26600299999999999,
	"y" : 0.16333500000000001,
	"yaw" : -2.2264467135990862,
	"z" : 0.22841600000000001
}
