{
	"pitch" : 0.39859829457046503,
	"roll" : 2.5463655654896469,
	"x" : 0.35021400000000003,
	"y" : 0.16755600000000001,
	"yaw" : -3.0880459521386068,
	"z" : 0.209646
}
