{
	"pitch" : 0.43943899906713224,
	"roll" : 2.567763302119098,
	"x" : 0.35231800000000002,
	"y" : 0.17965800000000001,
	"yaw" : -3.1059006703865095,
	"z" : 0.206841
}
