{
	"pitch" : 1.1008489724029036,
	"roll" : 2.5443409835573334,
	"x" : 0.27177099999999998,
	"y" : 0.163745,
	"yaw" : -2.2924027060319525,
	"z" : 0.23028699999999999
}
