{
	"pitch" : 1.087689189842866,
	"roll" : 2.5634523388666715,
	"x" : 0.26857399999999998,
	"y" : 0.16314200000000001,
	"yaw" : -2.245784961711184,
	"z" : 0.22808300000000001
}
