{
	"pitch" : 0.35833354872695583,
	"roll" : 2.4735678823889633,
	"x" : 0.32986599999999999,
	"y" : 0.13785700000000001,
	"yaw" : 2.9884923716048508,
	"z" : 0.236678
}
