{
	"pitch" : 0.9799849217022959,
	"roll" : 2.8261592978768579,
	"x" : 0.254637,
	"y" : 0.21010000000000001,
	"yaw" : -2.4651728486868705,
	"z" : 0.204434
}
