{
	"pitch" : 0.28005553177501019,
	"roll" : 2.5773626130050662,
	"x" : 0.34838599999999997,
	"y" : 0.18564900000000001,
	"yaw" : -3.0306944329180734,
	"z" : 0.16530300000000001
}
