{
	"pitch" : 1.0550340795380528,
	"roll" : 2.7092047847007175,
	"x" : 0.26688099999999998,
	"y" : 0.17616799999999999,
	"yaw" : -2.1431945082789574,
	"z" : 0.22273599999999999
}
