{
	"pitch" : 0.29869564818630956,
	"roll" : 2.5870666436461551,
	"x" : 0.34638400000000003,
	"y" : 0.195053,
	"yaw" : -3.0458089842403444,
	"z" : 0.16526399999999999
}
