{
	"pitch" : 0.96884972107457212,
	"roll" : 3.07474654323841,
	"x" : 0.261961,
	"y" : 0.21135300000000001,
	"yaw" : -2.2866431195003707,
	"z" : 0.214895
}
