{
	"pitch" : 0.90715233201657275,
	"roll" : 2.2144563016378855,
	"x" : 0.32455800000000001,
	"y" : 0.103102,
	"yaw" : -2.6453606406627657,
	"z" : 0.30159599999999998
}
