{
	"pitch" : 0.41128683823246381,
	"roll" : 2.4862389727584424,
	"x" : 0.33964499999999997,
	"y" : 0.115451,
	"yaw" : 2.9829596778760288,
	"z" : 0.24299100000000001
}
