{
	"pitch" : 0.40278708477525138,
	"roll" : 2.6228284400195183,
	"x" : 0.34496900000000003,
	"y" : 0.21678900000000001,
	"yaw" : -3.0985353809430927,
	"z" : 0.16650000000000001
}
