{
	"pitch" : 0.65706410349830535,
	"roll" : 2.3642404580440388,
	"x" : 0.21628600000000001,
	"y" : 0.116741,
	"yaw" : 2.7938707067149631,
	"z" : 0.26422299999999999
}
