{
	"pitch" : 1.0494839325167102,
	"roll" : 2.5155255976069069,
	"x" : 0.28425899999999998,
	"y" : 0.13714000000000001,
	"yaw" : -2.1504725312597732,
	"z" : 0.255245
}
