{
	"pitch" : 0.29963812598238659,
	"roll" : 2.5854085808567602,
	"x" : 0.340364,
	"y" : 0.21012400000000001,
	"yaw" : -3.0697374482851867,
	"z" : 0.16536200000000001
}
