{
	"pitch" : 0.96715675170013782,
	"roll" : 2.8494245368059423,
	"x" : 0.25491599999999998,
	"y" : 0.208258,
	"yaw" : -2.4603906465364065,
	"z" : 0.20232600000000001
}
