{
	"pitch" : 0.49932124570305786,
	"roll" : 2.5724058779294023,
	"x" : 0.35594300000000001,
	"y" : 0.191749,
	"yaw" : -3.132185328921544,
	"z" : 0.21462899999999999
}
