{
	"pitch" : 0.87996010227050103,
	"roll" : 1.0781596921269772,
	"x" : 0.071567000000000006,
	"y" : 0.0051219999999999998,
	"yaw" : 1.3237100645900595,
	"z" : 0.247364
}
