{
	"pitch" : 1.391690638955239,
	"roll" : -2.9571811648240729,
	"x" : 0.168211,
	"y" : 0.13467799999999999,
	"yaw" : -2.1823596966937111,
	"z" : 0.33829900000000002
}
