{
	"pitch" : 1.3112833203158598,
	"roll" : -2.8235936638764265,
	"x" : 0.099614999999999995,
	"y" : 0.068102999999999997,
	"yaw" : -2.2162539907674397,
	"z" : 0.22869999999999999
}
