{
	"pitch" : 1.1281284686115749,
	"roll" : 2.6931128489973304,
	"x" : 0.22819600000000001,
	"y" : 0.18981899999999999,
	"yaw" : -2.711438806143271,
	"z" : 0.28096100000000002
}
