{
	"pitch" : 0.26719245518781187,
	"roll" : 2.5685487002824949,
	"x" : 0.34867900000000002,
	"y" : 0.17855599999999999,
	"yaw" : -3.0217583471478622,
	"z" : 0.166683
}
