{
	"pitch" : 1.0287668742955376,
	"roll" : 2.7415980956177326,
	"x" : 0.222303,
	"y" : 0.18438299999999999,
	"yaw" : -2.6794469209542142,
	"z" : 0.24735099999999999
}
