{
	"pitch" : 0.99316215755485349,
	"roll" : 2.2365347166756138,
	"x" : 0.26958100000000002,
	"y" : 0.169909,
	"yaw" : -2.7360828551814307,
	"z" : 0.225998
}
