{
	"pitch" : 0.39854593469290517,
	"roll" : 2.5430145333258181,
	"x" : 0.34735899999999997,
	"y" : 0.172406,
	"yaw" : -3.0210253088620251,
	"z" : 0.212584
}
