{
	"pitch" : 1.0683160351457293,
	"roll" : 2.7080354141018814,
	"x" : 0.225823,
	"y" : 0.18883900000000001,
	"yaw" : -2.6927288765618917,
	"z" : 0.260409
}
