{
	"pitch" : 0.9137147700040712,
	"roll" : 2.0723341406479872,
	"x" : 0.14967900000000001,
	"y" : 0.089553999999999995,
	"yaw" : 2.5796489943251788,
	"z" : 0.29808000000000001
}
