{
	"pitch" : 1.1894418852341362,
	"roll" : 3.0280938923326022,
	"x" : 0.097484000000000001,
	"y" : 0.047932000000000002,
	"yaw" : -2.8499132289965012,
	"z" : 0.18423100000000001
}
