{
	"pitch" : 0.95610881753501364,
	"roll" : 2.6271044966869042,
	"x" : 0.25211699999999998,
	"y" : 0.20266100000000001,
	"yaw" : -2.5520902454361885,
	"z" : 0.206952
}
