{
	"pitch" : 0.99893919737895476,
	"roll" : 1.2326562375135155,
	"x" : 0.068381999999999998,
	"y" : 0.024603,
	"yaw" : 1.6540310788225066,
	"z" : 0.24898500000000001
}
