{
	"pitch" : 0.95235635964322596,
	"roll" : 1.2637405514915345,
	"x" : 0.070302000000000003,
	"y" : 0.022197000000000001,
	"yaw" : 1.6548164769859037,
	"z" : 0.23562
}
