{
	"pitch" : 0.4516388505385725,
	"roll" : 2.5064324322040168,
	"x" : 0.34046700000000002,
	"y" : 0.115992,
	"yaw" : 3.0422485125662759,
	"z" : 0.244949
}
