{
	"pitch" : 0.95560267205193539,
	"roll" : 2.8486042320575051,
	"x" : 0.25050699999999998,
	"y" : 0.21454200000000001,
	"yaw" : -2.4706182759530932,
	"z" : 0.20871799999999999
}
