{
	"pitch" : 1.0851061025499142,
	"roll" : 2.5673967829761786,
	"x" : 0.26739299999999999,
	"y" : 0.163081,
	"yaw" : -2.2277906171231217,
	"z" : 0.22786999999999999
}
