{
	"pitch" : 0.96733128462533691,
	"roll" : 2.8490231110779836,
	"x" : 0.25489899999999999,
	"y" : 0.20828199999999999,
	"yaw" : -2.4604779129990058,
	"z" : 0.202344
}
