{
	"pitch" : 0.31689943228461037,
	"roll" : 2.6829026728731633,
	"x" : 0.37102499999999999,
	"y" : 0.19092100000000001,
	"yaw" : 3.1043298740597143,
	"z" : 0.11655600000000001
}
