{
	"pitch" : 0.39646899288303206,
	"roll" : 2.6499334033029909,
	"x" : 0.36912699999999998,
	"y" : 0.19234399999999999,
	"yaw" : -3.1333896061054198,
	"z" : 0.153449
}
