{
	"pitch" : 0.95389224938498107,
	"roll" : 2.670022142993445,
	"x" : 0.25042500000000001,
	"y" : 0.204489,
	"yaw" : -2.5259103066562734,
	"z" : 0.20618400000000001
}
