{
	"pitch" : 0.98923516673786627,
	"roll" : 3.0831939368180628,
	"x" : 0.26455699999999999,
	"y" : 0.21154300000000001,
	"yaw" : -2.263587320081526,
	"z" : 0.21851300000000001
}
