{
	"pitch" : 1.120780632460679,
	"roll" : 2.5022087354141909,
	"x" : 0.280387,
	"y" : 0.15570000000000001,
	"yaw" : -2.1741042893317766,
	"z" : 0.25648300000000002
}
