{
	"pitch" : 1.0466739524209994,
	"roll" : 2.407873689343897,
	"x" : 0.28570099999999998,
	"y" : 0.132491,
	"yaw" : -2.2313859953822304,
	"z" : 0.26322800000000002
}
