{
	"pitch" : 0.95830793239252632,
	"roll" : 2.9096558492922671,
	"x" : 0.25198900000000002,
	"y" : 0.21373300000000001,
	"yaw" : -2.4177697062027046,
	"z" : 0.208761
}
