{
	"pitch" : 0.96754072413557646,
	"roll" : 2.9347187773509051,
	"x" : 0.255583,
	"y" : 0.20605100000000001,
	"yaw" : -2.4034230997513113,
	"z" : 0.20619399999999999
}
