{
	"pitch" : 0.48591711704774138,
	"roll" : 2.5812372439444937,
	"x" : 0.35768,
	"y" : 0.192247,
	"yaw" : -3.1304399996695493,
	"z" : 0.20754400000000001
}
