{
	"pitch" : 1.0970790612185957,
	"roll" : 2.6979823176103945,
	"x" : 0.227048,
	"y" : 0.18969,
	"yaw" : -2.7015951491620225,
	"z" : 0.27014199999999999
}
