{
	"pitch" : 0.97167715446280323,
	"roll" : 1.2834453187465504,
	"x" : 0.069317000000000004,
	"y" : 0.024704,
	"yaw" : 1.6986940543810414,
	"z" : 0.236261
}
