{
	"pitch" : 0.94593354799588669,
	"roll" : 2.7724904233780325,
	"x" : 0.24462100000000001,
	"y" : 0.208342,
	"yaw" : -2.3975937000496503,
	"z" : 0.200928
}
