{
	"pitch" : 1.1606963124537895,
	"roll" : 2.4108407490722872,
	"x" : 0.26698100000000002,
	"y" : 0.154997,
	"yaw" : -2.25007847167109,
	"z" : 0.24254999999999999
}
