{
	"pitch" : 0.84927721402044065,
	"roll" : 2.1317276950933541,
	"x" : 0.15861600000000001,
	"y" : 0.094983999999999999,
	"yaw" : 2.6215543496655629,
	"z" : 0.28857899999999997
}
