{
	"pitch" : 0.9505063106361118,
	"roll" : 2.0340241635667109,
	"x" : 0.13275300000000001,
	"y" : 0.079059000000000004,
	"yaw" : 2.5377087323997549,
	"z" : 0.28625299999999998
}
