{
	"pitch" : 0.95403187572514037,
	"roll" : 2.8534737006705693,
	"x" : 0.250336,
	"y" : 0.21421100000000001,
	"yaw" : -2.4670054444014649,
	"z" : 0.20819799999999999
}
