{
	"pitch" : 1.2574050063067947,
	"roll" : 3.1195491451371047,
	"x" : 0.098834000000000005,
	"y" : 0.058542999999999998,
	"yaw" : -2.6535636881471394,
	"z" : 0.20558299999999999
}
