{
	"pitch" : 1.1698418377342394,
	"roll" : 2.3765624825631186,
	"x" : 0.26427099999999998,
	"y" : 0.159056,
	"yaw" : -2.3047247305510319,
	"z" : 0.24091299999999999
}
