{
	"pitch" : 0.3935368397396814,
	"roll" : 2.6495843374525916,
	"x" : 0.371423,
	"y" : 0.19151000000000001,
	"yaw" : 3.1104036198566543,
	"z" : 0.150062
}
