{
	"pitch" : 0.39742892397162877,
	"roll" : 2.6500032164730705,
	"x" : 0.36931199999999997,
	"y" : 0.19225900000000001,
	"yaw" : -3.1359901466908915,
	"z" : 0.153477
}
