{
	"pitch" : 0.41875684743099945,
	"roll" : 2.5566106481988538,
	"x" : 0.34694999999999998,
	"y" : 0.17192399999999999,
	"yaw" : -2.9756292950176526,
	"z" : 0.212557
}
