{
	"pitch" : 0.50014155045149511,
	"roll" : 2.5703114828270093,
	"x" : 0.355431,
	"y" : 0.19173100000000001,
	"yaw" : -3.1312952110030268,
	"z" : 0.21588299999999999
}
