{
	"pitch" : 0.47750463005312854,
	"roll" : 2.5130995899466351,
	"x" : 0.30997999999999998,
	"y" : 0.21077000000000001,
	"yaw" : -2.7938358001299228,
	"z" : 0.25417899999999999
}
