{
	"pitch" : 0.30747465432384119,
	"roll" : 2.5887945196056292,
	"x" : 0.33607799999999999,
	"y" : 0.21760599999999999,
	"yaw" : -3.0452504788797059,
	"z" : 0.16538800000000001
}
