{
	"pitch" : 1.078875277120295,
	"roll" : 2.7349483911676344,
	"x" : 0.23508599999999999,
	"y" : 0.20427699999999999,
	"yaw" : -2.5647264292206273,
	"z" : 0.25290000000000001
}
