{
	"pitch" : 1.1562282695686836,
	"roll" : 2.495960456692051,
	"x" : 0.28084100000000001,
	"y" : 0.157336,
	"yaw" : -2.1806492740267549,
	"z" : 0.25896999999999998
}
