{
	"pitch" : 0.97078703654428622,
	"roll" : 3.0754795815242479,
	"x" : 0.26236799999999999,
	"y" : 0.21163499999999999,
	"yaw" : -2.2860846141397326,
	"z" : 0.21555299999999999
}
