{
	"pitch" : 0.98682661237011382,
	"roll" : 2.2900116049567201,
	"x" : 0.26438899999999999,
	"y" : 0.174207,
	"yaw" : -2.6905472149968985,
	"z" : 0.221248
}
