{
	"pitch" : 0.30738738786124131,
	"roll" : 2.3650258562074362,
	"x" : 0.33367999999999998,
	"y" : 0.080564999999999998,
	"yaw" : -3.0203446304537471,
	"z" : 0.27287899999999998
}
