{
	"pitch" : 0.39126791171208897,
	"roll" : 2.4793274689205451,
	"x" : 0.33868199999999998,
	"y" : 0.11527900000000001,
	"yaw" : 2.9621029933146965,
	"z" : 0.241564
}
