{
	"pitch" : 0.35484289022296717,
	"roll" : 2.6253068075573509,
	"x" : 0.341997,
	"y" : 0.151419,
	"yaw" : -3.0752177821364488,
	"z" : 0.17033999999999999
}
