{
	"pitch" : 1.0268993719959036,
	"roll" : 1.5166911199830719,
	"x" : 0.091218999999999995,
	"y" : 0.037379999999999997,
	"yaw" : 1.9057948234226882,
	"z" : 0.260073
}
