{
	"pitch" : 1.0883524149586239,
	"roll" : 2.561497570104438,
	"x" : 0.26868399999999998,
	"y" : 0.16317499999999999,
	"yaw" : -2.2489614609498125,
	"z" : 0.22817299999999999
}
