{
	"pitch" : 0.49535934830103079,
	"roll" : 2.5522298717763481,
	"x" : 0.35039500000000001,
	"y" : 0.192047,
	"yaw" : -3.1165995387012346,
	"z" : 0.224658
}
