{
	"pitch" : 0.43285910778711362,
	"roll" : 2.5727200371947614,
	"x" : 0.35222900000000001,
	"y" : 0.18443999999999999,
	"yaw" : -3.1139640915307232,
	"z" : 0.201992
}
