{
	"pitch" : 0.49864056729478007,
	"roll" : 2.5134312025045138,
	"x" : 0.33008399999999999,
	"y" : 0.20482800000000001,
	"yaw" : -3.0420739796410765,
	"z" : 0.24695700000000001
}
