{
	"pitch" : 0.28324948430615982,
	"roll" : 2.6866551307649513,
	"x" : 0.35848600000000003,
	"y" : 0.18530099999999999,
	"yaw" : 3.107366746958184,
	"z" : 0.11337800000000001
}
