{
	"pitch" : 0.95822066592992672,
	"roll" : 2.8475744877988283,
	"x" : 0.25037100000000001,
	"y" : 0.21456500000000001,
	"yaw" : -2.4639685715029951,
	"z" : 0.20891999999999999
}
