{
	"pitch" : 0.93862061843003053,
	"roll" : 2.7983736561851082,
	"x" : 0.24474099999999999,
	"y" : 0.20856,
	"yaw" : -2.3868424718573653,
	"z" : 0.19993900000000001
}
