{
	"pitch" : 0.42371358250666347,
	"roll" : 2.5549874919944986,
	"x" : 0.35139199999999998,
	"y" : 0.17277500000000001,
	"yaw" : -3.065356671862681,
	"z" : 0.21197099999999999
}
