{
	"pitch" : 1.1155271914121758,
	"roll" : 2.4562367629166597,
	"x" : 0.26196799999999998,
	"y" : 0.16321099999999999,
	"yaw" : -2.2599570352373775,
	"z" : 0.233102
}
