{
	"pitch" : 0.44268531147584184,
	"roll" : 2.6055147738397348,
	"x" : 0.34597299999999997,
	"y" : 0.162498,
	"yaw" : -3.0380248157764496,
	"z" : 0.198434
}
