{
	"pitch" : 1.1382164716881022,
	"roll" : 0.76860809599326319,
	"x" : 0.071567000000000006,
	"y" : 0.0051219999999999998,
	"yaw" : 0.9620952968693548,
	"z" : 0.247364
}
