{
	"pitch" : 0.96893698753717161,
	"roll" : 2.8442583622200392,
	"x" : 0.254639,
	"y" : 0.20851500000000001,
	"yaw" : -2.4615251105502027,
	"z" : 0.202462
}
