{
	"pitch" : 1.0861009402235513,
	"roll" : 2.5601711198729222,
	"x" : 0.266455,
	"y" : 0.16319900000000001,
	"yaw" : -2.2238636263061351,
	"z" : 0.228104
}
