{
	"pitch" : 0.46549676479940755,
	"roll" : 2.5254565210507551,
	"x" : 0.33645999999999998,
	"y" : 0.11813700000000001,
	"yaw" : -3.138259074718484,
	"z" : 0.24449399999999999
}
