{
	"pitch" : 1.4047631550526762,
	"roll" : -2.7845506485093137,
	"x" : 0.15634600000000001,
	"y" : 0.12606000000000001,
	"yaw" : -2.0122250012093024,
	"z" : 0.336447
}
