{
	"pitch" : 0.36959092240231922,
	"roll" : 2.4360258501785657,
	"x" : 0.32281399999999999,
	"y" : 0.15737699999999999,
	"yaw" : -2.8632475444817373,
	"z" : 0.260102
}
