{
	"pitch" : 0.28928832351806,
	"roll" : 2.5825287875909693,
	"x" : 0.34667999999999999,
	"y" : 0.19207099999999999,
	"yaw" : -3.0379724558988896,
	"z" : 0.16526299999999999
}
