{
	"pitch" : 0.31691688557713033,
	"roll" : 2.6829026728731633,
	"x" : 0.37102600000000002,
	"y" : 0.19092200000000001,
	"yaw" : 3.1043298740597143,
	"z" : 0.11655799999999999
}
