{
	"pitch" : 1.1283030015367748,
	"roll" : 2.8230002519307478,
	"x" : 0.231215,
	"y" : 0.19255700000000001,
	"yaw" : -2.5622480616827956,
	"z" : 0.27326299999999998
}
