{
	"pitch" : 0.98298688801572631,
	"roll" : 3.0879412323834874,
	"x" : 0.264376,
	"y" : 0.21074000000000001,
	"yaw" : -2.2645297978776022,
	"z" : 0.21740999999999999
}
