{
	"pitch" : 0.99876466445375489,
	"roll" : 3.1391317393444815,
	"x" : 0.26547900000000002,
	"y" : 0.21237,
	"yaw" : -2.1963397840021841,
	"z" : 0.22028800000000001
}
