{
	"pitch" : 0.35180601732449696,
	"roll" : 2.6237360112305557,
	"x" : 0.34229100000000001,
	"y" : 0.14954600000000001,
	"yaw" : -3.0727743211836565,
	"z" : 0.170323
}
