{
	"pitch" : 0.4748866361751371,
	"roll" : 2.5405710723730257,
	"x" : 0.34644000000000003,
	"y" : 0.192972,
	"yaw" : -3.0968075049836186,
	"z" : 0.227246
}
