{
	"pitch" : 1.1054915482132084,
	"roll" : 2.4833940860776917,
	"x" : 0.26341700000000001,
	"y" : 0.16342000000000001,
	"yaw" : -2.2536913032227179,
	"z" : 0.23177900000000001
}
