{
	"pitch" : 1.2809320446236783,
	"roll" : 2.9053099794548007,
	"x" : 0.19351399999999999,
	"y" : 0.157499,
	"yaw" : -2.5613404904717583,
	"z" : 0.31251600000000002
}
