{
	"pitch" : 0.28879963132750175,
	"roll" : 2.6888542456224642,
	"x" : 0.35904900000000001,
	"y" : 0.18503600000000001,
	"yaw" : 3.1045393135699539,
	"z" : 0.113422
}
