{
	"pitch" : 1.0539345221092962,
	"roll" : 2.5916917661639398,
	"x" : 0.28451100000000001,
	"y" : 0.140429,
	"yaw" : -2.0972399890739459,
	"z" : 0.25144499999999997
}
