{
	"pitch" : 0.99026491099654246,
	"roll" : 2.7881460267684215,
	"x" : 0.249891,
	"y" : 0.211343,
	"yaw" : -2.4526064780725112,
	"z" : 0.203429
}
