{
	"pitch" : 0.98698369200279346,
	"roll" : 2.3325278255353021,
	"x" : 0.26359100000000002,
	"y" : 0.177509,
	"yaw" : -2.667945201183572,
	"z" : 0.22089700000000001
}
