{
	"pitch" : 0.63817964099172642,
	"roll" : 2.3722515193106926,
	"x" : 0.223355,
	"y" : 0.117386,
	"yaw" : 2.7998222794642635,
	"z" : 0.26499800000000001
}
