{
	"pitch" : 0.23933700032598235,
	"roll" : 2.5301514567386194,
	"x" : 0.33393899999999999,
	"y" : 0.160436,
	"yaw" : 3.0331902537484252,
	"z" : 0.189081
}
