{
	"pitch" : 0.47230354888218551,
	"roll" : 2.6406831582674206,
	"x" : 0.34384399999999998,
	"y" : 0.16040199999999999,
	"yaw" : -2.9911452720678819,
	"z" : 0.193633
}
