{
	"pitch" : 0.99244657256153557,
	"roll" : 2.4055524014387446,
	"x" : 0.261185,
	"y" : 0.18434200000000001,
	"yaw" : -2.6133513021811896,
	"z" : 0.21960499999999999
}
