{
	"pitch" : 0.39650389946807191,
	"roll" : 2.6496366973301515,
	"x" : 0.36921399999999999,
	"y" : 0.192304,
	"yaw" : -3.1354490946227731,
	"z" : 0.15346199999999999
}
