{
	"pitch" : 0.39872046761810465,
	"roll" : 2.6504919086636285,
	"x" : 0.37135499999999999,
	"y" : 0.19148000000000001,
	"yaw" : 3.115534887857518,
	"z" : 0.15117900000000001
}
