{
	"pitch" : 1.029587179043975,
	"roll" : 2.2358889448523755,
	"x" : 0.28211999999999998,
	"y" : 0.16753000000000001,
	"yaw" : -2.7530125489257755,
	"z" : 0.237285
}
