{
	"pitch" : 1.0495711989793097,
	"roll" : 2.5758267232633112,
	"x" : 0.28415299999999999,
	"y" : 0.138766,
	"yaw" : -2.1067694867898354,
	"z" : 0.25154900000000002
}
