{
	"pitch" : 0.27448793146114819,
	"roll" : 2.6810700771585694,
	"x" : 0.35757299999999997,
	"y" : 0.18574099999999999,
	"yaw" : 3.1082568648767017,
	"z" : 0.11422
}
