{
	"pitch" : 0.47848201443424548,
	"roll" : 2.5848500754961221,
	"x" : 0.358294,
	"y" : 0.19252,
	"yaw" : -3.1287644835876347,
	"z" : 0.20425699999999999
}
