{
	"pitch" : 1.1790048163072098,
	"roll" : 2.9072822015095543,
	"x" : 0.208235,
	"y" : 0.167715,
	"yaw" : -2.5601711198729222,
	"z" : 0.28633999999999998
}
