{
	"pitch" : 0.40399136195912733,
	"roll" : 2.4644223571085129,
	"x" : 0.319328,
	"y" : 0.17737700000000001,
	"yaw" : -2.8366836332663836,
	"z" : 0.25661200000000001
}
