{
	"pitch" : 0.34330626386728463,
	"roll" : 2.5708699881876478,
	"x" : 0.33994600000000003,
	"y" : 0.15897500000000001,
	"yaw" : 3.1001410838549277,
	"z" : 0.18922700000000001
}
