{
	"pitch" : 0.49768063620618308,
	"roll" : 2.5152114383415483,
	"x" : 0.32846399999999998,
	"y" : 0.20511199999999999,
	"yaw" : -3.0208507759368253,
	"z" : 0.24764900000000001
}
