{
	"pitch" : 1.0097078788637592,
	"roll" : 2.2241254256939342,
	"x" : 0.30792900000000001,
	"y" : 0.108014,
	"yaw" : -2.4690649329188181,
	"z" : 0.29669299999999998
}
