{
	"pitch" : 0.42381830226178308,
	"roll" : 2.5827731336862487,
	"x" : 0.34763699999999997,
	"y" : 0.16356899999999999,
	"yaw" : -3.077259817361282,
	"z" : 0.201298
}
