{
	"pitch" : 0.95617863070509324,
	"roll" : 2.9421538799644011,
	"x" : 0.25349699999999997,
	"y" : 0.21168200000000001,
	"yaw" : -2.3927067781440665,
	"z" : 0.20824200000000001
}
