{
	"pitch" : 0.48717375410917729,
	"roll" : 2.547063697190445,
	"x" : 0.34867100000000001,
	"y" : 0.19242500000000001,
	"yaw" : -3.1083615846318211,
	"z" : 0.22597999999999999
}
