{
	"pitch" : 0.98131137193381135,
	"roll" : 2.8118475980105044,
	"x" : 0.24798300000000001,
	"y" : 0.210207,
	"yaw" : -2.4188169037539011,
	"z" : 0.20087099999999999
}
