{
	"pitch" : 0.96349156027094973,
	"roll" : 2.8206964173181159,
	"x" : 0.246388,
	"y" : 0.209235,
	"yaw" : -2.395900730675216,
	"z" : 0.198967
}
