{
	"pitch" : 0.39796997603974704,
	"roll" : 2.6101748029425598,
	"x" : 0.34295799999999999,
	"y" : 0.222583,
	"yaw" : -3.1104036198566543,
	"z" : 0.16897599999999999
}
