{
	"pitch" : 0.99532636582732636,
	"roll" : 1.2247848025870207,
	"x" : 0.067632999999999999,
	"y" : 0.024212999999999998,
	"yaw" : 1.6477304402228063,
	"z" : 0.248113
}
