{
	"pitch" : 0.96043723407995973,
	"roll" : 2.8786064418992874,
	"x" : 0.25138199999999999,
	"y" : 0.214531,
	"yaw" : -2.4412792912270689,
	"z" : 0.209312
}
