{
	"pitch" : 0.99143428159537927,
	"roll" : 2.2466401730446615,
	"x" : 0.26802700000000002,
	"y" : 0.17035700000000001,
	"yaw" : -2.7248603880911073,
	"z" : 0.224831
}
