{
	"pitch" : 0.26738444140553136,
	"roll" : 2.6733208152797143,
	"x" : 0.35614400000000002,
	"y" : 0.18641099999999999,
	"yaw" : 3.1174722033272313,
	"z" : 0.116817
}
