{
	"pitch" : 1.0881429754483851,
	"roll" : 2.5698751505140112,
	"x" : 0.26875900000000003,
	"y" : 0.16309799999999999,
	"yaw" : -2.2407409601729205,
	"z" : 0.228019
}
