{
	"pitch" : 1.139508015334578,
	"roll" : 2.4440369114452194,
	"x" : 0.26375500000000002,
	"y" : 0.162768,
	"yaw" : -2.2756300919202861,
	"z" : 0.23752200000000001
}
