{
	"pitch" : 0.7575776151206588,
	"roll" : 2.1267186001401304,
	"x" : 0.32844800000000002,
	"y" : 0.102357,
	"yaw" : -2.8222497603523906,
	"z" : 0.30034699999999998
}
