{
	"pitch" : 0.34882150430358672,
	"roll" : 2.3001519679108067,
	"x" : 0.33626899999999998,
	"y" : 0.078879000000000005,
	"yaw" : -3.0507482660234881,
	"z" : 0.27824599999999999
}
