{
	"pitch" : 0.95263561232354532,
	"roll" : 2.74250566682877,
	"x" : 0.24471499999999999,
	"y" : 0.20746000000000001,
	"yaw" : -2.4198641013050981,
	"z" : 0.202931
}
