{
	"pitch" : 0.96883226778205234,
	"roll" : 2.8259673116591384,
	"x" : 0.24872900000000001,
	"y" : 0.21548200000000001,
	"yaw" : -2.4522923188071526,
	"z" : 0.20958299999999999
}
