{
	"pitch" : 0.44167302050968504,
	"roll" : 2.602408087771185,
	"x" : 0.36096699999999998,
	"y" : 0.19370799999999999,
	"yaw" : -3.1209105019536603,
	"z" : 0.18795999999999999
}
