{
	"pitch" : 0.43448226399146844,
	"roll" : 2.5739766742561976,
	"x" : 0.35248299999999999,
	"y" : 0.18359300000000001,
	"yaw" : -3.110560699489334,
	"z" : 0.202153
}
