{
	"pitch" : 0.97733202123926477,
	"roll" : 2.9825233455630298,
	"x" : 0.25767400000000001,
	"y" : 0.20818800000000001,
	"yaw" : -2.35167408742968,
	"z" : 0.20962500000000001
}
