{
	"pitch" : 0.40502110621780413,
	"roll" : 2.5837505180673657,
	"x" : 0.34901900000000002,
	"y" : 0.20104,
	"yaw" : -3.1300036673565512,
	"z" : 0.18640300000000001
}
