{
	"pitch" : 1.0332523704731631,
	"roll" : 2.7189262686343265,
	"x" : 0.22124099999999999,
	"y" : 0.18565999999999999,
	"yaw" : -2.6832691920160823,
	"z" : 0.248082
}
