{
	"pitch" : 1.3819691550216309,
	"roll" : -2.6794643742467339,
	"x" : 0.10298499999999999,
	"y" : 0.081905000000000006,
	"yaw" : -1.9699007668484398,
	"z" : 0.26335999999999998
}
