{
	"pitch" : 1.0124480457893907,
	"roll" : 1.2940045607211157,
	"x" : 0.073362999999999998,
	"y" : 0.027178000000000001,
	"yaw" : 1.7055881049264183,
	"z" : 0.25215399999999999
}
