{
	"pitch" : 1.0565001561097276,
	"roll" : 2.7252269072340258,
	"x" : 0.237151,
	"y" : 0.20663999999999999,
	"yaw" : -2.5658608932344236,
	"z" : 0.24546899999999999
}
