{
	"pitch" : 1.0876368299653065,
	"roll" : 2.5636966849619509,
	"x" : 0.26860299999999998,
	"y" : 0.163137,
	"yaw" : -2.2459071347588244,
	"z" : 0.228075
}
