{
	"pitch" : 0.88126909920949692,
	"roll" : 1.1043396309068922,
	"x" : 0.071645,
	"y" : 0.007352,
	"yaw" : 1.3706245148836673,
	"z" : 0.245976
}
