{
	"pitch" : 0.98748983748587205,
	"roll" : 2.2514398284876451,
	"x" : 0.26645799999999997,
	"y" : 0.17079,
	"yaw" : -2.7187691890016468,
	"z" : 0.223165
}
