{
	"pitch" : 0.49712213084554507,
	"roll" : 2.5156652239470669,
	"x" : 0.32822600000000002,
	"y" : 0.205183,
	"yaw" : -3.0170459581674778,
	"z" : 0.24760799999999999
}
