{
	"pitch" : 1.2167911946128867,
	"roll" : 0.51700143102576046,
	"x" : 0.071567000000000006,
	"y" : 0.0051219999999999998,
	"yaw" : 0.69013809282359795,
	"z" : 0.247364
}
