{
	"pitch" : 1.0561510902593285,
	"roll" : 2.7761207082221806,
	"x" : 0.27083499999999999,
	"y" : 0.182,
	"yaw" : -2.1540155496413216,
	"z" : 0.22165199999999999
}
