{
	"pitch" : 0.25329963434193703,
	"roll" : 2.6625695870874297,
	"x" : 0.35199200000000003,
	"y" : 0.18559500000000001,
	"yaw" : 3.1067733350125062,
	"z" : 0.120757
}
