{
	"pitch" : 0.50364966224800356,
	"roll" : 2.5211106512132893,
	"x" : 0.328094,
	"y" : 0.20522299999999999,
	"yaw" : -3.0040956151176803,
	"z" : 0.247586
}
