{
	"pitch" : 0.34105478913221188,
	"roll" : 2.572178985126643,
	"x" : 0.35281200000000001,
	"y" : 0.14926600000000001,
	"yaw" : -3.0622848923791706,
	"z" : 0.18642800000000001
}
