{
	"pitch" : 0.39868556103306474,
	"roll" : 2.6504744553711088,
	"x" : 0.37135499999999999,
	"y" : 0.19148000000000001,
	"yaw" : 3.1154825279799581,
	"z" : 0.15117900000000001
}
