{
	"pitch" : 0.99035217745914239,
	"roll" : 3.0546578035479559,
	"x" : 0.262075,
	"y" : 0.211089,
	"yaw" : -2.2811278790640688,
	"z" : 0.215865
}
