{
	"pitch" : 0.98192223717200988,
	"roll" : 2.8062101845265626,
	"x" : 0.24799399999999999,
	"y" : 0.210394,
	"yaw" : -2.4261472866122782,
	"z" : 0.20100799999999999
}
