{
	"pitch" : 0.91607096449426373,
	"roll" : 1.0530967640683386,
	"x" : 0.071567000000000006,
	"y" : 0.0051219999999999998,
	"yaw" : 1.2916832728159631,
	"z" : 0.247364
}
