{
	"pitch" : 0.95645788338541293,
	"roll" : 2.848272619499626,
	"x" : 0.25072899999999998,
	"y" : 0.21424000000000001,
	"yaw" : -2.469675798157017,
	"z" : 0.208784
}
