{
	"pitch" : 0.95963438262404221,
	"roll" : 2.2344403215732207,
	"x" : 0.32070100000000001,
	"y" : 0.103717,
	"yaw" : -2.5669953572482203,
	"z" : 0.30246000000000001
}
