{
	"pitch" : 1.0016619110120657,
	"roll" : 1.8813951204798081,
	"x" : 0.11604,
	"y" : 0.061143999999999997,
	"yaw" : 2.3223001961186154,
	"z" : 0.27104299999999998
}
