{
	"pitch" : 0.38718384126242217,
	"roll" : 2.5333977691473288,
	"x" : 0.35020400000000002,
	"y" : 0.16933699999999999,
	"yaw" : -3.0771725508986822,
	"z" : 0.21271699999999999
}
