{
	"pitch" : 0.97375409627267628,
	"roll" : 2.7975184448516313,
	"x" : 0.247278,
	"y" : 0.215643,
	"yaw" : -2.4731839099535242,
	"z" : 0.21265700000000001
}
