{
	"pitch" : 0.26637215043937457,
	"roll" : 2.6571067065286873,
	"x" : 0.34450900000000001,
	"y" : 0.17269100000000001,
	"yaw" : -3.1206661558583808,
	"z" : 0.13148799999999999
}
