{
	"pitch" : 0.95371771645978132,
	"roll" : 2.7371824126101871,
	"x" : 0.24446300000000001,
	"y" : 0.207681,
	"yaw" : -2.4215221640944926,
	"z" : 0.20311499999999999
}
