{
	"pitch" : 1.1507653890099421,
	"roll" : 2.4351357322600489,
	"x" : 0.26369199999999998,
	"y" : 0.16201499999999999,
	"yaw" : -2.2731168177974155,
	"z" : 0.23900199999999999
}
