{
	"pitch" : 0.34164820107789001,
	"roll" : 2.6359184094094759,
	"x" : 0.343918,
	"y" : 0.15307499999999999,
	"yaw" : -3.0939277117178281,
	"z" : 0.16186800000000001
}
