{
	"pitch" : 0.31862730824408481,
	"roll" : 2.6820300082471666,
	"x" : 0.37156499999999998,
	"y" : 0.191159,
	"yaw" : 3.104050621379395,
	"z" : 0.117063
}
