{
	"pitch" : 0.33428291163447393,
	"roll" : 2.6756246498923471,
	"x" : 0.37277300000000002,
	"y" : 0.19165199999999999,
	"yaw" : 3.103736462114036,
	"z" : 0.12339
}
