{
	"pitch" : 1.1977496524736282,
	"roll" : 3.0056140515669152,
	"x" : 0.095787999999999998,
	"y" : 0.052414000000000002,
	"yaw" : -2.8173453851542871,
	"z" : 0.18528800000000001
}
