{
	"pitch" : 1.0883000550810642,
	"roll" : 2.5607994384036403,
	"x" : 0.26844299999999999,
	"y" : 0.16319,
	"yaw" : -2.24681470596986,
	"z" : 0.228186
}
