{
	"pitch" : 0.35512214290328625,
	"roll" : 2.5756347370455921,
	"x" : 0.34050900000000001,
	"y" : 0.15912100000000001,
	"yaw" : 3.1150287423744398,
	"z" : 0.189834
}
