{
	"pitch" : 0.50054297617945376,
	"roll" : 2.5163808089403843,
	"x" : 0.32969399999999999,
	"y" : 0.20494999999999999,
	"yaw" : -3.031322751448791,
	"z" : 0.24688599999999999
}
