{
	"pitch" : 0.94593354799588669,
	"roll" : 1.2438612513113187,
	"x" : 0.070621000000000003,
	"y" : 0.020598999999999999,
	"yaw" : 1.621183982299973,
	"z" : 0.23677000000000001
}
