{
	"pitch" : 0.98213167668224921,
	"roll" : 2.8032954846757323,
	"x" : 0.24806600000000001,
	"y" : 0.21040200000000001,
	"yaw" : -2.4302139037694248,
	"z" : 0.201072
}
