{
	"pitch" : 1.1463671592949154,
	"roll" : 2.9043849549512437,
	"x" : 0.21243000000000001,
	"y" : 0.170627,
	"yaw" : -2.5636966849619509,
	"z" : 0.27769300000000002
}
