{
	"pitch" : 0.37555994844413992,
	"roll" : 2.6507711613439477,
	"x" : 0.37170900000000001,
	"y" : 0.191636,
	"yaw" : 3.0997222048344493,
	"z" : 0.144706
}
