{
	"pitch" : 0.51468014312060784,
	"roll" : 2.5465575517073664,
	"x" : 0.32101099999999999,
	"y" : 0.204571,
	"yaw" : -2.8521996103166134,
	"z" : 0.249279
}
