{
	"pitch" : 1.1328059510069195,
	"roll" : 2.8557251754056421,
	"x" : 0.23111499999999999,
	"y" : 0.18731600000000001,
	"yaw" : -2.5795093679850196,
	"z" : 0.27825699999999998
}
