{
	"pitch" : 0.31653291314169157,
	"roll" : 2.5925295242048971,
	"x" : 0.336453,
	"y" : 0.218081,
	"yaw" : -3.0451283058320668,
	"z" : 0.165435
}
