{
	"pitch" : 1.050164610924988,
	"roll" : 2.5391399023863905,
	"x" : 0.28412799999999999,
	"y" : 0.13813400000000001,
	"yaw" : -2.1318847747260334,
	"z" : 0.25396299999999999
}
