{
	"pitch" : 1.1660021133798517,
	"roll" : 2.495384498038892,
	"x" : 0.279227,
	"y" : 0.15801699999999999,
	"yaw" : -2.1664422939155212,
	"z" : 0.25907799999999997
}
