{
	"pitch" : 0.4736474524062213,
	"roll" : 2.5218087829140869,
	"x" : 0.33616299999999999,
	"y" : 0.200652,
	"yaw" : -3.0581135554669046,
	"z" : 0.23728399999999999
}
