{
	"pitch" : 0.98869411466974833,
	"roll" : 1.2593597750690286,
	"x" : 0.068654000000000007,
	"y" : 0.024607,
	"yaw" : 1.6776977434795493,
	"z" : 0.240428
}
