{
	"pitch" : 0.96628408707414082,
	"roll" : 2.2355049724169378,
	"x" : 0.32007999999999998,
	"y" : 0.10381,
	"yaw" : -2.5567328212464937,
	"z" : 0.30269800000000002
}
