{
	"pitch" : 0.39798742933226705,
	"roll" : 2.6490083787994334,
	"x" : 0.36968299999999998,
	"y" : 0.19208900000000001,
	"yaw" : 3.1391142860519614,
	"z" : 0.153533
}
