{
	"pitch" : 0.39803978920982691,
	"roll" : 2.5428574536931383,
	"x" : 0.34714400000000001,
	"y" : 0.172486,
	"yaw" : -3.0178139030383551,
	"z" : 0.21257599999999999
}
