{
	"pitch" : 1.125772274121382,
	"roll" : 2.7158719424433362,
	"x" : 0.22903699999999999,
	"y" : 0.18887399999999999,
	"yaw" : -2.7025027203730594,
	"z" : 0.28040900000000002
}
