{
	"pitch" : 0.25991443220699556,
	"roll" : 2.6460238657785231,
	"x" : 0.34704499999999999,
	"y" : 0.18361,
	"yaw" : -3.1383812477661235,
	"z" : 0.132137
}
