{
	"pitch" : 0.46643924259548464,
	"roll" : 2.5248282025200375,
	"x" : 0.33860400000000002,
	"y" : 0.19822100000000001,
	"yaw" : -3.0652344988150411,
	"z" : 0.23428099999999999
}
