{
	"pitch" : 0.96769780376825631,
	"roll" : 2.8638933163049756,
	"x" : 0.25423600000000002,
	"y" : 0.20687800000000001,
	"yaw" : -2.4538805684264675,
	"z" : 0.203709
}
