{
	"pitch" : 1.2687147398597181,
	"roll" : 2.9063920835910375,
	"x" : 0.19540299999999999,
	"y" : 0.15880900000000001,
	"yaw" : -2.5602932929205617,
	"z" : 0.30946000000000001
}
