{
	"pitch" : 1.0229723811789164,
	"roll" : 1.3999460463171713,
	"x" : 0.082443000000000002,
	"y" : 0.031935999999999999,
	"yaw" : 1.796851371513202,
	"z" : 0.25785000000000002
}
