{
	"pitch" : 0.46746898685416133,
	"roll" : 2.1178174209549594,
	"x" : 0.33552700000000002,
	"y" : 0.094829999999999998,
	"yaw" : -3.0480430056828971,
	"z" : 0.29298000000000002
}
