{
	"pitch" : 0.46703265454116261,
	"roll" : 2.5245838564247576,
	"x" : 0.33854000000000001,
	"y" : 0.19819100000000001,
	"yaw" : -3.0651646856449615,
	"z" : 0.23452899999999999
}
