{
	"pitch" : 0.95994854188940137,
	"roll" : 2.8441361891723993,
	"x" : 0.25009500000000001,
	"y" : 0.214863,
	"yaw" : -2.4625024949313201,
	"z" : 0.209096
}
