{
	"pitch" : 1.0276498635742612,
	"roll" : 2.7471482426390748,
	"x" : 0.22255900000000001,
	"y" : 0.184063,
	"yaw" : -2.6785393497431769,
	"z" : 0.24717
}
