{
	"pitch" : 0.99689716215412116,
	"roll" : 2.4883508211533552,
	"x" : 0.26115100000000002,
	"y" : 0.192744,
	"yaw" : -2.5779909315357843,
	"z" : 0.21823300000000001
}
