{
	"pitch" : 1.0523986323675414,
	"roll" : 2.848412245839786,
	"x" : 0.26647599999999999,
	"y" : 0.189082,
	"yaw" : -2.0605706214895454,
	"z" : 0.22032099999999999
}
