{
	"pitch" : 0.94574156177816737,
	"roll" : 3.0211998417872246,
	"x" : 0.25756699999999999,
	"y" : 0.208651,
	"yaw" : -2.3462984733335372,
	"z" : 0.20813100000000001
}
