{
	"pitch" : 0.37318630066142761,
	"roll" : 2.4396561350227142,
	"x" : 0.32141199999999998,
	"y" : 0.16217799999999999,
	"yaw" : -2.8529501018949706,
	"z" : 0.259405
}
