{
	"pitch" : 0.98010709474993585,
	"roll" : 0.99904391713407426,
	"x" : 0.071567000000000006,
	"y" : 0.0051219999999999998,
	"yaw" : 1.225186228314979,
	"z" : 0.247364
}
