{
	"pitch" : 0.3340036589541549,
	"roll" : 2.6061256390779328,
	"x" : 0.34459400000000001,
	"y" : 0.144345,
	"yaw" : -3.0761428066400058,
	"z" : 0.172738
}
