{
	"pitch" : 1.1958646968814752,
	"roll" : 0.60426789362547706,
	"x" : 0.071567000000000006,
	"y" : 0.0051219999999999998,
	"yaw" : 0.78353066109781455,
	"z" : 0.247364
}
