{
	"pitch" : 0.99827597226319731,
	"roll" : 2.4815789436556175,
	"x" : 0.261266,
	"y" : 0.19209200000000001,
	"yaw" : -2.5805216589511768,
	"z" : 0.218504
}
