{
	"pitch" : 0.30126128218674114,
	"roll" : 2.6879292211189072,
	"x" : 0.362483,
	"y" : 0.18726799999999999,
	"yaw" : 3.1034223028486769,
	"z" : 0.114637
}
