{
	"pitch" : 0.95963438262404266,
	"roll" : 2.8743303852319015,
	"x" : 0.25138199999999999,
	"y" : 0.214531,
	"yaw" : -2.4464978256905319,
	"z" : 0.209312
}
