{
	"pitch" : 0.96188585735911492,
	"roll" : 2.8965484266097894,
	"x" : 0.25495299999999999,
	"y" : 0.20569100000000001,
	"yaw" : -2.4415236373223479,
	"z" : 0.204625
}
