{
	"pitch" : 0.97752400745698398,
	"roll" : 2.7760683483446207,
	"x" : 0.24456800000000001,
	"y" : 0.213837,
	"yaw" : -2.4982817445972025,
	"z" : 0.21635699999999999
}
