{
	"pitch" : 0.97640699673570774,
	"roll" : 3.0833684697432622,
	"x" : 0.26416099999999998,
	"y" : 0.21029200000000001,
	"yaw" : -2.2780735528730789,
	"z" : 0.216501
}
