{
	"pitch" : 1.0241941116553122,
	"roll" : 1.7209819089290086,
	"x" : 0.104182,
	"y" : 0.049585999999999998,
	"yaw" : 2.1339617165359068,
	"z" : 0.265594
}
