{
	"pitch" : 1.1670667642235681,
	"roll" : 2.4853663081324449,
	"x" : 0.275173,
	"y" : 0.15719,
	"yaw" : -2.169548979984071,
	"z" : 0.25389600000000001
}
