{
	"pitch" : 0.42750094698349117,
	"roll" : 2.5627018472883139,
	"x" : 0.34703899999999999,
	"y" : 0.17147999999999999,
	"yaw" : -2.959519906021745,
	"z" : 0.21255199999999999
}
