{
	"pitch" : 0.44116687502660668,
	"roll" : 2.6179764246989747,
	"x" : 0.34373999999999999,
	"y" : 0.160193,
	"yaw" : -3.0481651787305366,
	"z" : 0.193441
}
