{
	"pitch" : 0.61219168842953109,
	"roll" : 2.3775747735292754,
	"x" : 0.23594200000000001,
	"y" : 0.11838899999999999,
	"yaw" : 2.8055120528257649,
	"z" : 0.26868199999999998
}
