{
	"pitch" : 0.33435272480455358,
	"roll" : 2.6396883205937836,
	"x" : 0.34552699999999997,
	"y" : 0.15274199999999999,
	"yaw" : -3.1170882308917927,
	"z" : 0.157974
}
