{
	"pitch" : 1.1310955283399653,
	"roll" : 2.8319363377009594,
	"x" : 0.230902,
	"y" : 0.187168,
	"yaw" : -2.6057416666424946,
	"z" : 0.27875299999999997
}
