{
	"pitch" : 0.9580286797122074,
	"roll" : 2.9138969993746131,
	"x" : 0.25289,
	"y" : 0.21265500000000001,
	"yaw" : -2.418310758270823,
	"z" : 0.20869099999999999
}
