{
	"pitch" : 1.1692833323736014,
	"roll" : 0.69019045270115753,
	"x" : 0.071567000000000006,
	"y" : 0.0051219999999999998,
	"yaw" : 0.87634727071887275,
	"z" : 0.247364
}
