{
	"pitch" : 1.1903320031526528,
	"roll" : 3.0253188188219307,
	"x" : 0.097264000000000003,
	"y" : 0.048510999999999999,
	"yaw" : -2.8455499058665152,
	"z" : 0.18431600000000001
}
