{
	"pitch" : 0.41235148907618036,
	"roll" : 2.6244166896388332,
	"x" : 0.34549299999999999,
	"y" : 0.21788399999999999,
	"yaw" : -3.1031605034608782,
	"z" : 0.16705900000000001
}
