{
	"pitch" : 0.98743747760831213,
	"roll" : 2.7591212013077566,
	"x" : 0.242898,
	"y" : 0.21290500000000001,
	"yaw" : -2.5160666496750252,
	"z" : 0.22070300000000001
}
