{
	"pitch" : 0.99838069201831647,
	"roll" : 2.459168916060011,
	"x" : 0.26125900000000002,
	"y" : 0.188966,
	"yaw" : -2.5864383251154375,
	"z" : 0.218662
}
