{
	"pitch" : 1.1615864303723065,
	"roll" : 2.4340012682462522,
	"x" : 0.26921400000000001,
	"y" : 0.155422,
	"yaw" : -2.2244570382518134,
	"z" : 0.24545400000000001
}
