{
	"pitch" : 1.1699116509043193,
	"roll" : 2.3636644993908815,
	"x" : 0.26453100000000002,
	"y" : 0.15839900000000001,
	"yaw" : -2.3149698132602388,
	"z" : 0.24066599999999999
}
