{
	"pitch" : 0.9979443597053177,
	"roll" : 3.0913795310099164,
	"x" : 0.26400200000000001,
	"y" : 0.21234700000000001,
	"yaw" : -2.2418405176016765,
	"z" : 0.21881900000000001
}
