{
	"pitch" : 1.0004750871207098,
	"roll" : 3.1061450164817881,
	"x" : 0.265289,
	"y" : 0.21263299999999999,
	"yaw" : -2.23152562172239,
	"z" : 0.22044900000000001
}
