{
	"pitch" : 0.39437459778063888,
	"roll" : 2.5403616328627869,
	"x" : 0.35055599999999998,
	"y" : 0.16830100000000001,
	"yaw" : -3.0871383809275699,
	"z" : 0.211175
}
