{
	"pitch" : 1.1679045222645255,
	"roll" : 2.4945292867054154,
	"x" : 0.27565200000000001,
	"y" : 0.15726899999999999,
	"yaw" : -2.159478430200064,
	"z" : 0.25456400000000001
}
