{
	"pitch" : 0.46235517214581778,
	"roll" : 2.5198889207368929,
	"x" : 0.338034,
	"y" : 0.117315,
	"yaw" : 3.1084313978019007,
	"z" : 0.24465200000000001
}
