{
	"pitch" : 0.26049039086015369,
	"roll" : 2.6664965779044167,
	"x" : 0.35473100000000002,
	"y" : 0.18684000000000001,
	"yaw" : 3.1229699904710135,
	"z" : 0.118909
}
