{
	"pitch" : 0.38835321186125826,
	"roll" : 2.5330137967118902,
	"x" : 0.350663,
	"y" : 0.16931099999999999,
	"yaw" : -3.0816580470763077,
	"z" : 0.21301700000000001
}
