{
	"pitch" : 0.26729717494293148,
	"roll" : 2.6698127034832058,
	"x" : 0.35575000000000001,
	"y" : 0.18660599999999999,
	"yaw" : 3.1190953595315865,
	"z" : 0.118535
}
