{
	"pitch" : 0.40057051662521848,
	"roll" : 2.5436079452714959,
	"x" : 0.34810099999999999,
	"y" : 0.172129,
	"yaw" : -3.0318288969318701,
	"z" : 0.212615
}
