{
	"pitch" : 0.27712337863165976,
	"roll" : 2.5757569100932316,
	"x" : 0.34854099999999999,
	"y" : 0.18470800000000001,
	"yaw" : -3.0303802736527143,
	"z" : 0.16531699999999999
}
