{
	"pitch" : 1.1681837749448447,
	"roll" : 2.3490735468442083,
	"x" : 0.26558199999999998,
	"y" : 0.15441299999999999,
	"yaw" : -2.3288975406911541,
	"z" : 0.241068
}
