{
	"pitch" : 1.0572855542731252,
	"roll" : 2.7008097509986255,
	"x" : 0.26735399999999998,
	"y" : 0.174873,
	"yaw" : -2.1509263168652919,
	"z" : 0.223056
}
