{
	"pitch" : 0.98026417438261537,
	"roll" : 1.9605108954727104,
	"x" : 0.12389799999999999,
	"y" : 0.069166000000000005,
	"yaw" : 2.4263392728299973,
	"z" : 0.27729399999999998
}
