{
	"pitch" : 0.99509947302456692,
	"roll" : 2.2200064486592272,
	"x" : 0.31358799999999998,
	"y" : 0.10497099999999999,
	"yaw" : -2.5051234352650211,
	"z" : 0.30114000000000002
}
