{
	"pitch" : 0.98768182370359114,
	"roll" : 2.2261151010412079,
	"x" : 0.31603900000000001,
	"y" : 0.10416300000000001,
	"yaw" : -2.5206219590227303,
	"z" : 0.30231200000000003
}
