{
	"pitch" : 1.112961557411744,
	"roll" : 2.5255786940983946,
	"x" : 0.28068199999999999,
	"y" : 0.15451799999999999,
	"yaw" : -2.1527589125798854,
	"z" : 0.25541799999999998
}
