{
	"pitch" : 0.33290410152539845,
	"roll" : 2.6758864492801462,
	"x" : 0.37293999999999999,
	"y" : 0.191639,
	"yaw" : 3.1012057346986444,
	"z" : 0.122437
}
