{
	"pitch" : 0.95778433361692816,
	"roll" : 2.5940305073616123,
	"x" : 0.25462899999999999,
	"y" : 0.19955000000000001,
	"yaw" : -2.5537832148106228,
	"z" : 0.20930099999999999
}
