{
	"pitch" : 1.377832724694404,
	"roll" : 3.1313301175880666,
	"x" : 0.17525099999999999,
	"y" : 0.14058000000000001,
	"yaw" : -2.3701396709157798,
	"z" : 0.33589000000000002
}
