{
	"pitch" : 0.26008896513219509,
	"roll" : 2.646006412486003,
	"x" : 0.34719699999999998,
	"y" : 0.18354500000000001,
	"yaw" : 3.1415926535897931,
	"z" : 0.13214200000000001
}
