{
	"pitch" : 0.42544145846613785,
	"roll" : 2.6253068075573509,
	"x" : 0.34549099999999999,
	"y" : 0.220808,
	"yaw" : -3.1097927546184563,
	"z" : 0.16794799999999999
}
