{
	"pitch" : 0.89739594149792457,
	"roll" : 1.1319158330884025,
	"x" : 0.071635000000000004,
	"y" : 0.010359999999999999,
	"yaw" : 1.4232810984163362,
	"z" : 0.24405499999999999
}
