{
	"pitch" : 1.0388548773720652,
	"roll" : 2.3075521639392633,
	"x" : 0.28965200000000002,
	"y" : 0.126223,
	"yaw" : -2.3124739924298869,
	"z" : 0.27432000000000001
}
