{
	"pitch" : 1.3509022943361311,
	"roll" : -2.7174950986476905,
	"x" : 0.10047,
	"y" : 0.075240000000000001,
	"yaw" : -2.0507967776783764,
	"z" : 0.24681500000000001
}
