{
	"pitch" : 0.48064622270671842,
	"roll" : 2.5197667476892534,
	"x" : 0.33459899999999998,
	"y" : 0.20208999999999999,
	"yaw" : -3.0549021496432345,
	"z" : 0.23969499999999999
}
