{
	"pitch" : 1.095403545136681,
	"roll" : 2.5581814445256486,
	"x" : 0.27072600000000002,
	"y" : 0.16359499999999999,
	"yaw" : -2.2649835834831218,
	"z" : 0.229847
}
