{
	"pitch" : 0.48562041107490223,
	"roll" : 2.5176548992943406,
	"x" : 0.33352999999999999,
	"y" : 0.20266600000000001,
	"yaw" : -3.0533837131939996,
	"z" : 0.24175099999999999
}
