{
	"pitch" : 0.58461548624802073,
	"roll" : 2.058249333584393,
	"x" : 0.33119900000000002,
	"y" : 0.101908,
	"yaw" : -2.9744948310038559,
	"z" : 0.29969099999999999
}
