{
	"pitch" : 0.97907735049125943,
	"roll" : 2.530413256126419,
	"x" : 0.26069700000000001,
	"y" : 0.194108,
	"yaw" : -2.5801725931007771,
	"z" : 0.21413499999999999
}
