{
	"pitch" : 0.95658005643305244,
	"roll" : 2.944963860060112,
	"x" : 0.25363999999999998,
	"y" : 0.211511,
	"yaw" : -2.3899142513408758,
	"z" : 0.20824200000000001
}
