{
	"pitch" : 1.0193071897497286,
	"roll" : 2.2202507947545067,
	"x" : 0.27780100000000002,
	"y" : 0.16665099999999999,
	"yaw" : -2.7604825581243113,
	"z" : 0.234432
}
