{
	"pitch" : 0.90989249894220403,
	"roll" : 2.0739572968523419,
	"x" : 0.150009,
	"y" : 0.089726,
	"yaw" : 2.5800678733456577,
	"z" : 0.29759600000000003
}
