{
	"pitch" : 0.40399136195912744,
	"roll" : 2.4644223571085129,
	"x" : 0.32049499999999997,
	"y" : 0.175259,
	"yaw" : -2.8433158844239621,
	"z" : 0.25661200000000001
}
