{
	"pitch" : 0.98705350517287316,
	"roll" : 2.3470838714969351,
	"x" : 0.26285199999999997,
	"y" : 0.17902499999999999,
	"yaw" : -2.6561467754400905,
	"z" : 0.220771
}
