{
	"pitch" : 0.3163409269239722,
	"roll" : 2.5924597110348175,
	"x" : 0.33643099999999998,
	"y" : 0.218087,
	"yaw" : -3.0450061327844273,
	"z" : 0.165433
}
