{
	"pitch" : 0.44556510474163247,
	"roll" : 2.6099653634323201,
	"x" : 0.36301,
	"y" : 0.19337299999999999,
	"yaw" : -3.1296196949211121,
	"z" : 0.18423800000000001
}
