{
	"pitch" : 0.261328148901111,
	"roll" : 2.6515740127998653,
	"x" : 0.34584399999999998,
	"y" : 0.17837900000000001,
	"yaw" : -3.1249073059407277,
	"z" : 0.131324
}
