{
	"pitch" : 0.33361968651871604,
	"roll" : 2.598481096954198,
	"x" : 0.34631000000000001,
	"y" : 0.144819,
	"yaw" : -3.0751305156738491,
	"z" : 0.17533099999999999
}
