{
	"pitch" : 1.3807997844227942,
	"roll" : 3.1311032247853072,
	"x" : 0.175257,
	"y" : 0.140824,
	"yaw" : -2.3682198087385862,
	"z" : 0.33688299999999999
}
