{
	"pitch" : 0.8918457944765823,
	"roll" : 1.1220547228146345,
	"x" : 0.071652999999999994,
	"y" : 0.0093089999999999996,
	"yaw" : 1.4046409820050363,
	"z" : 0.24473200000000001
}
