{
	"pitch" : 1.1180928254126075,
	"roll" : 2.5090504260820086,
	"x" : 0.28016600000000003,
	"y" : 0.155553,
	"yaw" : -2.1649936706363659,
	"z" : 0.25614500000000001
}
