{
	"pitch" : 0.4774522701755689,
	"roll" : 2.5202030800022519,
	"x" : 0.33507700000000001,
	"y" : 0.20155899999999999,
	"yaw" : -3.0555479214664727,
	"z" : 0.238867
}
