{
	"pitch" : 1.190087657057374,
	"roll" : 3.0277099198971631,
	"x" : 0.097338999999999995,
	"y" : 0.048314999999999997,
	"yaw" : -2.8454626394039155,
	"z" : 0.18428700000000001
}
