{
	"pitch" : 0.40060542321025849,
	"roll" : 2.5419149758970612,
	"x" : 0.34978700000000001,
	"y" : 0.16950100000000001,
	"yaw" : -3.0481651787305366,
	"z" : 0.212696
}
