{
	"pitch" : 0.28653070329990915,
	"roll" : 2.6579619178621643,
	"x" : 0.344943,
	"y" : 0.16119900000000001,
	"yaw" : -3.1319758894113048,
	"z" : 0.13760800000000001
}
