{
	"pitch" : 1.1145498070310589,
	"roll" : 2.4573886802229761,
	"x" : 0.26209199999999999,
	"y" : 0.163185,
	"yaw" : -2.2604457274279364,
	"z" : 0.233012
}
