{
	"pitch" : 1.0321528130444066,
	"roll" : 2.4526064780725116,
	"x" : 0.27819199999999999,
	"y" : 0.171593,
	"yaw" : -2.5312859207524161,
	"z" : 0.22745399999999999
}
