{
	"pitch" : 1.2511392742921352,
	"roll" : 0.2763205271757424,
	"x" : 0.071559999999999999,
	"y" : 0.0049789999999999999,
	"yaw" : 0.43383649216823061,
	"z" : 0.24745200000000001
}
