{
	"pitch" : 1.0094984393535202,
	"roll" : 1.278802742936245,
	"x" : 0.072089,
	"y" : 0.026516000000000001,
	"yaw" : 1.6926901217541805,
	"z" : 0.25125599999999998
}
