{
	"pitch" : 0.2842617752723165,
	"roll" : 2.6870565564929096,
	"x" : 0.35859000000000002,
	"y" : 0.185252,
	"yaw" : 3.1068431481825858,
	"z" : 0.113386
}
