{
	"pitch" : 0.96375335965874875,
	"roll" : 2.8180086102700446,
	"x" : 0.24645600000000001,
	"y" : 0.20924699999999999,
	"yaw" : -2.3996880951520434,
	"z" : 0.19902900000000001
}
