{
	"pitch" : 1.0469008452237587,
	"roll" : 2.4199339144751777,
	"x" : 0.28543099999999999,
	"y" : 0.13313700000000001,
	"yaw" : -2.22238009644194,
	"z" : 0.26215300000000002
}
