{
	"pitch" : 0.98698369200279346,
	"roll" : 2.3325103722427825,
	"x" : 0.26303100000000001,
	"y" : 0.178337,
	"yaw" : -2.664803608529982,
	"z" : 0.22089700000000001
}
