{
	"pitch" : 0.54243087822731773,
	"roll" : 2.561427756934358,
	"x" : 0.32552500000000001,
	"y" : 0.2036,
	"yaw" : -2.8812244357772792,
	"z" : 0.248943
}
