{
	"pitch" : 0.40428806793196659,
	"roll" : 2.5863510586528373,
	"x" : 0.34855000000000003,
	"y" : 0.20302200000000001,
	"yaw" : -3.1316268235609055,
	"z" : 0.18451600000000001
}
