{
	"pitch" : 0.95378752962986135,
	"roll" : 2.7369031599298679,
	"x" : 0.244448,
	"y" : 0.20769399999999999,
	"yaw" : -2.4215745239720525,
	"z" : 0.203126
}
