{
	"pitch" : 1.1599632741679513,
	"roll" : 2.4351531855525685,
	"x" : 0.26960699999999999,
	"y" : 0.156024,
	"yaw" : -2.2214725252309027,
	"z" : 0.246333
}
