{
	"pitch" : 0.27937485336673229,
	"roll" : 2.6851192410231963,
	"x" : 0.35809099999999999,
	"y" : 0.18548500000000001,
	"yaw" : 3.1093389690129376,
	"z" : 0.11335000000000001
}
