{
	"pitch" : 0.26003660525463507,
	"roll" : 2.6553613772766926,
	"x" : 0.344331,
	"y" : 0.176317,
	"yaw" : -3.1208057821985409,
	"z" : 0.13022800000000001
}
