{
	"pitch" : 0.99824106567815685,
	"roll" : 3.0816405937837881,
	"x" : 0.26532499999999998,
	"y" : 0.21251800000000001,
	"yaw" : -2.2619467105846516,
	"z" : 0.220335
}
