{
	"pitch" : 1.3665055378489606,
	"roll" : 3.0317067238842306,
	"x" : 0.17899999999999999,
	"y" : 0.144513,
	"yaw" : -2.4590467430123706,
	"z" : 0.33361800000000003
}
