{
	"pitch" : 1.1639077182774589,
	"roll" : 2.459046743012371,
	"x" : 0.27197199999999999,
	"y" : 0.15651899999999999,
	"yaw" : -2.1964270504647838,
	"z" : 0.249496
}
