{
	"pitch" : 0.37522833588626092,
	"roll" : 2.6509282409766275,
	"x" : 0.37171599999999999,
	"y" : 0.191639,
	"yaw" : 3.0997745647120092,
	"z" : 0.14455599999999999
}
