{
	"pitch" : 1.4238221504844539,
	"roll" : -2.5725280509770418,
	"x" : 0.12756899999999999,
	"y" : 0.104822,
	"yaw" : -1.8122102689307511,
	"z" : 0.31724799999999997
}
