{
	"pitch" : 1.0217331974100001,
	"roll" : 1.3909750539619203,
	"x" : 0.081582000000000002,
	"y" : 0.031488000000000002,
	"yaw" : 1.7892068293894665,
	"z" : 0.25723299999999999
}
