{
	"pitch" : 1.0531665772384184,
	"roll" : 2.8526010360445722,
	"x" : 0.26637899999999998,
	"y" : 0.18954399999999999,
	"yaw" : -2.0571323228631164,
	"z" : 0.22032499999999999
}
