{
	"pitch" : 0.99160881452057792,
	"roll" : 2.5165204352805439,
	"x" : 0.26140400000000003,
	"y" : 0.19364300000000001,
	"yaw" : -2.5666113848127816,
	"z" : 0.21707499999999999
}
