{
	"pitch" : 1.0878637227680659,
	"roll" : 2.5688803128403741,
	"x" : 0.26822200000000002,
	"y" : 0.16311999999999999,
	"yaw" : -2.2354351592468569,
	"z" : 0.228022
}
