{
	"pitch" : 0.96328212076071029,
	"roll" : 2.8696354495440368,
	"x" : 0.25401200000000002,
	"y" : 0.20599000000000001,
	"yaw" : -2.4553990048757024,
	"z" : 0.203204
}
