{
	"pitch" : 0.97572631832743006,
	"roll" : 2.7833638246179571,
	"x" : 0.245361,
	"y" : 0.214396,
	"yaw" : -2.4893282055344721,
	"z" : 0.215165
}
