{
	"pitch" : 1.283043893018591,
	"roll" : -3.0232593303045778,
	"x" : 0.099253999999999995,
	"y" : 0.063015000000000002,
	"yaw" : -2.4667960048912247,
	"z" : 0.215166
}
