{
	"pitch" : 0.96216511003943395,
	"roll" : 2.8786064418992874,
	"x" : 0.254274,
	"y" : 0.206071,
	"yaw" : -2.4537060355012681,
	"z" : 0.20397000000000001
}
