{
	"pitch" : 0.95698148216101109,
	"roll" : 2.8516411049559753,
	"x" : 0.25052600000000003,
	"y" : 0.21435599999999999,
	"yaw" : -2.4626421212714789,
	"z" : 0.20877000000000001
}
