{
	"pitch" : 1.3475861687573425,
	"roll" : -2.7210904769068001,
	"x" : 0.10011299999999999,
	"y" : 0.074554999999999996,
	"yaw" : -2.0581795204143134,
	"z" : 0.24493200000000001
}
