{
	"pitch" : 0.95722582825629032,
	"roll" : 2.6216416161281626,
	"x" : 0.25233899999999998,
	"y" : 0.202208,
	"yaw" : -2.5484250540070006,
	"z" : 0.20754800000000001
}
