{
	"pitch" : 1.0258870810297469,
	"roll" : 1.4374008120649697,
	"x" : 0.085169999999999996,
	"y" : 0.033500000000000002,
	"yaw" : 1.8304315063215728,
	"z" : 0.257905
}
