{
	"pitch" : 0.45926593936978777,
	"roll" : 2.5310066680720968,
	"x" : 0.343061,
	"y" : 0.19387199999999999,
	"yaw" : -3.0802094237971529,
	"z" : 0.22953799999999999
}
