{
	"pitch" : 0.89306752495297859,
	"roll" : 1.0694330458670056,
	"x" : 0.071567000000000006,
	"y" : 0.0051219999999999998,
	"yaw" : 1.3124701442072157,
	"z" : 0.247364
}
