{
	"pitch" : 1.3804681718649154,
	"roll" : -2.6845258290775189,
	"x" : 0.103191,
	"y" : 0.082047999999999996,
	"yaw" : -1.974874955216624,
	"z" : 0.26312400000000002
}
