{
	"pitch" : 0.39472366363103767,
	"roll" : 2.6507886146364674,
	"x" : 0.37142900000000001,
	"y" : 0.19151299999999999,
	"yaw" : 3.1133008664149648,
	"z" : 0.14996399999999999
}
