{
	"pitch" : 1.3473069160770226,
	"roll" : -2.7217187954375177,
	"x" : 0.100533,
	"y" : 0.074843000000000007,
	"yaw" : -2.0588078389450315,
	"z" : 0.24560999999999999
}
