{
	"pitch" : 1.0524858988301404,
	"roll" : 2.8486391386425449,
	"x" : 0.266378,
	"y" : 0.18954299999999999,
	"yaw" : -2.0616876322108224,
	"z" : 0.22032399999999999
}
