{
	"pitch" : 1.2244357367366221,
	"roll" : 2.9097256624623471,
	"x" : 0.201984,
	"y" : 0.16337699999999999,
	"yaw" : -2.5571517002669721,
	"z" : 0.29815799999999998
}
