{
	"pitch" : 0.48204248610831385,
	"roll" : 2.5831221995366476,
	"x" : 0.35800300000000002,
	"y" : 0.19239100000000001,
	"yaw" : -3.1295673350435522,
	"z" : 0.20583399999999999
}
