{
	"pitch" : 0.97045542398640727,
	"roll" : 2.8212200160937142,
	"x" : 0.24698999999999999,
	"y" : 0.2094,
	"yaw" : -2.4018872100095563,
	"z" : 0.19945199999999999
}
