{
	"pitch" : 1.1300308774962482,
	"roll" : 2.8349383040143894,
	"x" : 0.23119700000000001,
	"y" : 0.19147600000000001,
	"yaw" : -2.5601362132878824,
	"z" : 0.27433000000000002
}
