{
	"pitch" : 0.26939157004532477,
	"roll" : 2.5618640892473565,
	"x" : 0.34950999999999999,
	"y" : 0.17386799999999999,
	"yaw" : -3.0229451710392188,
	"z" : 0.170344
}
