{
	"pitch" : 1.1710112083330755,
	"roll" : 2.5063626190339372,
	"x" : 0.27773100000000001,
	"y" : 0.157749,
	"yaw" : -2.1488668283479382,
	"z" : 0.25751800000000002
}
