{
	"pitch" : 1.0269866384585036,
	"roll" : 1.549503309920566,
	"x" : 0.093057000000000001,
	"y" : 0.039030000000000002,
	"yaw" : 1.9407014084625751,
	"z" : 0.260098
}
