{
	"pitch" : 1.4132280019248482,
	"roll" : -2.6775445120695416,
	"x" : 0.14277699999999999,
	"y" : 0.11668199999999999,
	"yaw" : -1.9047650791640118,
	"z" : 0.32864100000000002
}
