{
	"pitch" : 0.96216511003943372,
	"roll" : 2.8723930697621878,
	"x" : 0.25412899999999999,
	"y" : 0.20582500000000001,
	"yaw" : -2.454857952807584,
	"z" : 0.20308599999999999
}
