{
	"pitch" : 0.42982223488864346,
	"roll" : 2.6225491873391995,
	"x" : 0.34570200000000001,
	"y" : 0.22235199999999999,
	"yaw" : -3.1212246612190193,
	"z" : 0.168603
}
