{
	"pitch" : 1.1315318606529636,
	"roll" : 2.45307771697055,
	"x" : 0.26300699999999999,
	"y" : 0.16314500000000001,
	"yaw" : -2.2669208989528347,
	"z" : 0.23621300000000001
}
