{
	"pitch" : 0.31398473243377983,
	"roll" : 2.6396534140087442,
	"x" : 0.34596199999999999,
	"y" : 0.154027,
	"yaw" : -3.1391666459295209,
	"z" : 0.15260499999999999
}
