{
	"pitch" : 1.1283553614143347,
	"roll" : 2.814325965548337,
	"x" : 0.230902,
	"y" : 0.187168,
	"yaw" : -2.6252195410947512,
	"z" : 0.27875299999999997
}
