{
	"pitch" : 1.1246727166926258,
	"roll" : 2.4952972315762931,
	"x" : 0.28001599999999999,
	"y" : 0.15582199999999999,
	"yaw" : -2.1760590580940096,
	"z" : 0.25690200000000002
}
