{
	"pitch" : 0.96802941632613504,
	"roll" : 3.0627037713996494,
	"x" : 0.260826,
	"y" : 0.21241399999999999,
	"yaw" : -2.2892785666708821,
	"z" : 0.213861
}
