{
	"pitch" : 1.0657504011452972,
	"roll" : 2.6185698366446521,
	"x" : 0.28442200000000001,
	"y" : 0.14469599999999999,
	"yaw" : -2.0840103933438292,
	"z" : 0.250726
}
