{
	"pitch" : 0.99574524484780502,
	"roll" : 2.4265836189252763,
	"x" : 0.26151099999999999,
	"y" : 0.185696,
	"yaw" : -2.6001740663286323,
	"z" : 0.21953500000000001
}
