{
	"pitch" : 1.0193770029198084,
	"roll" : 1.7692926226242116,
	"x" : 0.107664,
	"y" : 0.053096999999999998,
	"yaw" : 2.1916623016068395,
	"z" : 0.26794899999999999
}
