{
	"pitch" : 1.1696847581015599,
	"roll" : 2.3634201532956007,
	"x" : 0.26476,
	"y" : 0.1575,
	"yaw" : -2.3151967060629981,
	"z" : 0.24065800000000001
}
