{
	"pitch" : 0.9730559645718786,
	"roll" : 2.7913050727145312,
	"x" : 0.24637600000000001,
	"y" : 0.21507299999999999,
	"yaw" : -2.4800081473288227,
	"z" : 0.21337800000000001
}
