{
	"pitch" : 1.0768332418954614,
	"roll" : 2.6240850770809545,
	"x" : 0.269372,
	"y" : 0.166324,
	"yaw" : -2.2104420443582984,
	"z" : 0.225991
}
