{
	"pitch" : 0.94952892625499508,
	"roll" : 3.0204842567939068,
	"x" : 0.25911099999999998,
	"y" : 0.20990300000000001,
	"yaw" : -2.345652701510299,
	"z" : 0.20915500000000001
}
