{
	"pitch" : 0.40100684893821714,
	"roll" : 2.6222524813663606,
	"x" : 0.344775,
	"y" : 0.216861,
	"yaw" : -3.0974183702218165,
	"z" : 0.16646900000000001
}
