{
	"pitch" : 1.0283130886900194,
	"roll" : 1.611637031291564,
	"x" : 0.097392999999999993,
	"y" : 0.042916999999999997,
	"yaw" : 2.0098688067191102,
	"z" : 0.26304300000000003
}
