{
	"pitch" : 0.99537872570488606,
	"roll" : 2.2369186891110528,
	"x" : 0.27083299999999999,
	"y" : 0.168849,
	"yaw" : -2.7402890986787365,
	"z" : 0.226632
}
