{
	"pitch" : 0.98989839185362338,
	"roll" : 3.0819722063416668,
	"x" : 0.26449299999999998,
	"y" : 0.21163100000000001,
	"yaw" : -2.2636571332516056,
	"z" : 0.21856600000000001
}
