{
	"pitch" : 0.2715557783177977,
	"roll" : 2.6748741583139894,
	"x" : 0.35656199999999999,
	"y" : 0.186223,
	"yaw" : 3.1153429016397984,
	"z" : 0.116893
}
