{
	"pitch" : 0.36189402040102425,
	"roll" : 2.473166456661005,
	"x" : 0.33034599999999997,
	"y" : 0.13580400000000001,
	"yaw" : 2.985071526270942,
	"z" : 0.23758000000000001
}
