{
	"pitch" : 1.0314721346361286,
	"roll" : 2.2361856508252149,
	"x" : 0.281914,
	"y" : 0.167465,
	"yaw" : -2.7527507495379764,
	"z" : 0.23788799999999999
}
