{
	"pitch" : 1.0254682020092682,
	"roll" : 2.2913206018957157,
	"x" : 0.28243400000000002,
	"y" : 0.167794,
	"yaw" : -2.7072151093534438,
	"z" : 0.233457
}
