{
	"pitch" : 0.32128020870711621,
	"roll" : 2.6818729286144869,
	"x" : 0.37210799999999999,
	"y" : 0.191272,
	"yaw" : 3.103125596875838,
	"z" : 0.11745999999999999
}
