{
	"pitch" : 1.1529470505749344,
	"roll" : 2.9087657313737494,
	"x" : 0.21165600000000001,
	"y" : 0.17008999999999999,
	"yaw" : -2.5588272163488872,
	"z" : 0.279337
}
