{
	"pitch" : 0.37974873864892617,
	"roll" : 2.477093447477992,
	"x" : 0.33741900000000002,
	"y" : 0.11604200000000001,
	"yaw" : 2.9579142031099099,
	"z" : 0.240337
}
