{
	"pitch" : 1.1603472466033899,
	"roll" : 2.4992416756857998,
	"x" : 0.28053400000000001,
	"y" : 0.15781999999999999,
	"yaw" : -2.1741741025018557,
	"z" : 0.25917299999999999
}
