{
	"pitch" : 1.2191473891030791,
	"roll" : 0.50556952442519731,
	"x" : 0.071567000000000006,
	"y" : 0.0051219999999999998,
	"yaw" : 0.67795569464467731,
	"z" : 0.247364
}
