{
	"pitch" : 1.0980913521847524,
	"roll" : 2.7501153023674649,
	"x" : 0.23332700000000001,
	"y" : 0.20135400000000001,
	"yaw" : -2.5659307064045036,
	"z" : 0.259932
}
