{
	"pitch" : 1.1096628851254744,
	"roll" : 2.4745976266476402,
	"x" : 0.263125,
	"y" : 0.16295299999999999,
	"yaw" : -2.2561173108829897,
	"z" : 0.232266
}
