{
	"pitch" : 0.48994882761984809,
	"roll" : 2.5492279054629177,
	"x" : 0.34937699999999999,
	"y" : 0.192298,
	"yaw" : -3.1114682707003709,
	"z" : 0.225304
}
