{
	"pitch" : 0.45902159327450875,
	"roll" : 2.6242247034211141,
	"x" : 0.34465899999999999,
	"y" : 0.16150900000000001,
	"yaw" : -3.0086509244653854,
	"z" : 0.19594200000000001
}
