{
	"pitch" : 1.1615166172022262,
	"roll" : 2.4215396173870127,
	"x" : 0.26824199999999998,
	"y" : 0.155254,
	"yaw" : -2.2385418453154067,
	"z" : 0.24418300000000001
}
