{
	"pitch" : 1.3191722085348743,
	"roll" : -2.8062276378190827,
	"x" : 0.099422999999999997,
	"y" : 0.069005999999999998,
	"yaw" : -2.1894282801642864,
	"z" : 0.23133400000000001
}
