{
	"pitch" : 1.0517528605443032,
	"roll" : 2.7213697295871184,
	"x" : 0.26677099999999998,
	"y" : 0.17716199999999999,
	"yaw" : -2.1353230733524624,
	"z" : 0.222274
}
