{
	"pitch" : 0.99996894163763184,
	"roll" : 3.0848869061924975,
	"x" : 0.26527800000000001,
	"y" : 0.212649,
	"yaw" : -2.256536189903469,
	"z" : 0.22045899999999999
}
