{
	"pitch" : 0.97392862919787582,
	"roll" : 3.0806108495251112,
	"x" : 0.263818,
	"y" : 0.21068300000000001,
	"yaw" : -2.283623699894421,
	"z" : 0.21632299999999999
}
