{
	"pitch" : 1.166229006182611,
	"roll" : 2.3802974871623865,
	"x" : 0.26635900000000001,
	"y" : 0.154447,
	"yaw" : -2.2907271899500374,
	"z" : 0.242092
}
