{
	"pitch" : 0.261973920724349,
	"roll" : 2.644906855057247,
	"x" : 0.349858,
	"y" : 0.18512500000000001,
	"yaw" : 3.1110668449724126,
	"z" : 0.131637
}
