{
	"pitch" : 0.97953113609677767,
	"roll" : 3.0010063823416497,
	"x" : 0.25823099999999999,
	"y" : 0.20887500000000001,
	"yaw" : -2.3326150919979014,
	"z" : 0.21057300000000001
}
