{
	"pitch" : 0.46486844626868967,
	"roll" : 2.525439067758235,
	"x" : 0.340138,
	"y" : 0.19591700000000001,
	"yaw" : -3.0717271236324604,
	"z" : 0.23365900000000001
}
