{
	"pitch" : 1.3975549452419402,
	"roll" : -2.8382369763006592,
	"x" : 0.16028700000000001,
	"y" : 0.128776,
	"yaw" : -2.0660684086333276,
	"z" : 0.33626099999999998
}
