{
	"pitch" : 0.47671923188973125,
	"roll" : 2.5124014582458374,
	"x" : 0.31001299999999998,
	"y" : 0.210787,
	"yaw" : -2.7953193299941184,
	"z" : 0.25424000000000002
}
