{
	"pitch" : 0.28120744908132633,
	"roll" : 2.578148011168464,
	"x" : 0.34819699999999998,
	"y" : 0.18668699999999999,
	"yaw" : -3.0341327315445019,
	"z" : 0.16529099999999999
}
