{
	"pitch" : 0.2974564644173936,
	"roll" : 2.65012538952071,
	"x" : 0.34593299999999999,
	"y" : 0.15742500000000001,
	"yaw" : -3.1405803626236368,
	"z" : 0.14376800000000001
}
