{
	"pitch" : 0.44120178161164658,
	"roll" : 2.6179589714064542,
	"x" : 0.34375099999999997,
	"y" : 0.16019700000000001,
	"yaw" : -3.0481651787305366,
	"z" : 0.19345399999999999
}
