{
	"pitch" : 1.1009187855729836,
	"roll" : 2.5466622714624862,
	"x" : 0.27200200000000002,
	"y" : 0.163743,
	"yaw" : -2.2916347611610748,
	"z" : 0.23036300000000001
}
