{
	"pitch" : 0.54813810488133896,
	"roll" : 2.5647438825131474,
	"x" : 0.32707799999999998,
	"y" : 0.203378,
	"yaw" : -2.895640855398752,
	"z" : 0.24810199999999999
}
