{
	"pitch" : 0.98447041787992151,
	"roll" : 2.5229781535129234,
	"x" : 0.26107900000000001,
	"y" : 0.19350899999999999,
	"yaw" : -2.5751460448550332,
	"z" : 0.215332
}
