{
	"pitch" : 1.013582509803187,
	"roll" : 2.733848833738878,
	"x" : 0.24123600000000001,
	"y" : 0.21016399999999999,
	"yaw" : -2.5507637952046727,
	"z" : 0.230737
}
