{
	"pitch" : 0.45081854579013536,
	"roll" : 2.5065022453740964,
	"x" : 0.34024599999999999,
	"y" : 0.116115,
	"yaw" : 3.045564638145065,
	"z" : 0.24492
}
