{
	"pitch" : 0.43807764225057677,
	"roll" : 2.6301413695853748,
	"x" : 0.367419,
	"y" : 0.191633,
	"yaw" : -3.1405978159161565,
	"z" : 0.17231199999999999
}
