{
	"pitch" : 0.33751177075066341,
	"roll" : 2.6005231321790312,
	"x" : 0.33832800000000002,
	"y" : 0.218115,
	"yaw" : -3.0562460531672708,
	"z" : 0.165602
}
