{
	"pitch" : 0.27195720404575646,
	"roll" : 2.570398749289609,
	"x" : 0.34909499999999999,
	"y" : 0.17960699999999999,
	"yaw" : -3.0239051021278156,
	"z" : 0.166967
}
