{
	"pitch" : 1.1491771393906267,
	"roll" : 2.5000619804342379,
	"x" : 0.28067199999999998,
	"y" : 0.15712999999999999,
	"yaw" : -2.1758496185837708,
	"z" : 0.25840999999999997
}
