{
	"pitch" : 1.0256252816419478,
	"roll" : 2.3308348561608674,
	"x" : 0.28098000000000001,
	"y" : 0.16864199999999999,
	"yaw" : -2.6630757325705079,
	"z" : 0.23149500000000001
}
