{
	"pitch" : 0.42004839107747532,
	"roll" : 2.5575880325799702,
	"x" : 0.34678999999999999,
	"y" : 0.171982,
	"yaw" : -2.970515480309309,
	"z" : 0.21255199999999999
}
