{
	"pitch" : 1.0675829968598918,
	"roll" : 2.6611384171007941,
	"x" : 0.267849,
	"y" : 0.17135300000000001,
	"yaw" : -2.1780138268562443,
	"z" : 0.22457099999999999
}
