{
	"pitch" : 0.43469170350170766,
	"roll" : 2.5650231351934667,
	"x" : 0.34936499999999998,
	"y" : 0.16966500000000001,
	"yaw" : -2.9842163149374645,
	"z" : 0.212676
}
