{
	"pitch" : 1.1418642098247702,
	"roll" : 2.444543056928298,
	"x" : 0.26353199999999999,
	"y" : 0.16286300000000001,
	"yaw" : -2.272191793293858,
	"z" : 0.23765900000000001
}
