{
	"pitch" : 0.93558374553156032,
	"roll" : 2.8073970084179192,
	"x" : 0.24490899999999999,
	"y" : 0.20859800000000001,
	"yaw" : -2.3858476341837287,
	"z" : 0.199568
}
