{
	"pitch" : 0.95996599518192127,
	"roll" : 1.2895539711285302,
	"x" : 0.069777000000000006,
	"y" : 0.024263,
	"yaw" : 1.6989558537688403,
	"z" : 0.23440800000000001
}
