{
	"pitch" : 1.1347956263541932,
	"roll" : 2.8749936103476594,
	"x" : 0.23119999999999999,
	"y" : 0.18784500000000001,
	"yaw" : -2.5534166956677042,
	"z" : 0.27764699999999998
}
