{
	"pitch" : 0.47448521044717851,
	"roll" : 2.5214597170636877,
	"x" : 0.33632600000000001,
	"y" : 0.200179,
	"yaw" : -3.0595621787460598,
	"z" : 0.23763400000000001
}
