{
	"pitch" : 1.1679568821420856,
	"roll" : 2.3561944901923444,
	"x" : 0.26615100000000003,
	"y" : 0.15451699999999999,
	"yaw" : -2.3205374135741006,
	"z" : 0.24180199999999999
}
