{
	"pitch" : 0.43210861620875596,
	"roll" : 2.6052529744519357,
	"x" : 0.36154599999999998,
	"y" : 0.19400999999999999,
	"yaw" : -3.1208406887835807,
	"z" : 0.18398800000000001
}
