{
	"pitch" : 0.33648202649198677,
	"roll" : 2.5935767217560937,
	"x" : 0.34789199999999998,
	"y" : 0.14571000000000001,
	"yaw" : -3.0734026397143746,
	"z" : 0.17766999999999999
}
