{
	"pitch" : 0.82807146360870953,
	"roll" : 2.1690079279159531,
	"x" : 0.327071,
	"y" : 0.102557,
	"yaw" : -2.743989196692965,
	"z" : 0.30057600000000001
}
