{
	"pitch" : 0.40987312153834837,
	"roll" : 2.5606423587709606,
	"x" : 0.34970400000000001,
	"y" : 0.165687,
	"yaw" : -3.0938229919627083,
	"z" : 0.206176
}
