{
	"pitch" : 0.50773373269767041,
	"roll" : 2.5272018503027494,
	"x" : 0.32728699999999999,
	"y" : 0.20546200000000001,
	"yaw" : -2.9816506809370331,
	"z" : 0.24745200000000001
}
