{
	"pitch" : 0.99537872570488628,
	"roll" : 2.2369186891110524,
	"x" : 0.27053700000000003,
	"y" : 0.169322,
	"yaw" : -2.7385437694267427,
	"z" : 0.226632
}
