{
	"pitch" : 0.29651398662131662,
	"roll" : 2.6903377754866593,
	"x" : 0.35966700000000001,
	"y" : 0.186028,
	"yaw" : 3.1041378878419952,
	"z" : 0.11396299999999999
}
