{
	"pitch" : 0.98801343626146998,
	"roll" : 1.2620824887021393,
	"x" : 0.068634000000000001,
	"y" : 0.024742,
	"yaw" : 1.6816247342965358,
	"z" : 0.24024599999999999
}
