{
	"pitch" : 0.99817125250807681,
	"roll" : 3.1172976704020323,
	"x" : 0.265515,
	"y" : 0.21231900000000001,
	"yaw" : -2.2230956814352578,
	"z" : 0.22025700000000001
}
