{
	"pitch" : 0.29900980745166855,
	"roll" : 2.6890636851327034,
	"x" : 0.36046299999999998,
	"y" : 0.18637899999999999,
	"yaw" : 3.1037713686990762,
	"z" : 0.114679
}
