{
	"pitch" : 0.39343211998456185,
	"roll" : 2.6497763236703111,
	"x" : 0.37142900000000001,
	"y" : 0.19151299999999999,
	"yaw" : 3.1106654192444538,
	"z" : 0.14996399999999999
}
