{
	"pitch" : 0.68350584166601946,
	"roll" : 2.3496495054973661,
	"x" : 0.20635600000000001,
	"y" : 0.115408,
	"yaw" : 2.7842539425364743,
	"z" : 0.26358700000000002
}
