{
	"pitch" : 1.0774441071336593,
	"roll" : 2.6214496299104435,
	"x" : 0.26919900000000002,
	"y" : 0.16638,
	"yaw" : -2.2109481898413765,
	"z" : 0.22609000000000001
}
