{
	"pitch" : 0.96010562152208112,
	"roll" : 3.0169586917048781,
	"x" : 0.25920500000000002,
	"y" : 0.21196799999999999,
	"yaw" : -2.33626283013457,
	"z" : 0.211285
}
