{
	"pitch" : 0.49998447081881553,
	"roll" : 2.515979383212426,
	"x" : 0.32969399999999999,
	"y" : 0.20494999999999999,
	"yaw" : -3.0321779627822685,
	"z" : 0.24688599999999999
}
