{
	"pitch" : 0.45848054120639042,
	"roll" : 2.5157873969947064,
	"x" : 0.33864,
	"y" : 0.116992,
	"yaw" : 3.0901403472410003,
	"z" : 0.24471999999999999
}
