{
	"pitch" : 0.99907882371911372,
	"roll" : 2.4679653754900612,
	"x" : 0.260847,
	"y" : 0.19073599999999999,
	"yaw" : -2.5838901444075248,
	"z" : 0.21843199999999999
}
