{
	"pitch" : 0.48767989959225544,
	"roll" : 2.0631537087824969,
	"x" : 0.33393699999999998,
	"y" : 0.098436999999999997,
	"yaw" : -3.0464722093561023,
	"z" : 0.29723300000000002
}
