{
	"pitch" : 1.1311478882175252,
	"roll" : 2.863823503134896,
	"x" : 0.23150000000000001,
	"y" : 0.18908700000000001,
	"yaw" : -2.5551445716271783,
	"z" : 0.27601599999999998
}
