{
	"pitch" : 0.30820769260967873,
	"roll" : 2.377784213039515,
	"x" : 0.328843,
	"y" : 0.106769,
	"yaw" : -2.9455398187132702,
	"z" : 0.26915800000000001
}
