{
	"pitch" : 0.94436275166909167,
	"roll" : 2.0453164438271147,
	"x" : 0.13747500000000001,
	"y" : 0.082730999999999999,
	"yaw" : 2.5586177768386476,
	"z" : 0.29234199999999999
}
