{
	"pitch" : 0.95115208245935001,
	"roll" : 2.7563286745045645,
	"x" : 0.245058,
	"y" : 0.20738500000000001,
	"yaw" : -2.4091128731128131,
	"z" : 0.20208499999999999
}
