{
	"pitch" : 0.25841344905028035,
	"roll" : 2.5383021443454332,
	"x" : 0.33667599999999998,
	"y" : 0.159466,
	"yaw" : 3.0172728509702371,
	"z" : 0.187636
}
