{
	"pitch" : 0.9377305005115133,
	"roll" : 2.8037841768662908,
	"x" : 0.245444,
	"y" : 0.20887600000000001,
	"yaw" : -2.4011018118461593,
	"z" : 0.19978099999999999
}
