{
	"pitch" : 0.54782394561597991,
	"roll" : 2.5649882286084265,
	"x" : 0.32669399999999998,
	"y" : 0.203794,
	"yaw" : -2.892010570554604,
	"z" : 0.24807899999999999
}
