{
	"pitch" : 0.94652695994156499,
	"roll" : 3.0214616411750232,
	"x" : 0.25754899999999997,
	"y" : 0.20863899999999999,
	"yaw" : -2.3460890338232976,
	"z" : 0.208395
}
