{
	"pitch" : 0.90071206707671381,
	"roll" : 1.0641621515259829,
	"x" : 0.071567000000000006,
	"y" : 0.0051219999999999998,
	"yaw" : 1.3057157200019982,
	"z" : 0.247364
}
