{
	"pitch" : 0.36109116894510684,
	"roll" : 2.5786017967739823,
	"x" : 0.34066000000000002,
	"y" : 0.15917500000000001,
	"yaw" : 3.1240695478997704,
	"z" : 0.19001699999999999
}
