{
	"pitch" : 0.44198717977504409,
	"roll" : 2.5666288381053008,
	"x" : 0.35246499999999997,
	"y" : 0.17732200000000001,
	"yaw" : -3.1016769735966827,
	"z" : 0.20865700000000001
}
