{
	"pitch" : 0.5016599869007301,
	"roll" : 2.5191558824510554,
	"x" : 0.32820899999999997,
	"y" : 0.20518900000000001,
	"yaw" : -3.0095410423839022,
	"z" : 0.24760499999999999
}
