{
	"pitch" : 0.45142941102833323,
	"roll" : 2.6119724920721139,
	"x" : 0.36440499999999998,
	"y" : 0.19165099999999999,
	"yaw" : -3.1374038633850065,
	"z" : 0.18435399999999999
}
