{
	"pitch" : 0.9995500626171524,
	"roll" : 3.1012406412836842,
	"x" : 0.26466600000000001,
	"y" : 0.212566,
	"yaw" : -2.2330440581716253,
	"z" : 0.21962899999999999
}
