{
	"pitch" : 1.0128494715173488,
	"roll" : 1.2960465959459488,
	"x" : 0.073644000000000001,
	"y" : 0.027324999999999999,
	"yaw" : 1.7073159808858929,
	"z" : 0.25282700000000002
}
