{
	"pitch" : 0.44329617671403976,
	"roll" : 2.6182207707942537,
	"x" : 0.343779,
	"y" : 0.16026699999999999,
	"yaw" : -3.0455471848525453,
	"z" : 0.19351399999999999
}
