{
	"pitch" : 0.4089480970347914,
	"roll" : 2.4853139482548854,
	"x" : 0.33452799999999999,
	"y" : 0.118612,
	"yaw" : 3.0729314008163362,
	"z" : 0.24668699999999999
}
