{
	"pitch" : 0.38950512916757446,
	"roll" : 2.5926516972525366,
	"x" : 0.34168599999999999,
	"y" : 0.15953999999999999,
	"yaw" : -3.1172802171095122,
	"z" : 0.19126899999999999
}
