{
	"pitch" : 0.30714304176596213,
	"roll" : 2.3683768883712655,
	"x" : 0.33307399999999998,
	"y" : 0.082462999999999995,
	"yaw" : -3.0114783578536155,
	"z" : 0.27267200000000003
}
