{
	"pitch" : 1.1218801898894348,
	"roll" : 2.758108910341599,
	"x" : 0.230491,
	"y" : 0.187662,
	"yaw" : -2.6793422011990948,
	"z" : 0.27902300000000002
}
