{
	"pitch" : 0.50169489348577001,
	"roll" : 2.5198365608593334,
	"x" : 0.32803500000000002,
	"y" : 0.20524100000000001,
	"yaw" : -3.0060503838799137,
	"z" : 0.24757599999999999
}
