{
	"pitch" : 1.0900104777480188,
	"roll" : 2.5425258411352591,
	"x" : 0.26547399999999999,
	"y" : 0.16349,
	"yaw" : -2.2295184930825966,
	"z" : 0.22878200000000001
}
