{
	"pitch" : 1.189930577424694,
	"roll" : 3.0293854359790777,
	"x" : 0.097391000000000005,
	"y" : 0.048176999999999998,
	"yaw" : -2.8454102795263556,
	"z" : 0.18426699999999999
}
