{
	"pitch" : 0.34152602803025039,
	"roll" : 2.639566147546144,
	"x" : 0.34446100000000002,
	"y" : 0.15309800000000001,
	"yaw" : -3.0953763349969834,
	"z" : 0.160194
}
