{
	"pitch" : 0.39247218889596497,
	"roll" : 2.4704961029054537,
	"x" : 0.33366800000000002,
	"y" : 0.118427,
	"yaw" : 3.0398399581985234,
	"z" : 0.24916199999999999
}
