{
	"pitch" : 0.4526162349196895,
	"roll" : 2.5082126680410513,
	"x" : 0.34005999999999997,
	"y" : 0.116217,
	"yaw" : 3.0521270761325638,
	"z" : 0.244895
}
