{
	"pitch" : 0.9478883167581208,
	"roll" : 3.0218979734880218,
	"x" : 0.25745200000000001,
	"y" : 0.20857100000000001,
	"yaw" : -2.3457399679728996,
	"z" : 0.20885300000000001
}
