{
	"pitch" : 1.1048806829750106,
	"roll" : 2.4874083433572789,
	"x" : 0.26330799999999999,
	"y" : 0.16386100000000001,
	"yaw" : -2.25014828484117,
	"z" : 0.23164000000000001
}
