{
	"pitch" : 0.95556776546689559,
	"roll" : 2.6285182133810201,
	"x" : 0.25224400000000002,
	"y" : 0.20266999999999999,
	"yaw" : -2.553748308225583,
	"z" : 0.20687900000000001
}
