{
	"pitch" : 0.93465872102800351,
	"roll" : 2.8106258675341085,
	"x" : 0.24471699999999999,
	"y" : 0.20886399999999999,
	"yaw" : -2.383543799571096,
	"z" : 0.19944700000000001
}
