{
	"pitch" : 1.3272879895566483,
	"roll" : -2.7531172686808953,
	"x" : 0.099696999999999994,
	"y" : 0.070735999999999993,
	"yaw" : -2.1215175189691871,
	"z" : 0.23611699999999999
}
