{
	"pitch" : 1.411587392427974,
	"roll" : -2.5917790326265391,
	"x" : 0.119699,
	"y" : 0.096575999999999995,
	"yaw" : -1.8560703930333691,
	"z" : 0.30198999999999998
}
