{
	"pitch" : 1.0261837870025863,
	"roll" : 2.754356452449811,
	"x" : 0.22289200000000001,
	"y" : 0.183645,
	"yaw" : -2.6773699791443413,
	"z" : 0.24693499999999999
}
