{
	"pitch" : 0.49453904355259343,
	"roll" : 2.5296104046705015,
	"x" : 0.31456200000000001,
	"y" : 0.20785999999999999,
	"yaw" : -2.8198761125696787,
	"z" : 0.25162099999999998
}
