{
	"pitch" : 0.96340429380835002,
	"roll" : 2.5856354736595191,
	"x" : 0.25641700000000001,
	"y" : 0.197801,
	"yaw" : -2.5547955057767791,
	"z" : 0.21087500000000001
}
