{
	"pitch" : 0.97132808861240405,
	"roll" : 3.0632971833453277,
	"x" : 0.26114199999999999,
	"y" : 0.21241599999999999,
	"yaw" : -2.2916696677461146,
	"z" : 0.21512300000000001
}
