{
	"pitch" : 1.1095058054927953,
	"roll" : 2.5356143372973619,
	"x" : 0.280918,
	"y" : 0.153834,
	"yaw" : -2.1443638788777926,
	"z" : 0.25495499999999999
}
