{
	"pitch" : 0.8902051849797078,
	"roll" : 1.1191749295488436,
	"x" : 0.071655999999999997,
	"y" : 0.0089990000000000001,
	"yaw" : 1.3991781014462938,
	"z" : 0.24493100000000001
}
