{
	"pitch" : 0.98691387883271375,
	"roll" : 2.2979528530532942,
	"x" : 0.26399099999999998,
	"y" : 0.17562800000000001,
	"yaw" : -2.685258867363356,
	"z" : 0.22095300000000001
}
