{
	"pitch" : 1.2206134656747549,
	"roll" : 0.49825659485934126,
	"x" : 0.071567000000000006,
	"y" : 0.0051219999999999998,
	"yaw" : 0.67018897947330269,
	"z" : 0.247364
}
