{
	"pitch" : 0.37316884736890765,
	"roll" : 2.4445779635133378,
	"x" : 0.33167000000000002,
	"y" : 0.118244,
	"yaw" : 2.9813888815492335,
	"z" : 0.25575900000000001
}
