{
	"pitch" : 0.30707322859588237,
	"roll" : 2.367207517772429,
	"x" : 0.33308399999999999,
	"y" : 0.082527000000000003,
	"yaw" : -3.012159036261894,
	"z" : 0.27274100000000001
}
