{
	"pitch" : 0.38369318275843356,
	"roll" : 2.4132493034400397,
	"x" : 0.32079400000000002,
	"y" : 0.117116,
	"yaw" : 2.9089053577139095,
	"z" : 0.26813199999999998
}
