{
	"pitch" : 0.43790310932537735,
	"roll" : 2.568496340404935,
	"x" : 0.35226800000000003,
	"y" : 0.18097299999999999,
	"yaw" : -3.1086408373121404,
	"z" : 0.20572399999999999
}
