{
	"pitch" : 1.1704701562649575,
	"roll" : 2.3588648439478961,
	"x" : 0.26465499999999997,
	"y" : 0.15735299999999999,
	"yaw" : -2.3178670598185493,
	"z" : 0.24081900000000001
}
