{
	"pitch" : 0.43566908788282449,
	"roll" : 2.5616895563221576,
	"x" : 0.35211500000000001,
	"y" : 0.17486199999999999,
	"yaw" : -3.0857246642334548,
	"z" : 0.21065500000000001
}
