{
	"pitch" : 1.1421434625050892,
	"roll" : 2.5048790891697421,
	"x" : 0.28066999999999998,
	"y" : 0.15621699999999999,
	"yaw" : -2.1702645649773888,
	"z" : 0.25783400000000001
}
