{
	"pitch" : 0.9667553259721795,
	"roll" : 2.5747969790046352,
	"x" : 0.25771500000000003,
	"y" : 0.196856,
	"yaw" : -2.5608692515737204,
	"z" : 0.211564
}
