{
	"pitch" : 0.36063738333958839,
	"roll" : 2.6586076896854025,
	"x" : 0.37198700000000001,
	"y" : 0.19175900000000001,
	"yaw" : 3.1025321849301601,
	"z" : 0.137765
}
