{
	"pitch" : 1.0598511882735564,
	"roll" : 2.7107930343200324,
	"x" : 0.22505900000000001,
	"y" : 0.188309,
	"yaw" : -2.6903203221941396,
	"z" : 0.25748300000000002
}
