{
	"pitch" : 0.99366830303793185,
	"roll" : 0.98565724177127811,
	"x" : 0.071567000000000006,
	"y" : 0.0051219999999999998,
	"yaw" : 1.2091466524891519,
	"z" : 0.247364
}
