{
	"pitch" : 0.38685222870454328,
	"roll" : 2.5336595685351284,
	"x" : 0.35028199999999998,
	"y" : 0.169154,
	"yaw" : -3.0816405937837881,
	"z" : 0.212451
}
