{
	"pitch" : 0.34156093461529041,
	"roll" : 2.641154397165459,
	"x" : 0.34473500000000001,
	"y" : 0.15301799999999999,
	"yaw" : -3.0962664529155002,
	"z" : 0.15948799999999999
}
