{
	"pitch" : 1.0279640228396203,
	"roll" : 1.6422326530790248,
	"x" : 0.099385000000000001,
	"y" : 0.044842,
	"yaw" : 2.0447230318814373,
	"z" : 0.264177
}
