{
	"pitch" : 1.1690913461558814,
	"roll" : 2.368254715323626,
	"x" : 0.264847,
	"y" : 0.15815799999999999,
	"yaw" : -2.3135037366885638,
	"z" : 0.24050199999999999
}
