{
	"pitch" : 0.7591484114474536,
	"roll" : 2.2807788132136699,
	"x" : 0.18195800000000001,
	"y" : 0.10778600000000001,
	"yaw" : 2.7333601415483195,
	"z" : 0.26778000000000002
}
