{
	"pitch" : 0.45380305881104577,
	"roll" : 2.510691035578883,
	"x" : 0.33942,
	"y" : 0.11656900000000001,
	"yaw" : 3.0670496412371158,
	"z" : 0.244813
}
