{
	"pitch" : 0.99918354347423388,
	"roll" : 2.4573188670528965,
	"x" : 0.26082300000000003,
	"y" : 0.189191,
	"yaw" : -2.5829127600264083,
	"z" : 0.21876699999999999
}
