{
	"pitch" : 0.49490556269551211,
	"roll" : 2.5136755485997933,
	"x" : 0.33120500000000003,
	"y" : 0.204178,
	"yaw" : -3.0491251098191334,
	"z" : 0.24560399999999999
}
