{
	"pitch" : 0.9962164837458436,
	"roll" : -3.1398996842153584,
	"x" : 0.26571,
	"y" : 0.21204799999999999,
	"yaw" : -2.1963397840021841,
	"z" : 0.22009200000000001
}
