{
	"pitch" : 0.54696873428250314,
	"roll" : 2.563644325084391,
	"x" : 0.32664300000000002,
	"y" : 0.20407500000000001,
	"yaw" : -2.8956059488137127,
	"z" : 0.24810199999999999
}
