{
	"pitch" : 0.34068826998929314,
	"roll" : 2.6422190480091756,
	"x" : 0.34512599999999999,
	"y" : 0.15288399999999999,
	"yaw" : -3.1011708281136046,
	"z" : 0.15872
}
