{
	"pitch" : 0.39231510926328539,
	"roll" : 2.5367138947261183,
	"x" : 0.34994399999999998,
	"y" : 0.16943900000000001,
	"yaw" : -3.0642222078488848,
	"z" : 0.212704
}
