{
	"pitch" : 0.43416810472610945,
	"roll" : 2.5968230341648031,
	"x" : 0.34633999999999998,
	"y" : 0.16279099999999999,
	"yaw" : -3.0539422185546381,
	"z" : 0.19914599999999999
}
