{
	"pitch" : 0.31045916734475132,
	"roll" : 2.6849796146830367,
	"x" : 0.368205,
	"y" : 0.18971199999999999,
	"yaw" : 3.1037015555289966,
	"z" : 0.11534999999999999
}
