{
	"pitch" : 1.0506533031155465,
	"roll" : 2.7254014401592253,
	"x" : 0.266484,
	"y" : 0.177867,
	"yaw" : -2.1313262693653954,
	"z" : 0.22212000000000001
}
