{
	"pitch" : 1.3852503740153796,
	"roll" : -2.6758864492801466,
	"x" : 0.10488,
	"y" : 0.083931000000000006,
	"yaw" : -1.9600571098671922,
	"z" : 0.26794899999999999
}
