{
	"pitch" : 1.0517005006667435,
	"roll" : 2.7226787265261141,
	"x" : 0.26629000000000003,
	"y" : 0.17836299999999999,
	"yaw" : -2.1335777441004686,
	"z" : 0.222245
}
