{
	"pitch" : 1.0984927779127112,
	"roll" : 2.6974587188347963,
	"x" : 0.22718099999999999,
	"y" : 0.18978200000000001,
	"yaw" : -2.7020663880600613,
	"z" : 0.270646
}
