{
	"pitch" : 0.95345591707198241,
	"roll" : 2.8139943529904574,
	"x" : 0.24654300000000001,
	"y" : 0.20909800000000001,
	"yaw" : -2.3966861288386134,
	"z" : 0.199243
}
