{
	"pitch" : 0.39568359471963455,
	"roll" : 2.4574759466855758,
	"x" : 0.31987100000000002,
	"y" : 0.173203,
	"yaw" : -2.8409596899337699,
	"z" : 0.25753900000000002
}
