{
	"pitch" : 0.97930424329401811,
	"roll" : 3.0032753103692422,
	"x" : 0.25832100000000002,
	"y" : 0.208757,
	"yaw" : -2.3299970981199101,
	"z" : 0.21057300000000001
}
