{
	"pitch" : 1.1529994104524939,
	"roll" : 2.4971298272908866,
	"x" : 0.28088400000000002,
	"y" : 0.15725700000000001,
	"yaw" : -2.1805969141491954,
	"z" : 0.25873000000000002
}
