{
	"pitch" : 0.46778314611952038,
	"roll" : 2.5900162500820252,
	"x" : 0.35913400000000001,
	"y" : 0.19289400000000001,
	"yaw" : -3.1264257423899626,
	"z" : 0.19952900000000001
}
