{
	"pitch" : 0.97043797069388726,
	"roll" : 2.8056691324584446,
	"x" : 0.247895,
	"y" : 0.21601699999999999,
	"yaw" : -2.4637940385777952,
	"z" : 0.210478
}
