{
	"pitch" : 1.0447540902438059,
	"roll" : 2.3514471946269202,
	"x" : 0.28729199999999999,
	"y" : 0.129417,
	"yaw" : -2.2735007902328537,
	"z" : 0.26892199999999999
}
