{
	"pitch" : 1.1295945451832503,
	"roll" : 2.6851890541932764,
	"x" : 0.227826,
	"y" : 0.19022700000000001,
	"yaw" : -2.7130968689326656,
	"z" : 0.28120499999999998
}
