{
	"pitch" : 0.76956802708185967,
	"roll" : 2.2648090505579219,
	"x" : 0.179149,
	"y" : 0.10648000000000001,
	"yaw" : 2.721806061900117,
	"z" : 0.27008500000000002
}
