{
	"pitch" : 0.93645641015755765,
	"roll" : 1.2171053538782457,
	"x" : 0.070932999999999996,
	"y" : 0.018438,
	"yaw" : 1.5764511935713577,
	"z" : 0.23862
}
