{
	"pitch" : 0.41896628694123883,
	"roll" : 2.4884031810309151,
	"x" : 0.34021200000000001,
	"y" : 0.115463,
	"yaw" : 2.9880036794142919,
	"z" : 0.243677
}
