{
	"pitch" : 1.0628357012944669,
	"roll" : 2.7265533574655416,
	"x" : 0.23655000000000001,
	"y" : 0.20607800000000001,
	"yaw" : -2.5658434399419039,
	"z" : 0.24751600000000001
}
