{
	"pitch" : 1.1939971945818413,
	"roll" : 2.9976728034703406,
	"x" : 0.096234,
	"y" : 0.051110999999999997,
	"yaw" : -2.8420417940700062,
	"z" : 0.18474499999999999
}
