{
	"pitch" : 0.45085345237517516,
	"roll" : 2.6228109867269986,
	"x" : 0.34388000000000002,
	"y" : 0.16030900000000001,
	"yaw" : -3.0339931052043427,
	"z" : 0.19358400000000001
}
