{
	"pitch" : 0.96457366440718584,
	"roll" : 3.0588116871677022,
	"x" : 0.26036999999999999,
	"y" : 0.21230599999999999,
	"yaw" : -2.2910064426303558,
	"z" : 0.21243699999999999
}
