{
	"pitch" : 0.98799598296895008,
	"roll" : 2.342092229836231,
	"x" : 0.26294099999999998,
	"y" : 0.17859900000000001,
	"yaw" : -2.6594978076039193,
	"z" : 0.22107299999999999
}
