{
	"pitch" : 1.2399517137868512,
	"roll" : 0.38262853191471685,
	"x" : 0.071567000000000006,
	"y" : 0.0051219999999999998,
	"yaw" : 0.54752723964314109,
	"z" : 0.247364
}
