{
	"pitch" : 1.1143054609357796,
	"roll" : 0.81803582040974243,
	"x" : 0.071567000000000006,
	"y" : 0.0051219999999999998,
	"yaw" : 1.0168462755044165,
	"z" : 0.247364
}
