{
	"pitch" : 0.99595468435804424,
	"roll" : 3.0864227959342525,
	"x" : 0.26361200000000001,
	"y" : 0.21208099999999999,
	"yaw" : -2.2473732113304981,
	"z" : 0.21818000000000001
}
