{
	"pitch" : 0.45179593017125214,
	"roll" : 2.5047569161221022,
	"x" : 0.34109099999999998,
	"y" : 0.11564099999999999,
	"yaw" : 3.0295425156117575,
	"z" : 0.245037
}
