{
	"pitch" : 0.26185174767670927,
	"roll" : 2.6491305518470729,
	"x" : 0.34624500000000002,
	"y" : 0.18166199999999999,
	"yaw" : -3.1300909338191505,
	"z" : 0.13181599999999999
}
