{
	"pitch" : 0.95614372412005366,
	"roll" : 2.6707377279867628,
	"x" : 0.25088500000000002,
	"y" : 0.204766,
	"yaw" : -2.5251423617853961,
	"z" : 0.20683399999999999
}
