{
	"pitch" : 0.26745425457561106,
	"roll" : 2.6718198321229996,
	"x" : 0.35598400000000002,
	"y" : 0.18649199999999999,
	"yaw" : 3.1181354284429896,
	"z" : 0.11756800000000001
}
