{
	"pitch" : 1.2950343049797923,
	"roll" : -2.9677404067986379,
	"x" : 0.099460000000000007,
	"y" : 0.064704999999999999,
	"yaw" : -2.3948709864165387,
	"z" : 0.21998899999999999
}
