{
	"pitch" : 1.1144625405684594,
	"roll" : 2.5215295302337681,
	"x" : 0.28075299999999997,
	"y" : 0.15459899999999999,
	"yaw" : -2.1574713015602707,
	"z" : 0.25561200000000001
}
