{
	"pitch" : 0.73305573913013844,
	"roll" : 2.3113744350011305,
	"x" : 0.19136300000000001,
	"y" : 0.111877,
	"yaw" : 2.7580041905864792,
	"z" : 0.26601000000000002
}
