{
	"pitch" : 0.99431407486116952,
	"roll" : 3.0774168969939617,
	"x" : 0.264957,
	"y" : 0.21210699999999999,
	"yaw" : -2.2681251761367114,
	"z" : 0.219528
}
