{
	"pitch" : 1.249393945040141,
	"roll" : 0.3045425011804907,
	"x" : 0.071567000000000006,
	"y" : 0.0051219999999999998,
	"yaw" : 0.46509533907144907,
	"z" : 0.247364
}
