{
	"pitch" : 0.40744711387807619,
	"roll" : 2.5592460953693648,
	"x" : 0.34945100000000001,
	"y" : 0.16586999999999999,
	"yaw" : -3.0915366106425961,
	"z" : 0.20627499999999999
}
