{
	"pitch" : 0.37308158090630794,
	"roll" : 2.4772330738181516,
	"x" : 0.33556399999999997,
	"y" : 0.118732,
	"yaw" : 2.9629232980631337,
	"z" : 0.23904
}
