{
	"pitch" : 1.0946006936807635,
	"roll" : 2.5615848365670377,
	"x" : 0.271227,
	"y" : 0.163355,
	"yaw" : -2.2727852052395359,
	"z" : 0.229132
}
