{
	"pitch" : 0.35821137567931632,
	"roll" : 2.6081502210102463,
	"x" : 0.34064899999999998,
	"y" : 0.21734999999999999,
	"yaw" : -3.0693709291422677,
	"z" : 0.16582
}
