{
	"pitch" : 0.46399578164269267,
	"roll" : 2.61621364215446,
	"x" : 0.36575200000000002,
	"y" : 0.19103400000000001,
	"yaw" : 3.1376133028952458,
	"z" : 0.184616
}
