{
	"pitch" : 0.94743453115260201,
	"roll" : 2.7671497158669296,
	"x" : 0.244838,
	"y" : 0.208009,
	"yaw" : -2.4010145453835596,
	"z" : 0.20113400000000001
}
