{
	"pitch" : 1.3773091259188055,
	"roll" : -2.6924147172965336,
	"x" : 0.10218000000000001,
	"y" : 0.081127000000000005,
	"yaw" : -1.9845615325651929,
	"z" : 0.26011800000000002
}
