{
	"pitch" : 1.0531142173608585,
	"roll" : 2.7163257280488549,
	"x" : 0.26664300000000002,
	"y" : 0.177013,
	"yaw" : -2.1375920013800549,
	"z" : 0.222465
}
