{
	"pitch" : 1.0466739524209991,
	"roll" : 2.4079085959289368,
	"x" : 0.28604800000000002,
	"y" : 0.131747,
	"yaw" : -2.2339690826751823,
	"z" : 0.26322800000000002
}
