{
	"pitch" : 1.2589583493410701,
	"roll" : -3.1304574529620695,
	"x" : 0.099066000000000001,
	"y" : 0.059117000000000003,
	"yaw" : -2.6147301122902649,
	"z" : 0.206564
}
