{
	"pitch" : 0.49464376330771287,
	"roll" : 2.5137802683549126,
	"x" : 0.331237,
	"y" : 0.20419399999999999,
	"yaw" : -3.049072749941574,
	"z" : 0.24549199999999999
}
