{
	"pitch" : 0.91994559543369114,
	"roll" : 1.0501995175100278,
	"x" : 0.071567000000000006,
	"y" : 0.0051219999999999998,
	"yaw" : 1.2880355346792951,
	"z" : 0.247364
}
