{
	"pitch" : 0.40207149978193374,
	"roll" : 2.54552780744869,
	"x" : 0.34692600000000001,
	"y" : 0.172566,
	"yaw" : -3.0072895676488298,
	"z" : 0.21256900000000001
}
