{
	"pitch" : 1.1099421378057939,
	"roll" : 2.7655265596625749,
	"x" : 0.232292,
	"y" : 0.19897699999999999,
	"yaw" : -2.5663670387175022,
	"z" : 0.26459199999999999
}
