{
	"pitch" : 0.26277677218026629,
	"roll" : 2.666706017414656,
	"x" : 0.35513800000000001,
	"y" : 0.18688299999999999,
	"yaw" : 3.1220798725524967,
	"z" : 0.119145
}
