{
	"pitch" : 0.33096678605568475,
	"roll" : 2.6008547447369099,
	"x" : 0.34527600000000003,
	"y" : 0.14432500000000001,
	"yaw" : -3.0760729934699262,
	"z" : 0.17394699999999999
}
