{
	"pitch" : 0.28169614127188486,
	"roll" : 2.5460688595168079,
	"x" : 0.33802199999999999,
	"y" : 0.15886700000000001,
	"yaw" : 3.0247777667538127,
	"z" : 0.187719
}
