{
	"pitch" : 0.27319638781467237,
	"roll" : 2.5736974215758779,
	"x" : 0.34874300000000003,
	"y" : 0.18369199999999999,
	"yaw" : -3.0321605094897484,
	"z" : 0.16533200000000001
}
