{
	"pitch" : 0.46183157337021957,
	"roll" : 2.5240078977715998,
	"x" : 0.33585300000000001,
	"y" : 0.118447,
	"yaw" : -3.1320107959963441,
	"z" : 0.24443999999999999
}
