{
	"pitch" : 0.94397877923365303,
	"roll" : 2.0454909767523142,
	"x" : 0.140405,
	"y" : 0.084405999999999995,
	"yaw" : 2.560206026457962,
	"z" : 0.29611100000000001
}
