{
	"pitch" : 0.46156977398242038,
	"roll" : 2.5929658565178957,
	"x" : 0.35959600000000003,
	"y" : 0.19309999999999999,
	"yaw" : -3.1250992921584468,
	"z" : 0.19678799999999999
}
