{
	"pitch" : 0.95689421569841138,
	"roll" : 2.0213705264897528,
	"x" : 0.13042000000000001,
	"y" : 0.076596999999999998,
	"yaw" : 2.5153510646817079,
	"z" : 0.28311900000000001
}
