{
	"pitch" : 1.1069576247848831,
	"roll" : 2.6942822195961664,
	"x" : 0.22769800000000001,
	"y" : 0.190141,
	"yaw" : -2.7049112747408119,
	"z" : 0.27358399999999999
}
