{
	"pitch" : 0.94462455105689069,
	"roll" : 1.2400040736644111,
	"x" : 0.070679000000000006,
	"y" : 0.020282999999999999,
	"yaw" : 1.614638997604994,
	"z" : 0.23699500000000001
}
