{
	"pitch" : 0.52284828401994132,
	"roll" : 2.5427352806454988,
	"x" : 0.32675999999999999,
	"y" : 0.20511199999999999,
	"yaw" : -2.9405307237600464,
	"z" : 0.247308
}
