{
	"pitch" : 1.1557744839631654,
	"roll" : 2.4324479252119771,
	"x" : 0.26317400000000002,
	"y" : 0.16211100000000001,
	"yaw" : -2.2688058545449885,
	"z" : 0.23938300000000001
}
