{
	"pitch" : 0.99162626781309837,
	"roll" : 2.7958778353547564,
	"x" : 0.25335299999999999,
	"y" : 0.21174599999999999,
	"yaw" : -2.4724159650826469,
	"z" : 0.205764
}
