{
	"pitch" : 0.34225906631608805,
	"roll" : 2.5621258886351561,
	"x" : 0.35487400000000002,
	"y" : 0.15087200000000001,
	"yaw" : -3.0570489046231879,
	"z" : 0.190466
}
