{
	"pitch" : 1.1008838789879436,
	"roll" : 2.5025228946795495,
	"x" : 0.26373099999999999,
	"y" : 0.16406899999999999,
	"yaw" : -2.2420848636969559,
	"z" : 0.23100699999999999
}
