{
	"pitch" : 0.95849991861024553,
	"roll" : 2.65012538952071,
	"x" : 0.25231500000000001,
	"y" : 0.20300199999999999,
	"yaw" : -2.5430319866183382,
	"z" : 0.20707400000000001
}
