{
	"pitch" : 0.98824032906422943,
	"roll" : 2.30228126959824,
	"x" : 0.26402300000000001,
	"y" : 0.17577999999999999,
	"yaw" : -2.6857650128464341,
	"z" : 0.22139700000000001
}
