{
	"pitch" : 1.0730633307111537,
	"roll" : 2.7064471644825669,
	"x" : 0.225991,
	"y" : 0.18895600000000001,
	"yaw" : -2.6941251399634871,
	"z" : 0.26199699999999998
}
