{
	"pitch" : 1.0553656920959313,
	"roll" : 2.8079031539009973,
	"x" : 0.26586500000000002,
	"y" : 0.18657499999999999,
	"yaw" : -2.0796121636288034,
	"z" : 0.221106
}
