{
	"pitch" : 0.32553881208198238,
	"roll" : 2.6796912670494937,
	"x" : 0.372923,
	"y" : 0.191631,
	"yaw" : 3.1024449184675604,
	"z" : 0.119006
}
