{
	"pitch" : 1.0882302419109844,
	"roll" : 2.5733309024329594,
	"x" : 0.269816,
	"y" : 0.16301599999999999,
	"yaw" : -2.2497468591132108,
	"z" : 0.22794600000000001
}
