{
	"pitch" : 0.87083203028257083,
	"roll" : 1.0839890918286381,
	"x" : 0.071567000000000006,
	"y" : 0.0051219999999999998,
	"yaw" : 1.3313197001287547,
	"z" : 0.247364
}
