{
	"pitch" : 1.3418614888108,
	"roll" : -2.723237231886753,
	"x" : 0.100089,
	"y" : 0.073414999999999994,
	"yaw" : -2.0701873856680342,
	"z" : 0.24274999999999999
}
