{
	"pitch" : 0.25921630050619782,
	"roll" : 2.6459191460234033,
	"x" : 0.34730800000000001,
	"y" : 0.182667,
	"yaw" : -3.1380147286232045,
	"z" : 0.132106
}
