{
	"pitch" : 1.1231542802433909,
	"roll" : 2.4991893158082408,
	"x" : 0.28008100000000002,
	"y" : 0.15575700000000001,
	"yaw" : -2.17310945165814,
	"z" : 0.25671100000000002
}
