{
	"pitch" : 0.8848470241760853,
	"roll" : 2.1998653490912128,
	"x" : 0.32522899999999999,
	"y" : 0.102964,
	"yaw" : -2.6742981996608313,
	"z" : 0.30132100000000001
}
