{
	"pitch" : 0.30887091772543657,
	"roll" : 2.5544638932189008,
	"x" : 0.35286899999999999,
	"y" : 0.16061800000000001,
	"yaw" : -3.0379200960213302,
	"z" : 0.18439800000000001
}
