{
	"pitch" : 0.39653880605311165,
	"roll" : 2.598777802927037,
	"x" : 0.345221,
	"y" : 0.214197,
	"yaw" : -3.1224812982804555,
	"z" : 0.17525499999999999
}
