{
	"pitch" : 1.1248821562028657,
	"roll" : 2.4561844030391011,
	"x" : 0.26210899999999998,
	"y" : 0.16342799999999999,
	"yaw" : -2.2580720796452241,
	"z" : 0.234654
}
