{
	"pitch" : 1.0970441546335563,
	"roll" : 2.5191035225734955,
	"x" : 0.26446199999999997,
	"y" : 0.16400200000000001,
	"yaw" : -2.2359762113149753,
	"z" : 0.23027
}
