{
	"pitch" : 0.95595173790233434,
	"roll" : 1.2756611502826556,
	"x" : 0.070096000000000006,
	"y" : 0.023127999999999999,
	"yaw" : 1.6747830436287188,
	"z" : 0.23494200000000001
}
