{
	"pitch" : 0.40427061463944658,
	"roll" : 2.6233171322100772,
	"x" : 0.34519499999999997,
	"y" : 0.21662200000000001,
	"yaw" : -3.0997571114194891,
	"z" : 0.16652500000000001
}
