{
	"pitch" : 0.25445155164825334,
	"roll" : 2.6550821245963738,
	"x" : 0.35125800000000001,
	"y" : 0.185755,
	"yaw" : 3.1041029812569549,
	"z" : 0.124665
}
