{
	"pitch" : 1.0974804869465546,
	"roll" : 2.5513048472727915,
	"x" : 0.27096999999999999,
	"y" : 0.16370399999999999,
	"yaw" : -2.2744607213214509,
	"z" : 0.23014499999999999
}
