{
	"pitch" : 1.1002381071647056,
	"roll" : 2.5056470340406189,
	"x" : 0.26408799999999999,
	"y" : 0.16372200000000001,
	"yaw" : -2.2421721301595561,
	"z" : 0.23088800000000001
}
