{
	"pitch" : 1.0293777395337353,
	"roll" : 2.7385786760117825,
	"x" : 0.222163,
	"y" : 0.184556,
	"yaw" : -2.6799356131447731,
	"z" : 0.24745
}
