{
	"pitch" : 0.25782003710460238,
	"roll" : 2.6663744048567768,
	"x" : 0.35267500000000002,
	"y" : 0.185894,
	"yaw" : 3.1190779062390663,
	"z" : 0.11974
}
