{
	"pitch" : 0.48567277095246214,
	"roll" : 2.5176374460018205,
	"x" : 0.33346100000000001,
	"y" : 0.202765,
	"yaw" : -3.0530870072211607,
	"z" : 0.24177399999999999
}
