{
	"pitch" : 0.95855227848780589,
	"roll" : 2.9248751203696575,
	"x" : 0.25285099999999999,
	"y" : 0.21260799999999999,
	"yaw" : -2.4050113493706262,
	"z" : 0.20860100000000001
}
