{
	"pitch" : 0.95370026316726153,
	"roll" : 1.26812132791404,
	"x" : 0.070226999999999998,
	"y" : 0.022540999999999999,
	"yaw" : 1.6621643131367998,
	"z" : 0.23537
}
