{
	"pitch" : 0.98452277775748143,
	"roll" : 2.8145004984735356,
	"x" : 0.25414199999999998,
	"y" : 0.21074399999999999,
	"yaw" : -2.4678955623199821,
	"z" : 0.20494499999999999
}
