{
	"pitch" : 1.1063642128392053,
	"roll" : 2.4876526894525584,
	"x" : 0.263486,
	"y" : 0.16340299999999999,
	"yaw" : -2.2499213920384102,
	"z" : 0.23172899999999999
}
