{
	"pitch" : 1.0521368329797414,
	"roll" : 2.5812896038220536,
	"x" : 0.28388600000000003,
	"y" : 0.140378,
	"yaw" : -2.1010448068432934,
	"z" : 0.25157000000000002
}
