{
	"pitch" : 0.50253265152672733,
	"roll" : 2.5619164491249165,
	"x" : 0.353296,
	"y" : 0.19168099999999999,
	"yaw" : -3.1271936872608403,
	"z" : 0.22075900000000001
}
