{
	"pitch" : 0.29155725154565265,
	"roll" : 2.5836632516047655,
	"x" : 0.34714200000000001,
	"y" : 0.19191,
	"yaw" : -3.0433306167025127,
	"z" : 0.16525999999999999
}
