{
	"pitch" : 0.49200831613720158,
	"roll" : 2.5514270203204306,
	"x" : 0.35006300000000001,
	"y" : 0.19220100000000001,
	"yaw" : -3.1141735310409624,
	"z" : 0.22449
}
