{
	"pitch" : 1.0544057610073341,
	"roll" : 2.8533340743304101,
	"x" : 0.26644499999999999,
	"y" : 0.189579,
	"yaw" : -2.0568356168902771,
	"z" : 0.22040899999999999
}
