{
	"pitch" : 0.96328212076071051,
	"roll" : 2.8934766471262794,
	"x" : 0.25484699999999999,
	"y" : 0.205899,
	"yaw" : -2.4420995959755056,
	"z" : 0.20479700000000001
}
