{
	"pitch" : 0.53389621818506527,
	"roll" : 2.5576752990425704,
	"x" : 0.32419900000000001,
	"y" : 0.20394999999999999,
	"yaw" : -2.8708571800204328,
	"z" : 0.24879999999999999
}
