{
	"pitch" : 1.072469918765476,
	"roll" : 2.7066566039928071,
	"x" : 0.226184,
	"y" : 0.18909000000000001,
	"yaw" : -2.6939331537457676,
	"z" : 0.261847
}
