{
	"pitch" : 0.97497582674907235,
	"roll" : 2.8341179992659526,
	"x" : 0.254606,
	"y" : 0.20938399999999999,
	"yaw" : -2.4635496924825162,
	"z" : 0.203516
}
