{
	"pitch" : 0.95595173790233412,
	"roll" : 1.2756786035751748,
	"x" : 0.070096000000000006,
	"y" : 0.023127999999999999,
	"yaw" : 1.6748004969212387,
	"z" : 0.23494200000000001
}
