{
	"pitch" : 1.2052894748422445,
	"roll" : 2.9108426731836228,
	"x" : 0.20469999999999999,
	"y" : 0.16526199999999999,
	"yaw" : -2.5561045027157756,
	"z" : 0.29316700000000001
}
