{
	"pitch" : 0.26998498199100296,
	"roll" : 2.5731912760927997,
	"x" : 0.34787800000000002,
	"y" : 0.18364900000000001,
	"yaw" : -3.0267325355160466,
	"z" : 0.16484199999999999
}
