{
	"pitch" : 0.30656708311280401,
	"roll" : 2.3733859833244892,
	"x" : 0.33060099999999998,
	"y" : 0.095906000000000005,
	"yaw" : -2.9725749688266623,
	"z" : 0.27090999999999998
}
