{
	"pitch" : 0.9536828098747423,
	"roll" : 3.014497777459566,
	"x" : 0.25860899999999998,
	"y" : 0.211092,
	"yaw" : -2.3437677459181461,
	"z" : 0.20982400000000001
}
