{
	"pitch" : 1.1298039846934895,
	"roll" : 2.8502972014319394,
	"x" : 0.231464,
	"y" : 0.19028999999999999,
	"yaw" : -2.5574134996547713,
	"z" : 0.274974
}
