{
	"pitch" : 0.44957936202121945,
	"roll" : 2.6113441735413958,
	"x" : 0.3639,
	"y" : 0.19232199999999999,
	"yaw" : -3.1345938832892957,
	"z" : 0.18431700000000001
}
