{
	"pitch" : 0.30435051496277121,
	"roll" : 2.5884978136327903,
	"x" : 0.34359299999999998,
	"y" : 0.203737,
	"yaw" : -3.0648505263796029,
	"z" : 0.165329
}
