{
	"pitch" : 0.28132962212896595,
	"roll" : 2.5459292331766488,
	"x" : 0.338007,
	"y" : 0.15887399999999999,
	"yaw" : 3.0245159673660136,
	"z" : 0.187718
}
