{
	"effort" : [ 0.0, 0.0, 0.0, 0.0, 0.0, 0.0, -0.047 ],
	"position" : 
	[
		0.60671135457811565,
		1.2137717750066301,
		-0.5468465612347253,
		-1.2567766877757596,
		-0.2363001274274526,
		1.2853128210458595,
		0.043900000000000002
	],
	"velocity" : [ 0.0, -0.42699999999999999, 0.0, 0.0, 0.185, -0.41899999999999998, 0.0 ]
}
