{
	"effort" : [ 0.0, 0.0, 0.0, 0.0, 0.0, 0.0, -0.097000000000000003 ],
	"position" : 
	[
		0.49307296698079361,
		1.7506874127975101,
		-0.92528630294456016,
		-2.2108260167931792,
		-0.39598030069237344,
		2.7045796621822502,
		0.069000000000000006
	],
	"velocity" : 
	[
		0.316,
		0.245,
		-0.029999999999999999,
		0.0,
		0.105,
		0.084000000000000005,
		0.0
	]
}
