{
	"effort" : [ 0.0, 0.0, 0.0, 0.0, 0.0, 0.0, 0.24399999999999999 ],
	"position" : 
	[
		0.47958157186288081,
		0.611999702211657,
		-0.33405601883163033,
		-2.2127109723853322,
		-0.13442525898856933,
		2.7585452426539012,
		0.0091999999999999998
	],
	"velocity" : 
	[
		0.0,
		0.376,
		-0.34100000000000003,
		0.0,
		-0.049000000000000002,
		0.0,
		0.0
	]
}
