{
	"effort" : [ 0.0, 0.0, 0.0, 0.0, 0.0, 0.0, -1.0449999999999999 ],
	"position" : 
	[
		0.29078930667470188,
		1.5020652608509806,
		-0.68828804381631004,
		-1.6466483360861544,
		-1.0588214440146126,
		1.2130910965983523,
		0.047800000000000002
	],
	"velocity" : [ 0.0, 0.0, 0.0, -0.187, 0.0, 0.0, 0.0 ]
}
