{
	"effort" : [ 0.0, 0.0, 0.0, 0.0, 0.0, 0.0, -1.0600000000000001 ],
	"position" : 
	[
		0.5069134279491051,
		1.4759376819486323,
		-0.61624085229400227,
		-1.3876763816753011,
		-0.61622339900148237,
		1.2910724075774394,
		0.056399999999999999
	],
	"velocity" : 
	[
		0.27100000000000002,
		-0.025999999999999999,
		0.107,
		0.23200000000000001,
		0.36399999999999999,
		-0.37,
		0.0
	]
}
