{
	"effort" : [ 0.0, 0.0, 0.0, 0.0, 0.0, 0.0, -1.044 ],
	"position" : 
	[
		0.58454567307779315,
		1.4733545946556812,
		-0.6081425245647506,
		-1.1909428683905501,
		-0.39282125474626456,
		1.1026117549471393,
		0.046600000000000003
	],
	"velocity" : 
	[
		0.0,
		-0.002,
		0.014999999999999999,
		0.0,
		0.095000000000000001,
		0.0,
		0.0
	]
}
