{
	"effort" : [ 0.0, 0.0, 0.0, 0.0, 0.0, 0.0, 0.16500000000000001 ],
	"position" : 
	[
		0.47958157186288081,
		0.67081729800385115,
		-0.37950439255355117,
		-2.2127109723853322,
		-0.14152874904418444,
		2.7636765106547632,
		0.035000000000000003
	],
	"velocity" : 
	[
		0.0,
		0.32800000000000001,
		-0.051999999999999998,
		0.0,
		0.0,
		0.23000000000000001,
		0.0
	]
}
