{
	"effort" : [ 0.0, 0.0, 0.0, 0.0, 0.0, 0.0, -0.02 ],
	"position" : 
	[
		0.47958157186288081,
		0.020123646275489539,
		-0.036425021489112461,
		-2.2165681500322387,
		0.13421581947833008,
		2.7467642702029424,
		0.0
	],
	"velocity" : 
	[
		0.0,
		0.13300000000000001,
		-0.11700000000000001,
		0.0,
		0.0,
		-0.058999999999999997,
		0.0
	]
}
