{
	"effort" : [ 0.0, 0.0, 0.0, 0.0, 0.0, 0.0, -0.096000000000000002 ],
	"position" : 
	[
		0.47979101137312002,
		1.7429206976261371,
		-0.92528630294456016,
		-2.2108260167931792,
		-0.4067315288846558,
		2.6999021797869069,
		0.069000000000000006
	],
	"velocity" : 
	[
		0.41699999999999998,
		0.27000000000000002,
		0.0,
		0.0,
		0.373,
		0.084000000000000005,
		0.0
	]
}
