{
	"effort" : [ 0.0, 0.0, 0.0, 0.0, 0.0, 0.0, -1.032 ],
	"position" : 
	[
		0.55276322739898454,
		1.4699512026142931,
		-0.60379665472728583,
		-1.3692980646518056,
		-0.54620078941148753,
		1.2461650859236366,
		0.055399999999999998
	],
	"velocity" : 
	[
		0.109,
		0.0030000000000000001,
		0.0,
		-0.157,
		0.0,
		-0.099000000000000005,
		0.0
	]
}
