{
	"effort" : [ 0.0, 0.0, 0.0, 0.0, 0.0, 0.0, -1.0429999999999999 ],
	"position" : 
	[
		0.58454567307779315,
		1.4714172791859679,
		-0.6081425245647506,
		-1.1909428683905501,
		-0.39102356561671087,
		1.1026117549471393,
		0.046600000000000003
	],
	"velocity" : 
	[
		0.0,
		-0.019,
		0.021000000000000001,
		-0.012999999999999999,
		0.0030000000000000001,
		0.0,
		0.0
	]
}
