{
	"effort" : [ 0.0, 0.0, 0.0, 0.0, 0.0, 0.0, 0.045999999999999999 ],
	"position" : 
	[
		0.34142130827504452,
		1.6535074800464906,
		-0.85011497206118336,
		-2.2155733123586021,
		-0.56669095482989584,
		2.7880413070125978,
		0.074099999999999999
	],
	"velocity" : [ 0.0, 0.10100000000000001, 0.0, 0.0, 0.26800000000000002, 0.0, 0.0 ]
}
