{
	"effort" : [ 0.0, 0.0, 0.0, 0.0, 0.0, 0.0, 0.10299999999999999 ],
	"position" : 
	[
		0.33023374776976372,
		1.7455910513816879,
		-0.84337800114848704,
		-2.212815692140452,
		-0.47776642944080716,
		2.608673819785186,
		0.090899999999999995
	],
	"velocity" : 
	[
		0.088999999999999996,
		0.20599999999999999,
		0.0,
		0.0,
		0.189,
		0.091999999999999998,
		0.0
	]
}
