{
	"effort" : [ 0.0, 0.0, 0.0, 0.0, 0.0, 0.0, -0.96099999999999997 ],
	"position" : 
	[
		0.24567254551065981,
		1.5081041000628794,
		-0.78251837013145997,
		-1.7455561447966481,
		-1.2614367168785834,
		1.2371940935683878,
		0.051299999999999998
	],
	"velocity" : 
	[
		0.0,
		0.0,
		0.036999999999999998,
		0.0,
		-0.050999999999999997,
		-0.32000000000000001,
		0.0
	]
}
