{
	"effort" : [ 0.0, 0.0, 0.0, 0.0, 0.0, 0.0, -0.025000000000000001 ],
	"position" : 
	[
		0.47958157186288081,
		0.093392568274192983,
		-0.064577182323773893,
		-2.2147355543176452,
		0.13421581947833008,
		2.7484921461624165,
		0.0
	],
	"velocity" : 
	[
		0.0,
		0.49399999999999999,
		-0.224,
		0.070000000000000007,
		0.0,
		0.126,
		0.0
	]
}
