{
	"effort" : [ 0.0, 0.0, 0.0, 0.0, 0.0, 0.0, -1.018 ],
	"position" : 
	[
		0.61121430404825994,
		1.4498973695088833,
		-0.6200456700633491,
		-1.2580333248371951,
		-0.41256092858631543,
		1.1991808224599612,
		0.047
	],
	"velocity" : 
	[
		0.0,
		-0.17100000000000001,
		0.039,
		-0.0030000000000000001,
		0.0,
		0.16400000000000001,
		0.0
	]
}
