{
	"effort" : [ 0.0, 0.0, 0.0, 0.0, 0.0, 0.0, 0.021000000000000001 ],
	"position" : 
	[
		0.47958157186288081,
		0.45570546769560438,
		-0.21560052249880507,
		-2.2127109723853322,
		0.0,
		2.7585452426539012,
		0.0
	],
	"velocity" : [ 0.0, 0.72199999999999998, -0.37, 0.0, -0.41399999999999998, 0.0, 0.0 ]
}
