{
	"effort" : [ 0.0, 0.0, 0.0, 0.0, 0.0, 0.0, -1.0469999999999999 ],
	"position" : 
	[
		0.3546858105901981,
		1.4901970219374223,
		-0.63435736992969882,
		-1.4859384185625573,
		-0.93287848519073369,
		1.337131646537558,
		0.057099999999999998
	],
	"velocity" : 
	[
		0.16800000000000001,
		-0.068000000000000005,
		-0.02,
		0.105,
		0.17999999999999999,
		-0.023,
		0.0
	]
}
