{
	"effort" : [ 0.0, 0.0, 0.0, 0.0, 0.0, 0.0, 0.115 ],
	"position" : 
	[
		0.24918065730716749,
		1.5105301077231508,
		-0.85011497206118336,
		-2.2155733123586021,
		-0.59634409882127193,
		2.7461883115497843,
		0.073499999999999996
	],
	"velocity" : 
	[
		0.39900000000000002,
		0.0050000000000000001,
		0.0,
		0.0,
		0.128,
		0.23200000000000001,
		0.0
	]
}
