{
	"effort" : [ 0.0, 0.0, 0.0, 0.0, 0.0, 0.0, -1.044 ],
	"position" : 
	[
		0.32522465281654128,
		1.5020652608509806,
		-0.68388981410128535,
		-1.6712749318317883,
		-0.99778728007238626,
		1.2096877045569645,
		0.047199999999999999
	],
	"velocity" : [ 0.13100000000000001, 0.0, 0.0, -0.126, 0.52300000000000002, 0.0, 0.0 ]
}
