{
	"effort" : [ 0.0, 0.0, 0.0, 0.0, 0.0, 0.0, 0.10000000000000001 ],
	"position" : 
	[
		0.3249279468437023,
		1.205760713739978,
		-0.65296257975595373,
		-2.2127109723853322,
		-0.40954150898036601,
		2.8221450405965589,
		0.047800000000000002
	],
	"velocity" : 
	[
		-0.61699999999999999,
		0.97199999999999998,
		-0.99099999999999999,
		0.0,
		-1.163,
		0.0,
		0.0
	]
}
