{
	"effort" : [ 0.0, 0.0, 0.0, 0.0, 0.0, 0.0, -0.088999999999999996 ],
	"position" : 
	[
		0.514365983855119,
		1.7664826425280549,
		-0.92685709927135462,
		-2.2108260167931792,
		-0.33773866355333743,
		2.703515011338534,
		0.069000000000000006
	],
	"velocity" : 
	[
		-0.14899999999999999,
		0.0,
		0.021000000000000001,
		0.0,
		-0.17799999999999999,
		-0.42099999999999999,
		0.0
	]
}
