{
	"effort" : [ 0.0, 0.0, 0.0, 0.0, 0.0, 0.0, -1.0389999999999999 ],
	"position" : 
	[
		0.57754690277729781,
		1.4736687539210402,
		-0.60154517999221369,
		-1.3528047032204633,
		-0.47921505271996206,
		1.216965727537779,
		0.054399999999999997
	],
	"velocity" : [ 0.0, 0.01, 0.001, 0.032000000000000001, 0.0, -0.216, 0.0 ]
}
