{
	"effort" : [ 0.0, 0.0, 0.0, 0.0, 0.0, 0.0, -1.046 ],
	"position" : 
	[
		0.40371210927870649,
		1.5020652608509806,
		-0.68388981410128535,
		-1.6295790160016541,
		-0.85646797053844115,
		1.1730532435576126,
		0.048300000000000003
	],
	"velocity" : 
	[
		0.14399999999999999,
		0.0,
		0.0,
		0.26000000000000001,
		0.251,
		-0.185,
		0.0
	]
}
