{
	"effort" : [ 0.0, 0.0, 0.0, 0.0, 0.0, 0.0, -1.0469999999999999 ],
	"position" : 
	[
		0.59726912332482862,
		1.4610674767216441,
		-0.65723863642333868,
		-1.2375431594187869,
		-0.30192450730242282,
		1.0627309815390791,
		0.047100000000000003
	],
	"velocity" : 
	[
		0.028000000000000001,
		0.0,
		0.028000000000000001,
		0.0,
		0.091999999999999998,
		0.017000000000000001,
		0.0
	]
}
