{
	"effort" : [ 0.0, 0.0, 0.0, 0.0, 0.0, 0.0, -0.027 ],
	"position" : 
	[
		0.47958157186288081,
		0.1395390736969114,
		-0.07775441817632775,
		-2.2147355543176452,
		0.13377948716533158,
		2.75025492870693,
		0.0
	],
	"velocity" : 
	[
		0.0,
		0.54900000000000004,
		-0.19800000000000001,
		0.0,
		0.0,
		0.080000000000000002,
		0.0
	]
}
