{
	"effort" : [ 0.0, 0.0, 0.0, 0.0, 0.0, 0.0, -1.034 ],
	"position" : 
	[
		0.57140334381027924,
		1.4736687539210402,
		-0.60154517999221369,
		-1.3782516037145343,
		-0.50073496239704673,
		1.2311552543564892,
		0.054699999999999999
	],
	"velocity" : 
	[
		0.035000000000000003,
		-0.0089999999999999993,
		0.0,
		0.0089999999999999993,
		0.14899999999999999,
		0.001,
		0.0
	]
}
