{
	"effort" : [ 0.0, 0.0, 0.0, 0.0, 0.0, 0.0, -0.32600000000000001 ],
	"position" : 
	[
		0.41207223639575719,
		1.8736109520154398,
		-0.89966486952528979,
		-2.210791110208139,
		-0.39310050742658359,
		2.6926416100986117,
		0.077799999999999994
	],
	"velocity" : [ 0.0, 0.124, 0.0, 0.0, 0.14299999999999999, 0.0, 0.0 ]
}
