{
	"effort" : [ 0.0, 0.0, 0.0, 0.0, 0.0, 0.0, 0.062 ],
	"position" : 
	[
		0.41207223639575719,
		1.8646225063676711,
		-0.89324205787795252,
		-2.212815692140452,
		-0.4103792670213231,
		2.6948407249561241,
		0.090999999999999998
	],
	"velocity" : 
	[
		0.0,
		0.0,
		-0.045999999999999999,
		0.0,
		-0.017000000000000001,
		-0.001,
		0.0
	]
}
