{
	"effort" : [ 0.0, 0.0, 0.0, 0.0, 0.0, 0.0, -0.045999999999999999 ],
	"position" : 
	[
		0.60671135457811565,
		0.86732391848584312,
		-0.53864351375035402,
		-1.2960291426531021,
		-0.17678439993446099,
		1.255520050714324,
		0.043900000000000002
	],
	"velocity" : 
	[
		0.0,
		-0.65600000000000003,
		0.191,
		-0.55600000000000005,
		0.316,
		0.0,
		0.0
	]
}
