{
	"effort" : [ 0.0, 0.0, 0.0, 0.0, 0.0, 0.0, 0.035999999999999997 ],
	"position" : 
	[
		0.28864255169474934,
		1.6948194234411857,
		-0.86098837330110534,
		-2.212815692140452,
		-0.58705894720066454,
		2.53617284265736,
		0.072499999999999995
	],
	"velocity" : [ 0.0, 0.0, 0.19700000000000001, 0.0, 0.063, 0.0, 0.0 ]
}
