{
	"effort" : [ 0.0, 0.0, 0.0, 0.0, 0.0, 0.0, -0.063 ],
	"position" : 
	[
		0.60671135457811565,
		0.59273126726964454,
		-0.34416147520067497,
		-1.355981202459092,
		-0.1330289955869742,
		1.255520050714324,
		0.031
	],
	"velocity" : 
	[
		0.0,
		-0.52500000000000002,
		0.58299999999999996,
		-0.107,
		0.222,
		0.0,
		0.0
	]
}
