{
	"effort" : [ 0.0, 0.0, 0.0, 0.0, 0.0, 0.0, -0.30299999999999999 ],
	"position" : 
	[
		0.34908330369129775,
		1.5020652608509806,
		-0.68388981410128535,
		-1.5934681537779005,
		-0.89610439785122242,
		1.2591677888509911,
		0.051200000000000002
	],
	"velocity" : 
	[
		-0.28799999999999998,
		0.0,
		0.0,
		0.55000000000000004,
		-0.35199999999999998,
		0.91200000000000003,
		0.0
	]
}
