{
	"effort" : [ 0.0, 0.0, 0.0, 0.0, 0.0, 0.0, -0.074999999999999997 ],
	"position" : 
	[
		0.24345597736062755,
		1.5081041000628794,
		-0.78457785864881291,
		-1.7515077175459473,
		-1.2473868164000323,
		1.2520642987953761,
		0.060100000000000001
	],
	"velocity" : [ 0.023, 0.0, 0.0, 0.184, 0.0, -0.30099999999999999, 0.0 ]
}
