{
	"effort" : [ 0.0, 0.0, 0.0, 0.0, 0.0, 0.0, -0.23799999999999999 ],
	"position" : 
	[
		0.41207223639575719,
		1.8719005293484856,
		-0.89966486952528979,
		-2.210791110208139,
		-0.39613738032505297,
		2.6926416100986117,
		0.082699999999999996
	],
	"velocity" : 
	[
		-0.031,
		0.107,
		-0.028000000000000001,
		0.0,
		0.29099999999999998,
		0.0,
		0.0
	]
}
