{
	"effort" : [ 0.0, 0.0, 0.0, 0.0, 0.0, 0.0, -0.10100000000000001 ],
	"position" : 
	[
		0.51961942490362056,
		1.7664826425280549,
		-0.92893404108122735,
		-2.2108260167931792,
		-0.33569662832850461,
		2.7127478030815815,
		0.069000000000000006
	],
	"velocity" : 
	[
		-0.125,
		0.0,
		0.071999999999999995,
		0.0,
		0.0,
		-0.037999999999999999,
		0.0
	]
}
