{
	"effort" : [ 0.0, 0.0, 0.0, 0.0, 0.0, 0.0, -0.050000000000000003 ],
	"position" : 
	[
		0.60671135457811565,
		1.2257098270902682,
		-0.61276764708253451,
		-1.2567766877757596,
		-0.28194048736709282,
		1.2544553998706076,
		0.043900000000000002
	],
	"velocity" : 
	[
		-0.029999999999999999,
		-0.26600000000000001,
		0.0,
		0.0,
		0.44400000000000001,
		0.0,
		0.0
	]
}
