{
	"effort" : [ 0.0, 0.0, 0.0, 0.0, 0.0, 0.0, -1.048 ],
	"position" : 
	[
		0.52345914925800718,
		1.4736862072135601,
		-0.61158082319117857,
		-1.3646554888415017,
		-0.58615137598962774,
		1.2771795867315683,
		0.056300000000000003
	],
	"velocity" : 
	[
		0.109,
		-0.0030000000000000001,
		0.014,
		0.182,
		0.33900000000000002,
		-0.161,
		0.0
	]
}
