{
	"effort" : [ 0.0, 0.0, 0.0, 0.0, 0.0, 0.0, -0.10000000000000001 ],
	"position" : 
	[
		0.4261046835817881,
		1.7664826425280549,
		-0.9219352707807319,
		-2.2108260167931792,
		-0.5393416454511516,
		2.6397581337631975,
		0.069000000000000006
	],
	"velocity" : [ -0.46000000000000002, 0.0, 0.0, 0.0, -0.625, -0.442, 0.0 ]
}
