{
	"effort" : [ 0.0, 0.0, 0.0, 0.0, 0.0, 0.0, -1.0429999999999999 ],
	"position" : 
	[
		0.41496948295406705,
		1.8894410883310244,
		-0.94813266285316011,
		-2.2158351117464012,
		-0.3523296161000064,
		2.6910010006017373,
		0.059499999999999997
	],
	"velocity" : [ 0.0, -0.024, 0.0, 0.0, -0.047, -0.0089999999999999993, 0.0 ]
}
