{
	"effort" : [ 0.0, 0.0, 0.0, 0.0, 0.0, 0.0, 0.10199999999999999 ],
	"position" : 
	[
		0.054175019981890317,
		1.5108966268660695,
		-0.95270542549338411,
		-1.8668565278102234,
		-1.230090603512773,
		2.1837734133872737,
		0.059900000000000002
	],
	"velocity" : 
	[
		0.032000000000000001,
		0.0,
		0.0,
		0.10100000000000001,
		-0.32200000000000001,
		-1.006,
		0.0
	]
}
