{
	"effort" : [ 0.0, 0.0, 0.0, 0.0, 0.0, 0.0, -1.046 ],
	"position" : 
	[
		0.42374848909159629,
		1.6175886040404561,
		-0.94813266285316011,
		-2.219657382808268,
		-0.54382714162877577,
		2.6465474645534535,
		0.056099999999999997
	],
	"velocity" : 
	[
		0.092999999999999999,
		-0.090999999999999998,
		0.0,
		0.0,
		-0.099000000000000005,
		0.0,
		0.0
	]
}
