{
	"effort" : [ 0.0, 0.0, 0.0, 0.0, 0.0, 0.0, -0.10199999999999999 ],
	"position" : 
	[
		0.52232468524421105,
		1.7664826425280549,
		-0.92882932132610785,
		-2.2108260167931792,
		-0.35150931135156921,
		2.7105661415165891,
		0.069000000000000006
	],
	"velocity" : [ 0.111, 0.0, -0.016, 0.0, 0.073999999999999996, 0.001, 0.0 ]
}
