{
	"effort" : [ 0.0, 0.0, 0.0, 0.0, 0.0, 0.0, -0.096000000000000002 ],
	"position" : 
	[
		0.36323792392496812,
		1.7601994572208768,
		-0.91926491702518132,
		-2.212815692140452,
		-0.62817890437764035,
		2.5871888166931414,
		0.069000000000000006
	],
	"velocity" : 
	[
		-0.436,
		-0.191,
		0.017000000000000001,
		0.0,
		-0.55200000000000005,
		-0.47099999999999997,
		0.0
	]
}
