{
	"effort" : [ 0.0, 0.0, 0.0, 0.0, 0.0, 0.0, -0.93100000000000005 ],
	"position" : 
	[
		0.59726912332482862,
		1.4610674767216441,
		-0.66402796721359492,
		-1.2255527474575887,
		-0.31216959001162697,
		1.0177713000077164,
		0.046600000000000003
	],
	"velocity" : [ 0.0, 0.0, 0.0, 0.0, -0.19700000000000001, 0.099000000000000005, 0.0 ]
}
