{
	"effort" : [ 0.0, 0.0, 0.0, 0.0, 0.0, 0.0, -0.047 ],
	"position" : 
	[
		0.60671135457811565,
		0.81861177906269356,
		-0.51565752750159455,
		-1.3289635056382267,
		-0.1634151778641878,
		1.255520050714324,
		0.043900000000000002
	],
	"velocity" : 
	[
		0.0,
		-0.70199999999999996,
		0.40500000000000003,
		-0.38100000000000001,
		0.065000000000000002,
		0.0,
		0.0
	]
}
