{
	"effort" : [ 0.0, 0.0, 0.0, 0.0, 0.0, 0.0, 0.059999999999999998 ],
	"position" : 
	[
		0.41207223639575719,
		1.8632786028436357,
		-0.89345149738819174,
		-2.212815692140452,
		-0.4103792670213231,
		2.6970921996911965,
		0.090999999999999998
	],
	"velocity" : 
	[
		0.0,
		0.091999999999999998,
		-0.029000000000000001,
		0.012999999999999999,
		0.017000000000000001,
		-0.17799999999999999,
		0.0
	]
}
