{
	"effort" : [ 0.0, 0.0, 0.0, 0.0, 0.0, 0.0, -0.372 ],
	"position" : 
	[
		0.31127947209311008,
		1.4939320265366891,
		-0.66154959967576366,
		-1.4908777003456999,
		-0.98658226627458556,
		1.3524905439551043,
		0.060199999999999997
	],
	"velocity" : 
	[
		0.193,
		0.0,
		0.14699999999999999,
		0.0,
		0.035999999999999997,
		-0.001,
		0.0
	]
}
