{
	"effort" : [ 0.0, 0.0, 0.0, 0.0, 0.0, 0.0, 0.095000000000000001 ],
	"position" : 
	[
		0.47958157186288081,
		0.68945741441514596,
		-0.38334411690793768,
		-2.2127109723853322,
		-0.14489723450053266,
		2.7800127924534257,
		0.040800000000000003
	],
	"velocity" : 
	[
		0.0,
		0.32600000000000001,
		-0.112,
		0.0,
		-0.17399999999999999,
		0.44400000000000001,
		0.0
	]
}
