{
	"effort" : [ 0.0, 0.0, 0.0, 0.0, 0.0, 0.0, -0.050000000000000003 ],
	"position" : 
	[
		0.60671135457811565,
		1.2398644473239389,
		-0.56871553676220865,
		-1.2567766877757596,
		-0.30965631588875575,
		1.3213713233920534,
		0.043900000000000002
	],
	"velocity" : [ 0.0, 0.050000000000000003, 0.22700000000000001, 0.0, 0.0, 0.0, 0.0 ]
}
