{
	"effort" : [ 0.0, 0.0, 0.0, 0.0, 0.0, 0.0, 0.122 ],
	"position" : 
	[
		0.32545154561930045,
		1.7123948890087641,
		-0.84337800114848704,
		-2.212815692140452,
		-0.50577896393530908,
		2.5608343449880331,
		0.089999999999999997
	],
	"velocity" : [ 0.001, 0.16, 0.0, 0.0, 0.0, 0.0, 0.0 ]
}
