{
	"effort" : [ 0.0, 0.0, 0.0, 0.0, 0.0, 0.0, 0.055 ],
	"position" : 
	[
		0.41207223639575719,
		1.8609573149384839,
		-0.89081605021768084,
		-2.212815692140452,
		-0.4103792670213231,
		2.6989597019908298,
		0.090999999999999998
	],
	"velocity" : 
	[
		0.0,
		0.031,
		-0.0030000000000000001,
		0.0,
		0.0,
		-0.29699999999999999,
		0.0
	]
}
