{
	"effort" : [ 0.0, 0.0, 0.0, 0.0, 0.0, 0.0, 0.098000000000000004 ],
	"position" : 
	[
		0.054175019981890317,
		1.5108966268660695,
		-0.95270542549338411,
		-1.8671183271980223,
		-1.2282056479206196,
		2.1968982893622679,
		0.059900000000000002
	],
	"velocity" : 
	[
		0.012999999999999999,
		0.0,
		0.0,
		0.029999999999999999,
		-0.32500000000000001,
		-0.67100000000000004,
		0.0
	]
}
