{
	"effort" : [ 0.0, 0.0, 0.0, 0.0, 0.0, 0.0, -1.0569999999999999 ],
	"position" : 
	[
		0.27679176607371081,
		1.4984349760068334,
		-0.69458868241600791,
		-1.6720428767026656,
		-1.1908032420503905,
		1.1947302328673768,
		0.0504
	],
	"velocity" : 
	[
		0.085999999999999993,
		0.0040000000000000001,
		0.0030000000000000001,
		0.0,
		0.38100000000000001,
		0.0070000000000000001,
		0.0
	]
}
