{
	"effort" : [ 0.0, 0.0, 0.0, 0.0, 0.0, 0.0, 0.182 ],
	"position" : 
	[
		0.47958157186288081,
		0.59835122746106495,
		-0.3230953511291087,
		-2.2127109723853322,
		-0.12456414871480384,
		2.7585452426539012,
		0.0064000000000000003
	],
	"velocity" : 
	[
		0.0,
		0.41199999999999998,
		-0.39600000000000002,
		0.0,
		-0.29699999999999999,
		0.0,
		0.0
	]
}
