{
	"effort" : [ 0.0, 0.0, 0.0, 0.0, 0.0, 0.0, -1.044 ],
	"position" : 
	[
		0.29078930667470188,
		1.5020652608509806,
		-0.68388981410128535,
		-1.6735089532743403,
		-1.0692585129415362,
		1.2130910965983523,
		0.047199999999999999
	],
	"velocity" : [ -0.024, 0.0, 0.0, 0.0, 0.0, 0.0, 0.0 ]
}
