{
	"effort" : [ 0.0, 0.0, 0.0, 0.0, 0.0, 0.0, -0.043999999999999997 ],
	"position" : 
	[
		0.60671135457811565,
		1.2878784550462907,
		-0.61276764708253451,
		-1.2580856847147548,
		-0.3806737631523871,
		1.2504935024685815,
		0.043900000000000002
	],
	"velocity" : [ 0.0, -0.38400000000000001, 0.0, 0.0, 0.19500000000000001, 0.0, 0.0 ]
}
