{
	"effort" : [ 0.0, 0.0, 0.0, 0.0, 0.0, 0.0, 0.10100000000000001 ],
	"position" : 
	[
		0.32780774010949221,
		1.7403899702107462,
		-0.84337800114848704,
		-2.212815692140452,
		-0.48010517063847891,
		2.6035949116618839,
		0.090899999999999995
	],
	"velocity" : 
	[
		0.083000000000000004,
		0.16700000000000001,
		0.0,
		0.0,
		0.095000000000000001,
		0.0089999999999999993,
		0.0
	]
}
