{
	"effort" : [ 0.0, 0.0, 0.0, 0.0, 0.0, 0.0, -1.0449999999999999 ],
	"position" : 
	[
		0.41496948295406705,
		1.7692402627462052,
		-0.94813266285316011,
		-2.2179993200188735,
		-0.38454839409181352,
		2.6465474645534535,
		0.056099999999999997
	],
	"velocity" : [ 0.0, -0.21099999999999999, 0.0, 0.0, 0.0, -0.0030000000000000001, 0.0 ]
}
