{
	"effort" : [ 0.0, 0.0, 0.0, 0.0, 0.0, 0.0, -1.0309999999999999 ],
	"position" : 
	[
		0.37192966359989771,
		1.5020652608509806,
		-0.68388981410128535,
		-1.6112006989781587,
		-0.8679871436016009,
		1.205498914352179,
		0.049200000000000001
	],
	"velocity" : 
	[
		-0.32400000000000001,
		0.0,
		0.001,
		0.245,
		-0.38300000000000001,
		0.59999999999999998,
		0.0
	]
}
