{
	"effort" : [ 0.0, 0.0, 0.0, 0.0, 0.0, 0.0, -1.044 ],
	"position" : 
	[
		0.41496948295406705,
		1.741018288741464,
		-0.94813266285316011,
		-2.2179993200188735,
		-0.38905134356195775,
		2.6465474645534535,
		0.056099999999999997
	],
	"velocity" : [ -0.002, -0.0030000000000000001, 0.0, 0.0, -0.128, 0.0, 0.0 ]
}
