{
	"effort" : [ 0.0, 0.0, 0.0, 0.0, 0.0, 0.0, -0.059999999999999998 ],
	"position" : 
	[
		0.41207223639575719,
		1.8774157697847862,
		-0.89966486952528979,
		-2.2127284256778523,
		-0.38283797142485948,
		2.6926416100986117,
		0.067799999999999999
	],
	"velocity" : 
	[
		-0.01,
		0.012999999999999999,
		0.029999999999999999,
		-0.0089999999999999993,
		0.17999999999999999,
		0.0,
		0.0
	]
}
