{
	"effort" : [ 0.0, 0.0, 0.0, 0.0, 0.0, 0.0, 0.058999999999999997 ],
	"position" : 
	[
		0.41050144006896266,
		1.8435563822961047,
		-0.8884773090200091,
		-2.212815692140452,
		-0.41921063303641215,
		2.7170413130414865,
		0.090999999999999998
	],
	"velocity" : [ 0.0, 0.17599999999999999, 0.0, 0.0, 0.063, 0.085999999999999993, 0.0 ]
}
