{
	"effort" : [ 0.0, 0.0, 0.0, 0.0, 0.0, 0.0, -1.042 ],
	"position" : 
	[
		0.29078930667470188,
		1.5020652608509806,
		-0.68409925361152457,
		-1.6691107235593157,
		-1.0602351607087277,
		1.211188687713679,
		0.048599999999999997
	],
	"velocity" : [ 0.0, 0.0, -0.002, 0.010999999999999999, 0.159, 0.0, 0.0 ]
}
