{
	"effort" : [ 0.0, 0.0, 0.0, 0.0, 0.0, 0.0, -1.042 ],
	"position" : 
	[
		0.29546678907004542,
		1.5020652608509806,
		-0.68388981410128535,
		-1.6754811753290935,
		-1.0624342755662399,
		1.2130910965983523,
		0.047
	],
	"velocity" : 
	[
		0.097000000000000003,
		0.0,
		0.0,
		0.14099999999999999,
		0.23000000000000001,
		-0.111,
		0.0
	]
}
