{
	"effort" : [ 0.0, 0.0, 0.0, 0.0, 0.0, 0.0, -0.050000000000000003 ],
	"position" : 
	[
		0.60671135457811565,
		0.4507138260349019,
		-0.15304792210734411,
		-1.3575869053709266,
		-0.054209926566930189,
		1.255520050714324,
		0.0114
	],
	"velocity" : [ 0.0, -0.20100000000000001, 0.41399999999999998, 0.0, 0.433, 0.0, 0.0 ]
}
