{
	"effort" : [ 0.0, 0.0, 0.0, 0.0, 0.0, 0.0, -0.105 ],
	"position" : 
	[
		0.34868187796333916,
		1.6531933207811316,
		-0.93238979300017522,
		-2.2089410612010254,
		-0.63992497024355932,
		2.5448645823322895,
		0.069000000000000006
	],
	"velocity" : [ 0.0, 0.0, 0.0, 0.0, 0.034000000000000002, 0.19500000000000001, 0.0 ]
}
