{
	"effort" : [ 0.0, 0.0, 0.0, 0.0, 0.0, 0.0, -1.048 ],
	"position" : 
	[
		0.4029965242853889,
		1.481993974453051,
		-0.63435736992969882,
		-1.472255037226925,
		-0.84119633958349471,
		1.3197830737727387,
		0.057099999999999998
	],
	"velocity" : 
	[
		0.29399999999999998,
		-0.010999999999999999,
		-0.025000000000000001,
		0.052999999999999999,
		0.621,
		-0.28499999999999998,
		0.0
	]
}
