{
	"effort" : [ 0.0, 0.0, 0.0, 0.0, 0.0, 0.0, -0.029000000000000001 ],
	"position" : 
	[
		0.47958157186288081,
		0.015376350710066161,
		-5.2359877559816662e-05,
		-2.2165681500322387,
		0.40264745843499017,
		2.3581667122465033,
		0.0
	],
	"velocity" : [ 0.0, 0.0, 0.0, 0.0, 0.0, 0.76800000000000002, 0.0 ]
}
