{
	"effort" : [ 0.0, 0.0, 0.0, 0.0, 0.0, 0.0, -1.0429999999999999 ],
	"position" : 
	[
		0.41496948295406705,
		1.822699697734778,
		-0.94813266285316011,
		-2.2173535481956361,
		-0.35883969420994355,
		2.6715231261494861,
		0.056099999999999997
	],
	"velocity" : 
	[
		0.0089999999999999993,
		-0.114,
		0.0,
		0.0,
		0.0,
		-0.0050000000000000001,
		0.0
	]
}
