{
	"effort" : [ 0.0, 0.0, 0.0, 0.0, 0.0, 0.0, -0.053999999999999999 ],
	"position" : 
	[
		0.60671135457811565,
		1.1754617979253643,
		-0.5468465612347253,
		-1.2567766877757596,
		-0.22717205543952457,
		1.2687845530294775,
		0.043900000000000002
	],
	"velocity" : 
	[
		0.0,
		-0.68200000000000005,
		0.0,
		0.0,
		0.012999999999999999,
		-0.075999999999999998,
		0.0
	]
}
