{
	"effort" : [ 0.0, 0.0, 0.0, 0.0, 0.0, 0.0, -1.0389999999999999 ],
	"position" : 
	[
		0.29078930667470188,
		1.5020652608509806,
		-0.68409925361152457,
		-1.6901244877533221,
		-1.1056660811381285,
		1.2134227091562313,
		0.049000000000000002
	],
	"velocity" : [ 0.0, 0.0, 0.02, 0.0, 0.105, -0.001, 0.0 ]
}
