{
	"effort" : [ 0.0, 0.0, 0.0, 0.0, 0.0, 0.0, -1.038 ],
	"position" : 
	[
		0.45626397305624244,
		1.5762766606457606,
		-0.94813266285316011,
		-2.219657382808268,
		-0.58868210340501881,
		2.5447249559921299,
		0.0562
	],
	"velocity" : [ 0.0, -0.027, 0.0, 0.0, 0.0, -0.17000000000000001, 0.0 ]
}
