{
	"effort" : [ 0.0, 0.0, 0.0, 0.0, 0.0, 0.0, -0.050999999999999997 ],
	"position" : 
	[
		0.60671135457811565,
		0.43212606950116694,
		0.00085521133347700559,
		-1.3558066695338928,
		0.17643533408406223,
		1.46801388714458,
		0.0114
	],
	"velocity" : [ 0.0, 0.0, 0.0, 0.0, 0.109, 0.0, 0.0 ]
}
