{
	"effort" : [ 0.0, 0.0, 0.0, 0.0, 0.0, 0.0, -0.050999999999999997 ],
	"position" : 
	[
		0.60671135457811565,
		1.2142953737822282,
		-0.61276764708253451,
		-1.2567766877757596,
		-0.25825636941753571,
		1.2563229021702411,
		0.043900000000000002
	],
	"velocity" : 
	[
		0.0,
		-0.0040000000000000001,
		0.0,
		0.0,
		0.084000000000000005,
		0.087999999999999995,
		0.0
	]
}
