{
	"effort" : [ 0.0, 0.0, 0.0, 0.0, 0.0, 0.0, -0.112 ],
	"position" : 
	[
		0.34142130827504452,
		1.6531933207811316,
		-0.93238979300017522,
		-2.2071608253639918,
		-0.61624085229400227,
		2.5934720020003192,
		0.069000000000000006
	],
	"velocity" : [ 0.0, 0.0, 0.0, 0.0, -0.052999999999999999, -0.182, 0.0 ]
}
