{
	"effort" : [ 0.0, 0.0, 0.0, 0.0, 0.0, 0.0, 0.098000000000000004 ],
	"position" : 
	[
		0.060161499316229348,
		1.5108966268660695,
		-0.94139569194046391,
		-1.8738902046957586,
		-1.4217975685517816,
		1.5871500618856829,
		0.059900000000000002
	],
	"velocity" : 
	[
		0.071999999999999995,
		0.0,
		0.20599999999999999,
		0.0,
		-0.496,
		-0.39300000000000002,
		0.0
	]
}
