{
	"effort" : [ 0.0, 0.0, 0.0, 0.0, 0.0, 0.0, -1.048 ],
	"position" : 
	[
		0.32094859614915622,
		1.5020652608509806,
		-0.68388981410128535,
		-1.6712749318317883,
		-1.0073342310807929,
		1.2096877045569645,
		0.047199999999999999
	],
	"velocity" : 
	[
		0.13300000000000001,
		0.0,
		0.0,
		0.0,
		0.084000000000000005,
		0.0030000000000000001,
		0.0
	]
}
