{
	"effort" : [ 0.0, 0.0, 0.0, 0.0, 0.0, 0.0, -1.0409999999999999 ],
	"position" : 
	[
		0.26947883650785642,
		1.4982604430816338,
		-0.69458868241600791,
		-1.6702626408656316,
		-1.2308585483836501,
		1.1830714334640575,
		0.050599999999999999
	],
	"velocity" : 
	[
		0.050000000000000003,
		-0.019,
		0.002,
		0.0,
		0.20300000000000001,
		0.010999999999999999,
		0.0
	]
}
