{
	"effort" : [ 0.0, 0.0, 0.0, 0.0, 0.0, 0.0, -0.10100000000000001 ],
	"position" : 
	[
		0.34142130827504452,
		1.6531933207811316,
		-0.85011497206118336,
		-2.2155733123586021,
		-0.51970669136622039,
		2.7530125489250805,
		0.069000000000000006
	],
	"velocity" : [ 0.0, 0.0, 0.0, 0.0, 0.065000000000000002, -0.38100000000000001, 0.0 ]
}
