{
	"effort" : [ 0.0, 0.0, 0.0, 0.0, 0.0, 0.0, 0.099000000000000005 ],
	"position" : 
	[
		0.47958157186288081,
		0.79087849724851078,
		-0.39051742013363266,
		-2.2127109723853322,
		-0.15435691904633952,
		2.8174151983236548,
		0.047600000000000003
	],
	"velocity" : 
	[
		0.0,
		0.58099999999999996,
		-0.002,
		0.0,
		-0.025999999999999999,
		0.071999999999999995,
		0.0
	]
}
