{
	"effort" : [ 0.0, 0.0, 0.0, 0.0, 0.0, 0.0, 0.108 ],
	"position" : 
	[
		0.029286624848457451,
		1.5108966268660695,
		-0.95270542549338411,
		-2.1735457839705896,
		-1.0999763077766287,
		2.4774774199128058,
		0.059900000000000002
	],
	"velocity" : 
	[
		-0.025000000000000001,
		0.0,
		0.0,
		0.73999999999999999,
		-0.042000000000000003,
		-0.46000000000000002,
		0.0
	]
}
