{
	"effort" : [ 0.0, 0.0, 0.0, 0.0, 0.0, 0.0, -1.0409999999999999 ],
	"position" : 
	[
		0.61507148169516634,
		1.460753317456285,
		-0.62219242504330152,
		-1.2329878500710827,
		-0.36332519038756783,
		1.1722852986867354,
		0.047100000000000003
	],
	"velocity" : 
	[
		0.0,
		-0.0060000000000000001,
		0.0,
		-0.032000000000000001,
		-0.10100000000000001,
		0.0,
		0.0
	]
}
