{
	"effort" : [ 0.0, 0.0, 0.0, 0.0, 0.0, 0.0, 0.126 ],
	"position" : 
	[
		0.28864255169474934,
		1.6948194234411857,
		-0.85418158921832921,
		-2.212815692140452,
		-0.57780870216509694,
		2.53617284265736,
		0.072599999999999998
	],
	"velocity" : [ 0.014, 0.0, 0.13500000000000001, 0.0, 0.111, 0.0, 0.0 ]
}
