{
	"effort" : [ 0.0, 0.0, 0.0, 0.0, 0.0, 0.0, -0.052999999999999999 ],
	"position" : 
	[
		0.2425833127346306,
		1.5081041000628794,
		-0.78457785864881291,
		-1.7581225154110043,
		-1.2473868164000323,
		1.2542459603603684,
		0.060100000000000001
	],
	"velocity" : 
	[
		0.065000000000000002,
		0.0,
		0.0,
		0.073999999999999996,
		0.0,
		-0.32700000000000001,
		0.0
	]
}
