{
	"effort" : [ 0.0, 0.0, 0.0, 0.0, 0.0, 0.0, -1.0449999999999999 ],
	"position" : 
	[
		0.41496948295406705,
		1.8164339657201201,
		-0.94813266285316011,
		-2.2173535481956361,
		-0.36505306634704182,
		2.6649955947470287,
		0.056099999999999997
	],
	"velocity" : [ 0.0, -0.063, 0.0, 0.0, -0.070000000000000007, -0.055, 0.0 ]
}
