{
	"effort" : [ 0.0, 0.0, 0.0, 0.0, 0.0, 0.0, 0.099000000000000005 ],
	"position" : 
	[
		0.27326620098468318,
		1.2947375990066268,
		-0.73464398874926773,
		-2.2145086615148859,
		-0.5059011369829487,
		2.8190034479429693,
		0.047800000000000002
	],
	"velocity" : 
	[
		-0.51500000000000001,
		0.95799999999999996,
		-0.89100000000000001,
		0.0,
		-0.96999999999999997,
		-0.0030000000000000001,
		0.0
	]
}
