{
	"effort" : [ 0.0, 0.0, 0.0, 0.0, 0.0, 0.0, -0.068000000000000005 ],
	"position" : 
	[
		0.32770302035437254,
		1.5020652608509806,
		-0.68388981410128535,
		-1.5500094554032526,
		-0.92340134735240675,
		1.3120338118938861,
		0.057299999999999997
	],
	"velocity" : 
	[
		-0.29399999999999998,
		-0.012,
		-0.0080000000000000002,
		0.75700000000000001,
		-0.373,
		0.51500000000000001,
		0.0
	]
}
