{
	"effort" : [ 0.0, 0.0, 0.0, 0.0, 0.0, 0.0, 0.02 ],
	"position" : 
	[
		0.28864255169474934,
		1.6948194234411857,
		-0.86564840240392904,
		-2.212815692140452,
		-0.58955476803101581,
		2.5369058809431975,
		0.072300000000000003
	],
	"velocity" : [ 0.0, 0.0, 0.17100000000000001, 0.0, 0.157, -0.105, 0.0 ]
}
