{
	"effort" : [ 0.0, 0.0, 0.0, 0.0, 0.0, 0.0, -1.042 ],
	"position" : 
	[
		0.41496948295406705,
		1.8185283608225127,
		-0.94813266285316011,
		-2.2173535481956361,
		-0.36116098211509545,
		2.6670550832643816,
		0.056099999999999997
	],
	"velocity" : [ 0.0, -0.012, 0.0, 0.0, -0.14099999999999999, 0.0, 0.0 ]
}
