{
	"effort" : [ 0.0, 0.0, 0.0, 0.0, 0.0, 0.0, 0.098000000000000004 ],
	"position" : 
	[
		0.056182148621683282,
		1.5108966268660695,
		-0.95270542549338411,
		-1.8654428111161085,
		-1.2391139557455813,
		2.1425138298701381,
		0.059900000000000002
	],
	"velocity" : 
	[
		0.025999999999999999,
		0.0,
		0.0,
		-0.017000000000000001,
		-0.27200000000000002,
		-1.357,
		0.0
	]
}
