{
	"effort" : [ 0.0, 0.0, 0.0, 0.0, 0.0, 0.0, -1.046 ],
	"position" : 
	[
		0.41022218738864369,
		1.5020652608509806,
		-0.68388981410128535,
		-1.6196131859727692,
		-0.8384038127803044,
		1.166665338495315,
		0.048300000000000003
	],
	"velocity" : [ -0.02, 0.0, 0.0, 0.014999999999999999, 0.0, 0.0, 0.0 ]
}
