{
	"effort" : [ 0.0, 0.0, 0.0, 0.0, 0.0, 0.0, -1.044 ],
	"position" : 
	[
		0.28417450880964501,
		1.5020652608509806,
		-0.68622855529895721,
		-1.6886584111816474,
		-1.1676427228764317,
		1.2088324932234873,
		0.049599999999999998
	],
	"velocity" : [ 0.0, 0.0, 0.0, 0.001, 0.082000000000000003, 0.0, 0.0 ]
}
