{
	"effort" : [ 0.0, 0.0, 0.0, 0.0, 0.0, 0.0, -1.0409999999999999 ],
	"position" : 
	[
		0.41893138035609312,
		1.6934231600395906,
		-0.94813266285316011,
		-2.219657382808268,
		-0.42840851819441994,
		2.6465474645534535,
		0.056099999999999997
	],
	"velocity" : [ -0.0040000000000000001, -0.24199999999999999, 0.0, 0.0, 0.0, 0.0, 0.0 ]
}
