{
	"effort" : [ 0.0, 0.0, 0.0, 0.0, 0.0, 0.0, -0.22 ],
	"position" : 
	[
		0.41207223639575719,
		1.880452642683256,
		-0.89966486952528979,
		-2.2127284256778523,
		-0.37845719500235492,
		2.6926416100986117,
		0.062300000000000001
	],
	"velocity" : 
	[
		0.0,
		0.14299999999999999,
		0.047,
		-0.0030000000000000001,
		0.037999999999999999,
		0.0,
		0.0
	]
}
