{
	"effort" : [ 0.0, 0.0, 0.0, 0.0, 0.0, 0.0, -0.097000000000000003 ],
	"position" : 
	[
		0.51696652444058988,
		1.7664826425280549,
		-0.92687455256387463,
		-2.2108260167931792,
		-0.33569662832850461,
		2.7080179608086778,
		0.069000000000000006
	],
	"velocity" : 
	[
		-0.11799999999999999,
		0.0,
		0.031,
		0.0,
		-0.189,
		-0.17399999999999999,
		0.0
	]
}
