{
	"effort" : [ 0.0, 0.0, 0.0, 0.0, 0.0, 0.0, -0.049000000000000002 ],
	"position" : 
	[
		0.60671135457811565,
		1.0678273429549012,
		-0.5468465612347253,
		-1.2567766877757596,
		-0.22190116109850302,
		1.2571781135037181,
		0.043900000000000002
	],
	"velocity" : [ 0.0, -0.88200000000000001, 0.0, 0.0, 0.0, -0.122, 0.0 ]
}
