{
	"effort" : [ 0.0, 0.0, 0.0, 0.0, 0.0, 0.0, 0.10100000000000001 ],
	"position" : 
	[
		0.44696136814311505,
		1.0034770534338864,
		-0.46986008792927481,
		-2.2127109723853322,
		-0.21535617640352595,
		2.8247630344745494,
		0.047800000000000002
	],
	"velocity" : 
	[
		-0.44900000000000001,
		0.85899999999999999,
		-0.61299999999999999,
		0.0,
		-0.67300000000000004,
		0.082000000000000003,
		0.0
	]
}
