{
	"effort" : [ 0.0, 0.0, 0.0, 0.0, 0.0, 0.0, -1.0529999999999999 ],
	"position" : 
	[
		0.58454567307779315,
		1.477438665105347,
		-0.61391956438885031,
		-1.1891800858460364,
		-0.44327872342140789,
		1.1008489724026254,
		0.050200000000000002
	],
	"velocity" : [ 0.0, 0.0, 0.0, 0.0, 0.24099999999999999, -0.055, 0.0 ]
}
