{
	"effort" : [ 0.0, 0.0, 0.0, 0.0, 0.0, 0.0, -1.038 ],
	"position" : 
	[
		0.45626397305624244,
		1.5762766606457606,
		-0.94813266285316011,
		-2.219657382808268,
		-0.58449331320023346,
		2.5733832623098691,
		0.0562
	],
	"velocity" : [ 0.0, 0.0, 0.0, 0.0, -0.14099999999999999, -0.51900000000000002, 0.0 ]
}
