{
	"effort" : [ 0.0, 0.0, 0.0, 0.0, 0.0, 0.0, -0.24199999999999999 ],
	"position" : 
	[
		0.60671135457811565,
		0.61145865014353906,
		-0.36803757936795134,
		-1.355981202459092,
		-0.14618877814700812,
		1.255520050714324,
		0.035700000000000003
	],
	"velocity" : 
	[
		0.0,
		-0.625,
		0.53500000000000003,
		-0.071999999999999995,
		0.097000000000000003,
		0.0,
		0.0
	]
}
