{
	"effort" : [ 0.0, 0.0, 0.0, 0.0, 0.0, 0.0, -1.0600000000000001 ],
	"position" : 
	[
		0.58454567307779315,
		1.477438665105347,
		-0.61205206208921692,
		-1.1891800858460364,
		-0.41102503884456087,
		1.1008489724026254,
		0.047
	],
	"velocity" : 
	[
		0.0,
		-0.01,
		0.089999999999999997,
		-0.028000000000000001,
		0.22800000000000001,
		0.019,
		0.0
	]
}
