{
	"effort" : [ 0.0, 0.0, 0.0, 0.0, 0.0, 0.0, -0.098000000000000004 ],
	"position" : 
	[
		0.37109190555894067,
		1.6599826515713876,
		-0.92713635195167365,
		-2.2089410612010254,
		-0.52656583532655632,
		2.6038218044646424,
		0.069000000000000006
	],
	"velocity" : 
	[
		0.24299999999999999,
		0.13300000000000001,
		0.129,
		0.0,
		0.58999999999999997,
		0.253,
		0.0
	]
}
