{
	"effort" : [ 0.0, 0.0, 0.0, 0.0, 0.0, 0.0, -1.04 ],
	"position" : 
	[
		0.3922976559706664,
		1.5020652608509806,
		-0.68388981410128535,
		-1.6423199195412095,
		-0.87823222631080511,
		1.1819544227427816,
		0.0482
	],
	"velocity" : 
	[
		0.26300000000000001,
		0.0,
		0.0,
		0.109,
		0.43099999999999999,
		-0.26200000000000001,
		0.0
	]
}
