{
	"effort" : [ 0.0, 0.0, 0.0, 0.0, 0.0, 0.0, 0.115 ],
	"position" : 
	[
		0.28864255169474934,
		1.6948194234411857,
		-0.89170616813619774,
		-2.212815692140452,
		-0.61700879716487955,
		2.5385813970251112,
		0.070099999999999996
	],
	"velocity" : 
	[
		-0.037999999999999999,
		0.0,
		0.28999999999999998,
		0.0,
		0.24299999999999999,
		0.0,
		0.0
	]
}
