{
	"effort" : [ 0.0, 0.0, 0.0, 0.0, 0.0, 0.0, 0.065000000000000002 ],
	"position" : 
	[
		0.14728833557576429,
		1.5085578856683977,
		-0.83163193528256807,
		-1.8800861235403372,
		-1.3809743173476445,
		1.4002078457046174,
		0.060100000000000001
	],
	"velocity" : 
	[
		0.36299999999999999,
		0.0,
		0.441,
		-0.014999999999999999,
		0.73399999999999999,
		-0.755,
		0.0
	]
}
