{
	"effort" : [ 0.0, 0.0, 0.0, 0.0, 0.0, 0.0, -1.03 ],
	"position" : 
	[
		0.44745006033367329,
		1.481993974453051,
		-0.63835417391676486,
		-1.4390239682689614,
		-0.74207909136276162,
		1.3001655729803274,
		0.057099999999999998
	],
	"velocity" : [ 0.050999999999999997, 0.0, 0.0, 0.001, 0.10299999999999999, 0.0, 0.0 ]
}
