{
	"effort" : [ 0.0, 0.0, 0.0, 0.0, 0.0, 0.0, 0.063 ],
	"position" : 
	[
		0.32196088711531268,
		1.6948194234411857,
		-0.84337800114848704,
		-2.212815692140452,
		-0.5133711461814825,
		2.5551096650414933,
		0.083000000000000004
	],
	"velocity" : 
	[
		0.012999999999999999,
		0.031,
		0.0,
		0.0,
		0.17599999999999999,
		0.155,
		0.0
	]
}
