{
	"effort" : [ 0.0, 0.0, 0.0, 0.0, 0.0, 0.0, -1.0469999999999999 ],
	"position" : 
	[
		0.29078930667470188,
		1.5020652608509806,
		-0.68409925361152457,
		-1.6846965137796213,
		-1.0782644118818245,
		1.2134227091562313,
		0.048599999999999997
	],
	"velocity" : [ 0.0, 0.0, 0.0, 0.071999999999999995, 0.124, 0.0, 0.0 ]
}
