{
	"effort" : [ 0.0, 0.0, 0.0, 0.0, 0.0, 0.0, -0.10199999999999999 ],
	"position" : 
	[
		0.34142130827504452,
		1.6531933207811316,
		-0.93238979300017522,
		-2.2071608253639918,
		-0.62116268078462511,
		2.5670477171251314,
		0.069000000000000006
	],
	"velocity" : [ 0.0, 0.0, 0.0, 0.0, -0.0030000000000000001, -0.59799999999999998, 0.0 ]
}
