{
	"effort" : [ 0.0, 0.0, 0.0, 0.0, 0.0, 0.0, -1.0429999999999999 ],
	"position" : 
	[
		0.61121430404825994,
		1.460753317456285,
		-0.62048200237634743,
		-1.2516279664823775,
		-0.41256092858631543,
		1.1808025054364655,
		0.047100000000000003
	],
	"velocity" : 
	[
		0.0,
		-0.012,
		0.0,
		-0.014999999999999999,
		0.0,
		0.26400000000000001,
		0.0
	]
}
