{
	"effort" : [ 0.0, 0.0, 0.0, 0.0, 0.0, 0.0, 0.14299999999999999 ],
	"position" : 
	[
		0.33709289173009971,
		1.5981456361732442,
		-0.85011497206118336,
		-2.2155733123586021,
		-0.58501691197583161,
		2.784271395828291,
		0.074099999999999999
	],
	"velocity" : [ 0.16400000000000001, 0.505, 0.0, 0.0, 0.113, 0.122, 0.0 ]
}
