{
	"effort" : [ 0.0, 0.0, 0.0, 0.0, 0.0, 0.0, -0.097000000000000003 ],
	"position" : 
	[
		0.49232247540243612,
		1.7664826425280549,
		-0.9219352707807319,
		-2.2108260167931792,
		-0.39004618123559426,
		2.6785917096200613,
		0.069000000000000006
	],
	"velocity" : 
	[
		-0.059999999999999998,
		0.0,
		0.01,
		0.0,
		-0.39500000000000002,
		-0.023,
		0.0
	]
}
