{
	"effort" : [ 0.0, 0.0, 0.0, 0.0, 0.0, 0.0, -1.0469999999999999 ],
	"position" : 
	[
		0.61121430404825994,
		1.460753317456285,
		-0.62048200237634743,
		-1.2496033845500645,
		-0.41256092858631543,
		1.1742749740340084,
		0.047100000000000003
	],
	"velocity" : 
	[
		0.0,
		-0.033000000000000002,
		0.0,
		0.0,
		-0.028000000000000001,
		0.058999999999999997,
		0.0
	]
}
