{
	"effort" : [ 0.0, 0.0, 0.0, 0.0, 0.0, 0.0, 0.10199999999999999 ],
	"position" : 
	[
		0.21249383643025596,
		1.5105301077231508,
		-0.86844092920711924,
		-2.2155733123586021,
		-0.60060270219613698,
		2.6373146728104055,
		0.047800000000000002
	],
	"velocity" : [ 0.0, 0.0, 0.0, 0.0, 0.128, 0.161, 0.0 ]
}
