{
	"effort" : [ 0.0, 0.0, 0.0, 0.0, 0.0, 0.0, -1.04 ],
	"position" : 
	[
		0.55951765160420086,
		1.4717837983288866,
		-0.60154517999221369,
		-1.3782516037145343,
		-0.54009213702950887,
		1.2333020093364417,
		0.055399999999999998
	],
	"velocity" : 
	[
		0.0040000000000000001,
		0.016,
		0.0,
		0.0,
		0.037999999999999999,
		-0.13600000000000001,
		0.0
	]
}
