{
	"effort" : [ 0.0, 0.0, 0.0, 0.0, 0.0, 0.0, -0.021000000000000001 ],
	"position" : 
	[
		0.41207223639575719,
		1.8696316013208936,
		-0.89966486952528979,
		-2.210791110208139,
		-0.40390409549642575,
		2.6926416100986117,
		0.087599999999999997
	],
	"velocity" : [ 0.0, 0.016, 0.0, 0.0, 0.0089999999999999993, 0.0, 0.0 ]
}
