{
	"effort" : [ 0.0, 0.0, 0.0, 0.0, 0.0, 0.0, -1.0489999999999999 ],
	"position" : 
	[
		0.60920717540846692,
		1.4649770142461105,
		-0.63748150929076786,
		-1.2397946341538588,
		-0.28982937558610522,
		1.112734664608704,
		0.047100000000000003
	],
	"velocity" : 
	[
		-0.063,
		-0.0080000000000000002,
		0.043999999999999997,
		0.0,
		0.089999999999999997,
		0.0,
		0.0
	]
}
