{
	"effort" : [ 0.0, 0.0, 0.0, 0.0, 0.0, 0.0, -1.042 ],
	"position" : 
	[
		0.27031659454881352,
		1.4984349760068334,
		-0.69458868241600791,
		-1.6702626408656316,
		-1.225500387580029,
		1.1848865758861311,
		0.050599999999999999
	],
	"velocity" : 
	[
		0.0080000000000000002,
		0.0,
		0.0,
		0.0,
		0.092999999999999999,
		0.095000000000000001,
		0.0
	]
}
