{
	"effort" : [ 0.0, 0.0, 0.0, 0.0, 0.0, 0.0, -0.10100000000000001 ],
	"position" : 
	[
		0.38878954417415862,
		1.7664826425280549,
		-0.9219352707807319,
		-2.2108260167931792,
		-0.59255673434444522,
		2.605252974451278,
		0.069000000000000006
	],
	"velocity" : 
	[
		-0.51700000000000002,
		-0.024,
		0.0,
		0.0,
		-0.75700000000000001,
		-0.44600000000000001,
		0.0
	]
}
