{
	"effort" : [ 0.0, 0.0, 0.0, 0.0, 0.0, 0.0, -1.052 ],
	"position" : 
	[
		0.59068923204481172,
		1.4615387156196824,
		-0.61849232702907431,
		-1.2013973906099933,
		-0.34896113064365814,
		1.0799573812562586,
		0.046600000000000003
	],
	"velocity" : 
	[
		0.0080000000000000002,
		0.0,
		-0.13400000000000001,
		-0.11799999999999999,
		0.017000000000000001,
		-0.052999999999999999,
		0.0
	]
}
