{
	"effort" : [ 0.0, 0.0, 0.0, 0.0, 0.0, 0.0, -0.72499999999999998 ],
	"position" : 
	[
		0.61121430404825994,
		1.439739553262279,
		-0.61641538521920158,
		-1.262920246742778,
		-0.41256092858631543,
		1.2118170062443969,
		0.046600000000000003
	],
	"velocity" : 
	[
		0.0,
		-0.20599999999999999,
		0.050000000000000003,
		-0.16400000000000001,
		0.0,
		0.155,
		0.0
	]
}
