{
	"effort" : [ 0.0, 0.0, 0.0, 0.0, 0.0, 0.0, 0.037999999999999999 ],
	"position" : 
	[
		0.41207223639575719,
		1.8594214251967296,
		-0.89081605021768084,
		-2.212815692140452,
		-0.4103792670213231,
		2.7053301537606074,
		0.090999999999999998
	],
	"velocity" : 
	[
		0.0,
		0.087999999999999995,
		-0.033000000000000002,
		0.052999999999999999,
		-0.26400000000000001,
		-0.060999999999999999,
		0.0
	]
}
