{
	"effort" : [ 0.0, 0.0, 0.0, 0.0, 0.0, 0.0, 0.22500000000000001 ],
	"position" : 
	[
		0.47958157186288081,
		0.64551002384993983,
		-0.36643187645611702,
		-2.2127109723853322,
		-0.14135421611898508,
		2.7585452426539012,
		0.023800000000000002
	],
	"velocity" : [ 0.0, 0.33900000000000002, -0.23599999999999999, 0.0, -0.153, 0.0, 0.0 ]
}
