{
	"effort" : [ 0.0, 0.0, 0.0, 0.0, 0.0, 0.0, -0.025999999999999999 ],
	"position" : 
	[
		0.47958157186288081,
		0.015376350710066161,
		0.00076794487087731103,
		-2.2165681500322387,
		0.17809339687345643,
		2.7949004509729338,
		0.0
	],
	"velocity" : [ 0.0, 0.0, 0.0, 0.0, -0.019, 0.0, 0.0 ]
}
