{
	"effort" : [ 0.0, 0.0, 0.0, 0.0, 0.0, 0.0, -0.11700000000000001 ],
	"position" : 
	[
		0.60671135457811565,
		0.46399578164257538,
		-0.18130480269712518,
		-1.3575869053709266,
		-0.08578293273549964,
		1.255520050714324,
		0.0118
	],
	"velocity" : [ 0.0, -0.248, 0.41499999999999998, 0.0, 0.33100000000000002, 0.0, 0.0 ]
}
