{
	"effort" : [ 0.0, 0.0, 0.0, 0.0, 0.0, 0.0, -0.085000000000000006 ],
	"position" : 
	[
		0.41207223639575719,
		1.8718481694709257,
		-0.89966486952528979,
		-2.210791110208139,
		-0.39814450896484593,
		2.6926416100986117,
		0.0843
	],
	"velocity" : [ 0.0, 0.11799999999999999, 0.0, -0.16200000000000001, 0.115, 0.0, 0.0 ]
}
