{
	"effort" : [ 0.0, 0.0, 0.0, 0.0, 0.0, 0.0, -1.042 ],
	"position" : 
	[
		0.35566319497131471,
		1.4901970219374223,
		-0.63435736992969882,
		-1.4859384185625573,
		-0.93045247753046201,
		1.337131646537558,
		0.057099999999999998
	],
	"velocity" : [ 0.151, -0.068000000000000005, -0.02, 0.115, 0.161, -0.111, 0.0 ]
}
