{
	"effort" : [ 0.0, 0.0, 0.0, 0.0, 0.0, 0.0, -0.10199999999999999 ],
	"position" : 
	[
		0.34868187796333916,
		1.6531933207811316,
		-0.93238979300017522,
		-2.2089410612010254,
		-0.62123249395470481,
		2.5648486022676193,
		0.069000000000000006
	],
	"velocity" : [ 0.0, 0.001, 0.0, 0.0, 0.33900000000000002, 0.17799999999999999, 0.0 ]
}
