{
	"effort" : [ 0.0, 0.0, 0.0, 0.0, 0.0, 0.0, -0.096000000000000002 ],
	"position" : 
	[
		0.29260444909677552,
		1.6972628843939772,
		-0.91952671641298045,
		-2.212815692140452,
		-0.66294586307735881,
		2.54186261601886,
		0.069000000000000006
	],
	"velocity" : [ -0.125, -0.055, 0.0, 0.0, 0.0, -0.010999999999999999, 0.0 ]
}
