{
	"effort" : [ 0.0, 0.0, 0.0, 0.0, 0.0, 0.0, -1.0309999999999999 ],
	"position" : 
	[
		0.37405896528733024,
		1.5020652608509806,
		-0.68388981410128535,
		-1.6114275917809178,
		-0.8679871436016009,
		1.2009785115895149,
		0.049200000000000001
	],
	"velocity" : 
	[
		-0.32300000000000001,
		0.0,
		0.0,
		0.155,
		-0.38300000000000001,
		0.71299999999999997,
		0.0
	]
}
