{
	"effort" : [ 0.0, 0.0, 0.0, 0.0, 0.0, 0.0, -0.052999999999999999 ],
	"position" : 
	[
		0.60671135457811565,
		0.43212606950116694,
		-0.00017453292519938889,
		-1.3575869053709266,
		0.13423327277084998,
		1.4591999744220105,
		0.0114
	],
	"velocity" : [ 0.0, 0.0, 0.002, 0.0, 0.122, 0.085999999999999993, 0.0 ]
}
