{
	"effort" : [ 0.0, 0.0, 0.0, 0.0, 0.0, 0.0, -0.044999999999999998 ],
	"position" : 
	[
		0.60671135457811565,
		1.2485736402913881,
		-0.61276764708253451,
		-1.2567766877757596,
		-0.33344515359343246,
		1.2544553998706076,
		0.043900000000000002
	],
	"velocity" : 
	[
		0.0,
		-0.25900000000000001,
		0.0,
		0.0,
		0.38900000000000001,
		0.069000000000000006,
		0.0
	]
}
