{
	"effort" : [ 0.0, 0.0, 0.0, 0.0, 0.0, 0.0, -0.075999999999999998 ],
	"position" : 
	[
		0.60671135457811565,
		0.46204101288034216,
		-0.17863444894157451,
		-1.3575869053709266,
		-0.083618724463027219,
		1.255520050714324,
		0.0117
	],
	"velocity" : [ 0.0, -0.27700000000000002, 0.38, 0.0, 0.20100000000000001, 0.0, 0.0 ]
}
