{
	"effort" : [ 0.0, 0.0, 0.0, 0.0, 0.0, 0.0, 0.19 ],
	"position" : 
	[
		0.47958157186288081,
		0.67081729800385115,
		-0.37936476621339171,
		-2.2127109723853322,
		-0.14152874904418444,
		2.7649506010087186,
		0.034000000000000002
	],
	"velocity" : 
	[
		0.0,
		0.32800000000000001,
		-0.13300000000000001,
		0.0,
		0.0,
		0.23000000000000001,
		0.0
	]
}
