{
	"effort" : [ 0.0, 0.0, 0.0, 0.0, 0.0, 0.0, -0.092999999999999999 ],
	"position" : 
	[
		0.60671135457811565,
		1.3477083418046412,
		-0.61276764708253451,
		-1.2580856847147548,
		-0.41285763455915442,
		1.2482943876110693,
		0.044200000000000003
	],
	"velocity" : [ -0.001, -0.51100000000000001, 0.0, 0.0, 0.063, 0.0, 0.0 ]
}
