{
	"effort" : [ 0.0, 0.0, 0.0, 0.0, 0.0, 0.0, 0.058000000000000003 ],
	"position" : 
	[
		0.47958157186288081,
		0.62920864863631698,
		-0.35086353952833149,
		-2.2127109723853322,
		-0.13898056833627337,
		2.7585452426539012,
		0.016500000000000001
	],
	"velocity" : 
	[
		0.0,
		0.33700000000000002,
		-0.33400000000000002,
		0.0,
		-0.069000000000000006,
		0.0,
		0.0
	]
}
