{
	"effort" : [ 0.0, 0.0, 0.0, 0.0, 0.0, 0.0, 0.052999999999999999 ],
	"position" : 
	[
		0.41207223639575719,
		1.8611842077412433,
		-0.89081605021768084,
		-2.212815692140452,
		-0.4103792670213231,
		2.6989597019908298,
		0.090999999999999998
	],
	"velocity" : 
	[
		0.0030000000000000001,
		0.021999999999999999,
		-0.083000000000000004,
		0.0,
		0.025999999999999999,
		-0.29699999999999999,
		0.0
	]
}
