{
	"effort" : [ 0.0, 0.0, 0.0, 0.0, 0.0, 0.0, -0.092999999999999999 ],
	"position" : 
	[
		0.34142130827504452,
		1.6531933207811316,
		-0.89130474240823909,
		-2.2067244930509937,
		-0.53832935448499508,
		2.5481283480335182,
		0.069000000000000006
	],
	"velocity" : [ 0.0, 0.0, -0.151, 0.0, -0.001, 0.42299999999999999, 0.0 ]
}
