{
	"effort" : [ 0.0, 0.0, 0.0, 0.0, 0.0, 0.0, 0.059999999999999998 ],
	"position" : 
	[
		0.36311575087732856,
		1.7936225123965597,
		-0.84569928905363889,
		-2.212815692140452,
		-0.45753806341019793,
		2.6208911245491433,
		0.090999999999999998
	],
	"velocity" : 
	[
		0.28699999999999998,
		0.222,
		-0.066000000000000003,
		-0.14499999999999999,
		0.0,
		0.34100000000000003,
		0.0
	]
}
