{
	"effort" : [ 0.0, 0.0, 0.0, 0.0, 0.0, 0.0, -1.0349999999999999 ],
	"position" : 
	[
		0.51181780314720793,
		1.4759376819486323,
		-0.61562998705580452,
		-1.3824403939193195,
		-0.61353559195341179,
		1.2873024963931328,
		0.056399999999999999
	],
	"velocity" : 
	[
		0.26800000000000002,
		-0.058999999999999997,
		0.13300000000000001,
		0.189,
		0.30599999999999999,
		-0.23899999999999999,
		0.0
	]
}
