{
	"effort" : [ 0.0, 0.0, 0.0, 0.0, 0.0, 0.0, 0.049000000000000002 ],
	"position" : 
	[
		0.20224875372105183,
		1.5085578856683977,
		-0.79070396432331147,
		-1.871272210817768,
		-1.2280136617029003,
		1.2968669006940592,
		0.060100000000000001
	],
	"velocity" : 
	[
		0.11700000000000001,
		0.0,
		0.002,
		0.27000000000000002,
		0.29499999999999998,
		-0.36599999999999999,
		0.0
	]
}
