{
	"effort" : [ 0.0, 0.0, 0.0, 0.0, 0.0, 0.0, -1.0409999999999999 ],
	"position" : 
	[
		0.41893138035609312,
		1.7028304847078377,
		-0.94813266285316011,
		-2.219657382808268,
		-0.42840851819441994,
		2.6465474645534535,
		0.056099999999999997
	],
	"velocity" : 
	[
		0.021000000000000001,
		-0.29399999999999998,
		0.0,
		0.0,
		0.113,
		-0.012999999999999999,
		0.0
	]
}
