{
	"effort" : [ 0.0, 0.0, 0.0, 0.0, 0.0, 0.0, 0.108 ],
	"position" : 
	[
		0.036756634046991296,
		1.5108966268660695,
		-0.95270542549338411,
		-2.0399059231454175,
		-1.1285648009242886,
		2.3531576172932804,
		0.059900000000000002
	],
	"velocity" : [ 0.16400000000000001, 0.0, 0.0, 1.0, -0.19900000000000001, -0.878, 0.0 ]
}
