{
	"effort" : [ 0.0, 0.0, 0.0, 0.0, 0.0, 0.0, -0.105 ],
	"position" : 
	[
		0.34142130827504452,
		1.6531933207811316,
		-0.86184358463458244,
		-2.2155733123586021,
		-0.51654764542011133,
		2.5950602516196337,
		0.069000000000000006
	],
	"velocity" : [ 0.0, 0.0, -0.16200000000000001, 0.024, 0.0, -1.115, 0.0 ]
}
