{
	"effort" : [ 0.0, 0.0, 0.0, 0.0, 0.0, 0.0, -0.104 ],
	"position" : 
	[
		0.34142130827504452,
		1.6531933207811316,
		-0.92718871182923357,
		-2.2071608253639918,
		-0.59803706819570601,
		2.5978353251303039,
		0.069000000000000006
	],
	"velocity" : [ 0.0, 0.0, -0.14599999999999999, 0.0, -0.32500000000000001, 0.379, 0.0 ]
}
