{
	"effort" : [ 0.0, 0.0, 0.0, 0.0, 0.0, 0.0, -1.0429999999999999 ],
	"position" : 
	[
		0.41496948295406705,
		1.7924531417977241,
		-0.94813266285316011,
		-2.2179993200188735,
		-0.38454839409181352,
		2.647158329791651,
		0.056099999999999997
	],
	"velocity" : [ 0.0, -0.082000000000000003, 0.0, 0.0, 0.16800000000000001, 0.0, 0.0 ]
}
