{
	"effort" : [ 0.0, 0.0, 0.0, 0.0, 0.0, 0.0, -0.044999999999999998 ],
	"position" : 
	[
		0.60671135457811565,
		1.212619857700314,
		-0.61276764708253451,
		-1.2567766877757596,
		-0.25825636941753571,
		1.288646399917168,
		0.043900000000000002
	],
	"velocity" : 
	[
		0.0040000000000000001,
		0.0,
		0.0,
		0.0,
		-0.087999999999999995,
		0.247,
		0.0
	]
}
