{
	"effort" : [ 0.0, 0.0, 0.0, 0.0, 0.0, 0.0, -0.16200000000000001 ],
	"position" : 
	[
		0.34700636188142503,
		1.5020652608509806,
		-0.68388981410128535,
		-1.5893491767431951,
		-0.89610439785122242,
		1.2652938945254897,
		0.051700000000000003
	],
	"velocity" : 
	[
		-0.29699999999999999,
		0.0,
		0.0,
		0.61299999999999999,
		-0.35199999999999998,
		0.90300000000000002,
		0.0
	]
}
