{
	"effort" : [ 0.0, 0.0, 0.0, 0.0, 0.0, 0.0, -0.34699999999999998 ],
	"position" : 
	[
		0.24495696051734231,
		1.5081041000628794,
		-0.78457785864881291,
		-1.7471094878309228,
		-1.2482245744409894,
		1.2469853906720738,
		0.059700000000000003
	],
	"velocity" : 
	[
		0.017999999999999999,
		0.0,
		0.0,
		0.115,
		-0.067000000000000004,
		-0.014999999999999999,
		0.0
	]
}
