{
	"effort" : [ 0.0, 0.0, 0.0, 0.0, 0.0, 0.0, -1.0429999999999999 ],
	"position" : 
	[
		0.57754690277729781,
		1.4736687539210402,
		-0.60154517999221369,
		-1.3547594719826963,
		-0.47921505271996206,
		1.2172973400956575,
		0.054399999999999997
	],
	"velocity" : 
	[
		0.0,
		0.012999999999999999,
		0.0,
		0.30599999999999999,
		0.0,
		-0.41199999999999998,
		0.0
	]
}
