{
	"effort" : [ 0.0, 0.0, 0.0, 0.0, 0.0, 0.0, -0.033000000000000002 ],
	"position" : 
	[
		0.34142130827504452,
		1.6531933207811316,
		-0.85011497206118336,
		-2.2155733123586021,
		-0.55696947089628979,
		2.7880413070125978,
		0.073599999999999999
	],
	"velocity" : [ 0.001, 0.0080000000000000002, 0.0, 0.0, 0.13900000000000001, 0.0, 0.0 ]
}
