{
	"effort" : [ 0.0, 0.0, 0.0, 0.0, 0.0, 0.0, -1.038 ],
	"position" : 
	[
		0.29078930667470188,
		1.5020652608509806,
		-0.68828804381631004,
		-1.6397193789557387,
		-1.0552609723405451,
		1.211188687713679,
		0.048099999999999997
	],
	"velocity" : [ 0.0, 0.0, 0.0, 0.0, -0.0030000000000000001, 0.0, 0.0 ]
}
