{
	"effort" : [ 0.0, 0.0, 0.0, 0.0, 0.0, 0.0, 0.055 ],
	"position" : 
	[
		0.22664845666392641,
		1.5081041000628794,
		-0.78642790765592629,
		-1.8077247727526706,
		-1.2133354426936316,
		1.2794136081741203,
		0.060100000000000001
	],
	"velocity" : 
	[
		0.20699999999999999,
		-0.0030000000000000001,
		0.0040000000000000001,
		0.39100000000000001,
		-0.41399999999999998,
		-0.14299999999999999,
		0.0
	]
}
