{
	"effort" : [ 0.0, 0.0, 0.0, 0.0, 0.0, 0.0, -0.029999999999999999 ],
	"position" : 
	[
		0.47958157186288081,
		0.24212952712911218,
		-0.11053170152877298,
		-2.2127109723853322,
		0.12290608592540965,
		2.7568348199869472,
		0.0
	],
	"velocity" : 
	[
		0.0,
		0.58399999999999996,
		-0.22700000000000001,
		0.047,
		-0.23899999999999999,
		0.063,
		0.0
	]
}
