{
	"effort" : [ 0.0, 0.0, 0.0, 0.0, 0.0, 0.0, -1.0489999999999999 ],
	"position" : 
	[
		0.45626397305624244,
		1.5739728260331289,
		-0.94813266285316011,
		-2.219657382808268,
		-0.58868210340501881,
		2.5280396083430685,
		0.0562
	],
	"velocity" : [ 0.0, 0.0, 0.0, 0.0, -0.0089999999999999993, -0.189, 0.0 ]
}
