{
	"effort" : [ 0.0, 0.0, 0.0, 0.0, 0.0, 0.0, -1.0389999999999999 ],
	"position" : 
	[
		0.24200735408147264,
		1.5063936773959257,
		-0.70856876972447891,
		-1.6980657358498945,
		-1.2652415346479298,
		1.1889357397507569,
		0.050500000000000003
	],
	"velocity" : 
	[
		-0.057000000000000002,
		0.0,
		0.050000000000000003,
		0.060999999999999999,
		0.0,
		-0.042000000000000003,
		0.0
	]
}
