{
	"effort" : [ 0.0, 0.0, 0.0, 0.0, 0.0, 0.0, -1.0780000000000001 ],
	"position" : 
	[
		0.58454567307779315,
		1.477438665105347,
		-0.61421627036168935,
		-1.1891800858460364,
		-0.452668594797135,
		1.1008489724026254,
		0.051499999999999997
	],
	"velocity" : 
	[
		-0.0040000000000000001,
		-0.02,
		-0.010999999999999999,
		0.0,
		0.22600000000000001,
		0.0,
		0.0
	]
}
