{
	"effort" : [ 0.0, 0.0, 0.0, 0.0, 0.0, 0.0, -1.0509999999999999 ],
	"position" : 
	[
		0.43006658098381412,
		1.481993974453051,
		-0.63613760576673262,
		-1.448309119889569,
		-0.78963931347959526,
		1.2998339604224487,
		0.057099999999999998
	],
	"velocity" : 
	[
		0.13100000000000001,
		0.0,
		-0.014999999999999999,
		0.097000000000000003,
		0.34300000000000003,
		-0.032000000000000001,
		0.0
	]
}
