{
	"effort" : [ 0.0, 0.0, 0.0, 0.0, 0.0, 0.0, -0.099000000000000005 ],
	"position" : 
	[
		0.30393163594221584,
		1.4939320265366891,
		-0.68992865331318431,
		-1.4908777003456999,
		-0.98846722186673885,
		1.3524905439551043,
		0.063100000000000003
	],
	"velocity" : [ 0.0, 0.0, 0.073999999999999996, 0.0, 0.0, 0.0, 0.0 ]
}
