{
	"effort" : [ 0.0, 0.0, 0.0, 0.0, 0.0, 0.0, -0.93400000000000005 ],
	"position" : 
	[
		0.59726912332482862,
		1.4610674767216441,
		-0.66402796721359492,
		-1.2255527474575887,
		-0.31836550885620524,
		1.0344391943642581,
		0.046600000000000003
	],
	"velocity" : [ 0.0, 0.0, -0.0070000000000000001, 0.0, 0.049000000000000002, 0.0, 0.0 ]
}
