{
	"effort" : [ 0.0, 0.0, 0.0, 0.0, 0.0, 0.0, 0.104 ],
	"position" : 
	[
		0.47958157186288081,
		0.57644734534854158,
		-0.29881782123387368,
		-2.2127109723853322,
		-0.10690141668462569,
		2.7585452426539012,
		0.0022000000000000001
	],
	"velocity" : [ 0.0, 0.5, -0.44, 0.0, -0.42099999999999999, 0.0, 0.0 ]
}
