{
	"effort" : [ 0.0, 0.0, 0.0, 0.0, 0.0, 0.0, -1.0309999999999999 ],
	"position" : 
	[
		0.45813147535587589,
		1.5762766606457606,
		-0.94813266285316011,
		-2.219657382808268,
		-0.56709238055785427,
		2.6135432883982492,
		0.0562
	],
	"velocity" : 
	[
		-0.02,
		0.0,
		0.0,
		0.0,
		-0.073999999999999996,
		-0.58399999999999996,
		0.0
	]
}
