{
	"effort" : [ 0.0, 0.0, 0.0, 0.0, 0.0, 0.0, -1.0429999999999999 ],
	"position" : 
	[
		0.41893138035609312,
		1.668726751123877,
		-0.94813266285316011,
		-2.219657382808268,
		-0.43118359170509019,
		2.6465474645534535,
		0.056099999999999997
	],
	"velocity" : [ 0.0, -0.26900000000000002, 0.0, 0.0, -0.13600000000000001, 0.0, 0.0 ]
}
