{
	"effort" : [ 0.0, 0.0, 0.0, 0.0, 0.0, 0.0, -0.10100000000000001 ],
	"position" : 
	[
		0.34142130827504452,
		1.6531933207811316,
		-0.85011497206118336,
		-2.2155733123586021,
		-0.51998594404653931,
		2.727670368186129,
		0.069000000000000006
	],
	"velocity" : 
	[
		0.0,
		0.0,
		-0.11799999999999999,
		0.0,
		0.050999999999999997,
		-0.72199999999999998,
		0.0
	]
}
