{
	"effort" : [ 0.0, 0.0, 0.0, 0.0, 0.0, 0.0, -0.043999999999999997 ],
	"position" : 
	[
		0.60671135457811565,
		0.94071501353218612,
		-0.5468465612347253,
		-1.2567766877757596,
		-0.21221458374993699,
		1.255520050714324,
		0.043900000000000002
	],
	"velocity" : 
	[
		0.0,
		-0.72499999999999998,
		0.0,
		-0.10100000000000001,
		0.24099999999999999,
		0.0,
		0.0
	]
}
