{
	"effort" : [ 0.0, 0.0, 0.0, 0.0, 0.0, 0.0, -0.043999999999999997 ],
	"position" : 
	[
		0.60671135457811565,
		1.2562181824151215,
		-0.61276764708253451,
		-1.2567766877757596,
		-0.3462907768881075,
		1.2523260981831752,
		0.043900000000000002
	],
	"velocity" : [ 0.0, -0.27400000000000002, 0.0, 0.0, 0.128, 0.0, 0.0 ]
}
