{
	"effort" : [ 0.0, 0.0, 0.0, 0.0, 0.0, 0.0, -1.0429999999999999 ],
	"position" : 
	[
		0.45825364840351551,
		1.5803258245103866,
		-0.94813266285316011,
		-2.219657382808268,
		-0.54415875418665471,
		2.6465474645534535,
		0.056099999999999997
	],
	"velocity" : 
	[
		0.036999999999999998,
		-0.066000000000000003,
		0.0,
		0.0,
		0.060999999999999999,
		0.0,
		0.0
	]
}
