{
	"effort" : [ 0.0, 0.0, 0.0, 0.0, 0.0, 0.0, -0.039 ],
	"position" : 
	[
		0.60671135457811565,
		0.78422879279841406,
		-0.49848348766197464,
		-1.3395227476127898,
		-0.16334536469410807,
		1.255520050714324,
		0.043900000000000002
	],
	"velocity" : 
	[
		0.0,
		-0.72899999999999998,
		0.45200000000000001,
		-0.0089999999999999993,
		0.0,
		-0.085999999999999993,
		0.0
	]
}
