{
	"effort" : [ 0.0, 0.0, 0.0, 0.0, 0.0, 0.0, 0.10199999999999999 ],
	"position" : 
	[
		0.21409953934209033,
		1.4818194415278516,
		-0.86877254176499819,
		-2.2145086615148859,
		-0.66771061193530201,
		2.7284383130570067,
		0.047800000000000002
	],
	"velocity" : 
	[
		-0.034000000000000002,
		0.42899999999999999,
		-0.036999999999999998,
		0.0,
		-0.122,
		-1.127,
		0.0
	]
}
