{
	"effort" : [ 0.0, 0.0, 0.0, 0.0, 0.0, 0.0, -1.0489999999999999 ],
	"position" : 
	[
		0.58293997016595889,
		1.477438665105347,
		-0.60203387218277205,
		-1.2128118439180335,
		-0.47462483678721817,
		1.102733927994779,
		0.054100000000000002
	],
	"velocity" : 
	[
		0.0,
		0.0,
		-0.13200000000000001,
		0.23200000000000001,
		0.0,
		-0.012999999999999999,
		0.0
	]
}
