{
	"effort" : [ 0.0, 0.0, 0.0, 0.0, 0.0, 0.0, -0.157 ],
	"position" : 
	[
		0.60911990894586721,
		1.39657756086047,
		-0.61276764708253451,
		-1.2606687720077057,
		-0.41495202966154709,
		1.2406672987798557,
		0.044600000000000001
	],
	"velocity" : 
	[
		-0.099000000000000005,
		-0.60999999999999999,
		-0.035999999999999997,
		0.045999999999999999,
		0.0,
		0.25800000000000001,
		0.0
	]
}
