{
	"effort" : [ 0.0, 0.0, 0.0, 0.0, 0.0, 0.0, -1.042 ],
	"position" : 
	[
		0.57754690277729781,
		1.477438665105347,
		-0.60154517999221369,
		-1.3258568195696776,
		-0.47921505271996206,
		1.1864573722129257,
		0.054399999999999997
	],
	"velocity" : 
	[
		0.0,
		0.0050000000000000001,
		0.065000000000000002,
		0.58799999999999997,
		0.0,
		-0.442,
		0.0
	]
}
