{
	"effort" : [ 0.0, 0.0, 0.0, 0.0, 0.0, 0.0, -0.72499999999999998 ],
	"position" : 
	[
		0.4525638750420154,
		1.5739728260331289,
		-0.94813266285316011,
		-2.2200762618287464,
		-0.59199822898380716,
		2.5088409865711356,
		0.0562
	],
	"velocity" : 
	[
		-0.028000000000000001,
		0.0,
		0.0,
		0.0,
		-0.021000000000000001,
		-0.080000000000000002,
		0.0
	]
}
