{
	"effort" : [ 0.0, 0.0, 0.0, 0.0, 0.0, 0.0, 0.12 ],
	"position" : 
	[
		0.47958157186288081,
		0.80410809297862451,
		-0.39051742013363266,
		-2.2127109723853322,
		-0.15646876744125213,
		2.8174151983236548,
		0.047600000000000003
	],
	"velocity" : 
	[
		0.0,
		0.63300000000000001,
		-0.0040000000000000001,
		0.0,
		-0.13800000000000001,
		0.001,
		0.0
	]
}
