{
	"effort" : [ 0.0, 0.0, 0.0, 0.0, 0.0, 0.0, -1.0429999999999999 ],
	"position" : 
	[
		0.29078930667470188,
		1.5020652608509806,
		-0.68622855529895721,
		-1.6901244877533221,
		-1.1237302388962656,
		1.2134227091562313,
		0.049200000000000001
	],
	"velocity" : [ 0.002, 0.0, 0.019, -0.001, 0.23499999999999999, 0.0, 0.0 ]
}
