{
	"effort" : [ 0.0, 0.0, 0.0, 0.0, 0.0, 0.0, -1.0389999999999999 ],
	"position" : 
	[
		0.41496948295406705,
		1.7407564893536649,
		-0.94813266285316011,
		-2.2179993200188735,
		-0.38639844309892701,
		2.6465474645534535,
		0.056099999999999997
	],
	"velocity" : 
	[
		0.0040000000000000001,
		-0.13900000000000001,
		0.0,
		0.0,
		-0.035999999999999997,
		0.0,
		0.0
	]
}
