{
	"effort" : [ 0.0, 0.0, 0.0, 0.0, 0.0, 0.0, -0.099000000000000005 ],
	"position" : 
	[
		0.34142130827504452,
		1.6531933207811316,
		-0.85011497206118336,
		-2.2155733123586021,
		-0.51923545246818192,
		2.7223471139675479,
		0.069000000000000006
	],
	"velocity" : 
	[
		0.0,
		0.0,
		-0.13400000000000001,
		0.0,
		0.085999999999999993,
		-0.71299999999999997,
		0.0
	]
}
