{
	"effort" : [ 0.0, 0.0, 0.0, 0.0, 0.0, 0.0, -1.0449999999999999 ],
	"position" : 
	[
		0.5867796945203454,
		1.4614165425720431,
		-0.60990530710926449,
		-1.197505306378047,
		-0.36074210309461691,
		1.1016169172735029,
		0.046600000000000003
	],
	"velocity" : 
	[
		0.021000000000000001,
		-0.089999999999999997,
		-0.028000000000000001,
		-0.16200000000000001,
		0.014999999999999999,
		-0.13800000000000001,
		0.0
	]
}
