{
	"effort" : [ 0.0, 0.0, 0.0, 0.0, 0.0, 0.0, -0.053999999999999999 ],
	"position" : 
	[
		0.60671135457811565,
		1.222114448831161,
		-0.59927625196462164,
		-1.2567766877757596,
		-0.30965631588875575,
		1.3213713233920534,
		0.043900000000000002
	],
	"velocity" : [ 0.0, 0.081000000000000003, 0.191, 0.0, 0.0, 0.0, 0.0 ]
}
