{
	"effort" : [ 0.0, 0.0, 0.0, 0.0, 0.0, 0.0, -0.035999999999999997 ],
	"position" : 
	[
		0.47958157186288081,
		0.089762283430045706,
		-0.061627575887904219,
		-2.2147355543176452,
		0.13421581947833008,
		2.7463104845974238,
		0.0
	],
	"velocity" : 
	[
		0.0,
		0.47499999999999998,
		-0.16300000000000001,
		0.0,
		0.0,
		0.17799999999999999,
		0.0
	]
}
