{
	"effort" : [ 0.0, 0.0, 0.0, 0.0, 0.0, 0.0, -0.072999999999999995 ],
	"position" : 
	[
		0.60671135457811565,
		0.54349552907089704,
		-0.28483773392540268,
		-1.3575869053709266,
		-0.11039207518861346,
		1.255520050714324,
		0.0201
	],
	"velocity" : 
	[
		0.0,
		-0.46999999999999997,
		0.56799999999999995,
		0.010999999999999999,
		0.126,
		0.0,
		0.0
	]
}
