{
	"effort" : [ 0.0, 0.0, 0.0, 0.0, 0.0, 0.0, -0.215 ],
	"position" : 
	[
		0.24495696051734231,
		1.5081041000628794,
		-0.78457785864881291,
		-1.745294345408849,
		-1.2502666096658224,
		1.2469853906720738,
		0.059499999999999997
	],
	"velocity" : 
	[
		0.065000000000000002,
		0.0,
		0.0,
		0.16600000000000001,
		-0.021000000000000001,
		0.0,
		0.0
	]
}
