{
	"effort" : [ 0.0, 0.0, 0.0, 0.0, 0.0, 0.0, -0.025000000000000001 ],
	"position" : 
	[
		0.47958157186288081,
		0.25076890692648196,
		-0.11358602771976228,
		-2.2127109723853322,
		0.12051498485017803,
		2.7568348199869472,
		0.0
	],
	"velocity" : 
	[
		0.0,
		0.59699999999999998,
		-0.22600000000000001,
		0.0,
		-0.19500000000000001,
		0.0,
		0.0
	]
}
