{
	"effort" : [ 0.0, 0.0, 0.0, 0.0, 0.0, 0.0, -1.0369999999999999 ],
	"position" : 
	[
		0.4564035993964019,
		1.5798371323198284,
		-0.94813266285316011,
		-2.219657382808268,
		-0.54415875418665471,
		2.6465474645534535,
		0.056099999999999997
	],
	"velocity" : 
	[
		0.041000000000000002,
		-0.066000000000000003,
		0.0,
		0.0,
		0.16600000000000001,
		0.0,
		0.0
	]
}
