{
	"effort" : [ 0.0, 0.0, 0.0, 0.0, 0.0, 0.0, -1.0429999999999999 ],
	"position" : 
	[
		0.60667644799307574,
		1.4610674767216441,
		-0.65153140976931867,
		-1.2375431594187869,
		-0.28623399732699778,
		1.0796257686983799,
		0.047100000000000003
	],
	"velocity" : 
	[
		0.01,
		0.049000000000000002,
		0.02,
		-0.001,
		-0.084000000000000005,
		0.025999999999999999,
		0.0
	]
}
