{
	"effort" : [ 0.0, 0.0, 0.0, 0.0, 0.0, 0.0, 0.104 ],
	"position" : 
	[
		0.47958157186288081,
		0.88098984652895529,
		-0.40783108631341197,
		-2.2127109723853322,
		-0.16266468628583045,
		2.8220926807189985,
		0.047800000000000002
	],
	"velocity" : 
	[
		-0.035000000000000003,
		0.80400000000000005,
		-0.27300000000000002,
		0.0,
		-0.057000000000000002,
		0.14699999999999999,
		0.0
	]
}
