{
	"effort" : [ 0.0, 0.0, 0.0, 0.0, 0.0, 0.0, -1.04 ],
	"position" : 
	[
		0.5867796945203454,
		1.4654482531441488,
		-0.60779345871435186,
		-1.1928103706901836,
		-0.37081265287862158,
		1.106399119423966,
		0.046600000000000003
	],
	"velocity" : 
	[
		0.045999999999999999,
		-0.0070000000000000001,
		-0.042000000000000003,
		0.0,
		0.182,
		0.0,
		0.0
	]
}
