{
	"effort" : [ 0.0, 0.0, 0.0, 0.0, 0.0, 0.0, -1.046 ],
	"position" : 
	[
		0.41893138035609312,
		1.6388990742073017,
		-0.94813266285316011,
		-2.219657382808268,
		-0.47527060861045589,
		2.6465474645534535,
		0.056099999999999997
	],
	"velocity" : [ 0.0, -0.14399999999999999, 0.0, 0.0, -0.33100000000000002, 0.0, 0.0 ]
}
