{
	"effort" : [ 0.0, 0.0, 0.0, 0.0, 0.0, 0.0, -0.050000000000000003 ],
	"position" : 
	[
		0.34142130827504452,
		1.6531933207811316,
		-0.85011497206118336,
		-2.2155733123586021,
		-0.52867768372146895,
		2.7757890956636007,
		0.069599999999999995
	],
	"velocity" : 
	[
		0.0,
		0.0060000000000000001,
		0.0,
		0.0,
		0.040000000000000001,
		-0.314,
		0.0
	]
}
