{
	"effort" : [ 0.0, 0.0, 0.0, 0.0, 0.0, 0.0, 0.14799999999999999 ],
	"position" : 
	[
		0.32602750427245841,
		1.7240711417046033,
		-0.84337800114848704,
		-2.212815692140452,
		-0.49378855197411109,
		2.5608343449880331,
		0.090700000000000003
	],
	"velocity" : [ 0.0, 0.024, -0.001, 0.0, 0.065000000000000002, 0.0, 0.0 ]
}
