{
	"effort" : [ 0.0, 0.0, 0.0, 0.0, 0.0, 0.0, -0.094 ],
	"position" : 
	[
		0.36644932974863687,
		1.6574868307410364,
		-0.92973689253714475,
		-2.2089410612010254,
		-0.53771848924679722,
		2.5922502715239237,
		0.069000000000000006
	],
	"velocity" : 
	[
		0.26000000000000001,
		0.14699999999999999,
		0.0040000000000000001,
		0.0,
		0.71499999999999997,
		0.35799999999999998,
		0.0
	]
}
