{
	"effort" : [ 0.0, 0.0, 0.0, 0.0, 0.0, 0.0, -0.031 ],
	"position" : 
	[
		0.47958157186288081,
		0.056618480934681761,
		-0.049445177708986876,
		-2.2147355543176452,
		0.13421581947833008,
		2.7443731691277109,
		0.0
	],
	"velocity" : [ 0.0, 0.433, -0.155, 0.014999999999999999, 0.0, 0.024, 0.0 ]
}
