{
	"effort" : [ 0.0, 0.0, 0.0, 0.0, 0.0, 0.0, -0.10299999999999999 ],
	"position" : 
	[
		0.34142130827504452,
		1.6531933207811316,
		-0.86800459689412068,
		-2.2023262633359688,
		-0.50878093024873849,
		2.4922778119697138,
		0.069000000000000006
	],
	"velocity" : 
	[
		0.0,
		0.0,
		-0.002,
		0.111,
		0.035999999999999997,
		-0.68200000000000005,
		0.0
	]
}
