{
	"effort" : [ 0.0, 0.0, 0.0, 0.0, 0.0, 0.0, -1.0409999999999999 ],
	"position" : 
	[
		0.5552765015218557,
		1.4699512026142931,
		-0.60379665472728583,
		-1.3716368058494774,
		-0.54620078941148753,
		1.2461650859236366,
		0.055399999999999998
	],
	"velocity" : 
	[
		0.17000000000000001,
		0.019,
		0.0,
		-0.42499999999999999,
		0.0,
		-0.191,
		0.0
	]
}
