{
	"effort" : [ 0.0, 0.0, 0.0, 0.0, 0.0, 0.0, -1.0389999999999999 ],
	"position" : 
	[
		0.29078930667470188,
		1.5020652608509806,
		-0.68600166249619809,
		-1.6460374708479568,
		-1.0512641683534791,
		1.211188687713679,
		0.0482
	],
	"velocity" : 
	[
		0.0,
		0.0,
		-0.017999999999999999,
		0.30199999999999999,
		-0.040000000000000001,
		0.012999999999999999,
		0.0
	]
}
