{
	"effort" : [ 0.0, 0.0, 0.0, 0.0, 0.0, 0.0, -0.058000000000000003 ],
	"position" : 
	[
		0.60671135457811565,
		0.43212606950116694,
		-0.021589722847164407,
		-1.3575869053709266,
		0.12070697106789736,
		1.4356554828126133,
		0.0114
	],
	"velocity" : 
	[
		0.0,
		0.0,
		0.39300000000000002,
		0.0,
		0.20100000000000001,
		0.47499999999999998,
		0.0
	]
}
