{
	"effort" : [ 0.0, 0.0, 0.0, 0.0, 0.0, 0.0, -0.037999999999999999 ],
	"position" : 
	[
		0.47958157186288081,
		0.14364059743909707,
		-0.080791291074797114,
		-2.2147355543176452,
		0.13377948716533158,
		2.7508308873600882,
		0.0
	],
	"velocity" : [ 0.0, 0.57799999999999996, -0.19, 0.0, 0.0, 0.035999999999999997, 0.0 ]
}
