{
	"effort" : [ 0.0, 0.0, 0.0, 0.0, 0.0, 0.0, 0.095000000000000001 ],
	"position" : 
	[
		0.045867252742399403,
		1.5108966268660695,
		-0.95270542549338411,
		-1.9417136994282411,
		-1.169545131761105,
		2.2730993645043212,
		0.059900000000000002
	],
	"velocity" : 
	[
		0.14999999999999999,
		0.0,
		0.0,
		0.92400000000000004,
		-0.52100000000000002,
		-0.65900000000000003,
		0.0
	]
}
