{
	"effort" : [ 0.0, 0.0, 0.0, 0.0, 0.0, 0.0, 0.031 ],
	"position" : 
	[
		0.47958157186288081,
		0.40077995613535672,
		-0.18622663118774796,
		-2.2127109723853322,
		0.032358404331966704,
		2.7585452426539012,
		0.0
	],
	"velocity" : 
	[
		0.0,
		0.68000000000000005,
		-0.33600000000000002,
		0.0,
		-0.40999999999999998,
		0.0,
		0.0
	]
}
