{
	"effort" : [ 0.0, 0.0, 0.0, 0.0, 0.0, 0.0, -1.044 ],
	"position" : 
	[
		0.45917867290707226,
		1.481993974453051,
		-0.63139031020130931,
		-1.4239617768242543,
		-0.71174526896310797,
		1.3001655729803274,
		0.057000000000000002
	],
	"velocity" : 
	[
		0.16600000000000001,
		-0.002,
		0.152,
		0.157,
		0.66100000000000003,
		0.0,
		0.0
	]
}
