{
	"effort" : [ 0.0, 0.0, 0.0, 0.0, 0.0, 0.0, -1.0389999999999999 ],
	"position" : 
	[
		0.45437901746408899,
		1.5739728260331289,
		-0.94813266285316011,
		-2.219657382808268,
		-0.59070668533733173,
		2.5161015562594304,
		0.0562
	],
	"velocity" : [ -0.031, 0.0, 0.0, 0.0, 0.0, -0.017000000000000001, 0.0 ]
}
