{
	"effort" : [ 0.0, 0.0, 0.0, 0.0, 0.0, 0.0, 0.13800000000000001 ],
	"position" : 
	[
		0.34068826998920709,
		1.6229467648440772,
		-0.85011497206118336,
		-2.2155733123586021,
		-0.58128190737656471,
		2.7860167250802852,
		0.074099999999999999
	],
	"velocity" : 
	[
		0.014999999999999999,
		0.42999999999999999,
		0.0,
		0.0,
		0.071999999999999995,
		0.019,
		0.0
	]
}
