{
	"effort" : [ 0.0, 0.0, 0.0, 0.0, 0.0, 0.0, 0.050000000000000003 ],
	"position" : 
	[
		0.21326178130113327,
		1.5081041000628794,
		-0.78686423996892485,
		-1.8413049075610328,
		-1.2052022083793401,
		1.2853651809234194,
		0.060100000000000001
	],
	"velocity" : 
	[
		0.122,
		0.017999999999999999,
		0.0089999999999999993,
		0.52900000000000003,
		0.0070000000000000001,
		-0.0030000000000000001,
		0.0
	]
}
