{
	"effort" : [ 0.0, 0.0, 0.0, 0.0, 0.0, 0.0, -0.056000000000000001 ],
	"position" : 
	[
		0.60671135457811565,
		0.43212606950116694,
		-0.0047647488579433172,
		-1.3575869053709266,
		0.12754866173571339,
		1.4538941734959496,
		0.0114
	],
	"velocity" : [ 0.0, 0.0, 0.13900000000000001, 0.0, 0.028000000000000001, 0.153, 0.0 ]
}
