{
	"effort" : [ 0.0, 0.0, 0.0, 0.0, 0.0, 0.0, -0.047 ],
	"position" : 
	[
		0.60671135457811565,
		1.160067993922778,
		-0.5468465612347253,
		-1.2567766877757596,
		-0.2239955562008957,
		1.2662712789066064,
		0.043900000000000002
	],
	"velocity" : [ 0.0, -0.76400000000000001, 0.0, 0.0, 0.157, -0.11799999999999999, 0.0 ]
}
