{
	"effort" : [ 0.0, 0.0, 0.0, 0.0, 0.0, 0.0, -0.097000000000000003 ],
	"position" : 
	[
		0.41292744772923412,
		1.7664826425280549,
		-0.9219352707807319,
		-2.2108260167931792,
		-0.55733599003920853,
		2.6236312914747737,
		0.069000000000000006
	],
	"velocity" : 
	[
		-0.49299999999999999,
		-0.0060000000000000001,
		0.0,
		0.0,
		-0.64400000000000002,
		-0.70899999999999996,
		0.0
	]
}
