{
	"effort" : [ 0.0, 0.0, 0.0, 0.0, 0.0, 0.0, -0.063 ],
	"position" : 
	[
		0.60671135457811565,
		0.43706535128430968,
		-0.11356857442724233,
		-1.3575869053709266,
		0.0,
		1.2696572176554743,
		0.0114
	],
	"velocity" : 
	[
		0.0,
		-0.088999999999999996,
		0.42599999999999999,
		0.0,
		0.60199999999999998,
		0.50600000000000001,
		0.0
	]
}
