{
	"effort" : [ 0.0, 0.0, 0.0, 0.0, 0.0, 0.0, 0.122 ],
	"position" : 
	[
		0.32545154561930045,
		1.7120981830359252,
		-0.84337800114848704,
		-2.212815692140452,
		-0.50577896393530908,
		2.5608343449880331,
		0.089899999999999994
	],
	"velocity" : [ 0.0, 0.13800000000000001, 0.0, 0.0, 0.0, 0.0, 0.0 ]
}
