{
	"effort" : [ 0.0, 0.0, 0.0, 0.0, 0.0, 0.0, 0.056000000000000001 ],
	"position" : 
	[
		0.41050144006896266,
		1.8387043669755618,
		-0.8884773090200091,
		-2.212815692140452,
		-0.41898374023365298,
		2.7170413130414865,
		0.090999999999999998
	],
	"velocity" : 
	[
		0.014,
		0.20000000000000001,
		-0.0089999999999999993,
		0.0,
		0.124,
		0.017000000000000001,
		0.0
	]
}
