{
	"effort" : [ 0.0, 0.0, 0.0, 0.0, 0.0, 0.0, -0.10000000000000001 ],
	"position" : 
	[
		0.38973202197023532,
		1.6745212442404969,
		-0.92752032438711229,
		-2.2108260167931792,
		-0.494923015987907,
		2.6244690495157306,
		0.069000000000000006
	],
	"velocity" : 
	[
		0.29999999999999999,
		0.32200000000000001,
		0.0,
		-0.124,
		0.442,
		0.36399999999999999,
		0.0
	]
}
