{
	"effort" : [ 0.0, 0.0, 0.0, 0.0, 0.0, 0.0, -0.10000000000000001 ],
	"position" : 
	[
		0.50958378170465568,
		1.7622065858606697,
		-0.92703163219655416,
		-2.2108260167931792,
		-0.38144170802326444,
		2.7067613237472425,
		0.069000000000000006
	],
	"velocity" : 
	[
		0.23100000000000001,
		0.16400000000000001,
		-0.0080000000000000002,
		0.0,
		0.247,
		0.0030000000000000001,
		0.0
	]
}
