{
	"effort" : [ 0.0, 0.0, 0.0, 0.0, 0.0, 0.0, -1.0069999999999999 ],
	"position" : 
	[
		0.27703611216898999,
		1.4984349760068334,
		-0.69458868241600791,
		-1.6720428767026656,
		-1.1908032420503905,
		1.1947302328673768,
		0.050599999999999999
	],
	"velocity" : 
	[
		0.050000000000000003,
		0.0030000000000000001,
		0.002,
		0.0,
		0.38100000000000001,
		0.11600000000000001,
		0.0
	]
}
