{
	"effort" : [ 0.0, 0.0, 0.0, 0.0, 0.0, 0.0, -0.028000000000000001 ],
	"position" : 
	[
		0.47958157186288081,
		0.11218976431816717,
		-0.071628312501829203,
		-2.2147355543176452,
		0.13377948716533158,
		2.75025492870693,
		0.0
	],
	"velocity" : [ 0.002, 0.55300000000000005, -0.21299999999999999, 0.0, 0.0, 0.0, 0.0 ]
}
