{
	"effort" : [ 0.0, 0.0, 0.0, 0.0, 0.0, 0.0, -0.070000000000000007 ],
	"position" : 
	[
		0.45046947993962272,
		1.5717213512980566,
		-0.9488307945539578,
		-2.2200762618287464,
		-0.61500166852508664,
		2.498421370936732,
		0.058999999999999997
	],
	"velocity" : 
	[
		-0.029999999999999999,
		-0.031,
		0.028000000000000001,
		0.0,
		-0.27200000000000002,
		-0.14499999999999999,
		0.0
	]
}
