{
	"effort" : [ 0.0, 0.0, 0.0, 0.0, 0.0, 0.0, -1.042 ],
	"position" : 
	[
		0.5867796945203454,
		1.4654482531441488,
		-0.60782836529939177,
		-1.1956028974933737,
		-0.36887533740890838,
		1.106399119423966,
		0.046600000000000003
	],
	"velocity" : 
	[
		0.023,
		-0.017000000000000001,
		-0.051999999999999998,
		-0.14499999999999999,
		0.037999999999999999,
		0.0,
		0.0
	]
}
