{
	"effort" : [ 0.0, 0.0, 0.0, 0.0, 0.0, 0.0, -0.092999999999999999 ],
	"position" : 
	[
		0.39898226700580303,
		1.7664826425280549,
		-0.9219352707807319,
		-2.2108260167931792,
		-0.57726765009697878,
		2.610942747812778,
		0.069000000000000006
	],
	"velocity" : 
	[
		-0.50600000000000001,
		-0.0070000000000000001,
		0.0,
		0.0,
		-0.74299999999999999,
		-0.37,
		0.0
	]
}
