{
	"effort" : [ 0.0, 0.0, 0.0, 0.0, 0.0, 0.0, -0.029000000000000001 ],
	"position" : 
	[
		0.47958157186288081,
		0.015376350710066161,
		0.00076794487087731103,
		-2.2165681500322387,
		0.17804103699589663,
		2.7949004509729338,
		0.0
	],
	"velocity" : [ 0.0, 0.0, 0.0, 0.0, -0.017000000000000001, 0.0, 0.0 ]
}
