{
	"effort" : [ 0.0, 0.0, 0.0, 0.0, 0.0, 0.0, -1.044 ],
	"position" : 
	[
		0.41893138035609312,
		1.6600873713265072,
		-0.94813266285316011,
		-2.219657382808268,
		-0.43743187042722836,
		2.6465474645534535,
		0.056099999999999997
	],
	"velocity" : [ 0.01, -0.17899999999999999, 0.0, 0.0, -0.19700000000000001, 0.0, 0.0 ]
}
