{
	"effort" : [ 0.0, 0.0, 0.0, 0.0, 0.0, 0.0, 0.039 ],
	"position" : 
	[
		0.47958157186288081,
		0.44554765144899994,
		-0.20753710135459333,
		-2.2127109723853322,
		0.0,
		2.7585452426539012,
		0.0
	],
	"velocity" : 
	[
		0.0,
		0.73399999999999999,
		-0.38400000000000001,
		0.0,
		-0.55200000000000005,
		0.0,
		0.0
	]
}
