{
	"effort" : [ 0.0, 0.0, 0.0, 0.0, 0.0, 0.0, -1.0529999999999999 ],
	"position" : 
	[
		0.41496948295406705,
		1.8837687682620441,
		-0.94813266285316011,
		-2.2158351117464012,
		-0.35238197597756621,
		2.6910010006017373,
		0.059400000000000001
	],
	"velocity" : 
	[
		0.0,
		-0.14999999999999999,
		0.0,
		-0.0089999999999999993,
		-0.057000000000000002,
		0.0,
		0.0
	]
}
