{
	"effort" : [ 0.0, 0.0, 0.0, 0.0, 0.0, 0.0, -1.03 ],
	"position" : 
	[
		0.45813147535587589,
		1.5762766606457606,
		-0.94813266285316011,
		-2.219657382808268,
		-0.57644734534854158,
		2.5922677248164439,
		0.0562
	],
	"velocity" : 
	[
		-0.0080000000000000002,
		0.0,
		0.0,
		0.0,
		-0.13,
		-0.45200000000000001,
		0.0
	]
}
