{
	"effort" : [ 0.0, 0.0, 0.0, 0.0, 0.0, 0.0, -0.029000000000000001 ],
	"position" : 
	[
		0.47958157186288081,
		0.015376350710066161,
		-0.0058817595792194054,
		-2.2165681500322387,
		0.13896311504375342,
		2.7850567939916884,
		0.0
	],
	"velocity" : [ 0.0, 0.0, -0.129, 0.0, -0.124, -0.45600000000000002, 0.0 ]
}
