{
	"effort" : [ 0.0, 0.0, 0.0, 0.0, 0.0, 0.0, 0.062 ],
	"position" : 
	[
		0.22617721776588806,
		1.5081041000628794,
		-0.78642790765592629,
		-1.8107790989436596,
		-1.2105952757680012,
		1.2813509236438334,
		0.060100000000000001
	],
	"velocity" : 
	[
		0.27500000000000002,
		0.0,
		0.02,
		0.54400000000000004,
		-0.318,
		-0.105,
		0.0
	]
}
