{
	"effort" : [ 0.0, 0.0, 0.0, 0.0, 0.0, 0.0, -1.042 ],
	"position" : 
	[
		0.293320034090093,
		1.5020652608509806,
		-0.68388981410128535,
		-1.6754811753290935,
		-1.0692585129415362,
		1.2130910965983523,
		0.047
	],
	"velocity" : [ 0.034000000000000002, 0.0, 0.0, 0.0, 0.0, -0.14699999999999999, 0.0 ]
}
