{
	"effort" : [ 0.0, 0.0, 0.0, 0.0, 0.0, 0.0, -1.0409999999999999 ],
	"position" : 
	[
		0.60704296713599448,
		1.4649770142461105,
		-0.63657393807973106,
		-1.2397946341538588,
		-0.28974210912350551,
		1.112734664608704,
		0.047100000000000003
	],
	"velocity" : 
	[
		-0.039,
		-0.033000000000000002,
		0.014,
		0.0,
		0.0089999999999999993,
		0.0,
		0.0
	]
}
