{
	"effort" : [ 0.0, 0.0, 0.0, 0.0, 0.0, 0.0, -1.042 ],
	"position" : 
	[
		0.24567254551065981,
		1.5081041000628794,
		-0.73111842366024005,
		-1.7241409548746831,
		-1.2652415346479298,
		1.2031776264470271,
		0.050500000000000003
	],
	"velocity" : 
	[
		-0.0040000000000000001,
		0.0,
		0.16800000000000001,
		0.060999999999999999,
		0.0,
		-0.040000000000000001,
		0.0
	]
}
