{
	"effort" : [ 0.0, 0.0, 0.0, 0.0, 0.0, 0.0, -0.045999999999999999 ],
	"position" : 
	[
		0.60671135457811565,
		0.4377460296925873,
		-0.12241739373485137,
		-1.3575869053709266,
		-0.014224433403750195,
		1.2605640522525863,
		0.0114
	],
	"velocity" : [ 0.0, -0.125, 0.44, 0.0, 0.47099999999999997, 0.189, 0.0 ]
}
