{
	"effort" : [ 0.0, 0.0, 0.0, 0.0, 0.0, 0.0, 0.105 ],
	"position" : 
	[
		0.040980330836816507,
		1.5108966268660695,
		-0.95270542549338411,
		-2.206270707445475,
		-1.0999763077766287,
		2.4905499360102397,
		0.059900000000000002
	],
	"velocity" : 
	[
		-0.377,
		-0.037999999999999999,
		0.0,
		0.29899999999999999,
		-0.001,
		0.0,
		0.0
	]
}
