{
	"effort" : [ 0.0, 0.0, 0.0, 0.0, 0.0, 0.0, 0.049000000000000002 ],
	"position" : 
	[
		0.24102996970035606,
		1.5081041000628794,
		-0.78457785864881291,
		-1.7676869197119307,
		-1.2473868164000323,
		1.2686972865668777,
		0.060100000000000001
	],
	"velocity" : 
	[
		0.002,
		0.0,
		0.010999999999999999,
		0.68400000000000005,
		0.0,
		-0.249,
		0.0
	]
}
