{
	"effort" : [ 0.0, 0.0, 0.0, 0.0, 0.0, 0.0, -1.044 ],
	"position" : 
	[
		0.44078290259105662,
		1.6015141216295925,
		-0.94813266285316011,
		-2.219657382808268,
		-0.5459738966087283,
		2.6465474645534535,
		0.056099999999999997
	],
	"velocity" : [ 0.17799999999999999, -0.19700000000000001, 0.0, 0.0, 0.0, 0.0, 0.0 ]
}
