{
	"effort" : [ 0.0, 0.0, 0.0, 0.0, 0.0, 0.0, -1.0429999999999999 ],
	"position" : 
	[
		0.27947957312178145,
		1.4984349760068334,
		-0.69244192743605548,
		-1.6720428767026656,
		-1.1838917382124945,
		1.196405748949291,
		0.050299999999999997
	],
	"velocity" : 
	[
		0.086999999999999994,
		0.014,
		0.090999999999999998,
		-0.037999999999999999,
		0.34499999999999997,
		0.155,
		0.0
	]
}
