{
	"effort" : [ 0.0, 0.0, 0.0, 0.0, 0.0, 0.0, -0.028000000000000001 ],
	"position" : 
	[
		0.47958157186288081,
		0.015376350710066161,
		-0.01085594794740199,
		-2.2165681500322387,
		0.13639748104332242,
		2.7713035994859765,
		0.0
	],
	"velocity" : [ 0.0, 0.0, -0.152, 0.0, -0.14899999999999999, -0.185, 0.0 ]
}
