{
	"effort" : [ 0.0, 0.0, 0.0, 0.0, 0.0, 0.0, 0.107 ],
	"position" : 
	[
		0.13997540600990988,
		1.5238644232083844,
		-0.95270542549338411,
		-2.2159747380865609,
		-1.0785960244397033,
		2.4905499360102397,
		0.059900000000000002
	],
	"velocity" : [ -0.95799999999999996, -0.114, 0.0, -0.124, -0.371, 0.0, 0.0 ]
}
