{
	"effort" : [ 0.0, 0.0, 0.0, 0.0, 0.0, 0.0, -1.0189999999999999 ],
	"position" : 
	[
		0.41207223639575719,
		1.8822503318128092,
		-0.89966486952528979,
		-2.2101278850923811,
		-0.37835247524723525,
		2.6947709117860446,
		0.059799999999999999
	],
	"velocity" : 
	[
		0.0,
		0.050000000000000003,
		-0.0030000000000000001,
		-0.126,
		0.021000000000000001,
		-0.214,
		0.0
	]
}
