{
	"effort" : [ 0.0, 0.0, 0.0, 0.0, 0.0, 0.0, -0.042999999999999997 ],
	"position" : 
	[
		0.60671135457811565,
		1.2333892757990415,
		-0.5468465612347253,
		-1.2567766877757596,
		-0.25041984107608317,
		1.3042321901374734,
		0.043900000000000002
	],
	"velocity" : 
	[
		-0.001,
		-0.28299999999999997,
		0.0,
		0.0,
		0.36199999999999999,
		-0.53400000000000003,
		0.0
	]
}
