{
	"effort" : [ 0.0, 0.0, 0.0, 0.0, 0.0, 0.0, -1.0349999999999999 ],
	"position" : 
	[
		0.57358500537527157,
		1.4736687539210402,
		-0.60154517999221369,
		-1.3761746619046615,
		-0.49141490419139933,
		1.2311552543564892,
		0.054600000000000003
	],
	"velocity" : 
	[
		0.123,
		0.0,
		-0.0089999999999999993,
		0.045999999999999999,
		0.17999999999999999,
		0.0,
		0.0
	]
}
