{
	"effort" : [ 0.0, 0.0, 0.0, 0.0, 0.0, 0.0, -1.034 ],
	"position" : 
	[
		0.26755897433066317,
		1.5007562639119851,
		-0.69621183862036229,
		-1.6702626408656316,
		-1.2351869649285951,
		1.180959585069145,
		0.050599999999999999
	],
	"velocity" : 
	[
		0.112,
		-0.014999999999999999,
		0.036999999999999998,
		0.0,
		0.23000000000000001,
		0.080000000000000002,
		0.0
	]
}
