{
	"effort" : [ 0.0, 0.0, 0.0, 0.0, 0.0, 0.0, -1.0449999999999999 ],
	"position" : 
	[
		0.57754690277729781,
		1.477438665105347,
		-0.59953805135242078,
		-1.3130810094450822,
		-0.47921505271996206,
		1.1774165666875973,
		0.054399999999999997
	],
	"velocity" : 
	[
		0.0,
		0.002,
		0.081000000000000003,
		0.51300000000000001,
		0.0,
		-0.39100000000000001,
		0.0
	]
}
