{
	"effort" : [ 0.0, 0.0, 0.0, 0.0, 0.0, 0.0, -0.10299999999999999 ],
	"position" : 
	[
		0.34142130827504452,
		1.6531933207811316,
		-0.88261300273330967,
		-2.2068292128061127,
		-0.53284902063373429,
		2.5054026879447076,
		0.069000000000000006
	],
	"velocity" : 
	[
		0.0,
		0.0,
		-0.055,
		-0.080000000000000002,
		-0.124,
		0.51700000000000002,
		0.0
	]
}
