{
	"effort" : [ 0.0, 0.0, 0.0, 0.0, 0.0, 0.0, -0.058000000000000003 ],
	"position" : 
	[
		0.60671135457811565,
		0.44359288268676678,
		-0.13938199406423196,
		-1.3575869053709266,
		-0.03645992807415234,
		1.255520050714324,
		0.0114
	],
	"velocity" : [ 0.0, -0.127, 0.40999999999999998, 0.0, 0.39500000000000002, 0.0, 0.0 ]
}
