{
	"effort" : [ 0.0, 0.0, 0.0, 0.0, 0.0, 0.0, 0.067000000000000004 ],
	"position" : 
	[
		0.28864255169474934,
		1.6948194234411857,
		-0.85892888478375262,
		-2.212815692140452,
		-0.58465039283291287,
		2.53617284265736,
		0.072499999999999995
	],
	"velocity" : 
	[
		0.0089999999999999993,
		0.0,
		0.13600000000000001,
		0.0,
		0.28100000000000003,
		-0.0030000000000000001,
		0.0
	]
}
