{
	"effort" : [ 0.0, 0.0, 0.0, 0.0, 0.0, 0.0, -1.0409999999999999 ],
	"position" : 
	[
		0.57140334381027924,
		1.4736687539210402,
		-0.60154517999221369,
		-1.3782516037145343,
		-0.50104912166240567,
		1.2311552543564892,
		0.054699999999999999
	],
	"velocity" : [ 0.035000000000000003, 0.0, 0.0, 0.0, 0.314, 0.001, 0.0 ]
}
