{
	"effort" : [ 0.0, 0.0, 0.0, 0.0, 0.0, 0.0, -0.087999999999999995 ],
	"position" : 
	[
		0.60733967310883352,
		1.3669244168690939,
		-0.61276764708253451,
		-1.2580856847147548,
		-0.41495202966154709,
		1.2434598255830462,
		0.044200000000000003
	],
	"velocity" : 
	[
		-0.027,
		-0.60999999999999999,
		-0.0030000000000000001,
		0.0,
		0.0,
		0.111,
		0.0
	]
}
