{
	"effort" : [ 0.0, 0.0, 0.0, 0.0, 0.0, 0.0, -0.048000000000000001 ],
	"position" : 
	[
		0.60671135457811565,
		1.1254057549781795,
		-0.5468465612347253,
		-1.2567766877757596,
		-0.22190116109850302,
		1.2615588899262227,
		0.043900000000000002
	],
	"velocity" : 
	[
		0.0,
		-0.81200000000000006,
		0.0,
		0.0,
		0.023,
		-0.065000000000000002,
		0.0
	]
}
