{
	"effort" : [ 0.0, 0.0, 0.0, 0.0, 0.0, 0.0, -1.042 ],
	"position" : 
	[
		0.41496948295406705,
		1.742728711408418,
		-0.94813266285316011,
		-2.2179993200188735,
		-0.38655552273160654,
		2.6465474645534535,
		0.056099999999999997
	],
	"velocity" : [ 0.0, -0.070000000000000007, 0.0, 0.0, -0.035999999999999997, 0.0, 0.0 ]
}
