{
	"effort" : [ 0.0, 0.0, 0.0, 0.0, 0.0, 0.0, 0.13900000000000001 ],
	"position" : 
	[
		0.32545154561930045,
		1.7197950850372186,
		-0.84337800114848704,
		-2.212815692140452,
		-0.50206141262856208,
		2.5608343449880331,
		0.090499999999999997
	],
	"velocity" : 
	[
		0.016,
		0.11600000000000001,
		0.0040000000000000001,
		0.0,
		0.067000000000000004,
		0.0,
		0.0
	]
}
