{
	"effort" : [ 0.0, 0.0, 0.0, 0.0, 0.0, 0.0, -1.032 ],
	"position" : 
	[
		0.58454567307779315,
		1.475693335853353,
		-0.60802035151711109,
		-1.1891800858460364,
		-0.3969053251959303,
		1.1026117549471393,
		0.046600000000000003
	],
	"velocity" : [ 0.0, 0.0, 0.051999999999999998, 0.0, 0.17199999999999999, -0.157, 0.0 ]
}
