{
	"effort" : [ 0.0, 0.0, 0.0, 0.0, 0.0, 0.0, -1.048 ],
	"position" : 
	[
		0.29078930667470188,
		1.5020652608509806,
		-0.68388981410128535,
		-1.6735089532743403,
		-1.0692061530639765,
		1.2130910965983523,
		0.047300000000000002
	],
	"velocity" : [ 0.010999999999999999, 0.0, 0.0, 0.0, -0.052999999999999999, 0.0, 0.0 ]
}
