{
	"effort" : [ 0.0, 0.0, 0.0, 0.0, 0.0, 0.0, 0.14399999999999999 ],
	"position" : 
	[
		0.21249383643025596,
		1.5105301077231508,
		-0.85803876686523561,
		-2.2155733123586021,
		-0.60316833619656807,
		2.7153832502520925,
		0.056899999999999999
	],
	"velocity" : 
	[
		0.0,
		0.0,
		0.104,
		0.0089999999999999993,
		-0.010999999999999999,
		0.222,
		0.0
	]
}
