{
	"effort" : [ 0.0, 0.0, 0.0, 0.0, 0.0, 0.0, -1.0409999999999999 ],
	"position" : 
	[
		0.34492942007155225,
		1.4901970219374223,
		-0.63435736992969882,
		-1.4911744063185388,
		-0.95010488490791323,
		1.3432926587970966,
		0.057099999999999998
	],
	"velocity" : 
	[
		0.104,
		0.0,
		0.0,
		0.14699999999999999,
		0.070000000000000007,
		-0.0050000000000000001,
		0.0
	]
}
