{
	"effort" : [ 0.0, 0.0, 0.0, 0.0, 0.0, 0.0, 0.10199999999999999 ],
	"position" : 
	[
		0.21153390534165931,
		1.5336906268971098,
		-0.95270542549338411,
		-2.2159747380865609,
		-1.0242813781176534,
		2.4905499360102397,
		0.059900000000000002
	],
	"velocity" : 
	[
		-1.121,
		-0.121,
		0.032000000000000001,
		-0.0089999999999999993,
		-0.99099999999999999,
		0.0,
		0.0
	]
}
