{
	"effort" : [ 0.0, 0.0, 0.0, 0.0, 0.0, 0.0, -0.92900000000000005 ],
	"position" : 
	[
		0.59726912332482862,
		1.4615387156196824,
		-0.66158450626080345,
		-1.2255527474575887,
		-0.31977922555032029,
		1.0344391943642581,
		0.046600000000000003
	],
	"velocity" : 
	[
		0.0,
		-0.014,
		-0.059999999999999998,
		0.0,
		0.019,
		-0.14699999999999999,
		0.0
	]
}
