{
	"effort" : [ 0.0, 0.0, 0.0, 0.0, 0.0, 0.0, 0.099000000000000005 ],
	"position" : 
	[
		0.30382691618709617,
		1.2405800323172562,
		-0.68043406218233748,
		-2.2145086615148859,
		-0.44717080765335421,
		2.8221450405965589,
		0.047800000000000002
	],
	"velocity" : 
	[
		-0.58399999999999996,
		0.96399999999999997,
		-0.97999999999999998,
		0.0,
		-1.0580000000000001,
		-0.023,
		0.0
	]
}
