{
	"effort" : [ 0.0, 0.0, 0.0, 0.0, 0.0, 0.0, 0.20000000000000001 ],
	"position" : 
	[
		0.33173473092647848,
		1.5830136315584573,
		-0.85011497206118336,
		-2.2155733123586021,
		-0.58756509268374268,
		2.7813741492699808,
		0.074099999999999999
	],
	"velocity" : 
	[
		0.16600000000000001,
		0.52800000000000002,
		0.0,
		0.0,
		0.040000000000000001,
		0.095000000000000001,
		0.0
	]
}
