{
	"effort" : [ 0.0, 0.0, 0.0, 0.0, 0.0, 0.0, 0.090999999999999998 ],
	"position" : 
	[
		0.057822758118557534,
		1.5108966268660695,
		-0.95270542549338411,
		-1.8701028402189321,
		-1.2737063815201,
		1.9157082935735323,
		0.059900000000000002
	],
	"velocity" : [ 0.0, 0.0, 0.0, -0.19700000000000001, -0.124, -1.464, 0.0 ]
}
