{
	"effort" : [ 0.0, 0.0, 0.0, 0.0, 0.0, 0.0, 0.10199999999999999 ],
	"position" : 
	[
		0.062360614173741655,
		1.5108966268660695,
		-0.93423984200728882,
		-1.8738902046957586,
		-1.431414332730268,
		1.5733096009173713,
		0.059900000000000002
	],
	"velocity" : 
	[
		0.13100000000000001,
		-0.014,
		0.20300000000000001,
		0.050999999999999997,
		-0.34300000000000003,
		-0.41199999999999998,
		0.0
	]
}
