{
	"effort" : [ 0.0, 0.0, 0.0, 0.0, 0.0, 0.0, -0.189 ],
	"position" : 
	[
		0.60671135457811565,
		0.55918603904632214,
		-0.30880110455527876,
		-1.3575869053709266,
		-0.12002629265961973,
		1.255520050714324,
		0.0241
	],
	"velocity" : 
	[
		0.0,
		-0.45500000000000002,
		0.57199999999999995,
		0.0,
		0.14899999999999999,
		0.001,
		0.0
	]
}
