{
	"effort" : [ 0.0, 0.0, 0.0, 0.0, 0.0, 0.0, -0.14099999999999999 ],
	"position" : 
	[
		0.41207223639575719,
		1.8677990056063001,
		-0.89966486952528979,
		-2.210791110208139,
		-0.40627774327913746,
		2.6926416100986117,
		0.089599999999999999
	],
	"velocity" : [ 0.0, 0.0, 0.0, 0.0, 0.13200000000000001, 0.0, 0.0 ]
}
