{
	"effort" : [ 0.0, 0.0, 0.0, 0.0, 0.0, 0.0, -1.0449999999999999 ],
	"position" : 
	[
		0.29078930667470188,
		1.5020652608509806,
		-0.68732811272771344,
		-1.6415694279628521,
		-1.0547199202724269,
		1.211188687713679,
		0.0482
	],
	"velocity" : 
	[
		0.0,
		0.0,
		-0.045999999999999999,
		0.019,
		-0.032000000000000001,
		0.0,
		0.0
	]
}
