{
	"effort" : [ 0.0, 0.0, 0.0, 0.0, 0.0, 0.0, -1.044 ],
	"position" : 
	[
		0.34934510307909677,
		1.4901970219374223,
		-0.63435736992969882,
		-1.4890625579236261,
		-0.93891732440263242,
		1.3386675362793128,
		0.057099999999999998
	],
	"velocity" : 
	[
		0.13100000000000001,
		-0.012999999999999999,
		-0.014999999999999999,
		0.126,
		0.28100000000000003,
		-0.128,
		0.0
	]
}
