{
	"effort" : [ 0.0, 0.0, 0.0, 0.0, 0.0, 0.0, -1.0409999999999999 ],
	"position" : 
	[
		0.41496948295406705,
		1.9003843027410259,
		-0.93563610540888398,
		-2.2119779340994947,
		-0.35224234963740664,
		2.6910010006017373,
		0.059700000000000003
	],
	"velocity" : [ 0.0, 0.086999999999999994, -0.089999999999999997, 0.0, 0.0, 0.0, 0.0 ]
}
