{
	"effort" : [ 0.0, 0.0, 0.0, 0.0, 0.0, 0.0, -0.215 ],
	"position" : 
	[
		0.24495696051734231,
		1.5081041000628794,
		-0.78457785864881291,
		-1.7471094878309228,
		-1.2506854886863008,
		1.2469853906720738,
		0.059499999999999997
	],
	"velocity" : 
	[
		0.017999999999999999,
		0.0,
		0.0,
		0.115,
		-0.084000000000000005,
		0.0,
		0.0
	]
}
