{
	"effort" : [ 0.0, 0.0, 0.0, 0.0, 0.0, 0.0, -0.029999999999999999 ],
	"position" : 
	[
		0.47958157186288081,
		0.015376350710066161,
		-0.005637413483940262,
		-2.2165681500322387,
		0.13896311504375342,
		2.7829798521818154,
		0.0
	],
	"velocity" : 
	[
		0.0,
		0.0,
		-0.16900000000000001,
		0.0,
		-0.124,
		-0.38700000000000001,
		0.0
	]
}
