{
	"effort" : [ 0.0, 0.0, 0.0, 0.0, 0.0, 0.0, 0.066000000000000003 ],
	"position" : 
	[
		0.17739526517265886,
		1.5085578856683977,
		-0.80300853554986829,
		-1.8800861235403372,
		-1.3009684244362449,
		1.3461724520628864,
		0.060100000000000001
	],
	"velocity" : 
	[
		0.31,
		0.002,
		0.30199999999999999,
		0.0,
		1.121,
		-0.57699999999999996,
		0.0
	]
}
