{
	"effort" : [ 0.0, 0.0, 0.0, 0.0, 0.0, 0.0, -0.93000000000000005 ],
	"position" : 
	[
		0.59726912332482862,
		1.4615387156196824,
		-0.65500461498078666,
		-1.2255527474575887,
		-0.32213542004051204,
		1.045556941699459,
		0.046600000000000003
	],
	"velocity" : 
	[
		0.002,
		0.0,
		-0.088999999999999996,
		-0.021000000000000001,
		0.069000000000000006,
		-0.001,
		0.0
	]
}
