{
	"effort" : [ 0.0, 0.0, 0.0, 0.0, 0.0, 0.0, -0.11 ],
	"position" : 
	[
		0.37295940785857412,
		1.6619897802111805,
		-0.92752032438711229,
		-2.2089410612010254,
		-0.52317989657768815,
		2.6059161995670355,
		0.069000000000000006
	],
	"velocity" : 
	[
		0.26200000000000001,
		0.123,
		0.129,
		-0.153,
		0.47099999999999997,
		0.53800000000000003,
		0.0
	]
}
