{
	"effort" : [ 0.0, 0.0, 0.0, 0.0, 0.0, 0.0, 0.215 ],
	"position" : 
	[
		0.31508428986245673,
		1.6948194234411857,
		-0.84337800114848704,
		-2.212815692140452,
		-0.53239523502821584,
		2.5412168441956222,
		0.076300000000000007
	],
	"velocity" : [ 0.185, 0.0, 0.0, 0.0, 0.13, 0.20300000000000001, 0.0 ]
}
