{
	"effort" : [ 0.0, 0.0, 0.0, 0.0, 0.0, 0.0, -0.051999999999999998 ],
	"position" : 
	[
		0.60671135457811565,
		1.2301255100978128,
		-0.58908352913297746,
		-1.2567766877757596,
		-0.30965631588875575,
		1.3213713233920534,
		0.043900000000000002
	],
	"velocity" : [ 0.0, 0.185, 0.23300000000000001, 0.0, 0.0, 0.0, 0.0 ]
}
