{
	"effort" : [ 0.0, 0.0, 0.0, 0.0, 0.0, 0.0, 0.13600000000000001 ],
	"position" : 
	[
		0.34142130827504452,
		1.6406793100443353,
		-0.85011497206118336,
		-2.2155733123586021,
		-0.57726765009697878,
		2.7880413070125978,
		0.074099999999999999
	],
	"velocity" : 
	[
		0.0060000000000000001,
		0.33300000000000002,
		0.0,
		-0.001,
		0.109,
		0.0,
		0.0
	]
}
