{
	"effort" : [ 0.0, 0.0, 0.0, 0.0, 0.0, 0.0, -1.0449999999999999 ],
	"position" : 
	[
		0.58454567307779315,
		1.4674728350764616,
		-0.60594340970723848,
		-1.1928103706901836,
		-0.38700930833712488,
		1.1044618039542526,
		0.046600000000000003
	],
	"velocity" : [ 0.0, 0.0, 0.0, 0.0, 0.067000000000000004, 0.0, 0.0 ]
}
