{
	"effort" : [ 0.0, 0.0, 0.0, 0.0, 0.0, 0.0, 0.058999999999999997 ],
	"position" : 
	[
		0.41207223639575719,
		1.8632786028436357,
		-0.89324205787795252,
		-2.212815692140452,
		-0.4103792670213231,
		2.6949279914187234,
		0.090999999999999998
	],
	"velocity" : 
	[
		0.0,
		0.025999999999999999,
		-0.066000000000000003,
		0.0,
		0.001,
		-0.13800000000000001,
		0.0
	]
}
