{
	"effort" : [ 0.0, 0.0, 0.0, 0.0, 0.0, 0.0, 0.090999999999999998 ],
	"position" : 
	[
		0.057822758118557534,
		1.5108966268660695,
		-0.95270542549338411,
		-1.8701028402189321,
		-1.2735842084724607,
		1.9260755493303761,
		0.059900000000000002
	],
	"velocity" : 
	[
		0.0,
		0.0,
		0.0,
		-0.19700000000000001,
		-0.24299999999999999,
		-1.6120000000000001,
		0.0
	]
}
