{
	"effort" : [ 0.0, 0.0, 0.0, 0.0, 0.0, 0.0, 0.092999999999999999 ],
	"position" : 
	[
		0.045779986279799713,
		1.5108966268660695,
		-0.95270542549338411,
		-1.9478572583952598,
		-1.1661940995972766,
		2.2775674073894252,
		0.059900000000000002
	],
	"velocity" : 
	[
		0.13600000000000001,
		0.0,
		0.0,
		0.90100000000000002,
		-0.38900000000000001,
		-0.58599999999999997,
		0.0
	]
}
