{
	"effort" : [ 0.0, 0.0, 0.0, 0.0, 0.0, 0.0, -1.048 ],
	"position" : 
	[
		0.24390976296614594,
		1.5081041000628794,
		-0.7270343532105743,
		-1.7216451340443317,
		-1.2652415346479298,
		1.1970340674800086,
		0.050500000000000003
	],
	"velocity" : 
	[
		-0.023,
		0.0,
		0.14699999999999999,
		0.010999999999999999,
		0.0,
		-0.17000000000000001,
		0.0
	]
}
