{
	"effort" : [ 0.0, 0.0, 0.0, 0.0, 0.0, 0.0, -1.044 ],
	"position" : 
	[
		0.61507148169516634,
		1.460753317456285,
		-0.62219242504330152,
		-1.2365483217451505,
		-0.38207002655398214,
		1.1722852986867354,
		0.047100000000000003
	],
	"velocity" : 
	[
		-0.042000000000000003,
		0.0,
		0.0,
		-0.107,
		-0.049000000000000002,
		0.0,
		0.0
	]
}
