{
	"effort" : [ 0.0, 0.0, 0.0, 0.0, 0.0, 0.0, -1.0409999999999999 ],
	"position" : 
	[
		0.41496948295406705,
		1.8809064282887742,
		-0.94813266285316011,
		-2.2173535481956361,
		-0.35498251656303703,
		2.6910010006017373,
		0.059299999999999999
	],
	"velocity" : [ 0.0, -0.159, 0.0, -0.019, -0.082000000000000003, 0.0, 0.0 ]
}
