{
	"effort" : [ 0.0, 0.0, 0.0, 0.0, 0.0, 0.0, -1.044 ],
	"position" : 
	[
		0.52885221664666815,
		1.4712951061383286,
		-0.610027480156904,
		-1.3537995408940995,
		-0.5747020160965477,
		1.2695175913153149,
		0.056300000000000003
	],
	"velocity" : 
	[
		0.13400000000000001,
		-0.069000000000000006,
		0.0,
		0.23200000000000001,
		0.27000000000000002,
		-0.0050000000000000001,
		0.0
	]
}
