{
	"effort" : [ 0.0, 0.0, 0.0, 0.0, 0.0, 0.0, 0.104 ],
	"position" : 
	[
		0.25031512132096356,
		1.3411982636947037,
		-0.78433351255353378,
		-2.2145086615148859,
		-0.56236253828495086,
		2.8147273912755844,
		0.047800000000000002
	],
	"velocity" : 
	[
		-0.44900000000000001,
		0.88900000000000001,
		-0.85899999999999999,
		0.0,
		-0.92600000000000005,
		-0.153,
		0.0
	]
}
