{
	"effort" : [ 0.0, 0.0, 0.0, 0.0, 0.0, 0.0, 0.078 ],
	"position" : 
	[
		0.47958157186288081,
		0.70186670539682239,
		-0.38571776469064945,
		-2.2127109723853322,
		-0.14646803082732715,
		2.7895073835842727,
		0.043799999999999999
	],
	"velocity" : 
	[
		0.0,
		0.38300000000000001,
		-0.042000000000000003,
		0.0,
		-0.001,
		0.32700000000000001,
		0.0
	]
}
