{
	"effort" : [ 0.0, 0.0, 0.0, 0.0, 0.0, 0.0, -1.044 ],
	"position" : 
	[
		0.45813147535587589,
		1.5787026683060323,
		-0.94813266285316011,
		-2.219657382808268,
		-0.54895840962963782,
		2.6424808473963073,
		0.056099999999999997
	],
	"velocity" : [ -0.001, -0.024, 0.0, 0.0, -0.157, -0.44800000000000001, 0.0 ]
}
