{
	"effort" : [ 0.0, 0.0, 0.0, 0.0, 0.0, 0.0, -1.044 ],
	"position" : 
	[
		0.44715335436083437,
		1.5955625488802931,
		-0.94813266285316011,
		-2.219657382808268,
		-0.54367006199609635,
		2.6465474645534535,
		0.056099999999999997
	],
	"velocity" : [ 0.184, -0.17299999999999999, 0.0, 0.0, 0.11600000000000001, 0.0, 0.0 ]
}
