{
	"effort" : [ 0.0, 0.0, 0.0, 0.0, 0.0, 0.0, -0.098000000000000004 ],
	"position" : 
	[
		0.41439352430090898,
		1.695273209046704,
		-0.92752032438711229,
		-2.2108260167931792,
		-0.46849873111271961,
		2.6526037570578724,
		0.069000000000000006
	],
	"velocity" : 
	[
		0.38300000000000001,
		0.308,
		0.017999999999999999,
		0.0,
		0.34999999999999998,
		0.433,
		0.0
	]
}
