{
	"effort" : [ 0.0, 0.0, 0.0, 0.0, 0.0, 0.0, 0.19900000000000001 ],
	"position" : 
	[
		0.32389820258502589,
		1.5600974584797775,
		-0.85011497206118336,
		-2.2155733123586021,
		-0.58756509268374268,
		2.7771504524801562,
		0.074099999999999999
	],
	"velocity" : [ 0.223, 0.52000000000000002, 0.0, 0.0, 0.0, 0.019, 0.0 ]
}
