{
	"effort" : [ 0.0, 0.0, 0.0, 0.0, 0.0, 0.0, 0.108 ],
	"position" : 
	[
		0.28864255169474934,
		1.6948194234411857,
		-0.8635191007164964,
		-2.212815692140452,
		-0.58927551535069667,
		2.53617284265736,
		0.072400000000000006
	],
	"velocity" : [ 0.0, 0.0, 0.152, 0.0, 0.22600000000000001, -0.019, 0.0 ]
}
