{
	"effort" : [ 0.0, 0.0, 0.0, 0.0, 0.0, 0.0, -0.92800000000000005 ],
	"position" : 
	[
		0.61121430404825994,
		1.4450628074808602,
		-0.618317794103875,
		-1.2604244259124266,
		-0.41256092858631543,
		1.2035266922974259,
		0.046899999999999997
	],
	"velocity" : 
	[
		0.0,
		-0.21299999999999999,
		0.010999999999999999,
		-0.105,
		0.0,
		0.20300000000000001,
		0.0
	]
}
