{
	"effort" : [ 0.0, 0.0, 0.0, 0.0, 0.0, 0.0, -0.040000000000000001 ],
	"position" : 
	[
		0.60671135457811565,
		1.009882411788704,
		-0.5468465612347253,
		-1.2567766877757596,
		-0.22190116109850302,
		1.2571606602111982,
		0.043900000000000002
	],
	"velocity" : [ 0.0, -0.82699999999999996, 0.0, 0.0, 0.0, 0.0, 0.0 ]
}
