{
	"effort" : [ 0.0, 0.0, 0.0, 0.0, 0.0, 0.0, -1.036 ],
	"position" : 
	[
		0.24567254551065981,
		1.5081041000628794,
		-0.74625042827502708,
		-1.7329025077196922,
		-1.2652415346479298,
		1.2100542236998832,
		0.050500000000000003
	],
	"velocity" : 
	[
		-0.036999999999999998,
		0.0,
		0.23100000000000001,
		0.025999999999999999,
		0.0,
		-0.047,
		0.0
	]
}
