{
	"effort" : [ 0.0, 0.0, 0.0, 0.0, 0.0, 0.0, 0.106 ],
	"position" : 
	[
		0.28864255169474934,
		1.6948194234411857,
		-0.88240356322307034,
		-2.212815692140452,
		-0.60674626116315555,
		2.5385813970251112,
		0.070900000000000005
	],
	"velocity" : 
	[
		0.0,
		0.0,
		0.23999999999999999,
		-0.0089999999999999993,
		0.36199999999999999,
		0.0,
		0.0
	]
}
