{
	"effort" : [ 0.0, 0.0, 0.0, 0.0, 0.0, 0.0, -1.0409999999999999 ],
	"position" : 
	[
		0.42177626703684318,
		1.481993974453051,
		-0.63613760576673262,
		-1.4592523342995702,
		-0.80684825990425491,
		1.306937450478064,
		0.057099999999999998
	],
	"velocity" : 
	[
		0.17499999999999999,
		0.0,
		-0.010999999999999999,
		0.071999999999999995,
		0.42099999999999999,
		-0.115,
		0.0
	]
}
