{
	"effort" : [ 0.0, 0.0, 0.0, 0.0, 0.0, 0.0, -1.04 ],
	"position" : 
	[
		0.39261181523602529,
		1.5020652608509806,
		-0.68388981410128535,
		-1.6387070879895822,
		-0.8744623151264983,
		1.180139280320708,
		0.0482
	],
	"velocity" : [ 0.218, 0.0, 0.0, 0.22, 0.627, -0.32900000000000001, 0.0 ]
}
