{
	"effort" : [ 0.0, 0.0, 0.0, 0.0, 0.0, 0.0, -0.031 ],
	"position" : 
	[
		0.47958157186288081,
		0.015376350710066161,
		-5.2359877559816662e-05,
		-2.2165681500322387,
		0.2272244153170844,
		2.7949004509729338,
		0.0
	],
	"velocity" : [ 0.0, 0.0, 0.031, 0.0, -0.47099999999999997, 0.0, 0.0 ]
}
