{
	"effort" : [ 0.0, 0.0, 0.0, 0.0, 0.0, 0.0, 0.099000000000000005 ],
	"position" : 
	[
		0.24715607537485459,
		1.3476385286345614,
		-0.79016291225519331,
		-2.2145086615148859,
		-0.56236253828495086,
		2.812231570445233,
		0.047800000000000002
	],
	"velocity" : 
	[
		-0.42799999999999999,
		0.89700000000000002,
		-0.82899999999999996,
		0.0,
		-0.92600000000000005,
		-0.091999999999999998,
		0.0
	]
}
