{
	"effort" : [ 0.0, 0.0, 0.0, 0.0, 0.0, 0.0, -0.028000000000000001 ],
	"position" : 
	[
		0.47958157186288081,
		0.015376350710066161,
		0.0,
		-2.2165681500322387,
		0.14433872913989459,
		2.7949004509729338,
		0.0
	],
	"velocity" : [ 0.0, 0.0, -0.11600000000000001, 0.0, -0.27900000000000003, 0.0, 0.0 ]
}
