{
	"effort" : [ 0.0, 0.0, 0.0, 0.0, 0.0, 0.0, 0.11 ],
	"position" : 
	[
		0.029286624848457451,
		1.5108966268660695,
		-0.95270542549338411,
		-2.1463361009320048,
		-1.1038509387160549,
		2.4542121809837272,
		0.059900000000000002
	],
	"velocity" : 
	[
		0.0060000000000000001,
		0.0,
		0.0,
		0.72199999999999998,
		-0.16800000000000001,
		-0.69899999999999995,
		0.0
	]
}
