{
	"effort" : [ 0.0, 0.0, 0.0, 0.0, 0.0, 0.0, 0.055 ],
	"position" : 
	[
		0.41050144006896266,
		1.8342363240904576,
		-0.88690651269321463,
		-2.212815692140452,
		-0.42008329766240909,
		2.7147374784288547,
		0.090999999999999998
	],
	"velocity" : 
	[
		0.0,
		0.123,
		-0.095000000000000001,
		0.0,
		0.11600000000000001,
		0.024,
		0.0
	]
}
