{
	"effort" : [ 0.0, 0.0, 0.0, 0.0, 0.0, 0.0, 0.107 ],
	"position" : 
	[
		0.029286624848457451,
		1.5108966268660695,
		-0.95270542549338411,
		-2.1204354148324156,
		-1.1089123935468372,
		2.4300742774286515,
		0.059900000000000002
	],
	"velocity" : 
	[
		0.010999999999999999,
		0.0,
		0.0,
		0.79100000000000004,
		-0.16200000000000001,
		-0.78400000000000003,
		0.0
	]
}
