{
	"effort" : [ 0.0, 0.0, 0.0, 0.0, 0.0, 0.0, -0.070999999999999994 ],
	"position" : 
	[
		0.60671135457811565,
		0.72302009593098848,
		-0.45773004962791725,
		-1.3494885776416747,
		-0.16334536469410807,
		1.255520050714324,
		0.043900000000000002
	],
	"velocity" : 
	[
		0.0,
		-0.71999999999999997,
		0.47599999999999998,
		-0.017000000000000001,
		0.0,
		0.0,
		0.0
	]
}
