{
	"effort" : [ 0.0, 0.0, 0.0, 0.0, 0.0, 0.0, 0.064000000000000001 ],
	"position" : 
	[
		0.22940607688207673,
		1.5081041000628794,
		-0.78445568560117318,
		-1.8054907513101184,
		-1.2158836234015429,
		1.2793088884190007,
		0.060100000000000001
	],
	"velocity" : 
	[
		0.252,
		-0.0040000000000000001,
		0.045999999999999999,
		0.19900000000000001,
		-0.41199999999999998,
		-0.085999999999999993,
		0.0
	]
}
