{
	"effort" : [ 0.0, 0.0, 0.0, 0.0, 0.0, 0.0, 0.106 ],
	"position" : 
	[
		0.25082126680404176,
		1.5386822685578125,
		-0.95270542549338411,
		-2.2159747380865609,
		-0.99384283596288014,
		2.4905499360102397,
		0.059900000000000002
	],
	"velocity" : 
	[
		-1.1180000000000001,
		-0.17100000000000001,
		0.0,
		0.0,
		-1.3069999999999999,
		0.0,
		0.0
	]
}
