{
	"effort" : [ 0.0, 0.0, 0.0, 0.0, 0.0, 0.0, -0.105 ],
	"position" : 
	[
		0.34142130827504452,
		1.6531933207811316,
		-0.86800459689412068,
		-2.2000922418934166,
		-0.50909508951409743,
		2.4555386312152421,
		0.069000000000000006
	],
	"velocity" : 
	[
		0.0,
		0.0,
		0.014999999999999999,
		0.0050000000000000001,
		-0.0030000000000000001,
		-0.23499999999999999,
		0.0
	]
}
