{
	"effort" : [ 0.0, 0.0, 0.0, 0.0, 0.0, 0.0, -0.185 ],
	"position" : 
	[
		0.24495696051734231,
		1.5081041000628794,
		-0.78457785864881291,
		-1.7455561447966481,
		-1.2502666096658224,
		1.2469853906720738,
		0.059299999999999999
	],
	"velocity" : 
	[
		0.023,
		0.0,
		0.0,
		0.0030000000000000001,
		-0.021000000000000001,
		-0.021000000000000001,
		0.0
	]
}
