{
	"effort" : [ 0.0, 0.0, 0.0, 0.0, 0.0, 0.0, 0.089999999999999997 ],
	"position" : 
	[
		0.22347195742529755,
		1.5105301077231508,
		-0.8504465846190622,
		-2.2155733123586021,
		-0.60571651690447914,
		2.7333950481326692,
		0.070400000000000004
	],
	"velocity" : 
	[
		0.245,
		0.0,
		0.097000000000000003,
		0.0,
		0.052999999999999999,
		0.058999999999999997,
		0.0
	]
}
