{
	"effort" : [ 0.0, 0.0, 0.0, 0.0, 0.0, 0.0, -1.0429999999999999 ],
	"position" : 
	[
		0.29078930667470188,
		1.5020652608509806,
		-0.68409925361152457,
		-1.6801935643094768,
		-1.0742501546022385,
		1.2112235942987191,
		0.048599999999999997
	],
	"velocity" : [ 0.0, 0.0, 0.0, 0.126, 0.089999999999999997, -0.113, 0.0 ]
}
