{
	"effort" : [ 0.0, 0.0, 0.0, 0.0, 0.0, 0.0, -1.0429999999999999 ],
	"position" : 
	[
		0.56133279402627456,
		1.4717837983288866,
		-0.60154517999221369,
		-1.3782516037145343,
		-0.53524012170896595,
		1.232935490193523,
		0.055199999999999999
	],
	"velocity" : 
	[
		0.034000000000000002,
		0.012,
		0.0,
		0.0,
		0.182,
		-0.050999999999999997,
		0.0
	]
}
