{
	"effort" : [ 0.0, 0.0, 0.0, 0.0, 0.0, 0.0, -0.095000000000000001 ],
	"position" : 
	[
		0.52391293486352553,
		1.7664826425280549,
		-0.92893404108122735,
		-2.2108260167931792,
		-0.33780847672341718,
		2.7127478030815815,
		0.069000000000000006
	],
	"velocity" : 
	[
		-0.014999999999999999,
		0.0,
		0.010999999999999999,
		0.0,
		0.024,
		0.0,
		0.0
	]
}
