{
	"effort" : [ 0.0, 0.0, 0.0, 0.0, 0.0, 0.0, -0.027 ],
	"position" : 
	[
		0.47958157186288081,
		0.015376350710066161,
		-5.2359877559816662e-05,
		-2.2165681500322387,
		0.25476571091354799,
		2.7949004509729338,
		0.0
	],
	"velocity" : [ 0.0, 0.0, 0.002, 0.0, -0.52700000000000002, 0.0, 0.0 ]
}
