{
	"effort" : [ 0.0, 0.0, 0.0, 0.0, 0.0, 0.0, -0.097000000000000003 ],
	"position" : 
	[
		0.47235590875962613,
		1.7664826425280549,
		-0.9219352707807319,
		-2.2108260167931792,
		-0.5087460236636987,
		2.6888018857442253,
		0.069000000000000006
	],
	"velocity" : [ -0.20499999999999999, 0.0, 0.0, 0.0, 0.0, 0.0, 0.0 ]
}
