{
	"effort" : [ 0.0, 0.0, 0.0, 0.0, 0.0, 0.0, -0.036999999999999998 ],
	"position" : 
	[
		0.47958157186288081,
		0.015376350710066161,
		-5.2359877559816662e-05,
		-2.2165681500322387,
		0.21832323613191559,
		2.7949004509729338,
		0.0
	],
	"velocity" : [ 0.0, 0.0, 0.002, 0.0, -0.214, 0.0, 0.0 ]
}
