{
	"effort" : [ 0.0, 0.0, 0.0, 0.0, 0.0, 0.0, -0.089999999999999997 ],
	"position" : 
	[
		0.42943826245309641,
		1.7066702090622243,
		-0.92560046220991921,
		-2.2108260167931792,
		-0.45327946003533287,
		2.6638785840257526,
		0.069000000000000006
	],
	"velocity" : 
	[
		0.42699999999999999,
		0.33200000000000002,
		0.039,
		0.0,
		0.433,
		0.249,
		0.0
	]
}
