{
	"effort" : [ 0.0, 0.0, 0.0, 0.0, 0.0, 0.0, 0.056000000000000001 ],
	"position" : 
	[
		0.24087289006767662,
		1.5081041000628794,
		-0.78457785864881291,
		-1.7860128768578667,
		-1.2394106617184204,
		1.2776159190445664,
		0.060100000000000001
	],
	"velocity" : [ 0.128, 0.0, 0.0, 0.37, -0.26400000000000001, 0.0, 0.0 ]
}
