{
	"effort" : [ 0.0, 0.0, 0.0, 0.0, 0.0, 0.0, 0.064000000000000001 ],
	"position" : 
	[
		0.40596358401377852,
		1.8214256073808224,
		-0.88161816505967305,
		-2.212815692140452,
		-0.4493350159258267,
		2.6848574416347191,
		0.090999999999999998
	],
	"velocity" : 
	[
		0.11600000000000001,
		0.035000000000000003,
		-0.11,
		0.0,
		0.13600000000000001,
		0.16800000000000001,
		0.0
	]
}
