{
	"effort" : [ 0.0, 0.0, 0.0, 0.0, 0.0, 0.0, 0.115 ],
	"position" : 
	[
		0.28864255169474934,
		1.6948194234411857,
		-0.89565061224570397,
		-2.212815692140452,
		-0.62158155980510355,
		2.5385813970251112,
		0.069699999999999998
	],
	"velocity" : [ 0.0, 0.0, 0.28899999999999998, 0.0, 0.35799999999999998, -0.001, 0.0 ]
}
