{
	"effort" : [ 0.0, 0.0, 0.0, 0.0, 0.0, 0.0, 0.10000000000000001 ],
	"position" : 
	[
		0.24190263432635301,
		1.3605365118067962,
		-0.80122829971283438,
		-2.2145086615148859,
		-0.57648225193358149,
		2.8119174111798744,
		0.047800000000000002
	],
	"velocity" : 
	[
		-0.35999999999999999,
		0.92100000000000004,
		-0.79000000000000004,
		0.0,
		-1.008,
		-0.078,
		0.0
	]
}
