{
	"effort" : [ 0.0, 0.0, 0.0, 0.0, 0.0, 0.0, -1.038 ],
	"position" : 
	[
		0.28417450880964501,
		1.5020652608509806,
		-0.68622855529895721,
		-1.6886060513040877,
		-1.1747462129320467,
		1.2057781670324981,
		0.049799999999999997
	],
	"velocity" : 
	[
		0.001,
		0.02,
		0.025999999999999999,
		-0.021000000000000001,
		0.0050000000000000001,
		0.0070000000000000001,
		0.0
	]
}
