{
	"effort" : [ 0.0, 0.0, 0.0, 0.0, 0.0, 0.0, -0.106 ],
	"position" : 
	[
		0.34142130827504452,
		1.6531933207811316,
		-0.92734579146191309,
		-2.2071608253639918,
		-0.60027108963825815,
		2.5980796712255834,
		0.069000000000000006
	],
	"velocity" : 
	[
		0.0,
		0.0,
		-0.127,
		0.11799999999999999,
		-0.27000000000000002,
		0.050999999999999997,
		0.0
	]
}
