{
	"effort" : [ 0.0, 0.0, 0.0, 0.0, 0.0, 0.0, -1.0449999999999999 ],
	"position" : 
	[
		0.61685171753220014,
		1.460753317456285,
		-0.62491513867641191,
		-1.2268093845190244,
		-0.35049702038541275,
		1.1508526554722502,
		0.047100000000000003
	],
	"velocity" : [ 0.0, 0.0, 0.0, 0.0, -0.078, 0.14899999999999999, 0.0 ]
}
