{
	"effort" : [ 0.0, 0.0, 0.0, 0.0, 0.0, 0.0, -1.0409999999999999 ],
	"position" : 
	[
		0.45813147535587589,
		1.5762766606457606,
		-0.94813266285316011,
		-2.219657382808268,
		-0.55908131929120242,
		2.6318343389591448,
		0.056099999999999997
	],
	"velocity" : 
	[
		0.0,
		-0.0040000000000000001,
		0.0,
		0.0,
		-0.0050000000000000001,
		0.0,
		0.0
	]
}
