{
	"effort" : [ 0.0, 0.0, 0.0, 0.0, 0.0, 0.0, -0.10100000000000001 ],
	"position" : 
	[
		0.48637090265313704,
		1.7664826425280549,
		-0.9219352707807319,
		-2.2108260167931792,
		-0.49923397924033197,
		2.6765845809802684,
		0.069000000000000006
	],
	"velocity" : 
	[
		-0.074999999999999997,
		0.0,
		0.0,
		0.0,
		-0.10299999999999999,
		0.032000000000000001,
		0.0
	]
}
