{
	"effort" : [ 0.0, 0.0, 0.0, 0.0, 0.0, 0.0, 0.104 ],
	"position" : 
	[
		0.28190558078205297,
		1.5432724844905563,
		-0.95270542549338411,
		-2.2159747380865609,
		-0.95830793239228451,
		2.4905499360102397,
		0.059900000000000002
	],
	"velocity" : [ -1.069, -0.13800000000000001, 0.0, 0.0, -1.2609999999999999, 0.0, 0.0 ]
}
