{
	"effort" : [ 0.0, 0.0, 0.0, 0.0, 0.0, 0.0, -1.05 ],
	"position" : 
	[
		0.55951765160420086,
		1.4717837983288866,
		-0.60154517999221369,
		-1.3782516037145343,
		-0.53784066229443683,
		1.232045372275006,
		0.055199999999999999
	],
	"velocity" : 
	[
		0.023,
		0.016,
		0.0070000000000000001,
		0.0,
		0.043999999999999997,
		-0.0089999999999999993,
		0.0
	]
}
