{
	"effort" : [ 0.0, 0.0, 0.0, 0.0, 0.0, 0.0, -1.0309999999999999 ],
	"position" : 
	[
		0.29078930667470188,
		1.5020652608509806,
		-0.68593184932611828,
		-1.6579755229315949,
		-1.0512641683534791,
		1.211188687713679,
		0.048399999999999999
	],
	"velocity" : [ 0.0, 0.0, -0.02, 0.318, 0.0, 0.0, 0.0 ]
}
