{
	"effort" : [ 0.0, 0.0, 0.0, 0.0, 0.0, 0.0, 0.104 ],
	"position" : 
	[
		0.21249383643025596,
		1.5082786329880791,
		-0.86844092920711924,
		-2.2155733123586021,
		-0.67334802541924232,
		2.5819702822296797,
		0.047800000000000002
	],
	"velocity" : [ 0.0, 0.035999999999999997, 0.0, 0.0, 0.055, -0.79700000000000004, 0.0 ]
}
