{
	"effort" : [ 0.0, 0.0, 0.0, 0.0, 0.0, 0.0, 0.104 ],
	"position" : 
	[
		0.057822758118557534,
		1.5108966268660695,
		-0.94848172870355907,
		-1.8738902046957586,
		-1.396874266833309,
		1.6103454876446814,
		0.059900000000000002
	],
	"velocity" : 
	[
		0.0,
		0.0,
		0.070999999999999994,
		0.023,
		-0.54800000000000004,
		-0.48699999999999999,
		0.0
	]
}
