{
	"effort" : [ 0.0, 0.0, 0.0, 0.0, 0.0, 0.0, 0.106 ],
	"position" : 
	[
		0.029286624848457451,
		1.5108966268660695,
		-0.95270542549338411,
		-2.1785374256312919,
		-1.0999763077766287,
		2.4836035255873039,
		0.059900000000000002
	],
	"velocity" : 
	[
		-0.044999999999999998,
		0.0,
		0.0,
		0.128,
		0.0,
		-0.34699999999999998,
		0.0
	]
}
