{
	"effort" : [ 0.0, 0.0, 0.0, 0.0, 0.0, 0.0, -1.046 ],
	"position" : 
	[
		0.60667644799307574,
		1.4610674767216441,
		-0.65142669001419906,
		-1.2375431594187869,
		-0.28623399732699778,
		1.081563084168093,
		0.047100000000000003
	],
	"velocity" : 
	[
		0.039,
		0.028000000000000001,
		0.016,
		0.0,
		-0.115,
		0.057000000000000002,
		0.0
	]
}
