{
	"effort" : [ 0.0, 0.0, 0.0, 0.0, 0.0, 0.0, -0.048000000000000001 ],
	"position" : 
	[
		0.60671135457811565,
		1.2422555483991704,
		-0.5468465612347253,
		-1.2567766877757596,
		-0.26284658535027966,
		1.3192245684121009,
		0.043900000000000002
	],
	"velocity" : 
	[
		0.0,
		-0.097000000000000003,
		0.0,
		0.0,
		0.124,
		-0.26400000000000001,
		0.0
	]
}
