{
	"effort" : [ 0.0, 0.0, 0.0, 0.0, 0.0, 0.0, -1.0740000000000001 ],
	"position" : 
	[
		0.38065630985986715,
		1.5020652608509806,
		-0.68388981410128535,
		-1.6152673161353044,
		-0.85873689856603319,
		1.1888484732881572,
		0.048800000000000003
	],
	"velocity" : 
	[
		-0.311,
		0.0,
		0.0,
		0.089999999999999997,
		-0.47299999999999998,
		0.58999999999999997,
		0.0
	]
}
