{
	"effort" : [ 0.0, 0.0, 0.0, 0.0, 0.0, 0.0, -0.039 ],
	"position" : 
	[
		0.34142130827504452,
		1.6531933207811316,
		-0.85011497206118336,
		-2.2155733123586021,
		-0.53248250149081555,
		2.7829100390117363,
		0.070699999999999999
	],
	"velocity" : [ 0.0, 0.0, 0.0, 0.0, 0.22800000000000001, -0.191, 0.0 ]
}
