{
	"effort" : [ 0.0, 0.0, 0.0, 0.0, 0.0, 0.0, -0.023 ],
	"position" : 
	[
		0.47958157186288081,
		0.015376350710066161,
		0.00076794487087731103,
		-2.2165681500322387,
		0.15442673221641931,
		2.7949004509729338,
		0.0
	],
	"velocity" : [ 0.0, 0.0, 0.0, 0.0, -0.27200000000000002, 0.0, 0.0 ]
}
