{
	"effort" : [ 0.0, 0.0, 0.0, 0.0, 0.0, 0.0, -1.034 ],
	"position" : 
	[
		0.3638487891631661,
		1.4856940724672778,
		-0.63435736992969882,
		-1.4835996773648854,
		-0.90774574396202157,
		1.337131646537558,
		0.057099999999999998
	],
	"velocity" : 
	[
		0.20200000000000001,
		-0.10100000000000001,
		-0.012999999999999999,
		0.001,
		0.53300000000000003,
		0.0,
		0.0
	]
}
