{
	"effort" : [ 0.0, 0.0, 0.0, 0.0, 0.0, 0.0, 0.092999999999999999 ],
	"position" : 
	[
		0.22055725757446776,
		1.4313794261452282,
		-0.85166831509545793,
		-2.2145086615148859,
		-0.64659212798617594,
		2.8003633315316749,
		0.047800000000000002
	],
	"velocity" : 
	[
		-0.090999999999999998,
		0.71199999999999997,
		-0.41499999999999998,
		0.0050000000000000001,
		-0.19900000000000001,
		-0.25600000000000001,
		0.0
	]
}
