{
	"effort" : [ 0.0, 0.0, 0.0, 0.0, 0.0, 0.0, -0.41599999999999998 ],
	"position" : 
	[
		0.31773719032548747,
		1.4939320265366891,
		-0.65289276658587403,
		-1.4908777003456999,
		-0.97832685891265447,
		1.3524905439551043,
		0.058200000000000002
	],
	"velocity" : [ 0.188, 0.0, 0.18099999999999999, 0.0, 0.29499999999999998, 0.0, 0.0 ]
}
