{
	"effort" : [ 0.0, 0.0, 0.0, 0.0, 0.0, 0.0, -0.044999999999999998 ],
	"position" : 
	[
		0.60671135457811565,
		1.2300207903426932,
		-0.5468465612347253,
		-1.2567766877757596,
		-0.24991369559300497,
		1.2990660155515714,
		0.043900000000000002
	],
	"velocity" : 
	[
		0.0,
		-0.252,
		0.0,
		-0.065000000000000002,
		0.29099999999999998,
		-0.46000000000000002,
		0.0
	]
}
