{
	"effort" : [ 0.0, 0.0, 0.0, 0.0, 0.0, 0.0, 0.098000000000000004 ],
	"position" : 
	[
		0.21249383643025596,
		1.5105301077231508,
		-0.86844092920711924,
		-2.2155733123586021,
		-0.63400830407930009,
		2.5847628090328696,
		0.047800000000000002
	],
	"velocity" : [ 0.0, 0.0, 0.0, 0.0, 0.253, 0.72199999999999998, 0.0 ]
}
