{
	"effort" : [ 0.0, 0.0, 0.0, 0.0, 0.0, 0.0, -1.038 ],
	"position" : 
	[
		0.29078930667470188,
		1.5020652608509806,
		-0.68409925361152457,
		-1.6716589042672267,
		-1.0623470091036404,
		1.211188687713679,
		0.048599999999999997
	],
	"velocity" : 
	[
		0.0,
		0.0,
		-0.0060000000000000001,
		0.095000000000000001,
		0.0050000000000000001,
		0.0,
		0.0
	]
}
