{
	"effort" : [ 0.0, 0.0, 0.0, 0.0, 0.0, 0.0, 0.104 ],
	"position" : 
	[
		0.047891834674712315,
		1.5108966268660695,
		-0.95270542549338411,
		-1.9139629643215386,
		-1.1861257596550467,
		2.2546337810182258,
		0.059900000000000002
	],
	"velocity" : 
	[
		0.115,
		0.0,
		0.0,
		0.76600000000000001,
		-0.441,
		-0.48799999999999999,
		0.0
	]
}
