{
	"effort" : [ 0.0, 0.0, 0.0, 0.0, 0.0, 0.0, 0.059999999999999998 ],
	"position" : 
	[
		0.37781142317911709,
		1.8076724128751105,
		-0.85322165812973261,
		-2.212815692140452,
		-0.45753806341019793,
		2.6334924017485388,
		0.090999999999999998
	],
	"velocity" : 
	[
		0.217,
		0.17799999999999999,
		-0.17799999999999999,
		0.0,
		0.0030000000000000001,
		0.20300000000000001,
		0.0
	]
}
