{
	"effort" : [ 0.0, 0.0, 0.0, 0.0, 0.0, 0.0, -0.036999999999999998 ],
	"position" : 
	[
		0.61121430404825994,
		1.4158459958024825,
		-0.61276764708253451,
		-1.2632344060081369,
		-0.41495202966154709,
		1.2334765422616412,
		0.045100000000000001
	],
	"velocity" : 
	[
		-0.024,
		-0.46400000000000002,
		0.0,
		0.124,
		-0.001,
		0.48499999999999999,
		0.0
	]
}
