{
	"effort" : [ 0.0, 0.0, 0.0, 0.0, 0.0, 0.0, -0.058000000000000003 ],
	"position" : 
	[
		0.60671135457811565,
		0.43462189033151821,
		-0.066881016936405815,
		-1.3575869053709266,
		0.068259827045480989,
		1.3574647323232869,
		0.0114
	],
	"velocity" : 
	[
		0.0,
		-0.0060000000000000001,
		0.42899999999999999,
		0.0,
		0.65500000000000003,
		0.94699999999999995,
		0.0
	]
}
