{
	"effort" : [ 0.0, 0.0, 0.0, 0.0, 0.0, 0.0, -0.029000000000000001 ],
	"position" : 
	[
		0.47958157186288081,
		0.015376350710066161,
		-0.0013613568165552333,
		-2.2165681500322387,
		0.14154620233670437,
		2.7949004509729338,
		0.0
	],
	"velocity" : 
	[
		0.0,
		0.0,
		-0.099000000000000005,
		0.0,
		-0.057000000000000002,
		-0.11600000000000001,
		0.0
	]
}
