{
	"effort" : [ 0.0, 0.0, 0.0, 0.0, 0.0, 0.0, -1.0449999999999999 ],
	"position" : 
	[
		0.42599996382666844,
		1.6149880634549851,
		-0.94813266285316011,
		-2.219657382808268,
		-0.54356534224097675,
		2.6465474645534535,
		0.056099999999999997
	],
	"velocity" : 
	[
		0.128,
		-0.16600000000000001,
		0.0,
		0.0,
		-0.092999999999999999,
		0.0,
		0.0
	]
}
