{
	"effort" : [ 0.0, 0.0, 0.0, 0.0, 0.0, 0.0, -0.050999999999999997 ],
	"position" : 
	[
		0.34142130827504452,
		1.6531933207811316,
		-0.85011497206118336,
		-2.2155733123586021,
		-0.52227232536665136,
		2.7649506010087186,
		0.069000000000000006
	],
	"velocity" : 
	[
		0.0,
		0.0,
		0.0,
		0.0,
		0.0030000000000000001,
		-0.0050000000000000001,
		0.0
	]
}
