{
	"effort" : [ 0.0, 0.0, 0.0, 0.0, 0.0, 0.0, -1.0449999999999999 ],
	"position" : 
	[
		0.43851397456346464,
		1.6068722824332136,
		-0.94813266285316011,
		-2.219657382808268,
		-0.5459738966087283,
		2.6465474645534535,
		0.056099999999999997
	],
	"velocity" : [ 0.16, -0.22700000000000001, 0.0, 0.0, 0.0, 0.0, 0.0 ]
}
