{
	"effort" : [ 0.0, 0.0, 0.0, 0.0, 0.0, 0.0, -1.0449999999999999 ],
	"position" : 
	[
		0.24567254551065981,
		1.5081041000628794,
		-0.77204639461949665,
		-1.7455561447966481,
		-1.2652415346479298,
		1.2190077627626117,
		0.050500000000000003
	],
	"velocity" : [ 0.0, 0.0, 0.114, 0.082000000000000003, 0.0, -0.13, 0.0 ]
}
