{
	"effort" : [ 0.0, 0.0, 0.0, 0.0, 0.0, 0.0, 0.040000000000000001 ],
	"position" : 
	[
		0.26396359607155578,
		1.5105301077231508,
		-0.85011497206118336,
		-2.2155733123586021,
		-0.59370865165076125,
		2.7542517326939961,
		0.073999999999999996
	],
	"velocity" : 
	[
		0.40100000000000002,
		0.087999999999999995,
		0.0,
		0.0,
		0.13800000000000001,
		0.29499999999999998,
		0.0
	]
}
