{
	"effort" : [ 0.0, 0.0, 0.0, 0.0, 0.0, 0.0, -1.0349999999999999 ],
	"position" : 
	[
		0.41496948295406705,
		1.8165037788901999,
		-0.94813266285316011,
		-2.2173535481956361,
		-0.36351717660528715,
		2.6649955947470287,
		0.056099999999999997
	],
	"velocity" : 
	[
		0.0,
		-0.036999999999999998,
		0.0,
		0.0,
		-0.128,
		-0.014999999999999999,
		0.0
	]
}
