{
	"effort" : [ 0.0, 0.0, 0.0, 0.0, 0.0, 0.0, 0.151 ],
	"position" : 
	[
		0.45046947993962272,
		1.5739728260331289,
		-0.9488307945539578,
		-2.2200762618287464,
		-0.60569906361195913,
		2.5010219115222032,
		0.058400000000000001
	],
	"velocity" : 
	[
		-0.01,
		-0.085000000000000006,
		0.0,
		0.0,
		-0.371,
		-0.17399999999999999,
		0.0
	]
}
