{
	"effort" : [ 0.0, 0.0, 0.0, 0.0, 0.0, 0.0, -1.0489999999999999 ],
	"position" : 
	[
		0.373273567123933,
		1.5020652608509806,
		-0.68388981410128535,
		-1.6623039394765395,
		-0.91413364902431926,
		1.2060923262978571,
		0.047800000000000002
	],
	"velocity" : 
	[
		0.23300000000000001,
		0.0,
		0.0,
		0.29499999999999998,
		0.38500000000000001,
		-0.24099999999999999,
		0.0
	]
}
