{
	"effort" : [ 0.0, 0.0, 0.0, 0.0, 0.0, 0.0, 0.0 ],
	"position" : 
	[
		0.30393163594221584,
		1.4960962348091615,
		-0.68992865331318431,
		-1.4925357631350942,
		-0.98342322032847662,
		1.3524905439551043,
		0.062899999999999998
	],
	"velocity" : 
	[
		-0.0050000000000000001,
		-0.13900000000000001,
		0.0,
		0.0,
		-0.092999999999999999,
		0.0,
		0.0
	]
}
