{
	"effort" : [ 0.0, 0.0, 0.0, 0.0, 0.0, 0.0, 0.058000000000000003 ],
	"position" : 
	[
		0.47958157186288081,
		0.63144267007886912,
		-0.35301029450828397,
		-2.2127109723853322,
		-0.13898056833627337,
		2.7585452426539012,
		0.016500000000000001
	],
	"velocity" : [ 0.0, 0.311, -0.309, 0.0, -0.0030000000000000001, 0.0, 0.0 ]
}
