{
	"effort" : [ 0.0, 0.0, 0.0, 0.0, 0.0, 0.0, -0.047 ],
	"position" : 
	[
		0.60671135457811565,
		0.89071133046256123,
		-0.5432162763905779,
		-1.2803037260926371,
		-0.18823375982754093,
		1.255520050714324,
		0.043900000000000002
	],
	"velocity" : 
	[
		-0.0030000000000000001,
		-0.65000000000000002,
		0.11700000000000001,
		-0.56699999999999995,
		0.20499999999999999,
		0.024,
		0.0
	]
}
