{
	"effort" : [ 0.0, 0.0, 0.0, 0.0, 0.0, 0.0, -1.0409999999999999 ],
	"position" : 
	[
		0.59726912332482862,
		1.4610674767216441,
		-0.662003385281282,
		-1.2308585483836501,
		-0.31248374927698586,
		1.0590308835248519,
		0.047100000000000003
	],
	"velocity" : 
	[
		0.0,
		0.0,
		0.029000000000000001,
		-0.028000000000000001,
		0.0,
		0.040000000000000001,
		0.0
	]
}
