{
	"effort" : [ 0.0, 0.0, 0.0, 0.0, 0.0, 0.0, -1.0409999999999999 ],
	"position" : 
	[
		0.60704296713599448,
		1.4614165425720431,
		-0.63283893348046416,
		-1.2397946341538588,
		-0.28799677987151162,
		1.112734664608704,
		0.047100000000000003
	],
	"velocity" : 
	[
		0.0,
		-0.042999999999999997,
		0.079000000000000001,
		0.0,
		0.0,
		-0.012999999999999999,
		0.0
	]
}
