{
	"effort" : [ 0.0, 0.0, 0.0, 0.0, 0.0, 0.0, -1.0429999999999999 ],
	"position" : 
	[
		0.24390976296614594,
		1.5081041000628794,
		-0.7204370086380375,
		-1.7161124403155108,
		-1.2652415346479298,
		1.1949920322551759,
		0.050500000000000003
	],
	"velocity" : 
	[
		-0.024,
		0.0,
		0.11700000000000001,
		0.012999999999999999,
		0.0,
		-0.0070000000000000001,
		0.0
	]
}
