{
	"effort" : [ 0.0, 0.0, 0.0, 0.0, 0.0, 0.0, 0.115 ],
	"position" : 
	[
		0.32602750427245841,
		1.726148083514476,
		-0.84337800114848704,
		-2.212815692140452,
		-0.487505366666933,
		2.5673269698054511,
		0.090700000000000003
	],
	"velocity" : 
	[
		0.0,
		0.070999999999999994,
		0.0,
		0.0,
		0.17000000000000001,
		0.17199999999999999,
		0.0
	]
}
