{
	"effort" : [ 0.0, 0.0, 0.0, 0.0, 0.0, 0.0, -0.10199999999999999 ],
	"position" : 
	[
		0.61121430404825994,
		1.4249566144978907,
		-0.6126629273274149,
		-1.2632344060081369,
		-0.41495202966154709,
		1.2240343110083542,
		0.0458
	],
	"velocity" : 
	[
		0.0,
		-0.42499999999999999,
		0.088999999999999996,
		0.0,
		-0.089999999999999997,
		0.32200000000000001,
		0.0
	]
}
