{
	"effort" : [ 0.0, 0.0, 0.0, 0.0, 0.0, 0.0, -1.04 ],
	"position" : 
	[
		0.57754690277729781,
		1.477438665105347,
		-0.60154517999221369,
		-1.3291031319783864,
		-0.47921505271996206,
		1.1926532910575041,
		0.054399999999999997
	],
	"velocity" : 
	[
		0.0030000000000000001,
		0.044999999999999998,
		0.037999999999999999,
		0.46500000000000002,
		0.0,
		-0.41799999999999998,
		0.0
	]
}
