{
	"effort" : [ 0.0, 0.0, 0.0, 0.0, 0.0, 0.0, -0.048000000000000001 ],
	"position" : 
	[
		0.60671135457811565,
		1.2349600721258358,
		-0.58370791503683617,
		-1.2567766877757596,
		-0.30965631588875575,
		1.3213713233920534,
		0.043900000000000002
	],
	"velocity" : [ 0.0, 0.11, 0.19, 0.0, 0.0, 0.0, 0.0 ]
}
