{
	"effort" : [ 0.0, 0.0, 0.0, 0.0, 0.0, 0.0, 0.099000000000000005 ],
	"position" : 
	[
		0.051871185369258381,
		1.5108966268660695,
		-0.95270542549338411,
		-1.8761242261383109,
		-1.2177860322862162,
		2.2203206079240259,
		0.059900000000000002
	],
	"velocity" : 
	[
		0.048000000000000001,
		0.0,
		0.0,
		0.33300000000000002,
		-0.27600000000000002,
		-0.52300000000000002,
		0.0
	]
}
