{
	"effort" : [ 0.0, 0.0, 0.0, 0.0, 0.0, 0.0, -1.044 ],
	"position" : 
	[
		0.45813147535587589,
		1.5787026683060323,
		-0.94813266285316011,
		-2.219657382808268,
		-0.55159385680014861,
		2.6360405824564501,
		0.056099999999999997
	],
	"velocity" : [ 0.01, 0.0, -0.001, 0.0, 0.0, -0.0089999999999999993, 0.0 ]
}
