{
	"effort" : [ 0.0, 0.0, 0.0, 0.0, 0.0, 0.0, -1.042 ],
	"position" : 
	[
		0.29078930667470188,
		1.5020652608509806,
		-0.68388981410128535,
		-1.6718508904849463,
		-1.0669895849139439,
		1.2130910965983523,
		0.047300000000000002
	],
	"velocity" : [ 0.0, 0.0, 0.032000000000000001, 0.0, -0.14699999999999999, 0.0, 0.0 ]
}
