{
	"effort" : [ 0.0, 0.0, 0.0, 0.0, 0.0, 0.0, 0.056000000000000001 ],
	"position" : 
	[
		0.41207223639575719,
		1.8670485140279427,
		-0.89552843919806435,
		-2.210791110208139,
		-0.4103792670213231,
		2.6926416100986117,
		0.090999999999999998
	],
	"velocity" : [ 0.0, 0.0060000000000000001, -0.044999999999999998, 0.0, 0.0, 0.0, 0.0 ]
}
