{
	"effort" : [ 0.0, 0.0, 0.0, 0.0, 0.0, 0.0, -0.045999999999999999 ],
	"position" : 
	[
		0.60671135457811565,
		1.2422555483991704,
		-0.5468465612347253,
		-1.2567766877757596,
		-0.29466393761412824,
		1.3213713233920534,
		0.043900000000000002
	],
	"velocity" : [ 0.0, 0.0, 0.0, 0.0, 0.16600000000000001, 0.0, 0.0 ]
}
