{
	"effort" : [ 0.0, 0.0, 0.0, 0.0, 0.0, 0.0, 0.10299999999999999 ],
	"position" : 
	[
		0.074752451862898264,
		1.5085578856683977,
		-0.91666437643971033,
		-1.8738902046957586,
		-1.4371564659693279,
		1.5437437233885947,
		0.059900000000000002
	],
	"velocity" : 
	[
		0.255,
		-0.0070000000000000001,
		0.34699999999999998,
		0.0,
		-0.069000000000000006,
		-0.50600000000000001,
		0.0
	]
}
