{
	"effort" : [ 0.0, 0.0, 0.0, 0.0, 0.0, 0.0, -0.058000000000000003 ],
	"position" : 
	[
		0.60671135457811565,
		0.43212606950116694,
		-0.0058992128717393439,
		-1.3575869053709266,
		0.12774064795343273,
		1.4490770647604463,
		0.0114
	],
	"velocity" : [ 0.0, 0.0, 0.20000000000000001, 0.0, 0.13900000000000001, 0.122, 0.0 ]
}
