{
	"effort" : [ 0.0, 0.0, 0.0, 0.0, 0.0, 0.0, -1.046 ],
	"position" : 
	[
		0.59726912332482862,
		1.4610674767216441,
		-0.662003385281282,
		-1.2308585483836501,
		-0.31248374927698586,
		1.0592403230350911,
		0.047100000000000003
	],
	"velocity" : 
	[
		0.0,
		0.0,
		0.023,
		-0.0089999999999999993,
		0.0,
		0.040000000000000001,
		0.0
	]
}
