{
	"effort" : [ 0.0, 0.0, 0.0, 0.0, 0.0, 0.0, -0.99099999999999999 ],
	"position" : 
	[
		0.58454567307779315,
		1.477438665105347,
		-0.60590850312219846,
		-1.2008214319568355,
		-0.4711865381607902,
		1.102733927994779,
		0.053800000000000001
	],
	"velocity" : 
	[
		0.025000000000000001,
		0.0,
		-0.13200000000000001,
		0.20999999999999999,
		0.14499999999999999,
		0.0,
		0.0
	]
}
