{
	"effort" : [ 0.0, 0.0, 0.0, 0.0, 0.0, 0.0, -1.0469999999999999 ],
	"position" : 
	[
		0.41893138035609312,
		1.6346579241249566,
		-0.94813266285316011,
		-2.219657382808268,
		-0.48727847386417383,
		2.6465474645534535,
		0.056099999999999997
	],
	"velocity" : [ 0.0, -0.080000000000000002, 0.0, 0.0, -0.38500000000000001, 0.0, 0.0 ]
}
