{
	"effort" : [ 0.0, 0.0, 0.0, 0.0, 0.0, 0.0, 0.10100000000000001 ],
	"position" : 
	[
		0.051993358416897957,
		1.5108966268660695,
		-0.95270542549338411,
		-1.8914482169708173,
		-1.2008912451269151,
		2.2400777350565968,
		0.059900000000000002
	],
	"velocity" : 
	[
		0.0080000000000000002,
		0.0,
		0.0,
		0.67600000000000005,
		-0.41599999999999998,
		-0.31,
		0.0
	]
}
