{
	"effort" : [ 0.0, 0.0, 0.0, 0.0, 0.0, 0.0, -1.0489999999999999 ],
	"position" : 
	[
		0.61507148169516634,
		1.460753317456285,
		-0.62219242504330152,
		-1.2373162666160278,
		-0.38695694845956508,
		1.1722852986867354,
		0.047100000000000003
	],
	"velocity" : [ -0.039, 0.0, 0.0, -0.047, -0.216, -0.0030000000000000001, 0.0 ]
}
