{
	"effort" : [ 0.0, 0.0, 0.0, 0.0, 0.0, 0.0, -1.044 ],
	"position" : 
	[
		0.43935173260442162,
		1.481993974453051,
		-0.63613760576673262,
		-1.4408914705685949,
		-0.7706675845104215,
		1.3001655729803274,
		0.057200000000000001
	],
	"velocity" : 
	[
		0.129,
		0.0,
		-0.014999999999999999,
		0.019,
		0.17000000000000001,
		0.0,
		0.0
	]
}
