{
	"effort" : [ 0.0, 0.0, 0.0, 0.0, 0.0, 0.0, -0.047 ],
	"position" : 
	[
		0.60671135457811565,
		0.87660907010645051,
		-0.54134877409094451,
		-1.2886289466246479,
		-0.18353882413967734,
		1.255520050714324,
		0.043900000000000002
	],
	"velocity" : 
	[
		0.0,
		-0.67700000000000005,
		0.191,
		-0.19700000000000001,
		0.39600000000000002,
		0.0,
		0.0
	]
}
