{
	"effort" : [ 0.0, 0.0, 0.0, 0.0, 0.0, 0.0, 0.099000000000000005 ],
	"position" : 
	[
		0.31209977684154722,
		1.2267570246414645,
		-0.66673322755418551,
		-2.2127109723853322,
		-0.43247513535156568,
		2.8221450405965589,
		0.047800000000000002
	],
	"velocity" : 
	[
		-0.57799999999999996,
		1.008,
		-0.96099999999999997,
		0.0,
		-1.0680000000000001,
		0.0,
		0.0
	]
}
