{
	"effort" : [ 0.0, 0.0, 0.0, 0.0, 0.0, 0.0, 0.112 ],
	"position" : 
	[
		0.47958157186288081,
		0.80410809297862451,
		-0.39051742013363266,
		-2.2127109723853322,
		-0.15643386085621225,
		2.8174151983236548,
		0.047600000000000003
	],
	"velocity" : 
	[
		0.0,
		0.63300000000000001,
		-0.081000000000000003,
		0.0,
		-0.13800000000000001,
		0.0,
		0.0
	]
}
