{
	"effort" : [ 0.0, 0.0, 0.0, 0.0, 0.0, 0.0, -1.0469999999999999 ],
	"position" : 
	[
		0.29078930667470188,
		1.5020652608509806,
		-0.6861238355438376,
		-1.6640143621434933,
		-1.060671493021726,
		1.2130910965983523,
		0.047699999999999999
	],
	"velocity" : 
	[
		0.0,
		0.0,
		0.023,
		-0.30599999999999999,
		-0.029999999999999999,
		0.0,
		0.0
	]
}
