{
	"effort" : [ 0.0, 0.0, 0.0, 0.0, 0.0, 0.0, -1.0429999999999999 ],
	"position" : 
	[
		0.45992916448542964,
		1.481993974453051,
		-0.6312506838611498,
		-1.419738080034429,
		-0.7037691142814958,
		1.3001655729803274,
		0.057000000000000002
	],
	"velocity" : 
	[
		0.219,
		-0.034000000000000002,
		0.063,
		0.222,
		0.27600000000000002,
		0.0,
		0.0
	]
}
