{
	"effort" : [ 0.0, 0.0, 0.0, 0.0, 0.0, 0.0, -1.0429999999999999 ],
	"position" : 
	[
		0.59901445257682262,
		1.4610674767216441,
		-0.65547585387882479,
		-1.2375431594187869,
		-0.29216811678377697,
		1.0686476477033382,
		0.047100000000000003
	],
	"velocity" : 
	[
		0.033000000000000002,
		0.0,
		0.0060000000000000001,
		0.0,
		0.017000000000000001,
		0.0,
		0.0
	]
}
