{
	"effort" : [ 0.0, 0.0, 0.0, 0.0, 0.0, 0.0, 0.14199999999999999 ],
	"position" : 
	[
		0.47958157186288081,
		0.64318873594478787,
		-0.3648610801293225,
		-2.2127109723853322,
		-0.13898056833627337,
		2.7585452426539012,
		0.022700000000000001
	],
	"velocity" : 
	[
		0.0,
		0.36799999999999999,
		-0.28299999999999997,
		0.0,
		-0.042000000000000003,
		0.0,
		0.0
	]
}
