{
	"effort" : [ 0.0, 0.0, 0.0, 0.0, 0.0, 0.0, -0.105 ],
	"position" : 
	[
		0.34142130827504452,
		1.6531933207811316,
		-0.86800459689412068,
		-2.2065325068332737,
		-0.5116083636369686,
		2.5170440340555067,
		0.069000000000000006
	],
	"velocity" : 
	[
		0.0,
		0.0,
		-0.024,
		0.28100000000000003,
		0.001,
		-0.83899999999999997,
		0.0
	]
}
