{
	"effort" : [ 0.0, 0.0, 0.0, 0.0, 0.0, 0.0, 0.20000000000000001 ],
	"position" : 
	[
		0.32883748436816862,
		1.571407192032698,
		-0.85011497206118336,
		-2.2155733123586021,
		-0.58756509268374268,
		2.7795939134329473,
		0.074099999999999999
	],
	"velocity" : 
	[
		0.191,
		0.54900000000000004,
		0.0,
		-0.0030000000000000001,
		0.099000000000000005,
		0.055,
		0.0
	]
}
