{
	"effort" : [ 0.0, 0.0, 0.0, 0.0, 0.0, 0.0, 0.040000000000000001 ],
	"position" : 
	[
		0.47958157186288081,
		0.50385910175811577,
		-0.24462534795946347,
		-2.2127109723853322,
		-0.038205257326146227,
		2.7585452426539012,
		0.0
	],
	"velocity" : 
	[
		0.0,
		0.66500000000000004,
		-0.42799999999999999,
		0.0,
		-0.45600000000000002,
		0.0,
		0.0
	]
}
