{
	"effort" : [ 0.0, 0.0, 0.0, 0.0, 0.0, 0.0, -0.10000000000000001 ],
	"position" : 
	[
		0.49232247540243612,
		1.7664826425280549,
		-0.9219352707807319,
		-2.2108260167931792,
		-0.38498472640481202,
		2.6805639316748144,
		0.069000000000000006
	],
	"velocity" : 
	[
		-0.047,
		0.0,
		0.0,
		0.0,
		-0.13200000000000001,
		-0.021000000000000001,
		0.0
	]
}
