{
	"effort" : [ 0.0, 0.0, 0.0, 0.0, 0.0, 0.0, 0.10299999999999999 ],
	"position" : 
	[
		0.059009582009913381,
		1.5123976100227843,
		-0.95270542549338411,
		-2.2159747380865609,
		-1.0975852067013969,
		2.4905499360102397,
		0.059900000000000002
	],
	"velocity" : 
	[
		-0.54100000000000004,
		-0.044999999999999998,
		0.0,
		0.189,
		-0.035999999999999997,
		0.0,
		0.0
	]
}
