{
	"effort" : [ 0.0, 0.0, 0.0, 0.0, 0.0, 0.0, -1.042 ],
	"position" : 
	[
		0.28417450880964501,
		1.5020652608509806,
		-0.68622855529895721,
		-1.6886584111816474,
		-1.1685153875024283,
		1.2088324932234873,
		0.049599999999999998
	],
	"velocity" : [ 0.0, 0.0, 0.0, 0.0, 0.11600000000000001, 0.017000000000000001, 0.0 ]
}
