{
	"effort" : [ 0.0, 0.0, 0.0, 0.0, 0.0, 0.0, -1.0409999999999999 ],
	"position" : 
	[
		0.57754690277729781,
		1.4756758825608329,
		-0.60154517999221369,
		-1.3469927568113238,
		-0.47921505271996206,
		1.2075060429919722,
		0.054399999999999997
	],
	"velocity" : 
	[
		0.0,
		0.098000000000000004,
		0.0,
		0.065000000000000002,
		0.0,
		-0.32400000000000001,
		0.0
	]
}
