{
	"effort" : [ 0.0, 0.0, 0.0, 0.0, 0.0, 0.0, -1.042 ],
	"position" : 
	[
		0.45626397305624244,
		1.5762766606457606,
		-0.94813266285316011,
		-2.219657382808268,
		-0.58868210340501881,
		2.5418451627263399,
		0.0562
	],
	"velocity" : [ 0.0, -0.023, 0.0, 0.0, 0.0, -0.012999999999999999, 0.0 ]
}
