{
	"effort" : [ 0.0, 0.0, 0.0, 0.0, 0.0, 0.0, -1.0409999999999999 ],
	"position" : 
	[
		0.60945152150374604,
		1.4610674767216441,
		-0.65142669001419906,
		-1.2375431594187869,
		-0.29035297436170332,
		1.0837098391480455,
		0.047100000000000003
	],
	"velocity" : 
	[
		0.043999999999999997,
		0.0030000000000000001,
		0.0030000000000000001,
		0.0,
		-0.042000000000000003,
		0.001,
		0.0
	]
}
