{
	"effort" : [ 0.0, 0.0, 0.0, 0.0, 0.0, 0.0, -0.050999999999999997 ],
	"position" : 
	[
		0.60671135457811565,
		1.212619857700314,
		-0.61276764708253451,
		-1.2567766877757596,
		-0.26443483496959413,
		1.3080719144918598,
		0.043900000000000002
	],
	"velocity" : 
	[
		0.0,
		-0.012999999999999999,
		0.0,
		0.0,
		-0.043999999999999997,
		0.184,
		0.0
	]
}
