{
	"effort" : [ 0.0, 0.0, 0.0, 0.0, 0.0, 0.0, -0.049000000000000002 ],
	"position" : 
	[
		0.60671135457811565,
		1.2250989618520705,
		-0.61276764708253451,
		-1.2567766877757596,
		-0.27879889471350383,
		1.2544553998706076,
		0.043900000000000002
	],
	"velocity" : 
	[
		-0.029999999999999999,
		-0.20899999999999999,
		0.0,
		0.0,
		0.439,
		0.0,
		0.0
	]
}
