{
	"effort" : [ 0.0, 0.0, 0.0, 0.0, 0.0, 0.0, -1.036 ],
	"position" : 
	[
		0.40818015216381082,
		1.5020652608509806,
		-0.68388981410128535,
		-1.6256345718921479,
		-0.84587382197883842,
		1.1691786126181862,
		0.048300000000000003
	],
	"velocity" : 
	[
		0.14000000000000001,
		0.0,
		0.0,
		0.075999999999999998,
		0.41799999999999998,
		-0.099000000000000005,
		0.0
	]
}
