{
	"effort" : [ 0.0, 0.0, 0.0, 0.0, 0.0, 0.0, -1.042 ],
	"position" : 
	[
		0.29078930667470188,
		1.5020652608509806,
		-0.68409925361152457,
		-1.6645728675041318,
		-1.0533585634558718,
		1.211188687713679,
		0.048599999999999997
	],
	"velocity" : 
	[
		0.0,
		0.0,
		-0.039,
		0.0070000000000000001,
		0.0089999999999999993,
		0.0,
		0.0
	]
}
