{
	"effort" : [ 0.0, 0.0, 0.0, 0.0, 0.0, 0.0, -0.95699999999999996 ],
	"position" : 
	[
		0.59407517079367989,
		1.4615387156196824,
		-0.63290874665054386,
		-1.2111188745435992,
		-0.33979815207069025,
		1.0648079233489516,
		0.046600000000000003
	],
	"velocity" : 
	[
		0.02,
		0.0,
		-0.217,
		-0.057000000000000002,
		0.067000000000000004,
		-0.218,
		0.0
	]
}
