{
	"effort" : [ 0.0, 0.0, 0.0, 0.0, 0.0, 0.0, -0.95999999999999996 ],
	"position" : 
	[
		0.59407517079367989,
		1.4615387156196824,
		-0.63310073286826329,
		-1.2122707918499154,
		-0.3356617217434647,
		1.0615441576477231,
		0.046600000000000003
	],
	"velocity" : 
	[
		0.028000000000000001,
		0.0,
		-0.16200000000000001,
		-0.19500000000000001,
		0.14299999999999999,
		-0.17999999999999999,
		0.0
	]
}
