{
	"effort" : [ 0.0, 0.0, 0.0, 0.0, 0.0, 0.0, -0.98599999999999999 ],
	"position" : 
	[
		0.61121430404825994,
		1.4500195425565228,
		-0.6200456700633491,
		-1.2580333248371951,
		-0.41256092858631543,
		1.1967722680922095,
		0.047
	],
	"velocity" : [ 0.0, -0.121, 0.039, -0.17599999999999999, 0.0, 0.184, 0.0 ]
}
