{
	"effort" : [ 0.0, 0.0, 0.0, 0.0, 0.0, 0.0, -0.097000000000000003 ],
	"position" : 
	[
		0.30166270791462374,
		1.7039474954291136,
		-0.91952671641298045,
		-2.212815692140452,
		-0.6628585966147591,
		2.5494373449725134,
		0.069000000000000006
	],
	"velocity" : 
	[
		-0.23200000000000001,
		-0.20499999999999999,
		0.0,
		0.0,
		-0.191,
		-0.012999999999999999,
		0.0
	]
}
