{
	"effort" : [ 0.0, 0.0, 0.0, 0.0, 0.0, 0.0, -0.086999999999999994 ],
	"position" : 
	[
		0.34142130827504452,
		1.6531933207811316,
		-0.87861619874624364,
		-2.2043682985608015,
		-0.53091170516402109,
		2.4903928563775599,
		0.069000000000000006
	],
	"velocity" : 
	[
		0.0,
		0.0,
		-0.073999999999999996,
		0.0,
		-0.17799999999999999,
		0.312,
		0.0
	]
}
