{
	"effort" : [ 0.0, 0.0, 0.0, 0.0, 0.0, 0.0, -1.0469999999999999 ],
	"position" : 
	[
		0.57524306816466586,
		1.4736687539210402,
		-0.60154517999221369,
		-1.3761746619046615,
		-0.48645816911573675,
		1.2311552543564892,
		0.0545
	],
	"velocity" : 
	[
		0.017999999999999999,
		0.0,
		-0.0030000000000000001,
		0.0,
		0.189,
		0.0,
		0.0
	]
}
