{
	"effort" : [ 0.0, 0.0, 0.0, 0.0, 0.0, 0.0, -1.0409999999999999 ],
	"position" : 
	[
		0.60704296713599448,
		1.460753317456285,
		-0.63097143118083077,
		-1.2397946341538588,
		-0.29403561908341047,
		1.112734664608704,
		0.047100000000000003
	],
	"velocity" : [ 0.002, 0.0, 0.031, 0.0, -0.25800000000000001, 0.001, 0.0 ]
}
