{
	"effort" : [ 0.0, 0.0, 0.0, 0.0, 0.0, 0.0, -1.046 ],
	"position" : 
	[
		0.57754690277729781,
		1.4736687539210402,
		-0.60154517999221369,
		-1.3718811519447565,
		-0.4809254753869161,
		1.2311552543564892,
		0.054399999999999997
	],
	"velocity" : [ 0.0, 0.0, 0.0, 0.089999999999999997, 0.0, 0.0, 0.0 ]
}
