{
	"effort" : [ 0.0, 0.0, 0.0, 0.0, 0.0, 0.0, -1.04 ],
	"position" : 
	[
		0.24869196511660924,
		1.5063936773959257,
		-0.69832368701527492,
		-1.6723046760904645,
		-1.2589234427557119,
		1.1828096340762584,
		0.050599999999999999
	],
	"velocity" : 
	[
		0.13800000000000001,
		-0.002,
		0.0,
		0.040000000000000001,
		0.082000000000000003,
		-0.001,
		0.0
	]
}
