{
	"effort" : [ 0.0, 0.0, 0.0, 0.0, 0.0, 0.0, -0.035999999999999997 ],
	"position" : 
	[
		0.47958157186288081,
		0.015376350710066161,
		-0.018814649336494123,
		-2.2165681500322387,
		0.13411109972321042,
		2.7601858521507756,
		0.0
	],
	"velocity" : 
	[
		0.0,
		0.0030000000000000001,
		-0.216,
		0.0,
		-0.050999999999999997,
		-0.26400000000000001,
		0.0
	]
}
