{
	"effort" : [ 0.0, 0.0, 0.0, 0.0, 0.0, 0.0, -0.96699999999999997 ],
	"position" : 
	[
		0.58454567307779315,
		1.477438665105347,
		-0.61391956438885031,
		-1.1891800858460364,
		-0.438688507488664,
		1.1008489724026254,
		0.049599999999999998
	],
	"velocity" : [ 0.0, 0.0, 0.010999999999999999, -0.023, 0.27200000000000002, 0.0, 0.0 ]
}
