{
	"effort" : [ 0.0, 0.0, 0.0, 0.0, 0.0, 0.0, -1.0369999999999999 ],
	"position" : 
	[
		0.27427849195083964,
		1.4984349760068334,
		-0.69458868241600791,
		-1.6720428767026656,
		-1.2051847550868202,
		1.1869460644034839,
		0.050799999999999998
	],
	"velocity" : [ 0.014, 0.0, 0.0, 0.0, 0.089999999999999997, 0.0, 0.0 ]
}
