{
	"effort" : [ 0.0, 0.0, 0.0, 0.0, 0.0, 0.0, -0.042999999999999997 ],
	"position" : 
	[
		0.60671135457811565,
		0.92437873173352347,
		-0.5468465612347253,
		-1.2598833738443087,
		-0.20882864500106879,
		1.255520050714324,
		0.043900000000000002
	],
	"velocity" : [ 0.0, -0.73199999999999998, 0.0, -0.063, 0.34799999999999998, 0.0, 0.0 ]
}
