{
	"effort" : [ 0.0, 0.0, 0.0, 0.0, 0.0, 0.0, 0.10100000000000001 ],
	"position" : 
	[
		0.23031364809311358,
		1.391673185662367,
		-0.82595961521358796,
		-2.2145086615148859,
		-0.60903264248326761,
		2.8102418950979602,
		0.047800000000000002
	],
	"velocity" : 
	[
		-0.252,
		0.89200000000000002,
		-0.63100000000000001,
		0.0,
		-0.82999999999999996,
		-0.042000000000000003,
		0.0
	]
}
