{
	"effort" : [ 0.0, 0.0, 0.0, 0.0, 0.0, 0.0, -1.038 ],
	"position" : 
	[
		0.58821086450698035,
		1.4615387156196824,
		-0.61205206208921692,
		-1.1990062895347617,
		-0.35417966510711985,
		1.0925062985780947,
		0.046600000000000003
	],
	"velocity" : 
	[
		0.050000000000000003,
		-0.016,
		-0.125,
		-0.0030000000000000001,
		0.435,
		-0.161,
		0.0
	]
}
