{
	"effort" : [ 0.0, 0.0, 0.0, 0.0, 0.0, 0.0, -1.0449999999999999 ],
	"position" : 
	[
		0.45626397305624244,
		1.5762766606457606,
		-0.94813266285316011,
		-2.219657382808268,
		-0.58189277261476258,
		2.5822669882025187,
		0.0562
	],
	"velocity" : 
	[
		-0.033000000000000002,
		0.0,
		0.0,
		0.0,
		-0.17599999999999999,
		-0.41599999999999998,
		0.0
	]
}
