{
	"effort" : [ 0.0, 0.0, 0.0, 0.0, 0.0, 0.0, 0.055 ],
	"position" : 
	[
		0.47958157186288081,
		0.52646111557143671,
		-0.25703463894113998,
		-2.2127109723853322,
		-0.057560958730758456,
		2.7585452426539012,
		0.0
	],
	"velocity" : [ 0.0, 0.61099999999999999, -0.442, 0.0, -0.35599999999999998, 0.0, 0.0 ]
}
