{
	"effort" : [ 0.0, 0.0, 0.0, 0.0, 0.0, 0.0, -1.038 ],
	"position" : 
	[
		0.38966220880015562,
		1.5020652608509806,
		-0.68388981410128535,
		-1.6174838842853363,
		-0.84737480513555297,
		1.1735070291631311,
		0.048599999999999997
	],
	"velocity" : 
	[
		-0.29299999999999998,
		0.0,
		0.0,
		0.161,
		-0.11799999999999999,
		0.23899999999999999,
		0.0
	]
}
