{
	"effort" : [ 0.0, 0.0, 0.0, 0.0, 0.0, 0.0, 0.10100000000000001 ],
	"position" : 
	[
		0.054175019981890317,
		1.5108966268660695,
		-0.95270542549338411,
		-1.869265082177975,
		-1.2225856877291994,
		2.2080683965750287,
		0.059900000000000002
	],
	"velocity" : 
	[
		0.048000000000000001,
		0.0,
		0.0,
		0.057000000000000002,
		-0.22,
		-0.52100000000000002,
		0.0
	]
}
