{
	"effort" : [ 0.0, 0.0, 0.0, 0.0, 0.0, 0.0, -1.0489999999999999 ],
	"position" : 
	[
		0.34524357933691113,
		1.5020652608509806,
		-0.68388981410128535,
		-1.6712749318317883,
		-0.95951220957616035,
		1.2096877045569645,
		0.047399999999999998
	],
	"velocity" : 
	[
		0.16700000000000001,
		0.0,
		0.0,
		0.0,
		0.32900000000000001,
		-0.073999999999999996,
		0.0
	]
}
