{
	"effort" : [ 0.0, 0.0, 0.0, 0.0, 0.0, 0.0, -1.0429999999999999 ],
	"position" : 
	[
		0.61685171753220014,
		1.460753317456285,
		-0.62262875735629986,
		-1.2268093845190244,
		-0.35676275240007083,
		1.1700338239516632,
		0.047100000000000003
	],
	"velocity" : 
	[
		-0.0050000000000000001,
		0.0,
		0.029999999999999999,
		0.0,
		-0.182,
		0.010999999999999999,
		0.0
	]
}
