{
	"effort" : [ 0.0, 0.0, 0.0, 0.0, 0.0, 0.0, -0.058999999999999997 ],
	"position" : 
	[
		0.60671135457811565,
		0.7028266364854191,
		-0.43832198834574532,
		-1.3521589313972255,
		-0.16334536469410807,
		1.255520050714324,
		0.043799999999999999
	],
	"velocity" : 
	[
		0.0,
		-0.71499999999999997,
		0.55000000000000004,
		-0.0030000000000000001,
		0.0,
		0.0,
		0.0
	]
}
