{
	"effort" : [ 0.0, 0.0, 0.0, 0.0, 0.0, 0.0, -1.044 ],
	"position" : 
	[
		0.60751420603403283,
		1.4610674767216441,
		-0.65142669001419906,
		-1.2375431594187869,
		-0.28829348584435055,
		1.0814060045354135,
		0.047100000000000003
	],
	"velocity" : 
	[
		0.034000000000000002,
		0.024,
		0.0089999999999999993,
		0.0,
		-0.105,
		0.155,
		0.0
	]
}
