{
	"effort" : [ 0.0, 0.0, 0.0, 0.0, 0.0, 0.0, -1.042 ],
	"position" : 
	[
		0.55951765160420086,
		1.4699512026142931,
		-0.60154517999221369,
		-1.3782516037145343,
		-0.54009213702950887,
		1.236303975649871,
		0.055399999999999998
	],
	"velocity" : 
	[
		0.0,
		0.0060000000000000001,
		0.0,
		0.0,
		0.065000000000000002,
		-0.084000000000000005,
		0.0
	]
}
