{
	"effort" : [ 0.0, 0.0, 0.0, 0.0, 0.0, 0.0, -0.031 ],
	"position" : 
	[
		0.47958157186288081,
		0.32197834040783263,
		-0.14770721459624281,
		-2.2127109723853322,
		0.083444191537827825,
		2.7585452426539012,
		0.0
	],
	"velocity" : [ 0.0, 0.625, -0.32100000000000001, 0.0, -0.187, 0.0, 0.0 ]
}
