{
	"effort" : [ 0.0, 0.0, 0.0, 0.0, 0.0, 0.0, 0.097000000000000003 ],
	"position" : 
	[
		0.057822758118557534,
		1.5108966268660695,
		-0.95270542549338411,
		-1.8738902046957586,
		-1.336887300442279,
		1.684748873657181,
		0.059900000000000002
	],
	"velocity" : [ 0.0, 0.0, 0.023, 0.0, -0.61899999999999999, -0.78000000000000003, 0.0 ]
}
