{
	"effort" : [ 0.0, 0.0, 0.0, 0.0, 0.0, 0.0, -1.0469999999999999 ],
	"position" : 
	[
		0.35711181825046956,
		1.5020652608509806,
		-0.68388981410128535,
		-1.6712749318317883,
		-0.94228580985898058,
		1.2096877045569645,
		0.047399999999999998
	],
	"velocity" : 
	[
		0.23599999999999999,
		0.0,
		0.0,
		0.014999999999999999,
		0.40400000000000003,
		0.0,
		0.0
	]
}
