{
	"effort" : [ 0.0, 0.0, 0.0, 0.0, 0.0, 0.0, -0.050999999999999997 ],
	"position" : 
	[
		0.60671135457811565,
		1.2582078577623945,
		-0.61276764708253451,
		-1.2580856847147548,
		-0.34866442467081915,
		1.2523260981831752,
		0.043900000000000002
	],
	"velocity" : 
	[
		0.0,
		-0.29699999999999999,
		0.0,
		0.0,
		0.20499999999999999,
		0.035999999999999997,
		0.0
	]
}
