{
	"effort" : [ 0.0, 0.0, 0.0, 0.0, 0.0, 0.0, -0.070000000000000007 ],
	"position" : 
	[
		0.60671135457811565,
		0.44127159478161493,
		-0.13357004765509231,
		-1.3575869053709266,
		-0.029670597283896111,
		1.255520050714324,
		0.0114
	],
	"velocity" : [ 0.0, -0.17199999999999999, 0.42999999999999999, 0.0, 0.442, 0.0, 0.0 ]
}
