{
	"effort" : [ 0.0, 0.0, 0.0, 0.0, 0.0, 0.0, -0.055 ],
	"position" : 
	[
		0.60671135457811565,
		1.2150982252381455,
		-0.60632738214267701,
		-1.2567766877757596,
		-0.30965631588875575,
		1.3213713233920534,
		0.043900000000000002
	],
	"velocity" : 
	[
		0.0,
		0.14599999999999999,
		0.14299999999999999,
		0.0,
		0.085999999999999993,
		0.0,
		0.0
	]
}
