{
	"effort" : [ 0.0, 0.0, 0.0, 0.0, 0.0, 0.0, 0.11899999999999999 ],
	"position" : 
	[
		0.47958157186288081,
		0.72368332104674604,
		-0.38810886576588105,
		-2.2127109723853322,
		-0.1487195055623993,
		2.8052851600222977,
		0.046600000000000003
	],
	"velocity" : 
	[
		0.0,
		0.38,
		-0.025000000000000001,
		0.0,
		-0.069000000000000006,
		0.17999999999999999,
		0.0
	]
}
