{
	"effort" : [ 0.0, 0.0, 0.0, 0.0, 0.0, 0.0, -0.10199999999999999 ],
	"position" : 
	[
		0.61121430404825994,
		1.4249217079128504,
		-0.61276764708253451,
		-1.2632344060081369,
		-0.41495202966154709,
		1.2260937995257069,
		0.0458
	],
	"velocity" : 
	[
		0.0,
		-0.42499999999999999,
		0.0040000000000000001,
		0.0,
		-0.001,
		0.25800000000000001,
		0.0
	]
}
