{
	"effort" : [ 0.0, 0.0, 0.0, 0.0, 0.0, 0.0, -0.10199999999999999 ],
	"position" : 
	[
		0.34868187796333916,
		1.6550084632032049,
		-0.93238979300017522,
		-2.2089410612010254,
		-0.61859704678419392,
		2.5648486022676193,
		0.069000000000000006
	],
	"velocity" : [ 0.0, 0.014, 0.012, 0.0, 0.41599999999999998, 0.17799999999999999, 0.0 ]
}
