{
	"effort" : [ 0.0, 0.0, 0.0, 0.0, 0.0, 0.0, 0.056000000000000001 ],
	"position" : 
	[
		0.41050144006896266,
		1.8366099718731694,
		-0.88866929523772853,
		-2.212815692140452,
		-0.42095596228840609,
		2.7169889531639266,
		0.090999999999999998
	],
	"velocity" : 
	[
		0.017999999999999999,
		0.13900000000000001,
		-0.0030000000000000001,
		0.0,
		0.040000000000000001,
		0.087999999999999995,
		0.0
	]
}
