{
	"effort" : [ 0.0, 0.0, 0.0, 0.0, 0.0, 0.0, -1.046 ],
	"position" : 
	[
		0.61685171753220014,
		1.460753317456285,
		-0.62262875735629986,
		-1.2268093845190244,
		-0.35489525010043738,
		1.1658799403319178,
		0.047100000000000003
	],
	"velocity" : 
	[
		-0.0089999999999999993,
		0.0,
		0.0060000000000000001,
		0.0,
		0.0,
		0.214,
		0.0
	]
}
