{
	"effort" : [ 0.0, 0.0, 0.0, 0.0, 0.0, 0.0, -0.098000000000000004 ],
	"position" : 
	[
		0.50317842334983809,
		1.7664826425280549,
		-0.92329662759728726,
		-2.2108260167931792,
		-0.35822882897174568,
		2.6854508535803974,
		0.069000000000000006
	],
	"velocity" : 
	[
		-0.16900000000000001,
		0.0,
		0.028000000000000001,
		0.0,
		-0.20999999999999999,
		-0.029999999999999999,
		0.0
	]
}
