{
	"effort" : [ 0.0, 0.0, 0.0, 0.0, 0.0, 0.0, -0.104 ],
	"position" : 
	[
		0.40605085047637823,
		1.7664826425280549,
		-0.9219352707807319,
		-2.2108260167931792,
		-0.56677822129249544,
		2.6212401903995421,
		0.069000000000000006
	],
	"velocity" : 
	[
		-0.48699999999999999,
		-0.0070000000000000001,
		0.0,
		0.0,
		-0.66700000000000004,
		-0.23699999999999999,
		0.0
	]
}
