{
	"effort" : [ 0.0, 0.0, 0.0, 0.0, 0.0, 0.0, -1.0469999999999999 ],
	"position" : 
	[
		0.45813147535587589,
		1.5787026683060323,
		-0.94813266285316011,
		-2.219657382808268,
		-0.55159385680014861,
		2.6379604446336438,
		0.056099999999999997
	],
	"velocity" : 
	[
		0.0,
		-0.02,
		0.025000000000000001,
		0.0,
		-0.073999999999999996,
		-0.48299999999999998,
		0.0
	]
}
