{
	"effort" : [ 0.0, 0.0, 0.0, 0.0, 0.0, 0.0, -0.031 ],
	"position" : 
	[
		0.47958157186288081,
		0.29037042765422327,
		-0.13241813034877634,
		-2.2127109723853322,
		0.10353293122827749,
		2.7585452426539012,
		0.0
	],
	"velocity" : [ 0.0, 0.63200000000000001, -0.26300000000000001, 0.0, -0.216, 0.0, 0.0 ]
}
