{
	"effort" : [ 0.0, 0.0, 0.0, 0.0, 0.0, 0.0, 0.153 ],
	"position" : 
	[
		0.32545154561930045,
		1.7179624893226246,
		-0.84337800114848704,
		-2.212815692140452,
		-0.50431288736363422,
		2.5608343449880331,
		0.090399999999999994
	],
	"velocity" : 
	[
		0.0,
		0.13200000000000001,
		0.0,
		0.0,
		0.065000000000000002,
		0.0030000000000000001,
		0.0
	]
}
