{
	"effort" : [ 0.0, 0.0, 0.0, 0.0, 0.0, 0.0, -1.044 ],
	"position" : 
	[
		0.44935246921834665,
		1.481993974453051,
		-0.63835417391676486,
		-1.4370168396291683,
		-0.73727943591977851,
		1.3001655729803274,
		0.057000000000000002
	],
	"velocity" : [ 0.014, 0.0, 0.0, 0.105, 0.078, 0.0, 0.0 ]
}
