{
	"effort" : [ 0.0, 0.0, 0.0, 0.0, 0.0, 0.0, -0.080000000000000002 ],
	"position" : 
	[
		0.60671135457811565,
		0.57180476953823789,
		-0.32054717042119762,
		-1.3575869053709266,
		-0.12536700017072103,
		1.255520050714324,
		0.027099999999999999
	],
	"velocity" : 
	[
		0.0,
		-0.48599999999999999,
		0.56599999999999995,
		0.0,
		0.052999999999999999,
		0.0,
		0.0
	]
}
