{
	"effort" : [ 0.0, 0.0, 0.0, 0.0, 0.0, 0.0, -1.0429999999999999 ],
	"position" : 
	[
		0.40325832367318803,
		1.5020652608509806,
		-0.68388981410128535,
		-1.6196131859727692,
		-0.8384038127803044,
		1.16519926192364,
		0.048300000000000003
	],
	"velocity" : [ -0.122, 0.0, 0.0, 0.0, -0.001, 0.028000000000000001, 0.0 ]
}
