{
	"effort" : [ 0.0, 0.0, 0.0, 0.0, 0.0, 0.0, 0.105 ],
	"position" : 
	[
		0.070773101168352184,
		1.5147538045129763,
		-0.95270542549338411,
		-2.2159747380865609,
		-1.0967474486604398,
		2.4905499360102397,
		0.059900000000000002
	],
	"velocity" : 
	[
		-0.61699999999999999,
		-0.13900000000000001,
		0.0,
		0.065000000000000002,
		-0.17399999999999999,
		0.0,
		0.0
	]
}
