{
	"effort" : [ 0.0, 0.0, 0.0, 0.0, 0.0, 0.0, -1.0389999999999999 ],
	"position" : 
	[
		0.55951765160420086,
		1.4717837983288866,
		-0.60154517999221369,
		-1.3782516037145343,
		-0.53791047546451654,
		1.232935490193523,
		0.055199999999999999
	],
	"velocity" : 
	[
		0.014,
		0.042999999999999997,
		0.0040000000000000001,
		0.0,
		0.16400000000000001,
		-0.024,
		0.0
	]
}
