{
	"effort" : [ 0.0, 0.0, 0.0, 0.0, 0.0, 0.0, -0.152 ],
	"position" : 
	[
		0.24567254551065981,
		1.5081041000628794,
		-0.78457785864881291,
		-1.7455561447966481,
		-1.2527100706186138,
		1.243250386072807,
		0.057500000000000002
	],
	"velocity" : [ 0.01, 0.0, 0.0, 0.0, -0.024, -0.0030000000000000001, 0.0 ]
}
