{
	"effort" : [ 0.0, 0.0, 0.0, 0.0, 0.0, 0.0, -1.036 ],
	"position" : 
	[
		0.5618040329243128,
		1.4736513006285201,
		-0.60154517999221369,
		-1.3782516037145343,
		-0.53077207882386157,
		1.232935490193523,
		0.055199999999999999
	],
	"velocity" : 
	[
		0.071999999999999995,
		0.037999999999999999,
		0.0,
		0.0,
		0.17599999999999999,
		0.0,
		0.0
	]
}
