{
	"effort" : [ 0.0, 0.0, 0.0, 0.0, 0.0, 0.0, -0.096000000000000002 ],
	"position" : 
	[
		0.48855256421812943,
		1.7664826425280549,
		-0.9219352707807319,
		-2.2108260167931792,
		-0.49193850296699748,
		2.6765845809802684,
		0.069000000000000006
	],
	"velocity" : [ -0.023, 0.0, 0.0, 0.0, -0.191, 0.0, 0.0 ]
}
