{
	"effort" : [ 0.0, 0.0, 0.0, 0.0, 0.0, 0.0, -1.048 ],
	"position" : 
	[
		0.24390976296614594,
		1.5081041000628794,
		-0.72085588765851594,
		-1.7176483300572658,
		-1.2652415346479298,
		1.1958821501736929,
		0.050500000000000003
	],
	"velocity" : 
	[
		-0.021999999999999999,
		0.0,
		0.215,
		0.0070000000000000001,
		0.0,
		-0.021000000000000001,
		0.0
	]
}
