{
	"effort" : [ 0.0, 0.0, 0.0, 0.0, 0.0, 0.0, -1.0449999999999999 ],
	"position" : 
	[
		0.60920717540846692,
		1.4649770142461105,
		-0.64730771297949352,
		-1.2397946341538588,
		-0.30091221633626636,
		1.0907784226186208,
		0.047100000000000003
	],
	"velocity" : [ 0.0, 0.0, 0.023, 0.0, -0.037999999999999999, 0.24299999999999999, 0.0 ]
}
