{
	"effort" : [ 0.0, 0.0, 0.0, 0.0, 0.0, 0.0, -1.046 ],
	"position" : 
	[
		0.45408231149125,
		1.5889652043077562,
		-0.94813266285316011,
		-2.219657382808268,
		-0.54415875418665471,
		2.6465474645534535,
		0.056099999999999997
	],
	"velocity" : [ 0.14199999999999999, -0.17899999999999999, 0.0, 0.0, 0.0, 0.0, 0.0 ]
}
