{
	"effort" : [ 0.0, 0.0, 0.0, 0.0, 0.0, 0.0, -1.048 ],
	"position" : 
	[
		0.58067104213836696,
		1.477438665105347,
		-0.59590776650827348,
		-1.2566545147281201,
		-0.47462483678721817,
		1.1213565911135535,
		0.054199999999999998
	],
	"velocity" : 
	[
		0.002,
		0.0,
		-0.017999999999999999,
		0.25600000000000001,
		0.0,
		-0.019,
		0.0
	]
}
