{
	"effort" : [ 0.0, 0.0, 0.0, 0.0, 0.0, 0.0, -1.0429999999999999 ],
	"position" : 
	[
		0.56665604824485594,
		1.4736687539210402,
		-0.60154517999221369,
		-1.3782516037145343,
		-0.51881657344770338,
		1.2311552543564892,
		0.055100000000000003
	],
	"velocity" : [ 0.129, 0.010999999999999999, 0.0, 0.0, 0.46200000000000002, 0.0, 0.0 ]
}
