{
	"effort" : [ 0.0, 0.0, 0.0, 0.0, 0.0, 0.0, -0.098000000000000004 ],
	"position" : 
	[
		0.34297465130931909,
		1.6531933207811316,
		-0.93238979300017522,
		-2.2089410612010254,
		-0.64507369153694138,
		2.4599543142227867,
		0.069000000000000006
	],
	"velocity" : [ 0.023, 0.0, 0.0, 0.0, -0.0050000000000000001, 0.0, 0.0 ]
}
