{
	"effort" : [ 0.0, 0.0, 0.0, 0.0, 0.0, 0.0, -1.04 ],
	"position" : 
	[
		0.61121430404825994,
		1.4520266711963157,
		-0.62048200237634743,
		-1.2558691165647227,
		-0.41256092858631543,
		1.1943811670169782,
		0.047
	],
	"velocity" : [ 0.0, -0.16600000000000001, 0.0, -0.17599999999999999, 0.0, 0.187, 0.0 ]
}
