{
	"effort" : [ 0.0, 0.0, 0.0, 0.0, 0.0, 0.0, -0.076999999999999999 ],
	"position" : 
	[
		0.28864255169474934,
		1.6948194234411857,
		-0.91498886035779614,
		-2.212815692140452,
		-0.64633032859837691,
		2.5409724981003428,
		0.069000000000000006
	],
	"velocity" : [ 0.0, 0.0, 0.17799999999999999, 0.023, 0.45600000000000002, 0.0, 0.0 ]
}
