{
	"effort" : [ 0.0, 0.0, 0.0, 0.0, 0.0, 0.0, 0.13900000000000001 ],
	"position" : 
	[
		0.22689280275920554,
		1.5105301077231508,
		-0.85055130437418169,
		-2.2155733123586021,
		-0.60362212180208641,
		2.7361875749358595,
		0.071300000000000002
	],
	"velocity" : 
	[
		0.29199999999999998,
		0.0,
		0.010999999999999999,
		0.0,
		0.16200000000000001,
		0.13,
		0.0
	]
}
