{
	"effort" : [ 0.0, 0.0, 0.0, 0.0, 0.0, 0.0, 0.096000000000000002 ],
	"position" : 
	[
		0.057822758118557534,
		1.5108966268660695,
		-0.95270542549338411,
		-1.8738902046957586,
		-1.313482435173041,
		1.7366026057339192,
		0.059900000000000002
	],
	"velocity" : [ 0.0, 0.0, 0.0, 0.0, -0.28499999999999998, -0.98899999999999999, 0.0 ]
}
