{
	"effort" : [ 0.0, 0.0, 0.0, 0.0, 0.0, 0.0, 0.092999999999999999 ],
	"position" : 
	[
		0.21409953934209033,
		1.4751173772001951,
		-0.86636398739724652,
		-2.2145086615148859,
		-0.66593037609826833,
		2.7443906224202306,
		0.047800000000000002
	],
	"velocity" : 
	[
		-0.081000000000000003,
		0.50600000000000001,
		-0.13,
		0.0,
		-0.17999999999999999,
		-1.091,
		0.0
	]
}
