{
	"effort" : [ 0.0, 0.0, 0.0, 0.0, 0.0, 0.0, 0.114 ],
	"position" : 
	[
		0.22087141683982661,
		1.5105301077231508,
		-0.8522093671635762,
		-2.2155733123586021,
		-0.60571651690447914,
		2.7333950481326692,
		0.069900000000000004
	],
	"velocity" : [ 0.23100000000000001, 0.0, 0.0030000000000000001, 0.0, 0.0, 0.024, 0.0 ]
}
