{
	"effort" : [ 0.0, 0.0, 0.0, 0.0, 0.0, 0.0, 0.17199999999999999 ],
	"position" : 
	[
		0.32196088711531268,
		1.6948194234411857,
		-0.84337800114848704,
		-2.212815692140452,
		-0.5133711461814825,
		2.5569597140486069,
		0.083599999999999994
	],
	"velocity" : 
	[
		0.042000000000000003,
		0.106,
		0.0,
		0.0,
		0.092999999999999999,
		0.36599999999999999,
		0.0
	]
}
