{
	"effort" : [ 0.0, 0.0, 0.0, 0.0, 0.0, 0.0, -1.0449999999999999 ],
	"position" : 
	[
		0.42374848909159629,
		1.6173966178227368,
		-0.94813266285316011,
		-2.219657382808268,
		-0.54356534224097675,
		2.6465474645534535,
		0.056099999999999997
	],
	"velocity" : 
	[
		0.085999999999999993,
		-0.156,
		0.0,
		0.0,
		-0.092999999999999999,
		0.0,
		0.0
	]
}
