{
	"effort" : [ 0.0, 0.0, 0.0, 0.0, 0.0, 0.0, -0.94299999999999995 ],
	"position" : 
	[
		0.45437901746408899,
		1.5739728260331289,
		-0.94813266285316011,
		-2.2200762618287464,
		-0.59199822898380716,
		2.5116684199593653,
		0.0562
	],
	"velocity" : 
	[
		-0.097000000000000003,
		0.0,
		-0.001,
		0.0,
		-0.0030000000000000001,
		-0.028000000000000001,
		0.0
	]
}
