{
	"effort" : [ 0.0, 0.0, 0.0, 0.0, 0.0, 0.0, 0.096000000000000002 ],
	"position" : 
	[
		0.29174923776329847,
		1.2608782115179449,
		-0.70802771765636097,
		-2.2145086615148859,
		-0.47003462085447423,
		2.8190209012354894,
		0.047800000000000002
	],
	"velocity" : 
	[
		-0.56699999999999995,
		0.97299999999999998,
		-0.98199999999999998,
		0.0,
		-1.091,
		-0.25800000000000001,
		0.0
	]
}
