{
	"effort" : [ 0.0, 0.0, 0.0, 0.0, 0.0, 0.0, 0.057000000000000002 ],
	"position" : 
	[
		0.20957913657942615,
		1.5081041000628794,
		-0.78723075911184348,
		-1.8591596258089305,
		-1.2159534365716225,
		1.2893968914955252,
		0.060100000000000001
	],
	"velocity" : 
	[
		0.082000000000000003,
		0.0,
		0.021000000000000001,
		0.55700000000000005,
		0.182,
		-0.14499999999999999,
		0.0
	]
}
