{
	"effort" : [ 0.0, 0.0, 0.0, 0.0, 0.0, 0.0, -0.111 ],
	"position" : 
	[
		0.41207223639575719,
		1.8677990056063001,
		-0.89966486952528979,
		-2.210791110208139,
		-0.40854667130672956,
		2.6926416100986117,
		0.090999999999999998
	],
	"velocity" : [ 0.0, 0.0, 0.0, 0.0, 0.028000000000000001, 0.0, 0.0 ]
}
