{
	"effort" : [ 0.0, 0.0, 0.0, 0.0, 0.0, 0.0, -1.0369999999999999 ],
	"position" : 
	[
		0.28890435108254847,
		1.5020652608509806,
		-0.68622855529895721,
		-1.6901244877533221,
		-1.1260515268014173,
		1.2134227091562313,
		0.049299999999999997
	],
	"velocity" : 
	[
		0.035000000000000003,
		0.0,
		0.0050000000000000001,
		-0.028000000000000001,
		0.193,
		0.0,
		0.0
	]
}
