{
	"effort" : [ 0.0, 0.0, 0.0, 0.0, 0.0, 0.0, -0.097000000000000003 ],
	"position" : 
	[
		0.34142130827504452,
		1.6531933207811316,
		-0.88720321866605345,
		-2.2067244930509937,
		-0.53658402523300119,
		2.5330487032962909,
		0.069000000000000006
	],
	"velocity" : 
	[
		0.0,
		0.0,
		-0.099000000000000005,
		0.0,
		-0.001,
		0.54800000000000004,
		0.0
	]
}
