{
	"effort" : [ 0.0, 0.0, 0.0, 0.0, 0.0, 0.0, 0.12 ],
	"position" : 
	[
		0.21249383643025596,
		1.5105301077231508,
		-0.85451320177620793,
		-2.2155733123586021,
		-0.60571651690447914,
		2.7257505060089362,
		0.062799999999999995
	],
	"velocity" : 
	[
		0.065000000000000002,
		0.0,
		0.035999999999999997,
		0.0,
		0.0,
		0.082000000000000003,
		0.0
	]
}
