{
	"effort" : [ 0.0, 0.0, 0.0, 0.0, 0.0, 0.0, 0.17199999999999999 ],
	"position" : 
	[
		0.32386329599998603,
		1.6969836317136582,
		-0.84337800114848704,
		-2.212815692140452,
		-0.5133711461814825,
		2.5569597140486069,
		0.083599999999999994
	],
	"velocity" : 
	[
		0.064000000000000001,
		0.085000000000000006,
		0.0,
		0.0,
		0.080000000000000002,
		0.36599999999999999,
		0.0
	]
}
