{
	"effort" : [ 0.0, 0.0, 0.0, 0.0, 0.0, 0.0, 0.10100000000000001 ],
	"position" : 
	[
		0.45001569433410427,
		0.99708914837158868,
		-0.46986008792927481,
		-2.2127109723853322,
		-0.21092304010346147,
		2.8247630344745494,
		0.047800000000000002
	],
	"velocity" : 
	[
		-0.40200000000000002,
		0.84999999999999998,
		-0.61299999999999999,
		0.0,
		-0.53800000000000003,
		0.082000000000000003,
		0.0
	]
}
