{
	"effort" : [ 0.0, 0.0, 0.0, 0.0, 0.0, 0.0, -1.046 ],
	"position" : 
	[
		0.29078930667470188,
		1.5020652608509806,
		-0.68600166249619809,
		-1.6438383559904441,
		-1.0530094976054729,
		1.211188687713679,
		0.0482
	],
	"velocity" : 
	[
		0.0,
		0.0,
		-0.029999999999999999,
		0.187,
		-0.032000000000000001,
		0.0,
		0.0
	]
}
