{
	"effort" : [ 0.0, 0.0, 0.0, 0.0, 0.0, 0.0, -0.76600000000000001 ],
	"position" : 
	[
		0.61121430404825994,
		1.4363710678059305,
		-0.61641538521920158,
		-1.2627108072325388,
		-0.41256092858631543,
		1.2170704472928986,
		0.046600000000000003
	],
	"velocity" : 
	[
		0.0,
		-0.27500000000000002,
		0.033000000000000002,
		-0.14299999999999999,
		0.0,
		0.27200000000000002,
		0.0
	]
}
