{
	"effort" : [ 0.0, 0.0, 0.0, 0.0, 0.0, 0.0, 0.060999999999999999 ],
	"position" : 
	[
		0.4098207616606851,
		1.827220100497442,
		-0.88624328757745685,
		-2.212815692140452,
		-0.43284165449448447,
		2.7074420021555201,
		0.090999999999999998
	],
	"velocity" : 
	[
		0.0,
		0.034000000000000002,
		-0.032000000000000001,
		0.0,
		0.157,
		0.16400000000000001,
		0.0
	]
}
