{
	"effort" : [ 0.0, 0.0, 0.0, 0.0, 0.0, 0.0, -0.045999999999999999 ],
	"position" : 
	[
		0.60671135457811565,
		1.2133354426936316,
		-0.61028927954470313,
		-1.2567766877757596,
		-0.30965631588875575,
		1.3213713233920534,
		0.043900000000000002
	],
	"velocity" : [ 0.0, 0.019, 0.129, 0.0, 0.0, 0.0, 0.0 ]
}
