{
	"effort" : [ 0.0, 0.0, 0.0, 0.0, 0.0, 0.0, -1.038 ],
	"position" : 
	[
		0.29078930667470188,
		1.5020652608509806,
		-0.68409925361152457,
		-1.6801412044319171,
		-1.0697472051320944,
		1.211188687713679,
		0.048599999999999997
	],
	"velocity" : 
	[
		0.0,
		0.0,
		0.0,
		0.126,
		0.20100000000000001,
		-0.0030000000000000001,
		0.0
	]
}
