{
	"effort" : [ 0.0, 0.0, 0.0, 0.0, 0.0, 0.0, -1.042 ],
	"position" : 
	[
		0.331874357266638,
		1.5020652608509806,
		-0.68388981410128535,
		-1.6712749318317883,
		-0.98710586505018372,
		1.2096877045569645,
		0.047199999999999999
	],
	"velocity" : [ 0.108, 0.0, 0.0, -0.043999999999999997, 0.52700000000000002, 0.0, 0.0 ]
}
