{
	"effort" : [ 0.0, 0.0, 0.0, 0.0, 0.0, 0.0, -0.028000000000000001 ],
	"position" : 
	[
		0.47958157186288081,
		0.015376350710066161,
		-5.2359877559816662e-05,
		-2.2165681500322387,
		0.40264745843499017,
		2.7265009975872938,
		0.0
	],
	"velocity" : [ 0.0, 0.0, 0.0, 0.0, 0.0, 0.753, 0.0 ]
}
