{
	"effort" : [ 0.0, 0.0, 0.0, 0.0, 0.0, 0.0, 0.105 ],
	"position" : 
	[
		0.21249383643025596,
		1.5085229790833581,
		-0.86844092920711924,
		-2.2145086615148859,
		-0.67334802541924232,
		2.6011339974165724,
		0.047800000000000002
	],
	"velocity" : 
	[
		0.0,
		0.18099999999999999,
		0.0089999999999999993,
		-0.001,
		0.0,
		-1.1599999999999999,
		0.0
	]
}
