{
	"effort" : [ 0.0, 0.0, 0.0, 0.0, 0.0, 0.0, -0.122 ],
	"position" : 
	[
		0.34142130827504452,
		1.6531933207811316,
		-0.85011497206118336,
		-2.2155733123586021,
		-0.53023102675574341,
		2.7780405703986726,
		0.069900000000000004
	],
	"velocity" : [ 0.0, 0.0, 0.0, 0.0, 0.055, -0.187, 0.0 ]
}
