{
	"effort" : [ 0.0, 0.0, 0.0, 0.0, 0.0, 0.0, -0.104 ],
	"position" : 
	[
		0.34142130827504452,
		1.6531933207811316,
		-0.85463537482384755,
		-2.2155733123586021,
		-0.51735049687602852,
		2.6680324676454981,
		0.069000000000000006
	],
	"velocity" : 
	[
		0.0,
		0.0,
		-0.10299999999999999,
		0.0,
		0.010999999999999999,
		-1.294,
		0.0
	]
}
