{
	"effort" : [ 0.0, 0.0, 0.0, 0.0, 0.0, 0.0, -0.050000000000000003 ],
	"position" : 
	[
		0.60671135457811565,
		1.2105952757680012,
		-0.61276764708253451,
		-1.2567766877757596,
		-0.29881782123387368,
		1.3213713233920534,
		0.043900000000000002
	],
	"velocity" : [ 0.0, 0.0, 0.0, 0.0, -0.22600000000000001, 0.0, 0.0 ]
}
