{
	"effort" : [ 0.0, 0.0, 0.0, 0.0, 0.0, 0.0, -0.079000000000000001 ],
	"position" : 
	[
		0.61121430404825994,
		1.4158809023875223,
		-0.61276764708253451,
		-1.2632344060081369,
		-0.41495202966154709,
		1.2305618424108113,
		0.0453
	],
	"velocity" : 
	[
		-0.025999999999999999,
		-0.46400000000000002,
		0.0,
		-0.078,
		-0.001,
		0.34300000000000003,
		0.0
	]
}
