{
	"effort" : [ 0.0, 0.0, 0.0, 0.0, 0.0, 0.0, -0.13 ],
	"position" : 
	[
		0.30393163594221584,
		1.4939320265366891,
		-0.6832964021556075,
		-1.4908777003456999,
		-0.99005547148605344,
		1.3524905439551043,
		0.063100000000000003
	],
	"velocity" : [ 0.0, 0.0, 0.14599999999999999, 0.0, -0.043999999999999997, 0.0, 0.0 ]
}
