{
	"effort" : [ 0.0, 0.0, 0.0, 0.0, 0.0, 0.0, 0.049000000000000002 ],
	"position" : 
	[
		0.45046947993962272,
		1.5697142226582637,
		-0.9488307945539578,
		-2.2200762618287464,
		-0.65390505755203043,
		2.4965887752221385,
		0.059900000000000002
	],
	"velocity" : 
	[
		0.115,
		-0.113,
		-0.002,
		0.13800000000000001,
		-0.96199999999999997,
		-0.091999999999999998,
		0.0
	]
}
