{
	"effort" : [ 0.0, 0.0, 0.0, 0.0, 0.0, 0.0, -1.0449999999999999 ],
	"position" : 
	[
		0.41343359321231232,
		1.481993974453051,
		-0.63613760576673262,
		-1.4668270632532239,
		-0.82217225073676126,
		1.3105502820296913,
		0.057099999999999998
	],
	"velocity" : 
	[
		0.28299999999999997,
		0.0,
		0.0,
		0.124,
		0.747,
		-0.13900000000000001,
		0.0
	]
}
