{
	"effort" : [ 0.0, 0.0, 0.0, 0.0, 0.0, 0.0, 0.17100000000000001 ],
	"position" : 
	[
		0.21249383643025596,
		1.5105301077231508,
		-0.86039496135542726,
		-2.2155733123586021,
		-0.60151027340717378,
		2.6988898888207498,
		0.051700000000000003
	],
	"velocity" : 
	[
		0.0,
		0.0,
		0.10199999999999999,
		0.0,
		-0.034000000000000002,
		0.42299999999999999,
		0.0
	]
}
