{
	"effort" : [ 0.0, 0.0, 0.0, 0.0, 0.0, 0.0, -0.10199999999999999 ],
	"position" : 
	[
		0.34644785652078697,
		1.6531933207811316,
		-0.93238979300017522,
		-2.2089410612010254,
		-0.64414866703338447,
		2.5157699437015513,
		0.069000000000000006
	],
	"velocity" : [ 0.0050000000000000001, 0.0, 0.0, 0.0, 0.0, 0.51100000000000001, 0.0 ]
}
