{
	"effort" : [ 0.0, 0.0, 0.0, 0.0, 0.0, 0.0, 0.14599999999999999 ],
	"position" : 
	[
		0.32545154561930045,
		1.7141925781383178,
		-0.84337800114848704,
		-2.212815692140452,
		-0.50577896393530908,
		2.5608343449880331,
		0.0901
	],
	"velocity" : [ 0.0030000000000000001, 0.16200000000000001, 0.0, 0.0, 0.0, 0.0, 0.0 ]
}
