{
	"effort" : [ 0.0, 0.0, 0.0, 0.0, 0.0, 0.0, 0.20000000000000001 ],
	"position" : 
	[
		0.29972539244491048,
		1.6948194234411857,
		-0.84547239625087967,
		-2.212815692140452,
		-0.55318210641946308,
		2.5344798732829257,
		0.072700000000000001
	],
	"velocity" : [ 0.154, 0.0, 0.042000000000000003, 0.0, 0.45800000000000002, 0.0, 0.0 ]
}
