{
	"effort" : [ 0.0, 0.0, 0.0, 0.0, 0.0, 0.0, 0.13600000000000001 ],
	"position" : 
	[
		0.32602750427245841,
		1.7278410528889101,
		-0.84337800114848704,
		-2.212815692140452,
		-0.48555059790469984,
		2.5725629575614324,
		0.090700000000000003
	],
	"velocity" : 
	[
		-0.035999999999999997,
		0.065000000000000002,
		0.0,
		0.0,
		0.073999999999999996,
		0.23200000000000001,
		0.0
	]
}
