{
	"effort" : [ 0.0, 0.0, 0.0, 0.0, 0.0, 0.0, -0.043999999999999997 ],
	"position" : 
	[
		0.60671135457811565,
		1.212619857700314,
		-0.61276764708253451,
		-1.2567766877757596,
		-0.26225317340460175,
		1.3031326327087172,
		0.043900000000000002
	],
	"velocity" : 
	[
		0.0,
		-0.0030000000000000001,
		0.0,
		0.0,
		-0.17799999999999999,
		0.185,
		0.0
	]
}
