{
	"effort" : [ 0.0, 0.0, 0.0, 0.0, 0.0, 0.0, -0.048000000000000001 ],
	"position" : 
	[
		0.60671135457811565,
		1.2142953737822282,
		-0.61276764708253451,
		-1.2567766877757596,
		-0.25825636941753571,
		1.2560960093674818,
		0.043900000000000002
	],
	"velocity" : [ 0.0, 0.0, 0.0, 0.0, 0.001, 0.17599999999999999, 0.0 ]
}
