{
	"effort" : [ 0.0, 0.0, 0.0, 0.0, 0.0, 0.0, -1.0449999999999999 ],
	"position" : 
	[
		0.55951765160420086,
		1.4699512026142931,
		-0.60154517999221369,
		-1.3782516037145343,
		-0.5422737985945012,
		1.2391139557455813,
		0.055399999999999998
	],
	"velocity" : [ 0.014, 0.0, 0.0, 0.014999999999999999, 0.113, 0.0, 0.0 ]
}
