{
	"effort" : [ 0.0, 0.0, 0.0, 0.0, 0.0, 0.0, -0.027 ],
	"position" : 
	[
		0.47958157186288081,
		0.015376350710066161,
		-5.2359877559816662e-05,
		-2.2165681500322387,
		0.40264745843499017,
		2.7910083667409875,
		0.0
	],
	"velocity" : [ 0.0, 0.0, 0.0, 0.0, 0.0, 0.050999999999999997, 0.0 ]
}
