{
	"effort" : [ 0.0, 0.0, 0.0, 0.0, 0.0, 0.0, -0.055 ],
	"position" : 
	[
		0.34142130827504452,
		1.6531933207811316,
		-0.85011497206118336,
		-2.2155733123586021,
		-0.52846824421122962,
		2.7780405703986726,
		0.069800000000000001
	],
	"velocity" : [ 0.0, 0.0, 0.0, 0.0, 0.047, -0.20899999999999999, 0.0 ]
}
