{
	"effort" : [ 0.0, 0.0, 0.0, 0.0, 0.0, 0.0, -0.098000000000000004 ],
	"position" : 
	[
		0.28864255169474934,
		1.6948194234411857,
		-0.91739741472554781,
		-2.212815692140452,
		-0.65119979721143995,
		2.5398729406715868,
		0.069000000000000006
	],
	"velocity" : 
	[
		-0.0060000000000000001,
		0.0,
		0.10299999999999999,
		0.0,
		0.23899999999999999,
		-0.025999999999999999,
		0.0
	]
}
