{
	"effort" : [ 0.0, 0.0, 0.0, 0.0, 0.0, 0.0, -0.10199999999999999 ],
	"position" : 
	[
		0.34868187796333916,
		1.6531933207811316,
		-0.93238979300017522,
		-2.2089410612010254,
		-0.6331356394533032,
		2.5597347875592771,
		0.069000000000000006
	],
	"velocity" : [ 0.0, 0.0, 0.0, 0.0, 0.17399999999999999, 0.157, 0.0 ]
}
