{
	"effort" : [ 0.0, 0.0, 0.0, 0.0, 0.0, 0.0, -1.038 ],
	"position" : 
	[
		0.53110369138174041,
		1.4715569055261275,
		-0.610027480156904,
		-1.3496456572743543,
		-0.56780796555117186,
		1.266341092076686,
		0.056300000000000003
	],
	"velocity" : 
	[
		0.079000000000000001,
		-0.001,
		0.0,
		0.10299999999999999,
		0.050999999999999997,
		-0.24099999999999999,
		0.0
	]
}
