{
	"effort" : [ 0.0, 0.0, 0.0, 0.0, 0.0, 0.0, 0.129 ],
	"position" : 
	[
		0.33805282281869631,
		1.6125096959171541,
		-0.85011497206118336,
		-2.2155733123586021,
		-0.58278289053327936,
		2.7861563514204444,
		0.074099999999999999
	],
	"velocity" : [ 0.066000000000000003, 0.503, 0.0, 0.0, 0.13, 0.13, 0.0 ]
}
