{
	"effort" : [ 0.0, 0.0, 0.0, 0.0, 0.0, 0.0, -0.93300000000000005 ],
	"position" : 
	[
		0.59726912332482862,
		1.4610674767216441,
		-0.66402796721359492,
		-1.2255527474575887,
		-0.31637583350893222,
		1.0278593030842411,
		0.046600000000000003
	],
	"velocity" : 
	[
		-0.025999999999999999,
		0.0,
		0.0,
		0.0,
		-0.0050000000000000001,
		0.218,
		0.0
	]
}
