{
	"effort" : [ 0.0, 0.0, 0.0, 0.0, 0.0, 0.0, -0.044999999999999998 ],
	"position" : 
	[
		0.60671135457811565,
		1.2372988133235077,
		-0.5468465612347253,
		-1.2567766877757596,
		-0.25429447201550964,
		1.3094158180158952,
		0.043900000000000002
	],
	"velocity" : [ 0.0, -0.12, 0.0, 0.0, 0.255, -0.433, 0.0 ]
}
