{
	"effort" : [ 0.0, 0.0, 0.0, 0.0, 0.0, 0.0, -1.0429999999999999 ],
	"position" : 
	[
		0.33140311836859959,
		1.5020652608509806,
		-0.68388981410128535,
		-1.6712749318317883,
		-0.98326614069579721,
		1.2096877045569645,
		0.047199999999999999
	],
	"velocity" : [ 0.17000000000000001, 0.0, 0.0, -0.001, 0.45800000000000002, 0.0, 0.0 ]
}
