{
	"effort" : [ 0.0, 0.0, 0.0, 0.0, 0.0, 0.0, 0.10100000000000001 ],
	"position" : 
	[
		0.47794096236600653,
		0.90493576386631136,
		-0.4187568474308937,
		-2.2127109723853322,
		-0.16538739991894091,
		2.8220926807189985,
		0.047800000000000002
	],
	"velocity" : 
	[
		-0.047,
		0.81000000000000005,
		-0.33500000000000002,
		0.0,
		-0.26000000000000001,
		0.0,
		0.0
	]
}
