{
	"effort" : [ 0.0, 0.0, 0.0, 0.0, 0.0, 0.0, -1.042 ],
	"position" : 
	[
		0.39840630835264507,
		1.5020652608509806,
		-0.68388981410128535,
		-1.6196131859727692,
		-0.84042839471261732,
		1.167555456413832,
		0.048300000000000003
	],
	"velocity" : [ -0.20999999999999999, 0.0, 0.0, 0.0, -0.14499999999999999, 0.122, 0.0 ]
}
