{
	"effort" : [ 0.0, 0.0, 0.0, 0.0, 0.0, 0.0, -1.04 ],
	"position" : 
	[
		0.60751420603403283,
		1.4610674767216441,
		-0.65142669001419906,
		-1.2375431594187869,
		-0.2901086282664242,
		1.0837621990256054,
		0.047100000000000003
	],
	"velocity" : 
	[
		0.028000000000000001,
		0.0030000000000000001,
		0.023,
		0.0,
		-0.122,
		0.124,
		0.0
	]
}
