{
	"effort" : [ 0.0, 0.0, 0.0, 0.0, 0.0, 0.0, -0.23499999999999999 ],
	"position" : 
	[
		0.41207223639575719,
		1.8694047085181345,
		-0.89966486952528979,
		-2.210791110208139,
		-0.4010941154007156,
		2.6926416100986117,
		0.085099999999999995
	],
	"velocity" : [ 0.0, 0.14299999999999999, 0.0, 0.0, 0.057000000000000002, 0.0, 0.0 ]
}
