{
	"effort" : [ 0.0, 0.0, 0.0, 0.0, 0.0, 0.0, -0.079000000000000001 ],
	"position" : 
	[
		0.61121430404825994,
		1.4191970279663106,
		-0.61276764708253451,
		-1.2632344060081369,
		-0.41495202966154709,
		1.2281707413355796,
		0.0453
	],
	"velocity" : 
	[
		0.0,
		-0.42899999999999999,
		0.0060000000000000001,
		-0.078,
		-0.099000000000000005,
		0.314,
		0.0
	]
}
