{
	"effort" : [ 0.0, 0.0, 0.0, 0.0, 0.0, 0.0, -0.41599999999999998 ],
	"position" : 
	[
		0.31824333580856573,
		1.4939320265366891,
		-0.65327673902131267,
		-1.4908777003456999,
		-0.97616265064018204,
		1.3524905439551043,
		0.058200000000000002
	],
	"velocity" : 
	[
		0.20100000000000001,
		0.0,
		0.18099999999999999,
		0.0,
		0.080000000000000002,
		-0.023,
		0.0
	]
}
