{
	"effort" : [ 0.0, 0.0, 0.0, 0.0, 0.0, 0.0, 0.14199999999999999 ],
	"position" : 
	[
		0.32602750427245841,
		1.726148083514476,
		-0.84337800114848704,
		-2.212815692140452,
		-0.48986156115712476,
		2.5673269698054511,
		0.090700000000000003
	],
	"velocity" : [ 0.0, 0.083000000000000004, 0.0, 0.0, 0.078, 0.17199999999999999, 0.0 ]
}
