{
	"effort" : [ 0.0, 0.0, 0.0, 0.0, 0.0, 0.0, -1.042 ],
	"position" : 
	[
		0.60704296713599448,
		1.4629000724362378,
		-0.63470643578009767,
		-1.2397946341538588,
		-0.28799677987151162,
		1.112734664608704,
		0.047100000000000003
	],
	"velocity" : 
	[
		0.0,
		-0.073999999999999996,
		0.10299999999999999,
		0.0,
		0.010999999999999999,
		0.0,
		0.0
	]
}
