{
	"effort" : [ 0.0, 0.0, 0.0, 0.0, 0.0, 0.0, 0.036999999999999998 ],
	"position" : 
	[
		0.41050144006896266,
		1.831880129600266,
		-0.88624328757745685,
		-2.212815692140452,
		-0.42542400517351042,
		2.7147374784288547,
		0.090999999999999998
	],
	"velocity" : 
	[
		0.0,
		0.121,
		-0.002,
		0.0,
		0.0050000000000000001,
		0.042000000000000003,
		0.0
	]
}
