{
	"effort" : [ 0.0, 0.0, 0.0, 0.0, 0.0, 0.0, 0.067000000000000004 ],
	"position" : 
	[
		0.4098207616606851,
		1.825509677830488,
		-0.88641782050265616,
		-2.212815692140452,
		-0.43319072034488326,
		2.7073547356929208,
		0.090999999999999998
	],
	"velocity" : 
	[
		0.0080000000000000002,
		0.079000000000000001,
		-0.048000000000000001,
		0.0,
		0.14299999999999999,
		0.316,
		0.0
	]
}
