{
	"effort" : [ 0.0, 0.0, 0.0, 0.0, 0.0, 0.0, -1.0429999999999999 ],
	"position" : 
	[
		0.58293997016595889,
		1.477438665105347,
		-0.60421553374776438,
		-1.2052371149643801,
		-0.47462483678721817,
		1.102733927994779,
		0.053999999999999999
	],
	"velocity" : 
	[
		0.014999999999999999,
		0.0,
		-0.063,
		0.151,
		0.16400000000000001,
		0.0,
		0.0
	]
}
