{
	"effort" : [ 0.0, 0.0, 0.0, 0.0, 0.0, 0.0, -1.034 ],
	"position" : 
	[
		0.29078930667470188,
		1.5020652608509806,
		-0.68477993201980225,
		-1.6718508904849463,
		-1.0627309815390791,
		1.2130910965983523,
		0.047300000000000002
	],
	"velocity" : [ 0.0, 0.0, 0.012, -0.12, -0.087999999999999995, 0.0, 0.0 ]
}
