{
	"effort" : [ 0.0, 0.0, 0.0, 0.0, 0.0, 0.0, -0.098000000000000004 ],
	"position" : 
	[
		0.44162066063201372,
		1.7664826425280549,
		-0.9219352707807319,
		-2.2108260167931792,
		-0.52216760561153164,
		2.6585378765146515,
		0.069000000000000006
	],
	"velocity" : 
	[
		-0.39500000000000002,
		0.0,
		0.0,
		0.0,
		-0.375,
		-0.64600000000000002,
		0.0
	]
}
