{
	"effort" : [ 0.0, 0.0, 0.0, 0.0, 0.0, 0.0, 0.105 ],
	"position" : 
	[
		0.44137631453673454,
		1.5588582747108619,
		-0.95270542549338411,
		-2.2159747380865609,
		-0.76747363197927265,
		2.4905499360102397,
		0.059900000000000002
	],
	"velocity" : 
	[
		-0.41599999999999998,
		-0.0089999999999999993,
		0.0,
		0.0,
		-0.55400000000000005,
		0.0,
		0.0
	]
}
