{
	"effort" : [ 0.0, 0.0, 0.0, 0.0, 0.0, 0.0, -0.060999999999999999 ],
	"position" : 
	[
		0.60671135457811565,
		0.43444735740631879,
		-0.095452056791545795,
		-1.3575869053709266,
		0.021537362969604588,
		1.2910200476998797,
		0.0114
	],
	"velocity" : 
	[
		0.0,
		-0.014999999999999999,
		0.438,
		0.0,
		0.67300000000000004,
		0.77000000000000002,
		0.0
	]
}
