{
	"effort" : [ 0.0, 0.0, 0.0, 0.0, 0.0, 0.0, -0.045999999999999999 ],
	"position" : 
	[
		0.60671135457811565,
		1.2105952757680012,
		-0.61276764708253451,
		-1.2567766877757596,
		-0.27612854095795314,
		1.3170429068471086,
		0.043900000000000002
	],
	"velocity" : [ 0.002, 0.0, 0.0, 0.0, -0.187, 0.089999999999999997, 0.0 ]
}
