{
	"effort" : [ 0.0, 0.0, 0.0, 0.0, 0.0, 0.0, 0.107 ],
	"position" : 
	[
		0.22055725757446776,
		1.4261957982668065,
		-0.84870125536706842,
		-2.2145086615148859,
		-0.63945373134552097,
		2.8033827511376246,
		0.047800000000000002
	],
	"velocity" : 
	[
		-0.13200000000000001,
		0.76200000000000001,
		-0.47699999999999998,
		0.0,
		-0.38900000000000001,
		-0.010999999999999999,
		0.0
	]
}
