{
	"effort" : [ 0.0, 0.0, 0.0, 0.0, 0.0, 0.0, 0.10100000000000001 ],
	"position" : 
	[
		0.067125363031684968,
		1.5085578856683977,
		-0.92872460157098813,
		-1.8738902046957586,
		-1.4346780984314964,
		1.5625409194325688,
		0.059900000000000002
	],
	"velocity" : 
	[
		0.19,
		-0.062,
		0.23000000000000001,
		0.0,
		-0.153,
		-0.68200000000000005,
		0.0
	]
}
