{
	"effort" : [ 0.0, 0.0, 0.0, 0.0, 0.0, 0.0, -1.04 ],
	"position" : 
	[
		0.29078930667470188,
		1.5020652608509806,
		-0.68591439603359827,
		-1.6901244877533221,
		-1.1170281745686088,
		1.2134227091562313,
		0.049099999999999998
	],
	"velocity" : 
	[
		0.017999999999999999,
		0.0,
		0.025000000000000001,
		-0.0030000000000000001,
		0.30099999999999999,
		0.0,
		0.0
	]
}
