{
	"effort" : [ 0.0, 0.0, 0.0, 0.0, 0.0, 0.0, 0.104 ],
	"position" : 
	[
		0.14667747033756642,
		1.5240040495485436,
		-0.95270542549338411,
		-2.2159747380865609,
		-1.072138306207326,
		2.4905499360102397,
		0.059900000000000002
	],
	"velocity" : 
	[
		-0.93400000000000005,
		-0.157,
		0.0,
		-0.019,
		-0.56100000000000005,
		0.0,
		0.0
	]
}
