{
	"effort" : [ 0.0, 0.0, 0.0, 0.0, 0.0, 0.0, 0.10299999999999999 ],
	"position" : 
	[
		0.4656363911394496,
		1.5588582747108619,
		-0.95270542549338411,
		-2.2159747380865609,
		-0.74230598416552085,
		2.4928188640378317,
		0.059900000000000002
	],
	"velocity" : 
	[
		-0.025999999999999999,
		0.0,
		0.0,
		0.010999999999999999,
		0.0070000000000000001,
		0.0,
		0.0
	]
}
