{
	"effort" : [ 0.0, 0.0, 0.0, 0.0, 0.0, 0.0, 0.20399999999999999 ],
	"position" : 
	[
		0.31017991466435391,
		1.6948194234411857,
		-0.84337800114848704,
		-2.212815692140452,
		-0.53801519521963614,
		2.5344798732829257,
		0.074499999999999997
	],
	"velocity" : 
	[
		0.186,
		0.0,
		0.10000000000000001,
		0.0,
		0.10299999999999999,
		0.057000000000000002,
		0.0
	]
}
