{
	"effort" : [ 0.0, 0.0, 0.0, 0.0, 0.0, 0.0, -1.0429999999999999 ],
	"position" : 
	[
		0.24390976296614594,
		1.5081041000628794,
		-0.71802845427028594,
		-1.7136340727776798,
		-1.2652415346479298,
		1.1933514227583015,
		0.050500000000000003
	],
	"velocity" : [ 0.0, 0.0, 0.060999999999999999, 0.14699999999999999, 0.0, -0.124, 0.0 ]
}
