{
	"effort" : [ 0.0, 0.0, 0.0, 0.0, 0.0, 0.0, 0.050999999999999997 ],
	"position" : 
	[
		0.47958157186288081,
		0.73240996730671559,
		-0.38810886576588105,
		-2.2127109723853322,
		-0.15036011505927352,
		2.8099451891251213,
		0.047
	],
	"velocity" : 
	[
		0.0,
		0.40899999999999997,
		-0.025000000000000001,
		0.0,
		0.0,
		0.097000000000000003,
		0.0
	]
}
