{
	"effort" : [ 0.0, 0.0, 0.0, 0.0, 0.0, 0.0, 0.047 ],
	"position" : 
	[
		0.30618311067728793,
		1.5000755855037076,
		-0.68992865331318431,
		-1.5033568044974559,
		-0.96621427390381698,
		1.3489649788660769,
		0.0625
	],
	"velocity" : 
	[
		-0.024,
		-0.079000000000000001,
		-0.001,
		0.27200000000000002,
		-0.435,
		0.060999999999999999,
		0.0
	]
}
