{
	"effort" : [ 0.0, 0.0, 0.0, 0.0, 0.0, 0.0, 0.099000000000000005 ],
	"position" : 
	[
		0.034958944917437597,
		1.5108966268660695,
		-0.95270542549338411,
		-2.0590521850397905,
		-1.1253533951006196,
		2.3653051088871582,
		0.059900000000000002
	],
	"velocity" : 
	[
		0.126,
		0.0,
		0.0,
		0.97199999999999998,
		-0.122,
		-0.94299999999999995,
		0.0
	]
}
