{
	"effort" : [ 0.0, 0.0, 0.0, 0.0, 0.0, 0.0, 0.16500000000000001 ],
	"position" : 
	[
		0.47958157186288081,
		0.65488244193314693,
		-0.37252307554557562,
		-2.2127109723853322,
		-0.14152874904418444,
		2.7585452426539012,
		0.0281
	],
	"velocity" : 
	[
		0.0,
		0.33900000000000002,
		-0.20699999999999999,
		0.0,
		-0.025999999999999999,
		0.0,
		0.0
	]
}
