{
	"effort" : [ 0.0, 0.0, 0.0, 0.0, 0.0, 0.0, -0.215 ],
	"position" : 
	[
		0.60671135457811565,
		0.63336253225606243,
		-0.38742818735760348,
		-1.3537995408940995,
		-0.15392058673334105,
		1.255520050714324,
		0.039
	],
	"velocity" : 
	[
		0.0,
		-0.67300000000000004,
		0.51600000000000001,
		0.0,
		0.13200000000000001,
		0.0,
		0.0
	]
}
