{
	"effort" : [ 0.0, 0.0, 0.0, 0.0, 0.0, 0.0, -0.047 ],
	"position" : 
	[
		0.60671135457811565,
		1.2168610077826594,
		-0.5468465612347253,
		-1.2567766877757596,
		-0.23820253631212596,
		1.2853128210458595,
		0.043900000000000002
	],
	"velocity" : 
	[
		0.0,
		-0.42599999999999999,
		0.0040000000000000001,
		0.0,
		0.073999999999999996,
		-0.41899999999999998,
		0.0
	]
}
