{
	"effort" : [ 0.0, 0.0, 0.0, 0.0, 0.0, 0.0, -1.0549999999999999 ],
	"position" : 
	[
		0.37629298672988243,
		1.5020652608509806,
		-0.68388981410128535,
		-1.6552702625910043,
		-0.90497067045135127,
		1.201449750487553,
		0.047899999999999998
	],
	"velocity" : [ 0.193, 0.0, 0.0, 0.312, 0.44400000000000001, -0.308, 0.0 ]
}
