{
	"effort" : [ 0.0, 0.0, 0.0, 0.0, 0.0, 0.0, -1.044 ],
	"position" : 
	[
		0.32320007088422836,
		1.5020652608509806,
		-0.68388981410128535,
		-1.6712749318317883,
		-1.0021331499098511,
		1.2096877045569645,
		0.047199999999999999
	],
	"velocity" : [ 0.151, 0.0, 0.0, 0.0, 0.14299999999999999, 0.0, 0.0 ]
}
