{
	"effort" : [ 0.0, 0.0, 0.0, 0.0, 0.0, 0.0, -1.042 ],
	"position" : 
	[
		0.41496948295406705,
		1.9019201924827804,
		-0.93949328305579038,
		-2.2136185435963691,
		-0.35224234963740664,
		2.6910010006017373,
		0.059700000000000003
	],
	"velocity" : [ 0.0, 0.0030000000000000001, -0.098000000000000004, 0.0, 0.0, 0.0, 0.0 ]
}
