{
	"effort" : [ 0.0, 0.0, 0.0, 0.0, 0.0, 0.0, -0.10100000000000001 ],
	"position" : 
	[
		0.52391293486352553,
		1.7664826425280549,
		-0.92893404108122735,
		-2.2108260167931792,
		-0.33569662832850461,
		2.7127478030815815,
		0.069000000000000006
	],
	"velocity" : [ -0.034000000000000002, 0.0, 0.025000000000000001, 0.0, 0.12, 0.0, 0.0 ]
}
