{
	"effort" : [ 0.0, 0.0, 0.0, 0.0, 0.0, 0.0, 0.098000000000000004 ],
	"position" : 
	[
		0.057822758118557534,
		1.5108966268660695,
		-0.95055867051343168,
		-1.8738902046957586,
		-1.3801889191842471,
		1.6301724279473322,
		0.059900000000000002
	],
	"velocity" : [ 0.0, 0.0, 0.016, 0.0, -0.747, -0.59399999999999997, 0.0 ]
}
