{
	"effort" : [ 0.0, 0.0, 0.0, 0.0, 0.0, 0.0, 0.19500000000000001 ],
	"position" : 
	[
		0.30702086871824502,
		1.5338477065297895,
		-0.85011497206118336,
		-2.2155733123586021,
		-0.58969439437117521,
		2.7736597939761687,
		0.074099999999999999
	],
	"velocity" : [ 0.35499999999999998, 0.36699999999999999, 0.0, 0.0, 0.0, 0.13, 0.0 ]
}
