{
	"effort" : [ 0.0, 0.0, 0.0, 0.0, 0.0, 0.0, -0.051999999999999998 ],
	"position" : 
	[
		0.60671135457811565,
		1.2454669542228392,
		-0.61276764708253451,
		-1.2567766877757596,
		-0.32314771100666856,
		1.2544553998706076,
		0.043900000000000002
	],
	"velocity" : 
	[
		0.031,
		-0.20200000000000001,
		0.0,
		0.0,
		0.318,
		0.028000000000000001,
		0.0
	]
}
