{
	"effort" : [ 0.0, 0.0, 0.0, 0.0, 0.0, 0.0, 0.055 ],
	"position" : 
	[
		0.41207223639575719,
		1.8650413853881496,
		-0.89324205787795252,
		-2.212815692140452,
		-0.4103792670213231,
		2.6946487387384046,
		0.090999999999999998
	],
	"velocity" : [ 0.0, 0.001, -0.045999999999999999, 0.0, 0.001, -0.078, 0.0 ]
}
