{
	"effort" : [ 0.0, 0.0, 0.0, 0.0, 0.0, 0.0, -0.025000000000000001 ],
	"position" : 
	[
		0.47958157186288081,
		0.015376350710066161,
		-0.027122416575985034,
		-2.2165681500322387,
		0.13421581947833008,
		2.751721005278605,
		0.0
	],
	"velocity" : [ 0.0, 0.014, -0.14499999999999999, 0.0, 0.0, -0.19900000000000001, 0.0 ]
}
