{
	"effort" : [ 0.0, 0.0, 0.0, 0.0, 0.0, 0.0, 0.10000000000000001 ],
	"position" : 
	[
		0.057822758118557534,
		1.5108966268660695,
		-0.95055867051343168,
		-1.8738902046957586,
		-1.3683206802706889,
		1.6385500083569029,
		0.059900000000000002
	],
	"velocity" : 
	[
		0.0,
		0.0,
		0.049000000000000002,
		0.0,
		-0.61899999999999999,
		-0.71699999999999997,
		0.0
	]
}
