{
	"effort" : [ 0.0, 0.0, 0.0, 0.0, 0.0, 0.0, -0.027 ],
	"position" : 
	[
		0.47958157186288081,
		0.30829495907220056,
		-0.13875367553351417,
		-2.2127109723853322,
		0.091559972559599426,
		2.7585452426539012,
		0.0
	],
	"velocity" : 
	[
		-0.0080000000000000002,
		0.626,
		-0.307,
		0.0,
		-0.35999999999999999,
		0.0089999999999999993,
		0.0
	]
}
