{
	"effort" : [ 0.0, 0.0, 0.0, 0.0, 0.0, 0.0, -0.17899999999999999 ],
	"position" : 
	[
		0.45207518285145709,
		1.5739728260331289,
		-0.94813266285316011,
		-2.2200762618287464,
		-0.59461622286179805,
		2.5056295807474669,
		0.057000000000000002
	],
	"velocity" : 
	[
		-0.002,
		0.0,
		-0.028000000000000001,
		0.0,
		-0.037999999999999999,
		-0.124,
		0.0
	]
}
