{
	"effort" : [ 0.0, 0.0, 0.0, 0.0, 0.0, 0.0, 0.099000000000000005 ],
	"position" : 
	[
		0.44696136814311505,
		1.0035992264815261,
		-0.47417105118169972,
		-2.2127109723853322,
		-0.21540853628108575,
		2.8247630344745494,
		0.047800000000000002
	],
	"velocity" : 
	[
		-0.44900000000000001,
		0.85899999999999999,
		-0.627,
		0.0,
		-0.67300000000000004,
		0.001,
		0.0
	]
}
