{
	"effort" : [ 0.0, 0.0, 0.0, 0.0, 0.0, 0.0, 0.062 ],
	"position" : 
	[
		0.28864255169474934,
		1.6948194234411857,
		-0.87154761527566837,
		-2.212815692140452,
		-0.59489547554211708,
		2.5369058809431975,
		0.071999999999999995
	],
	"velocity" : [ 0.0, 0.0, 0.20599999999999999, -0.012999999999999999, 0.379, 0.0, 0.0 ]
}
