{
	"effort" : [ 0.0, 0.0, 0.0, 0.0, 0.0, 0.0, -1.0449999999999999 ],
	"position" : 
	[
		0.61121430404825994,
		1.460753317456285,
		-0.62048200237634743,
		-1.2475264427401918,
		-0.40659190254449634,
		1.1722852986867354,
		0.047100000000000003
	],
	"velocity" : 
	[
		-0.012,
		0.0,
		0.01,
		-0.010999999999999999,
		-0.20300000000000001,
		0.0,
		0.0
	]
}
