{
	"effort" : [ 0.0, 0.0, 0.0, 0.0, 0.0, 0.0, -0.049000000000000002 ],
	"position" : 
	[
		0.60671135457811565,
		1.212619857700314,
		-0.61276764708253451,
		-1.2567766877757596,
		-0.26443483496959413,
		1.3056110002465484,
		0.043900000000000002
	],
	"velocity" : 
	[
		0.0,
		-0.055,
		0.0,
		0.0,
		-0.10100000000000001,
		0.025999999999999999,
		0.0
	]
}
