{
	"effort" : [ 0.0, 0.0, 0.0, 0.0, 0.0, 0.0, 0.035000000000000003 ],
	"position" : 
	[
		0.28864255169474934,
		1.6948194234411857,
		-0.85193011448325695,
		-2.212815692140452,
		-0.57553977413750479,
		2.5344798732829257,
		0.072700000000000001
	],
	"velocity" : [ 0.11799999999999999, 0.0, 0.126, 0.0, 0.11799999999999999, 0.0, 0.0 ]
}
