{
	"effort" : [ 0.0, 0.0, 0.0, 0.0, 0.0, 0.0, -1.046 ],
	"position" : 
	[
		0.3792949530433119,
		1.5020652608509806,
		-0.68388981410128535,
		-1.6552528092984842,
		-0.90498812374387116,
		1.1978194656434058,
		0.047800000000000002
	],
	"velocity" : 
	[
		0.21199999999999999,
		0.0,
		0.0,
		0.084000000000000005,
		0.44400000000000001,
		-0.41599999999999998,
		0.0
	]
}
