{
	"effort" : [ 0.0, 0.0, 0.0, 0.0, 0.0, 0.0, -1.046 ],
	"position" : 
	[
		0.45631633293380225,
		1.481993974453051,
		-0.63365923822890124,
		-1.4263005180219261,
		-0.71949453084196069,
		1.3001655729803274,
		0.057000000000000002
	],
	"velocity" : 
	[
		0.069000000000000006,
		-0.0030000000000000001,
		0.115,
		0.11799999999999999,
		0.504,
		-0.082000000000000003,
		0.0
	]
}
