{
	"effort" : [ 0.0, 0.0, 0.0, 0.0, 0.0, 0.0, -1.0369999999999999 ],
	"position" : 
	[
		0.61685171753220014,
		1.460753317456285,
		-0.62440899319333376,
		-1.2268093845190244,
		-0.35489525010043738,
		1.1612548178141338,
		0.047100000000000003
	],
	"velocity" : 
	[
		-0.0040000000000000001,
		0.0,
		0.017000000000000001,
		-0.001,
		-0.001,
		0.249,
		0.0
	]
}
