{
	"effort" : [ 0.0, 0.0, 0.0, 0.0, 0.0, 0.0, 0.10000000000000001 ],
	"position" : 
	[
		0.050213122579864176,
		1.5108966268660695,
		-0.95270542549338411,
		-1.8953228479102437,
		-1.1978369189359259,
		2.242416476254268,
		0.059900000000000002
	],
	"velocity" : 
	[
		0.058999999999999997,
		0.0,
		0.0,
		0.55200000000000005,
		-0.39500000000000002,
		-0.375,
		0.0
	]
}
