{
	"effort" : [ 0.0, 0.0, 0.0, 0.0, 0.0, 0.0, -1.048 ],
	"position" : 
	[
		0.60920717540846692,
		1.4649770142461105,
		-0.64687138066649508,
		-1.2397946341538588,
		-0.30091221633626636,
		1.097567753408877,
		0.047100000000000003
	],
	"velocity" : 
	[
		0.017000000000000001,
		0.0,
		0.050000000000000003,
		0.0,
		0.0,
		0.46500000000000002,
		0.0
	]
}
