{
	"effort" : [ 0.0, 0.0, 0.0, 0.0, 0.0, 0.0, 0.045999999999999999 ],
	"position" : 
	[
		0.12632693125931768,
		1.5085578856683977,
		-0.85950484343691058,
		-1.8780789949005441,
		-1.4231414720758171,
		1.4517125119309571,
		0.060100000000000001
	],
	"velocity" : 
	[
		0.41299999999999998,
		0.0,
		0.46500000000000002,
		-0.019,
		0.60699999999999998,
		-0.90300000000000002,
		0.0
	]
}
