{
	"effort" : [ 0.0, 0.0, 0.0, 0.0, 0.0, 0.0, -1.0169999999999999 ],
	"position" : 
	[
		0.56688294104761505,
		1.4736687539210402,
		-0.60154517999221369,
		-1.3782516037145343,
		-0.51195742948736733,
		1.2311552543564892,
		0.055
	],
	"velocity" : 
	[
		0.085999999999999993,
		0.0,
		0.0,
		0.0,
		0.375,
		0.0030000000000000001,
		0.0
	]
}
