{
	"effort" : [ 0.0, 0.0, 0.0, 0.0, 0.0, 0.0, -0.20300000000000001 ],
	"position" : 
	[
		0.30393163594221584,
		1.4939320265366891,
		-0.67685613721575,
		-1.4908777003456999,
		-0.9907012433092911,
		1.3524905439551043,
		0.062799999999999995
	],
	"velocity" : [ 0.040000000000000001, 0.0, 0.184, 0.0, 0.0, 0.0, 0.0 ]
}
