{
	"effort" : [ 0.0, 0.0, 0.0, 0.0, 0.0, 0.0, 0.13400000000000001 ],
	"position" : 
	[
		0.32602750427245841,
		1.7237569824392445,
		-0.84337800114848704,
		-2.212815692140452,
		-0.49202576942959719,
		2.5608343449880331,
		0.090700000000000003
	],
	"velocity" : [ 0.0, 0.051999999999999998, 0.0, 0.0, 0.193, 0.0, 0.0 ]
}
