{
	"effort" : [ 0.0, 0.0, 0.0, 0.0, 0.0, 0.0, -1.044 ],
	"position" : 
	[
		0.29005626838886439,
		1.5020652608509806,
		-0.68622855529895721,
		-1.6901244877533221,
		-1.1317063935778775,
		1.2134227091562313,
		0.049299999999999997
	],
	"velocity" : 
	[
		0.062,
		0.0,
		0.0060000000000000001,
		-0.0030000000000000001,
		0.23699999999999999,
		0.0,
		0.0
	]
}
