{
	"effort" : [ 0.0, 0.0, 0.0, 0.0, 0.0, 0.0, 0.099000000000000005 ],
	"position" : 
	[
		0.40001201126447938,
		1.0876368299650316,
		-0.54209926566930189,
		-2.2127109723853322,
		-0.28487264051044253,
		2.8247630344745494,
		0.047800000000000002
	],
	"velocity" : 
	[
		-0.622,
		0.95199999999999996,
		-0.88300000000000001,
		0.0,
		-0.88,
		0.0,
		0.0
	]
}
