{
	"effort" : [ 0.0, 0.0, 0.0, 0.0, 0.0, 0.0, -0.047 ],
	"position" : 
	[
		0.32590533122481885,
		1.5020652608509806,
		-0.68388981410128535,
		-1.5472867417701424,
		-0.92338389405988686,
		1.3159782560033924,
		0.0579
	],
	"velocity" : 
	[
		-0.23899999999999999,
		-0.012,
		-0.025000000000000001,
		0.39100000000000001,
		-0.373,
		0.59799999999999998,
		0.0
	]
}
