{
	"effort" : [ 0.0, 0.0, 0.0, 0.0, 0.0, 0.0, -1.042 ],
	"position" : 
	[
		0.41496948295406705,
		1.8901392200318217,
		-0.9191078373925019,
		-2.2101278850923811,
		-0.35086353952833149,
		2.6910010006017373,
		0.059700000000000003
	],
	"velocity" : 
	[
		0.0,
		0.066000000000000003,
		-0.192,
		0.0,
		0.0070000000000000001,
		0.0,
		0.0
	]
}
