{
	"effort" : [ 0.0, 0.0, 0.0, 0.0, 0.0, 0.0, -1.0429999999999999 ],
	"position" : 
	[
		0.61507148169516634,
		1.460753317456285,
		-0.62219242504330152,
		-1.230666562165931,
		-0.36376152270056633,
		1.1722852986867354,
		0.047100000000000003
	],
	"velocity" : [ 0.0, 0.0, 0.0, -0.057000000000000002, -0.084000000000000005, 0.0, 0.0 ]
}
