{
	"effort" : [ 0.0, 0.0, 0.0, 0.0, 0.0, 0.0, -0.021999999999999999 ],
	"position" : 
	[
		0.47958157186288081,
		0.015376350710066161,
		-5.2359877559816662e-05,
		-2.2165681500322387,
		0.30974358235135546,
		2.7949004509729338,
		0.0
	],
	"velocity" : [ 0.0, 0.0, 0.0, 0.0, -0.751, 0.0, 0.0 ]
}
