{
	"effort" : [ 0.0, 0.0, 0.0, 0.0, 0.0, 0.0, 0.16600000000000001 ],
	"position" : 
	[
		0.47958157186288081,
		0.62432172673073394,
		-0.3485771582082195,
		-2.2127109723853322,
		-0.13646729421340217,
		2.7585452426539012,
		0.0144
	],
	"velocity" : 
	[
		0.0,
		0.318,
		-0.29899999999999999,
		0.0,
		-0.073999999999999996,
		0.0,
		0.0
	]
}
