{
	"effort" : [ 0.0, 0.0, 0.0, 0.0, 0.0, 0.0, -1.0469999999999999 ],
	"position" : 
	[
		0.24192008761887296,
		1.5063936773959257,
		-0.70061006833538686,
		-1.6785355015200827,
		-1.2652415346479298,
		1.186649358430645,
		0.050599999999999999
	],
	"velocity" : 
	[
		0.0040000000000000001,
		0.0,
		0.066000000000000003,
		0.017000000000000001,
		0.0,
		0.0,
		0.0
	]
}
