{
	"effort" : [ 0.0, 0.0, 0.0, 0.0, 0.0, 0.0, -0.047 ],
	"position" : 
	[
		0.60671135457811565,
		1.2285547137710184,
		-0.61276764708253451,
		-1.2567766877757596,
		-0.28516934648328146,
		1.2544553998706076,
		0.043900000000000002
	],
	"velocity" : [ 0.0, -0.192, 0.0, 0.0, 0.41899999999999998, 0.0, 0.0 ]
}
