{
	"effort" : [ 0.0, 0.0, 0.0, 0.0, 0.0, 0.0, 0.13200000000000001 ],
	"position" : 
	[
		0.32602750427245841,
		1.7279981325215894,
		-0.84337800114848704,
		-2.212815692140452,
		-0.48733083374173364,
		2.570067136731081,
		0.090700000000000003
	],
	"velocity" : [ 0.0, 0.067000000000000004, 0.0, 0.0, 0.159, 0.13, 0.0 ]
}
