{
	"effort" : [ 0.0, 0.0, 0.0, 0.0, 0.0, 0.0, 0.062 ],
	"position" : 
	[
		0.22617721776588806,
		1.5081041000628794,
		-0.78642790765592629,
		-1.8107790989436596,
		-1.2133354426936316,
		1.2794136081741203,
		0.060100000000000001
	],
	"velocity" : 
	[
		0.27500000000000002,
		-0.012,
		0.0040000000000000001,
		0.54400000000000004,
		-0.41399999999999998,
		-0.14299999999999999,
		0.0
	]
}
