{
	"effort" : [ 0.0, 0.0, 0.0, 0.0, 0.0, 0.0, -0.106 ],
	"position" : 
	[
		0.36323792392496812,
		1.7613688278197126,
		-0.91952671641298045,
		-2.212815692140452,
		-0.6313728569087893,
		2.5849024353730292,
		0.069000000000000006
	],
	"velocity" : 
	[
		-0.436,
		-0.191,
		0.073999999999999996,
		0.0,
		-0.33900000000000002,
		-0.33700000000000002,
		0.0
	]
}
