{
	"effort" : [ 0.0, 0.0, 0.0, 0.0, 0.0, 0.0, 0.13900000000000001 ],
	"position" : 
	[
		0.34142130827504452,
		1.6424944524664091,
		-0.85011497206118336,
		-2.2155733123586021,
		-0.57674405132138062,
		2.7880413070125978,
		0.074099999999999999
	],
	"velocity" : [ 0.0, 0.23300000000000001, 0.0, 0.0, 0.025999999999999999, 0.0, 0.0 ]
}
