{
	"effort" : [ 0.0, 0.0, 0.0, 0.0, 0.0, 0.0, -0.035999999999999997 ],
	"position" : 
	[
		0.31066860685491221,
		1.5020652608509806,
		-0.68593184932611828,
		-1.5178779438740453,
		-0.94914495381931663,
		1.3395751074903495,
		0.061699999999999998
	],
	"velocity" : 
	[
		-0.13500000000000001,
		0.0,
		-0.062,
		0.247,
		-0.19900000000000001,
		0.023,
		0.0
	]
}
