{
	"effort" : [ 0.0, 0.0, 0.0, 0.0, 0.0, 0.0, -1.044 ],
	"position" : 
	[
		0.29078930667470188,
		1.5020652608509806,
		-0.68828804381631004,
		-1.6542056117472881,
		-1.060671493021726,
		1.2130910965983523,
		0.047800000000000002
	],
	"velocity" : 
	[
		0.0,
		0.0070000000000000001,
		0.050000000000000003,
		-0.34799999999999998,
		0.0,
		0.0,
		0.0
	]
}
