{
	"effort" : [ 0.0, 0.0, 0.0, 0.0, 0.0, 0.0, -1.042 ],
	"position" : 
	[
		0.41496948295406705,
		1.7899747742598926,
		-0.94813266285316011,
		-2.2179993200188735,
		-0.38454839409181352,
		2.647158329791651,
		0.056099999999999997
	],
	"velocity" : [ 0.0, -0.20799999999999999, 0.0, 0.0, 0.045999999999999999, 0.0, 0.0 ]
}
