{
	"effort" : [ 0.0, 0.0, 0.0, 0.0, 0.0, 0.0, 0.10299999999999999 ],
	"position" : 
	[
		0.031573006168569444,
		1.5108966268660695,
		-0.95270542549338411,
		-2.0903110319430009,
		-1.1168361883508895,
		2.3962497965250096,
		0.059900000000000002
	],
	"velocity" : 
	[
		0.092999999999999999,
		0.0,
		0.0,
		1.012,
		-0.122,
		-0.85299999999999998,
		0.0
	]
}
