{
	"effort" : [ 0.0, 0.0, 0.0, 0.0, 0.0, 0.0, -1.0780000000000001 ],
	"position" : 
	[
		0.58454567307779315,
		1.477438665105347,
		-0.61219168842937643,
		-1.1891800858460364,
		-0.4554611216003252,
		1.1008489724026254,
		0.051499999999999997
	],
	"velocity" : 
	[
		0.0,
		-0.033000000000000002,
		-0.041000000000000002,
		0.017000000000000001,
		0.23899999999999999,
		-0.0030000000000000001,
		0.0
	]
}
