{
	"effort" : [ 0.0, 0.0, 0.0, 0.0, 0.0, 0.0, -0.104 ],
	"position" : 
	[
		0.34142130827504452,
		1.6531933207811316,
		-0.86173886487946272,
		-2.2155733123586021,
		-0.51654764542011133,
		2.603228392518965,
		0.069000000000000006
	],
	"velocity" : [ 0.0, 0.0, -0.16700000000000001, 0.001, 0.0, -1.399, 0.0 ]
}
