{
	"effort" : [ 0.0, 0.0, 0.0, 0.0, 0.0, 0.0, -0.042999999999999997 ],
	"position" : 
	[
		0.60671135457811565,
		0.57859410032849412,
		-0.3323805027497162,
		-1.3577439850036062,
		-0.12770574136839286,
		1.255520050714324,
		0.0286
	],
	"velocity" : 
	[
		0.0,
		-0.52600000000000002,
		0.57599999999999996,
		-0.0089999999999999993,
		0.080000000000000002,
		0.0,
		0.0
	]
}
