{
	"effort" : [ 0.0, 0.0, 0.0, 0.0, 0.0, 0.0, -0.028000000000000001 ],
	"position" : 
	[
		0.47958157186288081,
		0.015376350710066161,
		-5.2359877559816662e-05,
		-2.2165681500322387,
		0.24513149344254168,
		2.7949004509729338,
		0.0
	],
	"velocity" : [ 0.0, 0.0, 0.0080000000000000002, 0.0, -0.55400000000000005, 0.0, 0.0 ]
}
