{
	"effort" : [ 0.0, 0.0, 0.0, 0.0, 0.0, 0.0, -0.025999999999999999 ],
	"position" : 
	[
		0.47958157186288081,
		0.15952309363224146,
		-0.085538586640220488,
		-2.2147355543176452,
		0.13377948716533158,
		2.7508308873600882,
		0.0
	],
	"velocity" : 
	[
		0.0,
		0.57199999999999995,
		-0.13600000000000001,
		0.0,
		-0.0070000000000000001,
		0.0,
		0.0
	]
}
