{
	"effort" : [ 0.0, 0.0, 0.0, 0.0, 0.0, 0.0, -1.0449999999999999 ],
	"position" : 
	[
		0.42463860701011313,
		1.481993974453051,
		-0.63613760576673262,
		-1.4564772607889003,
		-0.80121084642031459,
		1.3039005775795944,
		0.057099999999999998
	],
	"velocity" : 
	[
		0.20100000000000001,
		0.0,
		0.0,
		0.48799999999999999,
		0.33100000000000002,
		-0.070000000000000007,
		0.0
	]
}
