{
	"effort" : [ 0.0, 0.0, 0.0, 0.0, 0.0, 0.0, -1.0349999999999999 ],
	"position" : 
	[
		0.41496948295406705,
		1.8304838661986707,
		-0.94813266285316011,
		-2.2173535481956361,
		-0.35883969420994355,
		2.6821347280016092,
		0.056300000000000003
	],
	"velocity" : 
	[
		0.0,
		-0.161,
		0.0,
		0.0,
		-0.0070000000000000001,
		-0.35799999999999998,
		0.0
	]
}
