{
	"effort" : [ 0.0, 0.0, 0.0, 0.0, 0.0, 0.0, 0.10299999999999999 ],
	"position" : 
	[
		0.043406338497088019,
		1.5108966268660695,
		-0.95270542549338411,
		-1.9675969322353106,
		-1.1595269418546601,
		2.2906573767793792,
		0.059900000000000002
	],
	"velocity" : 
	[
		0.072999999999999995,
		0.0,
		-0.0030000000000000001,
		1.0429999999999999,
		-0.50800000000000001,
		-0.751,
		0.0
	]
}
