{
	"effort" : [ 0.0, 0.0, 0.0, 0.0, 0.0, 0.0, -1.0409999999999999 ],
	"position" : 
	[
		0.45626397305624244,
		1.5739728260331289,
		-0.94813266285316011,
		-2.219657382808268,
		-0.58868210340501881,
		2.5191035225728595,
		0.0562
	],
	"velocity" : [ 0.0, 0.0, 0.0, 0.0, 0.0, -0.14699999999999999, 0.0 ]
}
