{
	"effort" : [ 0.0, 0.0, 0.0, 0.0, 0.0, 0.0, -1.036 ],
	"position" : 
	[
		0.56248471133259048,
		1.4736687539210402,
		-0.60154517999221369,
		-1.3782516037145343,
		-0.5292361890821069,
		1.2307712819210506,
		0.055199999999999999
	],
	"velocity" : 
	[
		0.071999999999999995,
		0.001,
		0.0,
		0.0,
		0.23699999999999999,
		-0.023,
		0.0
	]
}
