{
	"effort" : [ 0.0, 0.0, 0.0, 0.0, 0.0, 0.0, -0.047 ],
	"position" : 
	[
		0.60671135457811565,
		0.90008374854576834,
		-0.5449790589350918,
		-1.2733224090846615,
		-0.19507545049535693,
		1.255520050714324,
		0.043900000000000002
	],
	"velocity" : 
	[
		0.0,
		-0.68200000000000005,
		0.0050000000000000001,
		-0.30099999999999999,
		0.373,
		0.0,
		0.0
	]
}
