{
	"effort" : [ 0.0, 0.0, 0.0, 0.0, 0.0, 0.0, -0.042000000000000003 ],
	"position" : 
	[
		0.60671135457811565,
		0.73328263193271259,
		-0.46488589956109222,
		-1.3498725500771134,
		-0.16334536469410807,
		1.255520050714324,
		0.043900000000000002
	],
	"velocity" : [ 0.0, -0.75700000000000001, 0.504, -0.047, 0.0, 0.0, 0.0 ]
}
