{
	"effort" : [ 0.0, 0.0, 0.0, 0.0, 0.0, 0.0, -0.048000000000000001 ],
	"position" : 
	[
		0.60671135457811565,
		1.2105952757680012,
		-0.61276764708253451,
		-1.2567766877757596,
		-0.29187141081093804,
		1.3193816480447802,
		0.043900000000000002
	],
	"velocity" : [ 0.0, 0.0, 0.0, 0.0, -0.20499999999999999, 0.0050000000000000001, 0.0 ]
}
