{
	"effort" : [ 0.0, 0.0, 0.0, 0.0, 0.0, 0.0, -0.33300000000000002 ],
	"position" : 
	[
		0.30756192078636307,
		1.4939320265366891,
		-0.66425486001635414,
		-1.4908777003456999,
		-0.98841486198917905,
		1.3524905439551043,
		0.060900000000000003
	],
	"velocity" : 
	[
		0.059999999999999998,
		0.0,
		0.185,
		0.0,
		0.17000000000000001,
		0.10299999999999999,
		0.0
	]
}
