{
	"effort" : [ 0.0, 0.0, 0.0, 0.0, 0.0, 0.0, 0.109 ],
	"position" : 
	[
		0.39002872794307436,
		1.5566766131458694,
		-0.95270542549338411,
		-2.2159747380865609,
		-0.81871649881781328,
		2.4905499360102397,
		0.059900000000000002
	],
	"velocity" : 
	[
		-0.77200000000000002,
		-0.066000000000000003,
		0.001,
		0.0,
		-0.83599999999999997,
		0.0,
		0.0
	]
}
