{
	"effort" : [ 0.0, 0.0, 0.0, 0.0, 0.0, 0.0, -0.094 ],
	"position" : 
	[
		0.34142130827504452,
		1.6531933207811316,
		-0.85011497206118336,
		-2.2155733123586021,
		-0.52276101755720972,
		2.7631354585866452,
		0.069000000000000006
	],
	"velocity" : [ 0.0, 0.0, 0.0, 0.0, 0.071999999999999995, -0.13900000000000001, 0.0 ]
}
