{
	"effort" : [ 0.0, 0.0, 0.0, 0.0, 0.0, 0.0, -1.038 ],
	"position" : 
	[
		0.35178856403188824,
		1.4901970219374223,
		-0.63435736992969882,
		-1.4860780449027164,
		-0.93474598749036708,
		1.3386675362793128,
		0.057099999999999998
	],
	"velocity" : [ 0.122, -0.014, -0.02, 0.185, 0.32700000000000001, -0.001, 0.0 ]
}
