{
	"effort" : [ 0.0, 0.0, 0.0, 0.0, 0.0, 0.0, -1.044 ],
	"position" : 
	[
		0.5867796945203454,
		1.463929816694914,
		-0.60990530710926449,
		-1.1966675483370899,
		-0.3635346298978071,
		1.1045490704168526,
		0.046600000000000003
	],
	"velocity" : 
	[
		0.010999999999999999,
		-0.044999999999999998,
		-0.024,
		-0.0030000000000000001,
		0.29699999999999999,
		-0.010999999999999999,
		0.0
	]
}
