{
	"effort" : [ 0.0, 0.0, 0.0, 0.0, 0.0, 0.0, -1.046 ],
	"position" : 
	[
		0.41893138035609312,
		1.6367697725198689,
		-0.94813266285316011,
		-2.219657382808268,
		-0.47706829774000953,
		2.6465474645534535,
		0.056099999999999997
	],
	"velocity" : [ 0.0, -0.13400000000000001, 0.0, 0.0, -0.29099999999999998, 0.0, 0.0 ]
}
