{
	"effort" : [ 0.0, 0.0, 0.0, 0.0, 0.0, 0.0, -0.0089999999999999993 ],
	"position" : 
	[
		0.28864255169474934,
		1.6948194234411857,
		-0.9071348787238237,
		-2.212815692140452,
		-0.63172192275918804,
		2.5393144353109487,
		0.069199999999999998
	],
	"velocity" : 
	[
		0.0,
		0.0,
		0.20899999999999999,
		0.0,
		0.47099999999999997,
		-0.0030000000000000001,
		0.0
	]
}
