{
	"effort" : [ 0.0, 0.0, 0.0, 0.0, 0.0, 0.0, -0.097000000000000003 ],
	"position" : 
	[
		0.51787409565162668,
		1.7664826425280549,
		-0.92704908548907394,
		-2.2108260167931792,
		-0.36157986113557394,
		2.7090826116523941,
		0.069000000000000006
	],
	"velocity" : 
	[
		0.129,
		0.063,
		-0.002,
		0.0,
		0.55000000000000004,
		0.099000000000000005,
		0.0
	]
}
