{
	"effort" : [ 0.0, 0.0, 0.0, 0.0, 0.0, 0.0, -0.089999999999999997 ],
	"position" : 
	[
		0.42636648296958707,
		1.7044361876196721,
		-0.92752032438711229,
		-2.2108260167931792,
		-0.45607198683852312,
		2.6611907769776821,
		0.069000000000000006
	],
	"velocity" : 
	[
		0.41899999999999998,
		0.28799999999999998,
		0.035000000000000003,
		-0.043999999999999997,
		0.57999999999999996,
		0.59999999999999998,
		0.0
	]
}
