{
	"effort" : [ 0.0, 0.0, 0.0, 0.0, 0.0, 0.0, 0.107 ],
	"position" : 
	[
		0.4586376208389541,
		1.5588582747108619,
		-0.95270542549338411,
		-2.2159747380865609,
		-0.74829246349986001,
		2.4911957078334774,
		0.059900000000000002
	],
	"velocity" : [ -0.23599999999999999, 0.0, 0.0, 0.0, -0.047, 0.0, 0.0 ]
}
