{
	"effort" : [ 0.0, 0.0, 0.0, 0.0, 0.0, 0.0, -0.10100000000000001 ],
	"position" : 
	[
		0.51787409565162668,
		1.7664826425280549,
		-0.92704908548907394,
		-2.2108260167931792,
		-0.3588920540875033,
		2.7090826116523941,
		0.069000000000000006
	],
	"velocity" : 
	[
		0.17799999999999999,
		0.0030000000000000001,
		-0.014,
		0.0,
		0.071999999999999995,
		0.012999999999999999,
		0.0
	]
}
