{
	"effort" : [ 0.0, 0.0, 0.0, 0.0, 0.0, 0.0, -1.087 ],
	"position" : 
	[
		0.41496948295406705,
		1.8253700514903284,
		-0.94813266285316011,
		-2.2173535481956361,
		-0.35883969420994355,
		2.6771430863409065,
		0.056000000000000001
	],
	"velocity" : 
	[
		0.0,
		-0.16800000000000001,
		0.0,
		0.0,
		0.040000000000000001,
		-0.161,
		0.0
	]
}
