{
	"effort" : [ 0.0, 0.0, 0.0, 0.0, 0.0, 0.0, -1.0449999999999999 ],
	"position" : 
	[
		0.29309314128733377,
		1.5020652608509806,
		-0.68388981410128535,
		-1.6754811753290935,
		-1.0666056124785053,
		1.2130910965983523,
		0.047
	],
	"velocity" : 
	[
		0.064000000000000001,
		0.0,
		0.0,
		0.017000000000000001,
		0.024,
		-0.021000000000000001,
		0.0
	]
}
