{
	"effort" : [ 0.0, 0.0, 0.0, 0.0, 0.0, 0.0, -1.044 ],
	"position" : 
	[
		0.32117548895191544,
		1.5020652608509806,
		-0.68388981410128535,
		-1.6712749318317883,
		-1.0048558635429616,
		1.2096877045569645,
		0.047199999999999999
	],
	"velocity" : [ 0.156, 0.0, 0.0, 0.0, 0.122, 0.0, 0.0 ]
}
