{
	"effort" : [ 0.0, 0.0, 0.0, 0.0, 0.0, 0.0, -0.042000000000000003 ],
	"position" : 
	[
		0.60671135457811565,
		0.43212606950116694,
		0.00085521133347700559,
		-1.3558066695338928,
		0.17908823454709291,
		1.46801388714458,
		0.0114
	],
	"velocity" : [ 0.0, 0.0, 0.0, 0.0, 0.037999999999999999, 0.0, 0.0 ]
}
