{
	"effort" : [ 0.0, 0.0, 0.0, 0.0, 0.0, 0.0, -0.094 ],
	"position" : 
	[
		0.36479126695924269,
		1.6574868307410364,
		-0.92973689253714475,
		-2.2089410612010254,
		-0.54246578481222052,
		2.5922502715239237,
		0.069000000000000006
	],
	"velocity" : 
	[
		0.222,
		0.096000000000000002,
		0.105,
		0.0,
		0.71499999999999997,
		0.35799999999999998,
		0.0
	]
}
