{
	"effort" : [ 0.0, 0.0, 0.0, 0.0, 0.0, 0.0, -0.053999999999999999 ],
	"position" : 
	[
		0.60671135457811565,
		0.43212606950116694,
		-0.032567843842205971,
		-1.3575869053709266,
		0.11215485773312731,
		1.4172073526190379,
		0.0114
	],
	"velocity" : 
	[
		0.0,
		-0.002,
		0.45100000000000001,
		0.0,
		0.57299999999999995,
		0.54600000000000004,
		0.0
	]
}
