{
	"effort" : [ 0.0, 0.0, 0.0, 0.0, 0.0, 0.0, -0.183 ],
	"position" : 
	[
		0.60671135457811565,
		0.47785369590340682,
		-0.20242328664625123,
		-1.3575869053709266,
		-0.10016444577192929,
		1.255520050714324,
		0.0121
	],
	"velocity" : 
	[
		0.0,
		-0.33600000000000002,
		0.41599999999999998,
		0.0,
		0.26400000000000001,
		0.0,
		0.0
	]
}
