{
	"effort" : [ 0.0, 0.0, 0.0, 0.0, 0.0, 0.0, 0.091999999999999998 ],
	"position" : 
	[
		0.060301125656388864,
		1.5108966268660695,
		-0.94396132594089488,
		-1.8738902046957586,
		-1.4158459958024825,
		1.5942884585263379,
		0.059900000000000002
	],
	"velocity" : 
	[
		0.032000000000000001,
		0.0,
		0.17499999999999999,
		0.0,
		-0.435,
		-0.20300000000000001,
		0.0
	]
}
