{
	"effort" : [ 0.0, 0.0, 0.0, 0.0, 0.0, 0.0, -0.10000000000000001 ],
	"position" : 
	[
		0.34142130827504452,
		1.6531933207811316,
		-0.93238979300017522,
		-2.2071608253639918,
		-0.62446135307089357,
		2.5207964919472938,
		0.069000000000000006
	],
	"velocity" : [ 0.0, 0.0, 0.0, 0.0, -0.067000000000000004, -0.58199999999999996, 0.0 ]
}
