{
	"effort" : [ 0.0, 0.0, 0.0, 0.0, 0.0, 0.0, 0.058999999999999997 ],
	"position" : 
	[
		0.20282471237420982,
		1.5085578856683977,
		-0.79070396432331147,
		-1.8690032827901759,
		-1.2247324427091517,
		1.2967970875239794,
		0.060100000000000001
	],
	"velocity" : 
	[
		0.104,
		0.0,
		0.0,
		0.13400000000000001,
		0.161,
		-0.052999999999999999,
		0.0
	]
}
