{
	"effort" : [ 0.0, 0.0, 0.0, 0.0, 0.0, 0.0, -1.046 ],
	"position" : 
	[
		0.60704296713599448,
		1.460753317456285,
		-0.62735859962920337,
		-1.2397946341538588,
		-0.30991811527655488,
		1.1193669157662807,
		0.047100000000000003
	],
	"velocity" : 
	[
		0.029999999999999999,
		0.0,
		0.0089999999999999993,
		0.122,
		-0.32200000000000001,
		0.46000000000000002,
		0.0
	]
}
