{
	"effort" : [ 0.0, 0.0, 0.0, 0.0, 0.0, 0.0, -1.04 ],
	"position" : 
	[
		0.45813147535587589,
		1.5787026683060323,
		-0.94813266285316011,
		-2.219657382808268,
		-0.5422039854244215,
		2.6465474645534535,
		0.056099999999999997
	],
	"velocity" : [ 0.0, 0.0, 0.0, 0.0, 0.105, 0.0, 0.0 ]
}
