{
	"effort" : [ 0.0, 0.0, 0.0, 0.0, 0.0, 0.0, 0.107 ],
	"position" : 
	[
		0.32925636338864711,
		1.1988492099020822,
		-0.64608598250309779,
		-2.2127109723853322,
		-0.40165262076135372,
		2.8221450405965589,
		0.047800000000000002
	],
	"velocity" : 
	[
		-0.63900000000000001,
		0.998,
		-0.95299999999999996,
		0.0,
		-1.1919999999999999,
		-0.001,
		0.0
	]
}
