{
	"effort" : [ 0.0, 0.0, 0.0, 0.0, 0.0, 0.0, -0.035000000000000003 ],
	"position" : 
	[
		0.47958157186288081,
		0.25940828672385169,
		-0.11894418852338352,
		-2.2127109723853322,
		0.11651818086311203,
		2.7585452426539012,
		0.0
	],
	"velocity" : 
	[
		0.0,
		0.60499999999999998,
		-0.24199999999999999,
		0.0,
		-0.38500000000000001,
		0.001,
		0.0
	]
}
