{
	"effort" : [ 0.0, 0.0, 0.0, 0.0, 0.0, 0.0, -1.0429999999999999 ],
	"position" : 
	[
		0.60920717540846692,
		1.4631618718240367,
		-0.64969881405472507,
		-1.2375431594187869,
		-0.29197613056605765,
		1.0837098391480455,
		0.047100000000000003
	],
	"velocity" : 
	[
		0.0070000000000000001,
		0.088999999999999996,
		0.0030000000000000001,
		-0.0030000000000000001,
		-0.001,
		0.0,
		0.0
	]
}
