{
	"effort" : [ 0.0, 0.0, 0.0, 0.0, 0.0, 0.0, 0.14399999999999999 ],
	"position" : 
	[
		0.32602750427245841,
		1.72216873281993,
		-0.84337800114848704,
		-2.212815692140452,
		-0.49642399914462187,
		2.5608343449880331,
		0.090700000000000003
	],
	"velocity" : [ 0.0, 0.024, -0.001, 0.001, 0.26600000000000001, 0.0, 0.0 ]
}
