{
	"effort" : [ 0.0, 0.0, 0.0, 0.0, 0.0, 0.0, -1.042 ],
	"position" : 
	[
		0.24192008761887296,
		1.5063936773959257,
		-0.70247757063502037,
		-1.6820436133165904,
		-1.2652415346479298,
		1.1854450812467694,
		0.050599999999999999
	],
	"velocity" : 
	[
		0.0,
		0.0,
		0.050999999999999997,
		0.13900000000000001,
		0.0,
		-0.029999999999999999,
		0.0
	]
}
