{
	"effort" : [ 0.0, 0.0, 0.0, 0.0, 0.0, 0.0, -1.046 ],
	"position" : 
	[
		0.41708133134897957,
		1.481993974453051,
		-0.63613760576673262,
		-1.4615212623271627,
		-0.81321871167403259,
		1.3086129665599779,
		0.057099999999999998
	],
	"velocity" : [ 0.245, 0.0, 0.0, 0.13, 0.34499999999999997, -0.19700000000000001, 0.0 ]
}
