{
	"effort" : [ 0.0, 0.0, 0.0, 0.0, 0.0, 0.0, -0.105 ],
	"position" : 
	[
		0.34142130827504452,
		1.6531933207811316,
		-0.8662069077645671,
		-2.2137581699365287,
		-0.51654764542011133,
		2.5545860662658955,
		0.069000000000000006
	],
	"velocity" : [ 0.0, 0.0, -0.045999999999999999, 0.109, 0.024, -1.018, 0.0 ]
}
