{
	"effort" : [ 0.0, 0.0, 0.0, 0.0, 0.0, 0.0, 0.114 ],
	"position" : 
	[
		0.30801570639188147,
		1.6948194234411857,
		-0.84337800114848704,
		-2.212815692140452,
		-0.53822463472987547,
		2.5344798732829257,
		0.073899999999999993
	],
	"velocity" : 
	[
		0.067000000000000004,
		0.0,
		0.040000000000000001,
		0.0,
		0.32900000000000001,
		0.063,
		0.0
	]
}
