{
	"effort" : [ 0.0, 0.0, 0.0, 0.0, 0.0, 0.0, -1.046 ],
	"position" : 
	[
		0.37660714599524131,
		1.5020652608509806,
		-0.68388981410128535,
		-1.6572250313532373,
		-0.91095714978569031,
		1.2016068301202325,
		0.047800000000000002
	],
	"velocity" : 
	[
		0.26000000000000001,
		0.0030000000000000001,
		0.0,
		0.109,
		0.442,
		-0.38500000000000001,
		0.0
	]
}
