{
	"effort" : [ 0.0, 0.0, 0.0, 0.0, 0.0, 0.0, -0.93300000000000005 ],
	"position" : 
	[
		0.59726912332482862,
		1.4610674767216441,
		-0.66402796721359492,
		-1.2255527474575887,
		-0.30969122247379566,
		1.0270913582133636,
		0.046600000000000003
	],
	"velocity" : [ 0.0, 0.01, 0.0, 0.0, 0.001, -0.161, 0.0 ]
}
