{
	"effort" : [ 0.0, 0.0, 0.0, 0.0, 0.0, 0.0, -0.10199999999999999 ],
	"position" : 
	[
		0.35969490554342054,
		1.6555669685638432,
		-0.93238979300017522,
		-2.2089410612010254,
		-0.55728363016164872,
		2.5862463388970647,
		0.069000000000000006
	],
	"velocity" : 
	[
		0.20300000000000001,
		0.0,
		0.105,
		-0.001,
		0.65000000000000002,
		0.36799999999999999,
		0.0
	]
}
