{
	"effort" : [ 0.0, 0.0, 0.0, 0.0, 0.0, 0.0, 0.025000000000000001 ],
	"position" : 
	[
		0.47958157186288081,
		0.51314425337872327,
		-0.24783675378313219,
		-2.2127109723853322,
		-0.047036623341235304,
		2.7585452426539012,
		0.0
	],
	"velocity" : 
	[
		-0.014999999999999999,
		0.65800000000000003,
		-0.45800000000000002,
		0.0,
		-0.73999999999999999,
		0.0,
		0.0
	]
}
