{
	"effort" : [ 0.0, 0.0, 0.0, 0.0, 0.0, 0.0, -1.052 ],
	"position" : 
	[
		0.39838885506012511,
		1.5020652608509806,
		-0.68388981410128535,
		-1.6331743942607615,
		-0.86508989704329098,
		1.1779052588781558,
		0.0482
	],
	"velocity" : 
	[
		0.182,
		0.0,
		0.0,
		0.23699999999999999,
		0.314,
		-0.19500000000000001,
		0.0
	]
}
