{
	"effort" : [ 0.0, 0.0, 0.0, 0.0, 0.0, 0.0, -1.0529999999999999 ],
	"position" : 
	[
		0.43268457486180495,
		1.481993974453051,
		-0.63613760576673262,
		-1.4456387661340182,
		-0.7844207790161335,
		1.3001655729803274,
		0.057099999999999998
	],
	"velocity" : 
	[
		0.14299999999999999,
		-0.0030000000000000001,
		-0.0030000000000000001,
		0.078,
		0.30599999999999999,
		-0.019,
		0.0
	]
}
