{
	"effort" : [ 0.0, 0.0, 0.0, 0.0, 0.0, 0.0, -1.0389999999999999 ],
	"position" : 
	[
		0.45813147535587589,
		1.5787026683060323,
		-0.94813266285316011,
		-2.219657382808268,
		-0.55159385680014861,
		2.6318343389591448,
		0.056099999999999997
	],
	"velocity" : 
	[
		0.0,
		-0.0050000000000000001,
		0.0,
		0.0,
		-0.010999999999999999,
		0.0,
		0.0
	]
}
