{
	"effort" : [ 0.0, 0.0, 0.0, 0.0, 0.0, 0.0, -0.10000000000000001 ],
	"position" : 
	[
		0.31826078910108563,
		1.7229890375683672,
		-0.91952671641298045,
		-2.212815692140452,
		-0.65774478190641694,
		2.5575531259942852,
		0.069000000000000006
	],
	"velocity" : 
	[
		-0.34799999999999998,
		-0.36699999999999999,
		-0.002,
		0.0,
		-0.13900000000000001,
		-0.157,
		0.0
	]
}
