{
	"effort" : [ 0.0, 0.0, 0.0, 0.0, 0.0, 0.0, -0.19400000000000001 ],
	"position" : 
	[
		0.41207223639575719,
		1.8777473823426654,
		-0.89966486952528979,
		-2.210791110208139,
		-0.38564795152056974,
		2.6926416100986117,
		0.070499999999999993
	],
	"velocity" : 
	[
		-0.0040000000000000001,
		0.042000000000000003,
		0.0,
		-0.035999999999999997,
		0.155,
		0.0,
		0.0
	]
}
