{
	"effort" : [ 0.0, 0.0, 0.0, 0.0, 0.0, 0.0, 0.105 ],
	"position" : 
	[
		0.3476695869971827,
		1.5519991307505256,
		-0.95270542549338411,
		-2.2159747380865609,
		-0.86999427224139381,
		2.4905499360102397,
		0.059900000000000002
	],
	"velocity" : 
	[
		-0.94799999999999995,
		-0.13500000000000001,
		0.0,
		0.0,
		-1.2250000000000001,
		0.0,
		0.0
	]
}
