{
	"effort" : [ 0.0, 0.0, 0.0, 0.0, 0.0, 0.0, 0.029000000000000001 ],
	"position" : 
	[
		0.47958157186288081,
		0.47043604658243282,
		-0.22418754241861502,
		-2.2127109723853322,
		-0.013229595730113678,
		2.7585452426539012,
		0.0
	],
	"velocity" : 
	[
		0.002,
		0.72099999999999997,
		-0.42599999999999999,
		0.0,
		-0.55200000000000005,
		0.0,
		0.0
	]
}
