{
	"effort" : [ 0.0, 0.0, 0.0, 0.0, 0.0, 0.0, -1.046 ],
	"position" : 
	[
		0.61685171753220014,
		1.460753317456285,
		-0.62491513867641191,
		-1.2268093845190244,
		-0.35046211380037284,
		1.1506083093769712,
		0.047100000000000003
	],
	"velocity" : [ 0.0, 0.0, 0.0, -0.13, -0.001, 0.16600000000000001, 0.0 ]
}
