{
	"effort" : [ 0.0, 0.0, 0.0, 0.0, 0.0, 0.0, -1.0429999999999999 ],
	"position" : 
	[
		0.41496948295406705,
		1.9002621296933861,
		-0.93279121872813386,
		-2.2119779340994947,
		-0.35224234963740664,
		2.6910010006017373,
		0.059700000000000003
	],
	"velocity" : [ 0.0, 0.13700000000000001, -0.13800000000000001, 0.0, 0.0, 0.0, 0.0 ]
}
