{
	"effort" : [ 0.0, 0.0, 0.0, 0.0, 0.0, 0.0, 0.105 ],
	"position" : 
	[
		0.45820128852595565,
		1.5588582747108619,
		-0.95270542549338411,
		-2.2159747380865609,
		-0.75138169627588924,
		2.4911957078334774,
		0.059900000000000002
	],
	"velocity" : [ -0.221, 0.0, 0.0, 0.0, -0.126, 0.0, 0.0 ]
}
