{
	"effort" : [ 0.0, 0.0, 0.0, 0.0, 0.0, 0.0, -1.042 ],
	"position" : 
	[
		0.44980625482386499,
		1.481993974453051,
		-0.63835417391676486,
		-1.4370168396291683,
		-0.73537702703510521,
		1.3001655729803274,
		0.057000000000000002
	],
	"velocity" : [ 0.02, 0.0, 0.0, 0.010999999999999999, 0.089999999999999997, 0.0, 0.0 ]
}
