{
	"effort" : [ 0.0, 0.0, 0.0, 0.0, 0.0, 0.0, 0.111 ],
	"position" : 
	[
		0.42353904958135702,
		1.5588582747108619,
		-0.95270542549338411,
		-2.2159747380865609,
		-0.78433351255353378,
		2.4905499360102397,
		0.059900000000000002
	],
	"velocity" : 
	[
		-0.59899999999999998,
		0.0,
		0.0,
		0.0030000000000000001,
		-0.54200000000000004,
		0.0,
		0.0
	]
}
