{
	"effort" : [ 0.0, 0.0, 0.0, 0.0, 0.0, 0.0, 0.058000000000000003 ],
	"position" : 
	[
		0.23610814120973328,
		1.5081041000628794,
		-0.78457785864881291,
		-1.7961706931044708,
		-1.2283278209682591,
		1.2776159190445664,
		0.060100000000000001
	],
	"velocity" : 
	[
		0.17599999999999999,
		0.0,
		0.0,
		0.625,
		-0.42899999999999999,
		-0.0050000000000000001,
		0.0
	]
}
