{
	"effort" : [ 0.0, 0.0, 0.0, 0.0, 0.0, 0.0, 0.062 ],
	"position" : 
	[
		0.19134044589609003,
		1.5085578856683977,
		-0.79325214503122254,
		-1.8800861235403372,
		-1.2566021548505601,
		1.317217439772308,
		0.060100000000000001
	],
	"velocity" : 
	[
		0.28199999999999997,
		0.0,
		0.099000000000000005,
		0.082000000000000003,
		0.78000000000000003,
		-0.40999999999999998,
		0.0
	]
}
