{
	"effort" : [ 0.0, 0.0, 0.0, 0.0, 0.0, 0.0, -1.0389999999999999 ],
	"position" : 
	[
		0.40086722259795643,
		1.5020652608509806,
		-0.68388981410128535,
		-1.6196131859727692,
		-0.8384038127803044,
		1.16519926192364,
		0.048300000000000003
	],
	"velocity" : 
	[
		-0.111,
		0.0,
		0.0,
		0.0,
		-0.040000000000000001,
		0.060999999999999999,
		0.0
	]
}
