{
	"effort" : [ 0.0, 0.0, 0.0, 0.0, 0.0, 0.0, 0.029999999999999999 ],
	"position" : 
	[
		0.47958157186288081,
		0.48014007722351881,
		-0.2297900493175154,
		-2.2127109723853322,
		-0.020786871391247217,
		2.7585452426539012,
		0.0
	],
	"velocity" : 
	[
		0.0,
		0.69999999999999996,
		-0.41199999999999998,
		0.0,
		-0.58599999999999997,
		0.0,
		0.0
	]
}
