{
	"effort" : [ 0.0, 0.0, 0.0, 0.0, 0.0, 0.0, 0.059999999999999998 ],
	"position" : 
	[
		0.17020450865444406,
		1.5085578856683977,
		-0.80950116036728559,
		-1.8800861235403372,
		-1.3222090814330105,
		1.360903030949715,
		0.060100000000000001
	],
	"velocity" : 
	[
		0.33100000000000002,
		0.0,
		0.314,
		0.037999999999999999,
		0.92800000000000005,
		-0.59799999999999998,
		0.0
	]
}
