{
	"effort" : [ 0.0, 0.0, 0.0, 0.0, 0.0, 0.0, 0.16300000000000001 ],
	"position" : 
	[
		0.32396801575510564,
		1.6985893346254926,
		-0.84337800114848704,
		-2.212815692140452,
		-0.50895546317393803,
		2.5587748564706807,
		0.086099999999999996
	],
	"velocity" : 
	[
		0.033000000000000002,
		0.017000000000000001,
		-0.025999999999999999,
		0.0,
		0.078,
		0.153,
		0.0
	]
}
