{
	"effort" : [ 0.0, 0.0, 0.0, 0.0, 0.0, 0.0, -0.048000000000000001 ],
	"position" : 
	[
		0.60671135457811565,
		1.2105952757680012,
		-0.61276764708253451,
		-1.2567766877757596,
		-0.28958502949082604,
		1.3188929558542219,
		0.043900000000000002
	],
	"velocity" : [ 0.0, 0.0, 0.0, 0.0, -0.214, 0.085999999999999993, 0.0 ]
}
