{
	"effort" : [ 0.0, 0.0, 0.0, 0.0, 0.0, 0.0, -0.049000000000000002 ],
	"position" : 
	[
		0.60671135457811565,
		1.2105952757680012,
		-0.61276764708253451,
		-1.2567766877757596,
		-0.27981118567966023,
		1.3188929558542219,
		0.043900000000000002
	],
	"velocity" : [ 0.0, 0.0, 0.0, 0.0, -0.26000000000000001, 0.010999999999999999, 0.0 ]
}
