{
	"effort" : [ 0.0, 0.0, 0.0, 0.0, 0.0, 0.0, -0.029999999999999999 ],
	"position" : 
	[
		0.47958157186288081,
		0.015376350710066161,
		-0.0030543261909893051,
		-2.2165681500322387,
		0.14123204307134549,
		2.7894724769992325,
		0.0
	],
	"velocity" : 
	[
		0.0,
		0.0,
		-0.045999999999999999,
		0.012999999999999999,
		-0.14699999999999999,
		-0.25800000000000001,
		0.0
	]
}
