{
	"effort" : [ 0.0, 0.0, 0.0, 0.0, 0.0, 0.0, -0.035999999999999997 ],
	"position" : 
	[
		0.47958157186288081,
		0.015376350710066161,
		-0.014224433403750195,
		-2.2165681500322387,
		0.13639748104332242,
		2.7655440129543969,
		0.0
	],
	"velocity" : 
	[
		0.0,
		0.0,
		-0.19800000000000001,
		0.0,
		-0.10100000000000001,
		-0.35999999999999999,
		0.0
	]
}
