{
	"effort" : [ 0.0, 0.0, 0.0, 0.0, 0.0, 0.0, 0.159 ],
	"position" : 
	[
		0.30403635569733545,
		1.6948194234411857,
		-0.84548984954339956,
		-2.212815692140452,
		-0.54452527332957346,
		2.5344798732829257,
		0.073099999999999998
	],
	"velocity" : [ 0.105, 0.0, 0.064000000000000001, 0.0, 0.33700000000000002, 0.0, 0.0 ]
}
