{
	"effort" : [ 0.0, 0.0, 0.0, 0.0, 0.0, 0.0, 0.129 ],
	"position" : 
	[
		0.45207518285145709,
		1.5739728260331289,
		-0.9488307945539578,
		-2.2200762618287464,
		-0.59721676344726893,
		2.5032384796722353,
		0.057799999999999997
	],
	"velocity" : [ 0.0, 0.0, -0.012999999999999999, 0.0, -0.024, 0.0, 0.0 ]
}
