{
	"effort" : [ 0.0, 0.0, 0.0, 0.0, 0.0, 0.0, 0.058000000000000003 ],
	"position" : 
	[
		0.41207223639575719,
		1.8632786028436357,
		-0.89158399508855823,
		-2.212815692140452,
		-0.4103792670213231,
		2.6968653068884372,
		0.090999999999999998
	],
	"velocity" : 
	[
		0.0,
		0.072999999999999995,
		-0.0050000000000000001,
		0.0,
		0.0,
		-0.099000000000000005,
		0.0
	]
}
