{
	"effort" : [ 0.0, 0.0, 0.0, 0.0, 0.0, 0.0, -0.10000000000000001 ],
	"position" : 
	[
		0.51787409565162668,
		1.7664826425280549,
		-0.92704908548907394,
		-2.2108260167931792,
		-0.3635346298978071,
		2.7089604386047546,
		0.069000000000000006
	],
	"velocity" : 
	[
		0.084000000000000005,
		0.076999999999999999,
		0.0,
		0.0,
		0.61699999999999999,
		0.107,
		0.0
	]
}
