{
	"effort" : [ 0.0, 0.0, 0.0, 0.0, 0.0, 0.0, -1.0409999999999999 ],
	"position" : 
	[
		0.57524306816466586,
		1.4736687539210402,
		-0.60154517999221369,
		-1.3761746619046615,
		-0.48378781536018606,
		1.2311552543564892,
		0.054399999999999997
	],
	"velocity" : 
	[
		0.042999999999999997,
		0.0,
		0.0,
		0.0030000000000000001,
		0.047,
		0.0,
		0.0
	]
}
