{
	"effort" : [ 0.0, 0.0, 0.0, 0.0, 0.0, 0.0, -1.04 ],
	"position" : 
	[
		0.59726912332482862,
		1.4610674767216441,
		-0.65962973749857023,
		-1.2356407505341134,
		-0.3105115272222328,
		1.0607238528992859,
		0.047100000000000003
	],
	"velocity" : [ 0.0, 0.0, 0.0, 0.0, 0.037999999999999999, 0.0, 0.0 ]
}
