{
	"effort" : [ 0.0, 0.0, 0.0, 0.0, 0.0, 0.0, -0.063 ],
	"position" : 
	[
		0.60671135457811565,
		0.43706535128430968,
		-0.11049679494373311,
		-1.3575869053709266,
		0.0,
		1.2696572176554743,
		0.0114
	],
	"velocity" : 
	[
		0.0,
		-0.048000000000000001,
		0.44600000000000001,
		0.0,
		0.59199999999999997,
		0.50600000000000001,
		0.0
	]
}
