{
	"effort" : [ 0.0, 0.0, 0.0, 0.0, 0.0, 0.0, 0.10000000000000001 ],
	"position" : 
	[
		0.32602750427245841,
		1.734159144781128,
		-0.84337800114848704,
		-2.212815692140452,
		-0.48577749070745907,
		2.5865604981624233,
		0.090899999999999995
	],
	"velocity" : [ 0.0, 0.17000000000000001, 0.0, 0.0, 0.0, 0.245, 0.0 ]
}
