{
	"effort" : [ 0.0, 0.0, 0.0, 0.0, 0.0, 0.0, -1.022 ],
	"position" : 
	[
		0.3388382209820936,
		1.5020652608509806,
		-0.68388981410128535,
		-1.6712749318317883,
		-0.9721832999456359,
		1.2096877045569645,
		0.047399999999999998
	],
	"velocity" : [ 0.152, 0.0070000000000000001, 0.0, 0.0, 0.16800000000000001, 0.0, 0.0 ]
}
