{
	"effort" : [ 0.0, 0.0, 0.0, 0.0, 0.0, 0.0, -1.0429999999999999 ],
	"position" : 
	[
		0.60920717540846692,
		1.4649770142461105,
		-0.63748150929076786,
		-1.2397946341538588,
		-0.29208085032117731,
		1.112734664608704,
		0.047100000000000003
	],
	"velocity" : [ -0.063, -0.01, 0.055, 0.0, 0.078, 0.0, 0.0 ]
}
