{
	"effort" : [ 0.0, 0.0, 0.0, 0.0, 0.0, 0.0, 0.11 ],
	"position" : 
	[
		0.18146188232980462,
		1.5293622103521651,
		-0.95270542549338411,
		-2.2159747380865609,
		-1.050426410312522,
		2.4905499360102397,
		0.059900000000000002
	],
	"velocity" : [ -1.022, -0.215, 0.0, 0.0, -0.90500000000000003, 0.0, 0.0 ]
}
