{
	"effort" : [ 0.0, 0.0, 0.0, 0.0, 0.0, 0.0, -1.044 ],
	"position" : 
	[
		0.41496948295406705,
		1.759623498567719,
		-0.94813266285316011,
		-2.2179993200188735,
		-0.38454839409181352,
		2.6465474645534535,
		0.056099999999999997
	],
	"velocity" : [ 0.0, -0.13700000000000001, 0.0, 0.0, 0.0, -0.001, 0.0 ]
}
