{
	"effort" : [ 0.0, 0.0, 0.0, 0.0, 0.0, 0.0, -0.0050000000000000001 ],
	"position" : 
	[
		0.60671135457811565,
		1.3309357276929799,
		-0.61276764708253451,
		-1.2580856847147548,
		-0.40608575706141814,
		1.2482943876110693,
		0.043999999999999997
	],
	"velocity" : 
	[
		0.002,
		-0.441,
		0.0,
		0.0,
		0.19900000000000001,
		0.0030000000000000001,
		0.0
	]
}
