{
	"effort" : [ 0.0, 0.0, 0.0, 0.0, 0.0, 0.0, -1.038 ],
	"position" : 
	[
		0.53098151833410079,
		1.4715569055261275,
		-0.610027480156904,
		-1.3478654214373207,
		-0.56485835911530213,
		1.2612796372459039,
		0.056300000000000003
	],
	"velocity" : 
	[
		0.037999999999999999,
		-0.012,
		0.0,
		0.109,
		0.36399999999999999,
		-0.085999999999999993,
		0.0
	]
}
