{
	"effort" : [ 0.0, 0.0, 0.0, 0.0, 0.0, 0.0, 0.032000000000000001 ],
	"position" : 
	[
		0.32396801575510564,
		1.6985893346254926,
		-0.84337800114848704,
		-2.212815692140452,
		-0.50834459793574005,
		2.5587748564706807,
		0.086499999999999994
	],
	"velocity" : 
	[
		0.012999999999999999,
		0.079000000000000001,
		0.0,
		0.0,
		0.14899999999999999,
		0.153,
		0.0
	]
}
