{
	"effort" : [ 0.0, 0.0, 0.0, 0.0, 0.0, 0.0, 0.094 ],
	"position" : 
	[
		0.057822758118557534,
		1.5108966268660695,
		-0.95270542549338411,
		-1.8738902046957586,
		-1.3134998884655609,
		1.7440377083474135,
		0.059900000000000002
	],
	"velocity" : [ 0.0, 0.0, 0.0, 0.0, -0.28499999999999998, -1.0920000000000001, 0.0 ]
}
