{
	"effort" : [ 0.0, 0.0, 0.0, 0.0, 0.0, 0.0, -0.93300000000000005 ],
	"position" : 
	[
		0.59726912332482862,
		1.4610674767216441,
		-0.66402796721359492,
		-1.2255527474575887,
		-0.31140164514074964,
		1.0299536981866337,
		0.046600000000000003
	],
	"velocity" : [ 0.0, 0.0, 0.0, 0.0, 0.115, -0.050999999999999997, 0.0 ]
}
