{
	"effort" : [ 0.0, 0.0, 0.0, 0.0, 0.0, 0.0, -0.032000000000000001 ],
	"position" : 
	[
		0.47958157186288081,
		0.015376350710066161,
		-5.2359877559816662e-05,
		-2.2165681500322387,
		0.39838885506012511,
		2.7949004509729338,
		0.0
	],
	"velocity" : [ 0.0, 0.0, 0.0, 0.0, -0.058999999999999997, 0.021000000000000001, 0.0 ]
}
