{
	"effort" : [ 0.0, 0.0, 0.0, 0.0, 0.0, 0.0, 0.050000000000000003 ],
	"position" : 
	[
		0.2134886741038925,
		1.5081041000628794,
		-0.78686423996892485,
		-1.83636562577789,
		-1.2052022083793401,
		1.2853651809234194,
		0.060100000000000001
	],
	"velocity" : 
	[
		0.16600000000000001,
		0.01,
		0.02,
		0.67300000000000004,
		0.0,
		-0.0030000000000000001,
		0.0
	]
}
