{
	"effort" : [ 0.0, 0.0, 0.0, 0.0, 0.0, 0.0, 0.10000000000000001 ],
	"position" : 
	[
		0.043703044469926976,
		1.5105824676007109,
		-0.95270542549338411,
		-2.207492437921871,
		-1.0999763077766287,
		2.4905499360102397,
		0.059900000000000002
	],
	"velocity" : 
	[
		-0.36399999999999999,
		-0.072999999999999995,
		0.0,
		0.318,
		-0.001,
		0.0,
		0.0
	]
}
