{
	"effort" : [ 0.0, 0.0, 0.0, 0.0, 0.0, 0.0, -1.042 ],
	"position" : 
	[
		0.59726912332482862,
		1.4610674767216441,
		-0.65962973749857023,
		-1.2356407505341134,
		-0.30899309077299808,
		1.0607238528992859,
		0.047100000000000003
	],
	"velocity" : 
	[
		0.0,
		0.0,
		0.039,
		-0.034000000000000002,
		0.017000000000000001,
		0.0,
		0.0
	]
}
