{
	"effort" : [ 0.0, 0.0, 0.0, 0.0, 0.0, 0.0, -1.0449999999999999 ],
	"position" : 
	[
		0.31902873397196291,
		1.5020652608509806,
		-0.68388981410128535,
		-1.6712749318317883,
		-1.009638065693425,
		1.2096877045569645,
		0.047199999999999999
	],
	"velocity" : [ 0.191, 0.0, 0.0, 0.0, 0.087999999999999995, 0.0, 0.0 ]
}
