{
	"effort" : [ 0.0, 0.0, 0.0, 0.0, 0.0, 0.0, -1.042 ],
	"position" : 
	[
		0.3425732255813605,
		1.4901970219374223,
		-0.63435736992969882,
		-1.4929720954480925,
		-0.95446820803789789,
		1.3455790401172085,
		0.057099999999999998
	],
	"velocity" : 
	[
		0.070999999999999994,
		0.0,
		-0.023,
		0.13800000000000001,
		0.16400000000000001,
		-0.042000000000000003,
		0.0
	]
}
