{
	"effort" : [ 0.0, 0.0, 0.0, 0.0, 0.0, 0.0, -0.099000000000000005 ],
	"position" : 
	[
		0.31396727914118067,
		1.7181544755403442,
		-0.91952671641298045,
		-2.212815692140452,
		-0.65781459507649664,
		2.5557554368647311,
		0.069000000000000006
	],
	"velocity" : 
	[
		-0.28999999999999998,
		-0.35999999999999999,
		0.0,
		0.0,
		-0.034000000000000002,
		-0.14099999999999999,
		0.0
	]
}
