{
	"effort" : [ 0.0, 0.0, 0.0, 0.0, 0.0, 0.0, -1.0369999999999999 ],
	"position" : 
	[
		0.41496948295406705,
		1.8164339657201201,
		-0.94813266285316011,
		-2.2179993200188735,
		-0.37732273098855884,
		2.657508132255975,
		0.056099999999999997
	],
	"velocity" : [ 0.0, 0.0, 0.0, 0.0, -0.0050000000000000001, -0.17399999999999999, 0.0 ]
}
