{
	"effort" : [ 0.0, 0.0, 0.0, 0.0, 0.0, 0.0, -1.036 ],
	"position" : 
	[
		0.28445376148996399,
		1.5003373848915067,
		-0.6880960575985906,
		-1.6862673101064158,
		-1.1747462129320467,
		1.202985640229308,
		0.050000000000000003
	],
	"velocity" : 
	[
		0.050999999999999997,
		0.001,
		0.151,
		-0.20100000000000001,
		0.0,
		0.0,
		0.0
	]
}
