{
	"effort" : [ 0.0, 0.0, 0.0, 0.0, 0.0, 0.0, -1.0429999999999999 ],
	"position" : 
	[
		0.6090675490683074,
		1.460753317456285,
		-0.6267477343910054,
		-1.2376653324664264,
		-0.31838296214872519,
		1.1242887442569034,
		0.047100000000000003
	],
	"velocity" : 
	[
		0.029999999999999999,
		0.012,
		0.02,
		0.073999999999999996,
		-0.308,
		0.095000000000000001,
		0.0
	]
}
