{
	"effort" : [ 0.0, 0.0, 0.0, 0.0, 0.0, 0.0, -1.042 ],
	"position" : 
	[
		0.61325633927309275,
		1.460753317456285,
		-0.62048200237634743,
		-1.2431805729027272,
		-0.39952331907392102,
		1.1722852986867354,
		0.047100000000000003
	],
	"velocity" : 
	[
		-0.040000000000000001,
		0.0,
		0.014,
		-0.073999999999999996,
		-0.12,
		0.0,
		0.0
	]
}
