{
	"effort" : [ 0.0, 0.0, 0.0, 0.0, 0.0, 0.0, -1.042 ],
	"position" : 
	[
		0.42137484130888464,
		1.621096715836964,
		-0.94813266285316011,
		-2.219657382808268,
		-0.54194218603662236,
		2.6465474645534535,
		0.056099999999999997
	],
	"velocity" : 
	[
		0.040000000000000001,
		-0.13300000000000001,
		0.0,
		0.0,
		-0.14299999999999999,
		0.0,
		0.0
	]
}
