{
	"effort" : [ 0.0, 0.0, 0.0, 0.0, 0.0, 0.0, -0.043999999999999997 ],
	"position" : 
	[
		0.60671135457811565,
		1.212619857700314,
		-0.61276764708253451,
		-1.2567766877757596,
		-0.26436502179951432,
		1.3028533800283981,
		0.043900000000000002
	],
	"velocity" : [ 0.0, -0.014, 0.0, 0.0, -0.184, 0.109, 0.0 ]
}
