{
	"effort" : [ 0.0, 0.0, 0.0, 0.0, 0.0, 0.0, -1.04 ],
	"position" : 
	[
		0.59726912332482862,
		1.4610674767216441,
		-0.662003385281282,
		-1.2278391287777006,
		-0.31447342462425892,
		1.0567445022047399,
		0.047100000000000003
	],
	"velocity" : 
	[
		0.0,
		0.0,
		0.071999999999999995,
		-0.0089999999999999993,
		0.001,
		0.122,
		0.0
	]
}
