{
	"effort" : [ 0.0, 0.0, 0.0, 0.0, 0.0, 0.0, 0.104 ],
	"position" : 
	[
		0.031991885189047983,
		1.5108966268660695,
		-0.95270542549338411,
		-2.1906500106401294,
		-1.0999763077766287,
		2.4888046067582459,
		0.059900000000000002
	],
	"velocity" : 
	[
		-0.224,
		0.0,
		0.0,
		0.59799999999999998,
		0.0,
		-0.045999999999999999,
		0.0
	]
}
