{
	"effort" : [ 0.0, 0.0, 0.0, 0.0, 0.0, 0.0, -1.044 ],
	"position" : 
	[
		0.45608944013104308,
		1.5843226284974525,
		-0.94813266285316011,
		-2.219657382808268,
		-0.54415875418665471,
		2.6465474645534535,
		0.056099999999999997
	],
	"velocity" : [ 0.085999999999999993, -0.16800000000000001, 0.0, 0.0, 0.0, 0.0, 0.0 ]
}
