{
	"effort" : [ 0.0, 0.0, 0.0, 0.0, 0.0, 0.0, 0.10199999999999999 ],
	"position" : 
	[
		0.054175019981890317,
		1.5108966268660695,
		-0.95270542549338411,
		-1.8668565278102234,
		-1.2319930123974461,
		2.1767048299166984,
		0.059900000000000002
	],
	"velocity" : 
	[
		0.032000000000000001,
		0.0,
		0.0,
		0.021000000000000001,
		-0.22600000000000001,
		-1.085,
		0.0
	]
}
