{
	"effort" : [ 0.0, 0.0, 0.0, 0.0, 0.0, 0.0, -1.0409999999999999 ],
	"position" : 
	[
		0.61121430404825994,
		1.460753317456285,
		-0.62048200237634743,
		-1.2516279664823775,
		-0.41256092858631543,
		1.1787604702116325,
		0.047100000000000003
	],
	"velocity" : [ 0.0, -0.098000000000000004, 0.0, -0.11799999999999999, 0.0, 0.12, 0.0 ]
}
