{
	"effort" : [ 0.0, 0.0, 0.0, 0.0, 0.0, 0.0, -1.0409999999999999 ],
	"position" : 
	[
		0.24390976296614594,
		1.5081041000628794,
		-0.71418872991589932,
		-1.711312784872528,
		-1.2652415346479298,
		1.1909254150980302,
		0.050500000000000003
	],
	"velocity" : 
	[
		-0.002,
		0.0,
		0.083000000000000004,
		0.115,
		0.0,
		-0.0070000000000000001,
		0.0
	]
}
