{
	"effort" : [ 0.0, 0.0, 0.0, 0.0, 0.0, 0.0, -0.93000000000000005 ],
	"position" : 
	[
		0.59726912332482862,
		1.4615387156196824,
		-0.65882688604265316,
		-1.2255527474575887,
		-0.32213542004051204,
		1.0384359983513241,
		0.046600000000000003
	],
	"velocity" : [ 0.0, 0.0, -0.024, 0.0, 0.0, -0.065000000000000002, 0.0 ]
}
