{
	"effort" : [ 0.0, 0.0, 0.0, 0.0, 0.0, 0.0, -1.044 ],
	"position" : 
	[
		0.29078930667470188,
		1.5020652608509806,
		-0.68409925361152457,
		-1.6881697189910889,
		-1.0837447457330853,
		1.2134227091562313,
		0.048599999999999997
	],
	"velocity" : [ 0.0, 0.0, 0.0, 0.20899999999999999, 0.024, 0.0, 0.0 ]
}
