{
	"effort" : [ 0.0, 0.0, 0.0, 0.0, 0.0, 0.0, 0.058000000000000003 ],
	"position" : 
	[
		0.41207223639575719,
		1.8654428111161085,
		-0.89552843919806435,
		-2.212815692140452,
		-0.4103792670213231,
		2.6935317280171289,
		0.090999999999999998
	],
	"velocity" : 
	[
		0.0,
		0.068000000000000005,
		-0.014999999999999999,
		0.014999999999999999,
		0.001,
		0.0,
		0.0
	]
}
