{
	"effort" : [ 0.0, 0.0, 0.0, 0.0, 0.0, 0.0, 0.109 ],
	"position" : 
	[
		0.038641589639144699,
		1.5108966268660695,
		-0.95270542549338411,
		-2.0144590226513466,
		-1.1367503951161397,
		2.3287753676429261,
		0.059900000000000002
	],
	"velocity" : 
	[
		0.129,
		0.0,
		0.0,
		0.85099999999999998,
		-0.20999999999999999,
		-0.86199999999999999,
		0.0
	]
}
