{
	"effort" : [ 0.0, 0.0, 0.0, 0.0, 0.0, 0.0, -1.056 ],
	"position" : 
	[
		0.41708133134897957,
		1.481993974453051,
		-0.63613760576673262,
		-1.4640345364500338,
		-0.81552254628666454,
		1.3079322881517004,
		0.057099999999999998
	],
	"velocity" : 
	[
		0.245,
		0.0,
		0.0,
		0.029999999999999999,
		0.49399999999999999,
		-0.19700000000000001,
		0.0
	]
}
