{
	"effort" : [ 0.0, 0.0, 0.0, 0.0, 0.0, 0.0, 0.096000000000000002 ],
	"position" : 
	[
		0.2188293816149938,
		1.5105301077231508,
		-0.85278532581673405,
		-2.2155733123586021,
		-0.60571651690447914,
		2.7306897877920786,
		0.068099999999999994
	],
	"velocity" : 
	[
		0.13100000000000001,
		0.0,
		0.051999999999999998,
		0.0,
		0.045999999999999999,
		0.070000000000000007,
		0.0
	]
}
