{
	"effort" : [ 0.0, 0.0, 0.0, 0.0, 0.0, 0.0, 0.099000000000000005 ],
	"position" : 
	[
		0.36981781520498508,
		1.1360871700003823,
		-0.58541833770379026,
		-2.2127109723853322,
		-0.33239795604223615,
		2.8247630344745494,
		0.047800000000000002
	],
	"velocity" : 
	[
		-0.63200000000000001,
		0.998,
		-0.94499999999999995,
		0.0,
		-1.048,
		0.0,
		0.0
	]
}
