{
	"effort" : [ 0.0, 0.0, 0.0, 0.0, 0.0, 0.0, -1.0429999999999999 ],
	"position" : 
	[
		0.29078930667470188,
		1.5020652608509806,
		-0.68388981410128535,
		-1.6735089532743403,
		-1.0692585129415362,
		1.2130910965983523,
		0.047300000000000002
	],
	"velocity" : [ 0.002, 0.0, 0.0, 0.0, -0.019, 0.0, 0.0 ]
}
