{
	"effort" : [ 0.0, 0.0, 0.0, 0.0, 0.0, 0.0, -1.0189999999999999 ],
	"position" : 
	[
		0.58454567307779315,
		1.477438665105347,
		-0.61391956438885031,
		-1.1891800858460364,
		-0.42090360241084623,
		1.1008489724026254,
		0.048000000000000001
	],
	"velocity" : [ -0.024, 0.0, 0.0, 0.0, 0.32700000000000001, 0.0, 0.0 ]
}
