{
	"effort" : [ 0.0, 0.0, 0.0, 0.0, 0.0, 0.0, -0.049000000000000002 ],
	"position" : 
	[
		0.60671135457811565,
		0.43212606950116694,
		0.00085521133347700559,
		-1.3575869053709266,
		0.13423327277084998,
		1.4616434353748022,
		0.0114
	],
	"velocity" : [ 0.0, 0.0, 0.0, 0.0, 0.043999999999999997, 0.065000000000000002, 0.0 ]
}
