{
	"effort" : [ 0.0, 0.0, 0.0, 0.0, 0.0, 0.0, -1.0469999999999999 ],
	"position" : 
	[
		0.41496948295406705,
		1.8164339657201201,
		-0.94813266285316011,
		-2.2173535481956361,
		-0.37274996834833485,
		2.6599515932087665,
		0.056099999999999997
	],
	"velocity" : [ 0.0, 0.0, 0.0, 0.0, -0.32500000000000001, -0.084000000000000005, 0.0 ]
}
