{
	"effort" : [ 0.0, 0.0, 0.0, 0.0, 0.0, 0.0, -0.035000000000000003 ],
	"position" : 
	[
		0.47958157186288081,
		0.015376350710066161,
		0.00076794487087731103,
		-2.2165681500322387,
		0.15203563114118765,
		2.7949004509729338,
		0.0
	],
	"velocity" : 
	[
		0.0,
		0.0,
		-0.0050000000000000001,
		0.0,
		-0.091999999999999998,
		0.0,
		0.0
	]
}
