{
	"effort" : [ 0.0, 0.0, 0.0, 0.0, 0.0, 0.0, -1.044 ],
	"position" : 
	[
		0.29529225614484605,
		1.5020652608509806,
		-0.68388981410128535,
		-1.6754811753290935,
		-1.0666056124785053,
		1.2130910965983523,
		0.047
	],
	"velocity" : [ 0.106, 0.0, 0.0, 0.0, 0.113, 0.0, 0.0 ]
}
