{
	"effort" : [ 0.0, 0.0, 0.0, 0.0, 0.0, 0.0, -1.048 ],
	"position" : 
	[
		0.35308010767836373,
		1.5020652608509806,
		-0.68388981410128535,
		-1.6712749318317883,
		-0.95022705795555296,
		1.2096877045569645,
		0.047399999999999998
	],
	"velocity" : 
	[
		0.19400000000000001,
		0.0050000000000000001,
		0.002,
		0.0,
		0.189,
		0.0,
		0.0
	]
}
