{
	"effort" : [ 0.0, 0.0, 0.0, 0.0, 0.0, 0.0, -1.0449999999999999 ],
	"position" : 
	[
		0.28618163744943792,
		1.5020652608509806,
		-0.68622855529895721,
		-1.6886584111816474,
		-1.1542909540986783,
		1.2104032895502819,
		0.049399999999999999
	],
	"velocity" : [ 0.040000000000000001, 0.0, 0.0, 0.0, 0.050999999999999997, 0.0, 0.0 ]
}
