{
	"effort" : [ 0.0, 0.0, 0.0, 0.0, 0.0, 0.0, -1.05 ],
	"position" : 
	[
		0.32564353183701977,
		1.5020652608509806,
		-0.68388981410128535,
		-1.6712749318317883,
		-0.99975950212713938,
		1.2096877045569645,
		0.047199999999999999
	],
	"velocity" : [ 0.19800000000000001, 0.0, 0.0, 0.0, 0.38300000000000001, 0.0, 0.0 ]
}
