{
	"effort" : [ 0.0, 0.0, 0.0, 0.0, 0.0, 0.0, 0.097000000000000003 ],
	"position" : 
	[
		0.057822758118557534,
		1.5108966268660695,
		-0.95270542549338411,
		-1.8738727514032385,
		-1.2811240308410743,
		1.8607478754282447,
		0.059900000000000002
	],
	"velocity" : [ 0.0, 0.0, 0.0, -0.087999999999999995, -0.224, -1.528, 0.0 ]
}
