{
	"effort" : [ 0.0, 0.0, 0.0, 0.0, 0.0, 0.0, -1.0409999999999999 ],
	"position" : 
	[
		0.49192104967447753,
		1.4759376819486323,
		-0.62194807894802229,
		-1.4049027813924808,
		-0.64446282629874341,
		1.3001655729803274,
		0.056599999999999998
	],
	"velocity" : 
	[
		0.311,
		0.0,
		0.075999999999999998,
		0.41899999999999998,
		0.375,
		0.0,
		0.0
	]
}
