{
	"effort" : [ 0.0, 0.0, 0.0, 0.0, 0.0, 0.0, -0.070000000000000007 ],
	"position" : 
	[
		0.60671135457811565,
		0.44109706185641556,
		-0.13076006755938213,
		-1.3575869053709266,
		-0.029688050576416047,
		1.255520050714324,
		0.0114
	],
	"velocity" : [ 0.0, -0.050000000000000003, 0.40600000000000003, 0.0, 0.442, 0.0, 0.0 ]
}
