{
	"effort" : [ 0.0, 0.0, 0.0, 0.0, 0.0, 0.0, -0.121 ],
	"position" : 
	[
		0.60671135457811565,
		0.52838097774863002,
		-0.26933921016769696,
		-1.3575869053709266,
		-0.10784389448070239,
		1.255520050714324,
		0.0178
	],
	"velocity" : [ 0.0, -0.42899999999999999, 0.52900000000000003, 0.0, 0.153, 0.0, 0.0 ]
}
