{
	"effort" : [ 0.0, 0.0, 0.0, 0.0, 0.0, 0.0, -0.024 ],
	"position" : 
	[
		0.60671135457811565,
		1.0164273964836812,
		-0.5468465612347253,
		-1.2567766877757596,
		-0.22190116109850302,
		1.2571606602111982,
		0.043900000000000002
	],
	"velocity" : [ 0.0, -0.873, 0.0, 0.0, 0.0, -0.0089999999999999993, 0.0 ]
}
