{
	"effort" : [ 0.0, 0.0, 0.0, 0.0, 0.0, 0.0, -1.036 ],
	"position" : 
	[
		0.58454567307779315,
		1.477438665105347,
		-0.61219168842937643,
		-1.1916060935063078,
		-0.46282641104373945,
		1.102733927994779,
		0.052600000000000001
	],
	"velocity" : 
	[
		0.0,
		-0.0030000000000000001,
		-0.053999999999999999,
		0.19700000000000001,
		0.17199999999999999,
		0.0,
		0.0
	]
}
