{
	"effort" : [ 0.0, 0.0, 0.0, 0.0, 0.0, 0.0, -1.04 ],
	"position" : 
	[
		0.24567254551065981,
		1.5081041000628794,
		-0.73823936700837511,
		-1.7284868247121479,
		-1.2652415346479298,
		1.2072791501892128,
		0.050500000000000003
	],
	"velocity" : [ 0.0, 0.0, 0.217, 0.128, 0.0, -0.11799999999999999, 0.0 ]
}
