{
	"effort" : [ 0.0, 0.0, 0.0, 0.0, 0.0, 0.0, -0.029000000000000001 ],
	"position" : 
	[
		0.47958157186288081,
		0.037350045992669223,
		-0.041626102660054246,
		-2.2165681500322387,
		0.13421581947833008,
		2.7443731691277109,
		0.0
	],
	"velocity" : [ 0.0, 0.36499999999999999, -0.12, 0.0, 0.0, -0.001, 0.0 ]
}
