{
	"effort" : [ 0.0, 0.0, 0.0, 0.0, 0.0, 0.0, -0.79100000000000004 ],
	"position" : 
	[
		0.4530700205250936,
		1.5739728260331289,
		-0.94813266285316011,
		-2.2200762618287464,
		-0.59199822898380716,
		2.5093994919317733,
		0.056300000000000003
	],
	"velocity" : 
	[
		-0.042000000000000003,
		0.0,
		0.0,
		0.0,
		-0.021000000000000001,
		-0.080000000000000002,
		0.0
	]
}
