{
	"effort" : [ 0.0, 0.0, 0.0, 0.0, 0.0, 0.0, -1.0429999999999999 ],
	"position" : 
	[
		0.59269636068460474,
		1.4615387156196824,
		-0.6229778232066987,
		-1.2045040766785426,
		-0.34681437566370565,
		1.0747912066703569,
		0.046600000000000003
	],
	"velocity" : 
	[
		0.085000000000000006,
		0.0,
		-0.124,
		-0.19500000000000001,
		0.0070000000000000001,
		-0.23300000000000001,
		0.0
	]
}
