{
	"effort" : [ 0.0, 0.0, 0.0, 0.0, 0.0, 0.0, 0.10100000000000001 ],
	"position" : 
	[
		0.10037388528216855,
		1.5085578856683977,
		-0.88662726001289549,
		-1.8738902046957586,
		-1.4401060724051977,
		1.4973005119930374,
		0.059900000000000002
	],
	"velocity" : 
	[
		0.40200000000000002,
		0.0,
		0.45500000000000002,
		0.0,
		0.0070000000000000001,
		-0.66700000000000004,
		0.0
	]
}
