{
	"effort" : [ 0.0, 0.0, 0.0, 0.0, 0.0, 0.0, 0.024 ],
	"position" : 
	[
		0.47958157186288081,
		0.45066146615734209,
		-0.21298252862081424,
		-2.2127109723853322,
		0.0,
		2.7585452426539012,
		0.0
	],
	"velocity" : [ 0.0, 0.71699999999999997, -0.36899999999999999, 0.0, -0.5, 0.0, 0.0 ]
}
