{
	"effort" : [ 0.0, 0.0, 0.0, 0.0, 0.0, 0.0, 0.17000000000000001 ],
	"position" : 
	[
		0.32545154561930045,
		1.7039649487216337,
		-0.84337800114848704,
		-2.212815692140452,
		-0.50577896393530908,
		2.5591064690285594,
		0.088599999999999998
	],
	"velocity" : [ 0.0, 0.16200000000000001, 0.0, 0.0, 0.0, 0.0, 0.0 ]
}
