{
	"effort" : [ 0.0, 0.0, 0.0, 0.0, 0.0, 0.0, -1.044 ],
	"position" : 
	[
		0.57754690277729781,
		1.477438665105347,
		-0.59803706819570601,
		-1.3072167031583828,
		-0.47921505271996206,
		1.1680266953118703,
		0.054399999999999997
	],
	"velocity" : 
	[
		0.0,
		0.01,
		0.028000000000000001,
		0.26600000000000001,
		0.0070000000000000001,
		-0.437,
		0.0
	]
}
