{
	"effort" : [ 0.0, 0.0, 0.0, 0.0, 0.0, 0.0, -1.048 ],
	"position" : 
	[
		0.41496948295406705,
		1.741018288741464,
		-0.94813266285316011,
		-2.2179993200188735,
		-0.38639844309892701,
		2.6465474645534535,
		0.056099999999999997
	],
	"velocity" : [ 0.0, -0.108, 0.0, 0.0, -0.042000000000000003, 0.0, 0.0 ]
}
