{
	"effort" : [ 0.0, 0.0, 0.0, 0.0, 0.0, 0.0, -0.031 ],
	"position" : 
	[
		0.47958157186288081,
		0.27703611216898999,
		-0.12444197566716426,
		-2.2127109723853322,
		0.10782644118818244,
		2.7585452426539012,
		0.0
	],
	"velocity" : [ 0.0, 0.63400000000000001, -0.254, 0.0, -0.26200000000000001, 0.0, 0.0 ]
}
