{
	"effort" : [ 0.0, 0.0, 0.0, 0.0, 0.0, 0.0, -1.0409999999999999 ],
	"position" : 
	[
		0.27427849195083964,
		1.4984349760068334,
		-0.69458868241600791,
		-1.6720428767026656,
		-1.2047484227738217,
		1.1869460644034839,
		0.050799999999999998
	],
	"velocity" : [ 0.01, 0.0, 0.021999999999999999, 0.0, 0.0050000000000000001, 0.0, 0.0 ]
}
