{
	"effort" : [ 0.0, 0.0, 0.0, 0.0, 0.0, 0.0, 0.10199999999999999 ],
	"position" : 
	[
		0.067526788759643561,
		1.5085578856683977,
		-0.92432637185596356,
		-1.8738902046957586,
		-1.4363361612208909,
		1.5552978030367941,
		0.059900000000000002
	],
	"velocity" : 
	[
		0.21199999999999999,
		-0.087999999999999995,
		0.32900000000000001,
		0.0,
		-0.155,
		-0.56899999999999995,
		0.0
	]
}
