{
	"effort" : [ 0.0, 0.0, 0.0, 0.0, 0.0, 0.0, -1.038 ],
	"position" : 
	[
		0.24385740308858614,
		1.5063936773959257,
		-0.69832368701527492,
		-1.6739976454648986,
		-1.2633391257632565,
		1.1828096340762584,
		0.050599999999999999
	],
	"velocity" : 
	[
		0.085000000000000006,
		0.0,
		0.002,
		0.095000000000000001,
		0.028000000000000001,
		-0.001,
		0.0
	]
}
