{
	"effort" : [ 0.0, 0.0, 0.0, 0.0, 0.0, 0.0, 0.107 ],
	"position" : 
	[
		0.093741634124591772,
		1.5168831062004087,
		-0.95270542549338411,
		-2.2159747380865609,
		-1.092122326142656,
		2.4905499360102397,
		0.059900000000000002
	],
	"velocity" : 
	[
		-0.72799999999999998,
		-0.127,
		0.0,
		0.0,
		-0.28899999999999998,
		0.0,
		0.0
	]
}
