{
	"effort" : [ 0.0, 0.0, 0.0, 0.0, 0.0, 0.0, -1.087 ],
	"position" : 
	[
		0.28417450880964501,
		1.5020652608509806,
		-0.68622855529895721,
		-1.6886584111816474,
		-1.1747462129320467,
		1.205464007767139,
		0.049599999999999998
	],
	"velocity" : 
	[
		0.0,
		0.024,
		0.0089999999999999993,
		-0.089999999999999997,
		0.058999999999999997,
		0.080000000000000002,
		0.0
	]
}
