{
	"effort" : [ 0.0, 0.0, 0.0, 0.0, 0.0, 0.0, 0.097000000000000003 ],
	"position" : 
	[
		0.21249383643025596,
		1.5105301077231508,
		-0.86844092920711924,
		-2.2155733123586021,
		-0.64397413410818516,
		2.5640981106892622,
		0.047800000000000002
	],
	"velocity" : [ 0.0, 0.0, 0.0, 0.0, 0.56699999999999995, 0.59999999999999998, 0.0 ]
}
