{
	"effort" : [ 0.0, 0.0, 0.0, 0.0, 0.0, 0.0, 0.115 ],
	"position" : 
	[
		0.28864255169474934,
		1.6948194234411857,
		-0.88032662141319762,
		-2.212815692140452,
		-0.6062750222651172,
		2.5385813970251112,
		0.071199999999999999
	],
	"velocity" : [ 0.0, 0.0, 0.313, 0.0, 0.13, -0.0089999999999999993, 0.0 ]
}
