{
	"effort" : [ 0.0, 0.0, 0.0, 0.0, 0.0, 0.0, 0.10100000000000001 ],
	"position" : 
	[
		0.36512287951712152,
		1.1430335804233178,
		-0.59213785532396668,
		-2.2127109723853322,
		-0.33964107243801078,
		2.8247630344745494,
		0.047800000000000002
	],
	"velocity" : 
	[
		-0.67800000000000005,
		0.97899999999999998,
		-0.95599999999999996,
		0.0,
		-1.018,
		0.0,
		0.0
	]
}
