{
	"effort" : [ 0.0, 0.0, 0.0, 0.0, 0.0, 0.0, -1.038 ],
	"position" : 
	[
		0.59726912332482862,
		1.4610674767216441,
		-0.662003385281282,
		-1.2278391287777006,
		-0.31447342462425892,
		1.0549642663677061,
		0.047100000000000003
	],
	"velocity" : 
	[
		0.0,
		0.0,
		0.010999999999999999,
		-0.0070000000000000001,
		0.0,
		0.113,
		0.0
	]
}
