{
	"effort" : [ 0.0, 0.0, 0.0, 0.0, 0.0, 0.0, 0.14999999999999999 ],
	"position" : 
	[
		0.45207518285145709,
		1.5739728260331289,
		-0.94813266285316011,
		-2.2200762618287464,
		-0.59641391199135163,
		2.5049838089242291,
		0.057500000000000002
	],
	"velocity" : [ 0.0, 0.0, -0.021999999999999999, 0.0, -0.078, 0.0, 0.0 ]
}
