{
	"effort" : [ 0.0, 0.0, 0.0, 0.0, 0.0, 0.0, -0.10299999999999999 ],
	"position" : 
	[
		0.34142130827504452,
		1.6531933207811316,
		-0.89645346370162116,
		-2.2067244930509937,
		-0.54164548006378344,
		2.5648486022676193,
		0.069000000000000006
	],
	"velocity" : 
	[
		0.0,
		0.0,
		-0.16700000000000001,
		0.0,
		-0.14099999999999999,
		0.55600000000000005,
		0.0
	]
}
