{
	"effort" : [ 0.0, 0.0, 0.0, 0.0, 0.0, 0.0, 0.10100000000000001 ],
	"position" : 
	[
		0.21249383643025596,
		1.5105301077231508,
		-0.86844092920711924,
		-2.2155733123586021,
		-0.6712536303168497,
		2.5474127630401999,
		0.047800000000000002
	],
	"velocity" : [ 0.0, 0.0, 0.0, 0.001, 0.126, -0.17999999999999999, 0.0 ]
}
