{
	"effort" : [ 0.0, 0.0, 0.0, 0.0, 0.0, 0.0, -1.046 ],
	"position" : 
	[
		0.46642178930284683,
		1.4801264721534175,
		-0.6294355414390761,
		-1.4193541075989902,
		-0.69172634244273801,
		1.3001655729803274,
		0.057000000000000002
	],
	"velocity" : 
	[
		0.24099999999999999,
		-0.031,
		0.12,
		0.105,
		0.77400000000000002,
		0.0,
		0.0
	]
}
