{
	"effort" : [ 0.0, 0.0, 0.0, 0.0, 0.0, 0.0, -1.0429999999999999 ],
	"position" : 
	[
		0.60920717540846692,
		1.4649770142461105,
		-0.63877305293724329,
		-1.2397946341538588,
		-0.29560641541020494,
		1.112734664608704,
		0.047100000000000003
	],
	"velocity" : [ -0.035999999999999997, 0.0, 0.002, 0.0, 0.14299999999999999, 0.0, 0.0 ]
}
