{
	"effort" : [ 0.0, 0.0, 0.0, 0.0, 0.0, 0.0, -1.0489999999999999 ],
	"position" : 
	[
		0.58225929175768121,
		1.477438665105347,
		-0.59590776650827348,
		-1.2348029924931563,
		-0.47462483678721817,
		1.1089123935468372,
		0.054100000000000002
	],
	"velocity" : 
	[
		0.0,
		0.0,
		-0.067000000000000004,
		0.20999999999999999,
		-0.001,
		-0.023,
		0.0
	]
}
