{
	"effort" : [ 0.0, 0.0, 0.0, 0.0, 0.0, 0.0, -0.035999999999999997 ],
	"position" : 
	[
		0.33627258698166257,
		1.5020652608509806,
		-0.68388981410128535,
		-1.5674452946306716,
		-0.91301663830304314,
		1.2942314535235482,
		0.055199999999999999
	],
	"velocity" : 
	[
		-0.26000000000000001,
		-0.02,
		0.0,
		0.78000000000000003,
		-0.45400000000000001,
		0.68799999999999994,
		0.0
	]
}
