{
	"effort" : [ 0.0, 0.0, 0.0, 0.0, 0.0, 0.0, -1.0389999999999999 ],
	"position" : 
	[
		0.45626397305624244,
		1.5762766606457606,
		-0.94813266285316011,
		-2.219657382808268,
		-0.5866924280577458,
		2.5668557309074123,
		0.0562
	],
	"velocity" : [ 0.0, 0.0, 0.0, 0.0, -0.035999999999999997, -0.35799999999999998, 0.0 ]
}
