{
	"effort" : [ 0.0, 0.0, 0.0, 0.0, 0.0, 0.0, 0.158 ],
	"position" : 
	[
		0.28864255169474934,
		1.6948194234411857,
		-0.88428851881522363,
		-2.212815692140452,
		-0.61229640818449604,
		2.5385813970251112,
		0.070800000000000002
	],
	"velocity" : [ 0.0, 0.0, 0.27800000000000002, 0.0, 0.187, 0.0, 0.0 ]
}
