{
	"effort" : [ 0.0, 0.0, 0.0, 0.0, 0.0, 0.0, 0.098000000000000004 ],
	"position" : 
	[
		0.057822758118557534,
		1.5108966268660695,
		-0.95270542549338411,
		-1.8738902046957586,
		-1.298612229946053,
		1.7868680881913435,
		0.059900000000000002
	],
	"velocity" : 
	[
		0.0,
		0.0,
		0.0,
		-0.035999999999999997,
		-0.51900000000000002,
		-1.3149999999999999,
		0.0
	]
}
