{
	"effort" : [ 0.0, 0.0, 0.0, 0.0, 0.0, 0.0, -0.028000000000000001 ],
	"position" : 
	[
		0.47958157186288081,
		0.33615041393402301,
		-0.1546187184341386,
		-2.2127109723853322,
		0.075398223686136009,
		2.7585452426539012,
		0.0
	],
	"velocity" : 
	[
		0.0,
		0.65500000000000003,
		-0.33200000000000002,
		0.0,
		-0.39300000000000002,
		0.0,
		0.0
	]
}
