{
	"effort" : [ 0.0, 0.0, 0.0, 0.0, 0.0, 0.0, -1.0900000000000001 ],
	"position" : 
	[
		0.41496948295406705,
		1.8702948264366512,
		-0.94813266285316011,
		-2.2173535481956361,
		-0.35725144459062919,
		2.6910010006017373,
		0.058900000000000001
	],
	"velocity" : [ 0.0, -0.24299999999999999, 0.0, 0.0, 0.0, 0.0, 0.0 ]
}
