{
	"effort" : [ 0.0, 0.0, 0.0, 0.0, 0.0, 0.0, -0.099000000000000005 ],
	"position" : 
	[
		0.34142130827504452,
		1.6531933207811316,
		-0.93238979300017522,
		-2.2071608253639918,
		-0.62615432244532754,
		2.4956812040111012,
		0.069000000000000006
	],
	"velocity" : [ 0.0, 0.0, 0.0, 0.0, -0.078, -0.32700000000000001, 0.0 ]
}
