{
	"effort" : [ 0.0, 0.0, 0.0, 0.0, 0.0, 0.0, -1.0489999999999999 ],
	"position" : 
	[
		0.24567254551065981,
		1.5081041000628794,
		-0.78251837013145997,
		-1.7455561447966481,
		-1.2627282605250587,
		1.2297066310773341,
		0.050500000000000003
	],
	"velocity" : [ 0.0, 0.0, 0.0, 0.0, -0.028000000000000001, -0.019, 0.0 ]
}
