{
	"effort" : [ 0.0, 0.0, 0.0, 0.0, 0.0, 0.0, -0.042000000000000003 ],
	"position" : 
	[
		0.60671135457811565,
		0.8086983089113684,
		-0.51043899303813278,
		-1.3313371534209384,
		-0.16334536469410807,
		1.255520050714324,
		0.043900000000000002
	],
	"velocity" : 
	[
		0.0,
		-0.71299999999999997,
		0.38700000000000001,
		-0.13800000000000001,
		0.0,
		0.0,
		0.0
	]
}
