{
	"effort" : [ 0.0, 0.0, 0.0, 0.0, 0.0, 0.0, -1.0549999999999999 ],
	"position" : 
	[
		0.32995449508944474,
		1.4924834032575345,
		-0.64121651389003476,
		-1.4929720954480925,
		-0.97227056640823561,
		1.3455790401172085,
		0.057099999999999998
	],
	"velocity" : 
	[
		0.104,
		-0.0030000000000000001,
		0.16500000000000001,
		0.0,
		0.0030000000000000001,
		-0.124,
		0.0
	]
}
