{
	"effort" : [ 0.0, 0.0, 0.0, 0.0, 0.0, 0.0, -1.0429999999999999 ],
	"position" : 
	[
		0.60704296713599448,
		1.460753317456285,
		-0.62704444036384444,
		-1.2397946341538588,
		-0.30522317958869127,
		1.1147941531260566,
		0.047100000000000003
	],
	"velocity" : 
	[
		0.056000000000000001,
		0.0,
		0.012999999999999999,
		0.058999999999999997,
		-0.33900000000000002,
		0.124,
		0.0
	]
}
