{
	"effort" : [ 0.0, 0.0, 0.0, 0.0, 0.0, 0.0, 0.222 ],
	"position" : 
	[
		0.21249383643025596,
		1.5105301077231508,
		-0.86653852032244583,
		-2.2155733123586021,
		-0.59616956589607262,
		2.6562514951945393,
		0.047800000000000002
	],
	"velocity" : 
	[
		0.0,
		0.0,
		0.087999999999999995,
		0.0,
		-0.0050000000000000001,
		0.34999999999999998,
		0.0
	]
}
