{
	"effort" : [ 0.0, 0.0, 0.0, 0.0, 0.0, 0.0, -1.046 ],
	"position" : 
	[
		0.29078930667470188,
		1.5020652608509806,
		-0.68600166249619809,
		-1.6436812763577648,
		-1.0538123490613902,
		1.211188687713679,
		0.0482
	],
	"velocity" : 
	[
		0.0,
		0.0,
		-0.029999999999999999,
		0.187,
		-0.14699999999999999,
		0.0,
		0.0
	]
}
