{
	"effort" : [ 0.0, 0.0, 0.0, 0.0, 0.0, 0.0, 0.106 ],
	"position" : 
	[
		0.057822758118557534,
		1.5108966268660695,
		-0.95270542549338411,
		-1.867275406830702,
		-1.2639674442939743,
		1.9916824759128262,
		0.059900000000000002
	],
	"velocity" : 
	[
		0.0,
		0.0,
		0.0,
		-0.017000000000000001,
		-0.29699999999999999,
		-1.478,
		0.0
	]
}
