{
	"effort" : [ 0.0, 0.0, 0.0, 0.0, 0.0, 0.0, -1.036 ],
	"position" : 
	[
		0.38470547372449304,
		1.4841058228479633,
		-0.63435736992969882,
		-1.4814878289699727,
		-0.8735547439154614,
		1.3325414306048142,
		0.057099999999999998
	],
	"velocity" : 
	[
		0.27800000000000002,
		-0.070999999999999994,
		0.0,
		0.019,
		0.30099999999999999,
		-0.14899999999999999,
		0.0
	]
}
