{
	"effort" : [ 0.0, 0.0, 0.0, 0.0, 0.0, 0.0, -0.10100000000000001 ],
	"position" : 
	[
		0.34142130827504452,
		1.6531933207811316,
		-0.86598001496180788,
		-2.2094646599766241,
		-0.51370275873936133,
		2.5347416726707244,
		0.069000000000000006
	],
	"velocity" : 
	[
		0.0,
		0.0,
		-0.017000000000000001,
		0.19900000000000001,
		0.047,
		-0.92600000000000005,
		0.0
	]
}
