{
	"effort" : [ 0.0, 0.0, 0.0, 0.0, 0.0, 0.0, -0.049000000000000002 ],
	"position" : 
	[
		0.60671135457811565,
		1.1492294992678962,
		-0.5468465612347253,
		-1.2567766877757596,
		-0.22464132802413345,
		1.2643339634368931,
		0.043900000000000002
	],
	"velocity" : 
	[
		0.0,
		-0.78000000000000003,
		0.0,
		0.0,
		0.069000000000000006,
		-0.097000000000000003,
		0.0
	]
}
