{
	"effort" : [ 0.0, 0.0, 0.0, 0.0, 0.0, 0.0, -1.05 ],
	"position" : 
	[
		0.60477403910840255,
		1.4610674767216441,
		-0.65343381865399208,
		-1.2375431594187869,
		-0.28623399732699778,
		1.0778804394463859,
		0.047100000000000003
	],
	"velocity" : 
	[
		0.042999999999999997,
		0.0089999999999999993,
		0.014999999999999999,
		-0.012999999999999999,
		0.0,
		0.0089999999999999993,
		0.0
	]
}
