{
	"effort" : [ 0.0, 0.0, 0.0, 0.0, 0.0, 0.0, 0.090999999999999998 ],
	"position" : 
	[
		0.21249383643025596,
		1.5105301077231508,
		-0.86844092920711924,
		-2.2155733123586021,
		-0.61131902380337955,
		2.6237185579373734,
		0.047800000000000002
	],
	"velocity" : [ 0.0, 0.0, 0.0, 0.0, 0.23499999999999999, 0.63200000000000001, 0.0 ]
}
