{
	"effort" : [ 0.0, 0.0, 0.0, 0.0, 0.0, 0.0, 0.10000000000000001 ],
	"position" : 
	[
		0.21406463275705048,
		1.4677520877567809,
		-0.86357146059405621,
		-2.2145086615148859,
		-0.66362654148563638,
		2.7658581722197559,
		0.047800000000000002
	],
	"velocity" : 
	[
		-0.025999999999999999,
		0.57599999999999996,
		-0.19700000000000001,
		0.0,
		-0.14499999999999999,
		-0.92400000000000004,
		0.0
	]
}
