{
	"effort" : [ 0.0, 0.0, 0.0, 0.0, 0.0, 0.0, 0.091999999999999998 ],
	"position" : 
	[
		0.32780774010949221,
		1.7400932642379072,
		-0.84337800114848704,
		-2.212815692140452,
		-0.48010517063847891,
		2.6035774583693643,
		0.090899999999999995
	],
	"velocity" : 
	[
		0.049000000000000002,
		0.27000000000000002,
		0.0,
		0.0,
		0.095000000000000001,
		0.51500000000000001,
		0.0
	]
}
