{
	"effort" : [ 0.0, 0.0, 0.0, 0.0, 0.0, 0.0, -0.0040000000000000001 ],
	"position" : 
	[
		0.34142130827504452,
		1.6531933207811316,
		-0.85011497206118336,
		-2.2155733123586021,
		-0.52684508800687524,
		2.7735550742210489,
		0.069500000000000006
	],
	"velocity" : 
	[
		0.0,
		0.0,
		0.0,
		-0.028000000000000001,
		0.049000000000000002,
		-0.109,
		0.0
	]
}
