{
	"effort" : [ 0.0, 0.0, 0.0, 0.0, 0.0, 0.0, 0.20000000000000001 ],
	"position" : 
	[
		0.30934215662339687,
		1.5369194860132984,
		-0.85011497206118336,
		-2.2155733123586021,
		-0.58756509268374268,
		2.773747060438768,
		0.074099999999999999
	],
	"velocity" : 
	[
		0.318,
		0.437,
		0.0,
		0.0,
		0.070000000000000007,
		0.073999999999999996,
		0.0
	]
}
