{
	"effort" : [ 0.0, 0.0, 0.0, 0.0, 0.0, 0.0, -1.046 ],
	"position" : 
	[
		0.58454567307779315,
		1.4673332087363025,
		-0.6081425245647506,
		-1.1928103706901836,
		-0.39102356561671087,
		1.1026117549471393,
		0.046600000000000003
	],
	"velocity" : [ 0.0, -0.001, 0.024, 0.0, 0.0, 0.0, 0.0 ]
}
