{
	"effort" : [ 0.0, 0.0, 0.0, 0.0, 0.0, 0.0, -0.090999999999999998 ],
	"position" : 
	[
		0.38182568045870308,
		1.6663356500486455,
		-0.92752032438711229,
		-2.2089410612010254,
		-0.50616293637074772,
		2.613997074003767,
		0.069000000000000006
	],
	"velocity" : 
	[
		0.23100000000000001,
		0.16400000000000001,
		0.014,
		-0.0030000000000000001,
		0.39500000000000002,
		0.14299999999999999,
		0.0
	]
}
