{
	"effort" : [ 0.0, 0.0, 0.0, 0.0, 0.0, 0.0, -1.042 ],
	"position" : 
	[
		0.3969053251959303,
		1.481993974453051,
		-0.63435736992969882,
		-1.4760947615813116,
		-0.85454810836124806,
		1.3246350890932819,
		0.057099999999999998
	],
	"velocity" : 
	[
		0.33000000000000002,
		-0.0050000000000000001,
		0.0,
		0.115,
		0.59199999999999997,
		-0.23300000000000001,
		0.0
	]
}
