{
	"effort" : [ 0.0, 0.0, 0.0, 0.0, 0.0, 0.0, -0.13700000000000001 ],
	"position" : 
	[
		0.34142130827504452,
		1.6531933207811316,
		-0.85011497206118336,
		-2.2155733123586021,
		-0.56183893950935282,
		2.7880413070125978,
		0.073999999999999996
	],
	"velocity" : [ 0.0, 0.02, 0.0, 0.0, 0.41899999999999998, 0.0, 0.0 ]
}
