{
	"effort" : [ 0.0, 0.0, 0.0, 0.0, 0.0, 0.0, 0.11 ],
	"position" : 
	[
		0.37266270188573514,
		1.5544251384107974,
		-0.95270542549338411,
		-2.2159747380865609,
		-0.83859579899802383,
		2.4905499360102397,
		0.059900000000000002
	],
	"velocity" : 
	[
		-0.85899999999999999,
		-0.084000000000000005,
		0.0,
		0.0,
		-1.0429999999999999,
		0.0,
		0.0
	]
}
