{
	"effort" : [ 0.0, 0.0, 0.0, 0.0, 0.0, 0.0, -0.108 ],
	"position" : 
	[
		0.34142130827504452,
		1.6531933207811316,
		-0.91741486801806771,
		-2.2071608253639918,
		-0.5756619471851443,
		2.5910110877550081,
		0.069000000000000006
	],
	"velocity" : [ 0.0, 0.0, -0.20599999999999999, 0.0, -0.46700000000000003, 0.159, 0.0 ]
}
