{
	"effort" : [ 0.0, 0.0, 0.0, 0.0, 0.0, 0.0, 0.155 ],
	"position" : 
	[
		0.28864255169474934,
		1.6948194234411857,
		-0.88612111452981734,
		-2.212815692140452,
		-0.61262802074237499,
		2.5385813970251112,
		0.070599999999999996
	],
	"velocity" : [ 0.0, 0.0, 0.29199999999999998, 0.0, 0.31, 0.0, 0.0 ]
}
