{
	"effort" : [ 0.0, 0.0, 0.0, 0.0, 0.0, 0.0, -0.10000000000000001 ],
	"position" : 
	[
		0.34142130827504452,
		1.6531933207811316,
		-0.93238979300017522,
		-2.2071608253639918,
		-0.61624085229400227,
		2.5968055808716275,
		0.069000000000000006
	],
	"velocity" : [ 0.0, 0.0, -0.016, 0.0, -0.191, -0.56499999999999995, 0.0 ]
}
