{
	"effort" : [ 0.0, 0.0, 0.0, 0.0, 0.0, 0.0, -0.32500000000000001 ],
	"position" : 
	[
		0.30581659153436919,
		1.4939320265366891,
		-0.66935122143217629,
		-1.4908777003456999,
		-0.9907012433092911,
		1.3524905439551043,
		0.061699999999999998
	],
	"velocity" : 
	[
		0.097000000000000003,
		0.0,
		0.20200000000000001,
		0.0,
		0.043999999999999997,
		0.0050000000000000001,
		0.0
	]
}
