{
	"effort" : [ 0.0, 0.0, 0.0, 0.0, 0.0, 0.0, 0.107 ],
	"position" : 
	[
		0.38453094079929356,
		1.5545647647509566,
		-0.95270542549338411,
		-2.2159747380865609,
		-0.831928641255407,
		2.4905499360102397,
		0.059900000000000002
	],
	"velocity" : [ -0.78400000000000003, -0.13, 0.0, 0.0, -0.89500000000000002, 0.0, 0.0 ]
}
