{
	"effort" : [ 0.0, 0.0, 0.0, 0.0, 0.0, 0.0, 0.060999999999999999 ],
	"position" : 
	[
		0.4098207616606851,
		1.8317055966750664,
		-0.88624328757745685,
		-2.212815692140452,
		-0.42483059322783251,
		2.7147374784288547,
		0.090999999999999998
	],
	"velocity" : 
	[
		0.02,
		0.16600000000000001,
		-0.012999999999999999,
		0.0,
		0.080000000000000002,
		0.001,
		0.0
	]
}
