{
	"effort" : [ 0.0, 0.0, 0.0, 0.0, 0.0, 0.0, -1.044 ],
	"position" : 
	[
		0.61316907281049293,
		1.460753317456285,
		-0.62491513867641191,
		-1.2336685284793603,
		-0.33323571408319325,
		1.1349876125716258,
		0.047100000000000003
	],
	"velocity" : 
	[
		0.023,
		0.0,
		0.0,
		0.082000000000000003,
		-0.10100000000000001,
		0.184,
		0.0
	]
}
