{
	"effort" : [ 0.0, 0.0, 0.0, 0.0, 0.0, 0.0, -1.044 ],
	"position" : 
	[
		0.26015877830220907,
		1.5043690954636126,
		-0.69832368701527492,
		-1.6702626408656316,
		-1.2458858332433176,
		1.180959585069145,
		0.050599999999999999
	],
	"velocity" : 
	[
		0.13500000000000001,
		-0.085000000000000006,
		0.032000000000000001,
		0.0,
		0.126,
		0.017000000000000001,
		0.0
	]
}
