{
	"effort" : [ 0.0, 0.0, 0.0, 0.0, 0.0, 0.0, -1.0469999999999999 ],
	"position" : 
	[
		0.56998962711616419,
		1.4736687539210402,
		-0.60154517999221369,
		-1.3782516037145343,
		-0.5097059547522953,
		1.2311552543564892,
		0.054800000000000001
	],
	"velocity" : 
	[
		0.088999999999999996,
		0.0,
		0.0,
		0.0,
		0.26600000000000001,
		0.014999999999999999,
		0.0
	]
}
