{
	"effort" : [ 0.0, 0.0, 0.0, 0.0, 0.0, 0.0, -1.04 ],
	"position" : 
	[
		0.28841565889199011,
		1.5020652608509806,
		-0.68622855529895721,
		-1.6886584111816474,
		-1.1422307289674005,
		1.2127245774554336,
		0.049299999999999997
	],
	"velocity" : [ 0.019, 0.0, 0.0, 0.0, 0.255, 0.001, 0.0 ]
}
