{
	"effort" : [ 0.0, 0.0, 0.0, 0.0, 0.0, 0.0, -1.042 ],
	"position" : 
	[
		0.41496948295406705,
		1.8003769366017761,
		-0.94813266285316011,
		-2.2179993200188735,
		-0.38454839409181352,
		2.647158329791651,
		0.056099999999999997
	],
	"velocity" : 
	[
		0.0,
		-0.13500000000000001,
		0.0,
		0.0,
		-0.017000000000000001,
		-0.11799999999999999,
		0.0
	]
}
