{
	"effort" : [ 0.0, 0.0, 0.0, 0.0, 0.0, 0.0, 0.10100000000000001 ],
	"position" : 
	[
		0.47602110018881327,
		0.91090478990813051,
		-0.4187568474308937,
		-2.2127109723853322,
		-0.16863371232764957,
		2.8220926807189985,
		0.047800000000000002
	],
	"velocity" : 
	[
		-0.073999999999999996,
		0.79100000000000004,
		-0.33500000000000002,
		0.0,
		-0.251,
		0.0,
		0.0
	]
}
