{
	"effort" : [ 0.0, 0.0, 0.0, 0.0, 0.0, 0.0, -0.044999999999999998 ],
	"position" : 
	[
		0.60671135457811565,
		0.92980670570722435,
		-0.5468465612347253,
		-1.2598135606742289,
		-0.20872392524594915,
		1.255520050714324,
		0.043900000000000002
	],
	"velocity" : 
	[
		0.0,
		-0.72699999999999998,
		0.0,
		-0.34699999999999998,
		0.34799999999999998,
		0.0,
		0.0
	]
}
