{
	"effort" : [ 0.0, 0.0, 0.0, 0.0, 0.0, 0.0, 0.058999999999999997 ],
	"position" : 
	[
		0.41207223639575719,
		1.8646225063676711,
		-0.89394018957874988,
		-2.212815692140452,
		-0.4103792670213231,
		2.6948407249561241,
		0.090999999999999998
	],
	"velocity" : 
	[
		0.0,
		0.014999999999999999,
		-0.081000000000000003,
		0.0,
		0.017000000000000001,
		-0.10299999999999999,
		0.0
	]
}
