{
	"effort" : [ 0.0, 0.0, 0.0, 0.0, 0.0, 0.0, -1.0389999999999999 ],
	"position" : 
	[
		0.59068923204481172,
		1.4615387156196824,
		-0.61618849241644247,
		-1.2016242834127526,
		-0.35143949818148945,
		1.0817899769708521,
		0.046600000000000003
	],
	"velocity" : 
	[
		0.0080000000000000002,
		-0.002,
		-0.14499999999999999,
		-0.099000000000000005,
		0.19700000000000001,
		-0.161,
		0.0
	]
}
