{
	"effort" : [ 0.0, 0.0, 0.0, 0.0, 0.0, 0.0, -1.0389999999999999 ],
	"position" : 
	[
		0.34934510307909677,
		1.4901970219374223,
		-0.63435736992969882,
		-1.4897083297468641,
		-0.94319338107001738,
		1.3386675362793128,
		0.057099999999999998
	],
	"velocity" : 
	[
		0.104,
		-0.0060000000000000001,
		0.0,
		0.124,
		0.36599999999999999,
		-0.019,
		0.0
	]
}
