{
	"effort" : [ 0.0, 0.0, 0.0, 0.0, 0.0, 0.0, -0.10100000000000001 ],
	"position" : 
	[
		0.47017424719463374,
		1.7664826425280549,
		-0.9219352707807319,
		-2.2108260167931792,
		-0.5087460236636987,
		2.6888018857442253,
		0.069000000000000006
	],
	"velocity" : [ -0.22600000000000001, 0.0, 0.0, 0.0, 0.0, -0.13200000000000001, 0.0 ]
}
