{
	"effort" : [ 0.0, 0.0, 0.0, 0.0, 0.0, 0.0, -0.93000000000000005 ],
	"position" : 
	[
		0.59653608503899125,
		1.4615387156196824,
		-0.6470459135916945,
		-1.2202643998240472,
		-0.32618458390513794,
		1.0534807365035113,
		0.046600000000000003
	],
	"velocity" : 
	[
		0.043999999999999997,
		0.0,
		-0.151,
		-0.091999999999999998,
		0.050999999999999997,
		-0.012999999999999999,
		0.0
	]
}
