{
	"effort" : [ 0.0, 0.0, 0.0, 0.0, 0.0, 0.0, 0.024 ],
	"position" : 
	[
		0.60671135457811565,
		0.45369833905581142,
		-0.16427038919766485,
		-1.3575869053709266,
		-0.066985736691525466,
		1.255520050714324,
		0.0114
	],
	"velocity" : 
	[
		0.0,
		-0.26200000000000001,
		0.38900000000000001,
		0.0,
		0.67800000000000005,
		0.0,
		0.0
	]
}
