{
	"effort" : [ 0.0, 0.0, 0.0, 0.0, 0.0, 0.0, 0.112 ],
	"position" : 
	[
		0.4656363911394496,
		1.5588582747108619,
		-0.95270542549338411,
		-2.2159747380865609,
		-0.74230598416552085,
		2.4908640952755987,
		0.059900000000000002
	],
	"velocity" : 
	[
		-0.028000000000000001,
		0.0,
		0.0,
		0.0,
		-0.069000000000000006,
		-0.070000000000000007,
		0.0
	]
}
