{
	"effort" : [ 0.0, 0.0, 0.0, 0.0, 0.0, 0.0, -0.025999999999999999 ],
	"position" : 
	[
		0.47958157186288081,
		0.015376350710066161,
		-0.0035779249665874721,
		-2.2165681500322387,
		0.14123204307134549,
		2.792840962455581,
		0.0
	],
	"velocity" : 
	[
		0.0,
		0.0,
		-0.16900000000000001,
		0.0,
		-0.040000000000000001,
		-0.17999999999999999,
		0.0
	]
}
