{
	"effort" : [ 0.0, 0.0, 0.0, 0.0, 0.0, 0.0, -1.0469999999999999 ],
	"position" : 
	[
		0.42755330686094289,
		1.481993974453051,
		-0.63613760576673262,
		-1.451974311318756,
		-0.79695224304544954,
		1.3019632621098813,
		0.057099999999999998
	],
	"velocity" : 
	[
		0.23899999999999999,
		0.0,
		0.0,
		0.25800000000000001,
		0.249,
		-0.091999999999999998,
		0.0
	]
}
