{
	"effort" : [ 0.0, 0.0, 0.0, 0.0, 0.0, 0.0, 0.096000000000000002 ],
	"position" : 
	[
		0.29721211832203931,
		1.6948194234411857,
		-0.8477238709859517,
		-2.212815692140452,
		-0.55969218452940028,
		2.5344798732829257,
		0.072700000000000001
	],
	"velocity" : 
	[
		0.114,
		0.0,
		0.057000000000000002,
		-0.058999999999999997,
		0.29899999999999999,
		0.0,
		0.0
	]
}
