{
	"effort" : [ 0.0, 0.0, 0.0, 0.0, 0.0, 0.0, 0.060999999999999999 ],
	"position" : 
	[
		0.41207223639575719,
		1.8632786028436357,
		-0.89158399508855823,
		-2.212815692140452,
		-0.4103792670213231,
		2.6970921996911965,
		0.090999999999999998
	],
	"velocity" : 
	[
		0.0,
		0.058000000000000003,
		-0.0040000000000000001,
		0.065000000000000002,
		0.017000000000000001,
		-0.024,
		0.0
	]
}
