{
	"effort" : [ 0.0, 0.0, 0.0, 0.0, 0.0, 0.0, -0.042000000000000003 ],
	"position" : 
	[
		0.60671135457811565,
		0.79906409144036217,
		-0.50773373269754218,
		-1.3350372514351656,
		-0.16334536469410807,
		1.255520050714324,
		0.043900000000000002
	],
	"velocity" : 
	[
		0.0,
		-0.70399999999999996,
		0.36599999999999999,
		-0.155,
		0.023,
		0.0,
		0.0
	]
}
