{
	"effort" : [ 0.0, 0.0, 0.0, 0.0, 0.0, 0.0, -0.096000000000000002 ],
	"position" : 
	[
		0.52417473425132466,
		1.7664826425280549,
		-0.92893404108122735,
		-2.2108260167931792,
		-0.34430110154083449,
		2.7127478030815815,
		0.069000000000000006
	],
	"velocity" : 
	[
		0.021000000000000001,
		-0.0070000000000000001,
		0.0,
		0.0,
		0.13900000000000001,
		0.0,
		0.0
	]
}
