{
	"effort" : [ 0.0, 0.0, 0.0, 0.0, 0.0, 0.0, -1.0449999999999999 ],
	"position" : 
	[
		0.24390976296614594,
		1.5063936773959257,
		-0.7112216701875097,
		-1.7034588032385554,
		-1.2652415346479298,
		1.1889357397507569,
		0.050500000000000003
	],
	"velocity" : 
	[
		-0.002,
		0.0,
		0.10299999999999999,
		0.36599999999999999,
		0.0,
		-0.050999999999999997,
		0.0
	]
}
