{
	"effort" : [ 0.0, 0.0, 0.0, 0.0, 0.0, 0.0, -0.93899999999999995 ],
	"position" : 
	[
		0.59726912332482862,
		1.4610674767216441,
		-0.66402796721359492,
		-1.2255527474575887,
		-0.31637583350893222,
		1.0345090075343379,
		0.046600000000000003
	],
	"velocity" : [ -0.0030000000000000001, 0.0, 0.0, 0.0, 0.0, 0.089999999999999997, 0.0 ]
}
