{
	"effort" : [ 0.0, 0.0, 0.0, 0.0, 0.0, 0.0, -1.048 ],
	"position" : 
	[
		0.58293997016595889,
		1.477438665105347,
		-0.60407590740760486,
		-1.2107523554006805,
		-0.47462483678721817,
		1.102733927994779,
		0.053999999999999999
	],
	"velocity" : 
	[
		0.010999999999999999,
		-0.012999999999999999,
		-0.13100000000000001,
		0.42299999999999999,
		0.0,
		-0.12,
		0.0
	]
}
