{
	"effort" : [ 0.0, 0.0, 0.0, 0.0, 0.0, 0.0, -0.049000000000000002 ],
	"position" : 
	[
		0.60671135457811565,
		1.2102636632101225,
		-0.5468465612347253,
		-1.2567766877757596,
		-0.23631758071997255,
		1.283166066065907,
		0.043900000000000002
	],
	"velocity" : [ 0.0, -0.503, 0.0, 0.0, 0.185, -0.23000000000000001, 0.0 ]
}
