{
	"effort" : [ 0.0, 0.0, 0.0, 0.0, 0.0, 0.0, 0.159 ],
	"position" : 
	[
		0.47958157186288081,
		0.77454221544984803,
		-0.39051742013363266,
		-2.2127109723853322,
		-0.15435691904633952,
		2.8145877649354252,
		0.047500000000000001
	],
	"velocity" : [ 0.0, 0.55600000000000005, -0.0060000000000000001, 0.0, 0.0, 0.0, 0.0 ]
}
