{
	"effort" : [ 0.0, 0.0, 0.0, 0.0, 0.0, 0.0, -1.0409999999999999 ],
	"position" : 
	[
		0.24192008761887296,
		1.5063936773959257,
		-0.70888292898983796,
		-1.6961807802577409,
		-1.2652415346479298,
		1.1889357397507569,
		0.050500000000000003
	],
	"velocity" : 
	[
		-0.055,
		0.0,
		0.14799999999999999,
		0.32200000000000001,
		0.0,
		-0.001,
		0.0
	]
}
