{
	"effort" : [ 0.0, 0.0, 0.0, 0.0, 0.0, 0.0, -0.042999999999999997 ],
	"position" : 
	[
		0.60671135457811565,
		0.43212606950116694,
		0.00085521133347700559,
		-1.3558066695338928,
		0.18331193133691817,
		1.469724309811534,
		0.0114
	],
	"velocity" : [ 0.0, 0.0, 0.0, 0.0, 0.052999999999999999, 0.091999999999999998, 0.0 ]
}
