{
	"effort" : [ 0.0, 0.0, 0.0, 0.0, 0.0, 0.0, 0.10299999999999999 ],
	"position" : 
	[
		0.20373228358524667,
		1.5338477065297895,
		-0.95270542549338411,
		-2.2159747380865609,
		-1.0377727732355664,
		2.4905499360102397,
		0.059900000000000002
	],
	"velocity" : 
	[
		-1.0980000000000001,
		-0.14599999999999999,
		0.0,
		0.0,
		-0.96599999999999997,
		0.0,
		0.0
	]
}
