{
	"effort" : [ 0.0, 0.0, 0.0, 0.0, 0.0, 0.0, -0.216 ],
	"position" : 
	[
		0.24567254551065981,
		1.5081041000628794,
		-0.78251837013145997,
		-1.7455561447966481,
		-1.2593423217761905,
		1.2409989113377349,
		0.052299999999999999
	],
	"velocity" : [ 0.0, 0.0, 0.021000000000000001, 0.0, -0.185, 0.0, 0.0 ]
}
