{
	"effort" : [ 0.0, 0.0, 0.0, 0.0, 0.0, 0.0, -1.0369999999999999 ],
	"position" : 
	[
		0.41496948295406705,
		1.8548312092639856,
		-0.94813266285316011,
		-2.2173535481956361,
		-0.35883969420994355,
		2.6910010006017373,
		0.058500000000000003
	],
	"velocity" : [ 0.0, -0.16900000000000001, 0.0, 0.0, 0.0, 0.0, 0.0 ]
}
