{
	"effort" : [ 0.0, 0.0, 0.0, 0.0, 0.0, 0.0, -1.046 ],
	"position" : 
	[
		0.60704296713599448,
		1.4649770142461105,
		-0.63748150929076786,
		-1.2397946341538588,
		-0.28974210912350551,
		1.112734664608704,
		0.047100000000000003
	],
	"velocity" : 
	[
		-0.025000000000000001,
		-0.033000000000000002,
		0.001,
		0.001,
		0.0089999999999999993,
		0.0,
		0.0
	]
}
