{
	"effort" : [ 0.0, 0.0, 0.0, 0.0, 0.0, 0.0, -0.099000000000000005 ],
	"position" : 
	[
		0.52241195170681076,
		1.7664826425280549,
		-0.92893404108122735,
		-2.2108260167931792,
		-0.34686673554126546,
		2.7127478030815815,
		0.069000000000000006
	],
	"velocity" : 
	[
		0.0040000000000000001,
		0.0,
		-0.0030000000000000001,
		0.0,
		0.19700000000000001,
		0.0030000000000000001,
		0.0
	]
}
