{
	"effort" : [ 0.0, 0.0, 0.0, 0.0, 0.0, 0.0, -0.047 ],
	"position" : 
	[
		0.60671135457811565,
		0.43212606950116694,
		0.00085521133347700559,
		-1.3575869053709266,
		0.13807299712523655,
		1.4659020387496671,
		0.0114
	],
	"velocity" : [ 0.0, 0.0, 0.0, 0.0, 0.0, 0.043999999999999997, 0.0 ]
}
