{
	"effort" : [ 0.0, 0.0, 0.0, 0.0, 0.0, 0.0, -1.042 ],
	"position" : 
	[
		0.44968408177622549,
		1.5922464233015048,
		-0.94813266285316011,
		-2.219657382808268,
		-0.54415875418665471,
		2.6465474645534535,
		0.056099999999999997
	],
	"velocity" : [ 0.14499999999999999, -0.16200000000000001, 0.0, 0.0, 0.055, 0.0, 0.0 ]
}
