{
	"effort" : [ 0.0, 0.0, 0.0, 0.0, 0.0, 0.0, -1.046 ],
	"position" : 
	[
		0.45535640184520559,
		1.481993974453051,
		-0.63365923822890124,
		-1.4263877844845256,
		-0.71733032256948837,
		1.3001655729803274,
		0.057000000000000002
	],
	"velocity" : 
	[
		0.069000000000000006,
		0.0,
		0.090999999999999998,
		0.14699999999999999,
		0.47299999999999998,
		-0.082000000000000003,
		0.0
	]
}
