{
	"effort" : [ 0.0, 0.0, 0.0, 0.0, 0.0, 0.0, -1.048 ],
	"position" : 
	[
		0.58225929175768121,
		1.477438665105347,
		-0.59590776650827348,
		-1.2498651839378636,
		-0.47462483678721817,
		1.115282845316615,
		0.054199999999999998
	],
	"velocity" : 
	[
		0.0,
		0.0,
		-0.012,
		0.38700000000000001,
		0.0,
		-0.052999999999999999,
		0.0
	]
}
