{
	"effort" : [ 0.0, 0.0, 0.0, 0.0, 0.0, 0.0, -1.044 ],
	"position" : 
	[
		0.2617819345065634,
		1.5023096069462598,
		-0.69832368701527492,
		-1.6702626408656316,
		-1.2426569741271289,
		1.180959585069145,
		0.050599999999999999
	],
	"velocity" : 
	[
		0.114,
		-0.057000000000000002,
		0.0089999999999999993,
		-0.16200000000000001,
		0.16800000000000001,
		0.0,
		0.0
	]
}
