{
	"effort" : [ 0.0, 0.0, 0.0, 0.0, 0.0, 0.0, -0.032000000000000001 ],
	"position" : 
	[
		0.47958157186288081,
		0.16758651477645323,
		-0.08777260808277268,
		-2.2147355543176452,
		0.13377948716533158,
		2.7508308873600882,
		0.0
	],
	"velocity" : [ 0.0, 0.53800000000000003, -0.193, 0.0, 0.0, 0.0, 0.0 ]
}
