{
	"effort" : [ 0.0, 0.0, 0.0, 0.0, 0.0, 0.0, -1.0409999999999999 ],
	"position" : 
	[
		0.36061993004697729,
		1.4880851735425096,
		-0.63435736992969882,
		-1.4835996773648854,
		-0.91818281288894499,
		1.337131646537558,
		0.057099999999999998
	],
	"velocity" : 
	[
		0.19800000000000001,
		-0.047,
		-0.040000000000000001,
		0.0,
		0.48499999999999999,
		0.0,
		0.0
	]
}
