{
	"effort" : [ 0.0, 0.0, 0.0, 0.0, 0.0, 0.0, -1.046 ],
	"position" : 
	[
		0.61325633927309275,
		1.460753317456285,
		-0.62039473591374772,
		-1.2431805729027272,
		-0.39674824556325078,
		1.1722852986867354,
		0.047100000000000003
	],
	"velocity" : 
	[
		-0.02,
		0.0,
		0.0080000000000000002,
		-0.025999999999999999,
		-0.060999999999999999,
		0.0,
		0.0
	]
}
