{
	"effort" : [ 0.0, 0.0, 0.0, 0.0, 0.0, 0.0, -1.0449999999999999 ],
	"position" : 
	[
		0.24192008761887296,
		1.5063936773959257,
		-0.70061006833538686,
		-1.6779420895744048,
		-1.2652415346479298,
		1.1846422297908521,
		0.050700000000000002
	],
	"velocity" : 
	[
		0.0,
		0.0,
		0.042000000000000003,
		0.0030000000000000001,
		0.0,
		-0.058999999999999997,
		0.0
	]
}
