{
	"effort" : [ 0.0, 0.0, 0.0, 0.0, 0.0, 0.0, 0.129 ],
	"position" : 
	[
		0.34000759158092952,
		1.6134870802982704,
		-0.85011497206118336,
		-2.2155733123586021,
		-0.58278289053327936,
		2.7861563514204444,
		0.074099999999999999
	],
	"velocity" : 
	[
		0.014999999999999999,
		0.46700000000000003,
		0.0,
		0.0,
		0.13400000000000001,
		0.13,
		0.0
	]
}
