{
	"effort" : [ 0.0, 0.0, 0.0, 0.0, 0.0, 0.0, -1.0409999999999999 ],
	"position" : 
	[
		0.29078930667470188,
		1.5020652608509806,
		-0.68828804381631004,
		-1.6397193789557387,
		-1.0569015818374192,
		1.211188687713679,
		0.047899999999999998
	],
	"velocity" : [ 0.0, 0.0, 0.0, 0.0, -0.095000000000000001, 0.0, 0.0 ]
}
