{
	"effort" : [ 0.0, 0.0, 0.0, 0.0, 0.0, 0.0, -1.0429999999999999 ],
	"position" : 
	[
		0.45581018745072399,
		1.5826122058304988,
		-0.94813266285316011,
		-2.219657382808268,
		-0.54415875418665471,
		2.6465474645534535,
		0.056099999999999997
	],
	"velocity" : 
	[
		0.028000000000000001,
		-0.108,
		0.0,
		0.0,
		-0.0030000000000000001,
		0.0,
		0.0
	]
}
