{
	"effort" : [ 0.0, 0.0, 0.0, 0.0, 0.0, 0.0, 0.090999999999999998 ],
	"position" : 
	[
		0.37856191475747453,
		1.1218801898891517,
		-0.5727647006268346,
		-2.2127109723853322,
		-0.31822588251604578,
		2.8247630344745494,
		0.047800000000000002
	],
	"velocity" : 
	[
		-0.628,
		0.996,
		-0.91500000000000004,
		0.0,
		-0.97899999999999998,
		0.0,
		0.0
	]
}
