{
	"effort" : [ 0.0, 0.0, 0.0, 0.0, 0.0, 0.0, -1.046 ],
	"position" : 
	[
		0.29078930667470188,
		1.5020652608509806,
		-0.68409925361152457,
		-1.6857088047457776,
		-1.0762049233644717,
		1.2134227091562313,
		0.048599999999999997
	],
	"velocity" : [ 0.0, 0.0, 0.0, 0.010999999999999999, 0.107, -0.153, 0.0 ]
}
