{
	"effort" : [ 0.0, 0.0, 0.0, 0.0, 0.0, 0.0, -1.0229999999999999 ],
	"position" : 
	[
		0.27927013361154218,
		1.4984349760068334,
		-0.69244192743605548,
		-1.6744688843629369,
		-1.1794236953273902,
		1.1989888362422418,
		0.050099999999999999
	],
	"velocity" : 
	[
		0.065000000000000002,
		0.010999999999999999,
		0.11799999999999999,
		-0.35199999999999998,
		0.245,
		0.032000000000000001,
		0.0
	]
}
