{
	"effort" : [ 0.0, 0.0, 0.0, 0.0, 0.0, 0.0, -0.027 ],
	"position" : 
	[
		0.47958157186288081,
		0.015376350710066161,
		-5.2359877559816662e-05,
		-2.2165681500322387,
		0.28380798966672621,
		2.7949004509729338,
		0.0
	],
	"velocity" : [ 0.0, 0.0, 0.0, 0.001, -0.78200000000000003, 0.0, 0.0 ]
}
