{
	"effort" : [ 0.0, 0.0, 0.0, 0.0, 0.0, 0.0, -0.034000000000000002 ],
	"position" : 
	[
		0.47958157186288081,
		0.25499260371630716,
		-0.11410962649536045,
		-2.2127109723853322,
		0.12051498485017803,
		2.7568348199869472,
		0.0
	],
	"velocity" : 
	[
		0.0,
		0.59399999999999997,
		-0.20999999999999999,
		0.0,
		-0.26800000000000002,
		0.0,
		0.0
	]
}
