{
	"effort" : [ 0.0, 0.0, 0.0, 0.0, 0.0, 0.0, -0.10299999999999999 ],
	"position" : 
	[
		0.34142130827504452,
		1.6531933207811316,
		-0.92214471029097111,
		-2.2071608253639918,
		-0.58836794413965987,
		2.5938734277282776,
		0.069000000000000006
	],
	"velocity" : 
	[
		0.0,
		0.0,
		-0.20399999999999999,
		0.0,
		-0.46400000000000002,
		0.035999999999999997,
		0.0
	]
}
