{
	"effort" : [ 0.0, 0.0, 0.0, 0.0, 0.0, 0.0, -0.099000000000000005 ],
	"position" : 
	[
		0.50422562090103451,
		1.7595711386901589,
		-0.92528630294456016,
		-2.2108260167931792,
		-0.38592720420088872,
		2.7067613237472425,
		0.069000000000000006
	],
	"velocity" : 
	[
		0.249,
		0.20899999999999999,
		-0.039,
		0.0,
		0.45800000000000002,
		0.071999999999999995,
		0.0
	]
}
