{
	"effort" : [ 0.0, 0.0, 0.0, 0.0, 0.0, 0.0, 0.059999999999999998 ],
	"position" : 
	[
		0.36693802193919522,
		1.7987537803974221,
		-0.84908522780250706,
		-2.212815692140452,
		-0.45753806341019793,
		2.6256733266996064,
		0.090999999999999998
	],
	"velocity" : 
	[
		0.23999999999999999,
		0.28599999999999998,
		-0.126,
		0.0,
		0.0,
		0.001,
		0.0
	]
}
