{
	"effort" : [ 0.0, 0.0, 0.0, 0.0, 0.0, 0.0, -1.0389999999999999 ],
	"position" : 
	[
		0.60072487524377649,
		1.4610674767216441,
		-0.65558057363394451,
		-1.2375431594187869,
		-0.29035297436170332,
		1.072696811567964,
		0.047100000000000003
	],
	"velocity" : 
	[
		0.040000000000000001,
		0.0,
		0.034000000000000002,
		0.0,
		0.089999999999999997,
		0.0070000000000000001,
		0.0
	]
}
