{
	"effort" : [ 0.0, 0.0, 0.0, 0.0, 0.0, 0.0, -0.090999999999999998 ],
	"position" : 
	[
		0.60671135457811565,
		0.52838097774863002,
		-0.26579619178614933,
		-1.3575869053709266,
		-0.10780898789566251,
		1.255520050714324,
		0.017399999999999999
	],
	"velocity" : [ 0.0, -0.42899999999999999, 0.51900000000000002, 0.0, 0.019, 0.0, 0.0 ]
}
