{
	"effort" : [ 0.0, 0.0, 0.0, 0.0, 0.0, 0.0, -0.93700000000000006 ],
	"position" : 
	[
		0.59726912332482862,
		1.4610674767216441,
		-0.66402796721359492,
		-1.2255527474575887,
		-0.30969122247379566,
		1.0242464715326138,
		0.046600000000000003
	],
	"velocity" : 
	[
		0.0,
		0.0030000000000000001,
		0.0,
		0.0,
		0.0089999999999999993,
		-0.153,
		0.0
	]
}
