{
	"effort" : [ 0.0, 0.0, 0.0, 0.0, 0.0, 0.0, -0.92900000000000005 ],
	"position" : 
	[
		0.59726912332482862,
		1.4615387156196824,
		-0.65437629645006878,
		-1.2255527474575887,
		-0.32213542004051204,
		1.045591848284499,
		0.046600000000000003
	],
	"velocity" : [ 0.002, 0.0, -0.050000000000000003, -0.019, 0.105, -0.001, 0.0 ]
}
