{
	"effort" : [ 0.0, 0.0, 0.0, 0.0, 0.0, 0.0, -1.0429999999999999 ],
	"position" : 
	[
		0.31681216582193072,
		1.5020652608509806,
		-0.68388981410128535,
		-1.6712749318317883,
		-1.0116102877481778,
		1.2096877045569645,
		0.047199999999999999
	],
	"velocity" : [ 0.14199999999999999, 0.0, 0.0, 0.0, 0.155, 0.0, 0.0 ]
}
