{
	"effort" : [ 0.0, 0.0, 0.0, 0.0, 0.0, 0.0, -1.0389999999999999 ],
	"position" : 
	[
		0.45626397305624244,
		1.5758228750402423,
		-0.94813266285316011,
		-2.219657382808268,
		-0.58868210340501881,
		2.5375516527664348,
		0.0562
	],
	"velocity" : [ 0.0, -0.014, 0.0, 0.0, 0.0, -0.14499999999999999, 0.0 ]
}
