{
	"effort" : [ 0.0, 0.0, 0.0, 0.0, 0.0, 0.0, -1.0129999999999999 ],
	"position" : 
	[
		0.58454567307779315,
		1.477438665105347,
		-0.61053362563998226,
		-1.1891800858460364,
		-0.40194932673419265,
		1.1008489724026254,
		0.046800000000000001
	],
	"velocity" : 
	[
		0.0,
		-0.041000000000000002,
		0.064000000000000001,
		-0.037999999999999999,
		0.080000000000000002,
		0.012999999999999999,
		0.0
	]
}
