{
	"effort" : [ 0.0, 0.0, 0.0, 0.0, 0.0, 0.0, 0.105 ],
	"position" : 
	[
		0.28864255169474934,
		1.6948194234411857,
		-0.90484849740371187,
		-2.212815692140452,
		-0.62896430254103763,
		2.5393144353109487,
		0.0693
	],
	"velocity" : [ 0.0, 0.0, 0.253, 0.0, 0.39500000000000002, -0.017000000000000001, 0.0 ]
}
