{
	"effort" : [ 0.0, 0.0, 0.0, 0.0, 0.0, 0.0, -0.031 ],
	"position" : 
	[
		0.47958157186288081,
		0.28153906163913422,
		-0.12831660660659072,
		-2.2127109723853322,
		0.10573204608578979,
		2.7585452426539012,
		0.0
	],
	"velocity" : 
	[
		0.002,
		0.61899999999999999,
		-0.28299999999999997,
		0.0,
		-0.36799999999999999,
		0.0,
		0.0
	]
}
