{
	"effort" : [ 0.0, 0.0, 0.0, 0.0, 0.0, 0.0, -1.1220000000000001 ],
	"position" : 
	[
		0.58454567307779315,
		1.477438665105347,
		-0.61391956438885031,
		-1.1891800858460364,
		-0.43163737731060869,
		1.1008489724026254,
		0.048899999999999999
	],
	"velocity" : 
	[
		0.0,
		0.0,
		0.060999999999999999,
		-0.017000000000000001,
		0.42099999999999999,
		0.0,
		0.0
	]
}
