{
	"effort" : [ 0.0, 0.0, 0.0, 0.0, 0.0, 0.0, 0.065000000000000002 ],
	"position" : 
	[
		0.47958157186288081,
		0.74211399794780164,
		-0.38810886576588105,
		-2.2127109723853322,
		-0.15036011505927352,
		2.8103989747306395,
		0.047300000000000002
	],
	"velocity" : 
	[
		0.0,
		0.46500000000000002,
		-0.027,
		0.0,
		-0.032000000000000001,
		0.0,
		0.0
	]
}
