{
	"effort" : [ 0.0, 0.0, 0.0, 0.0, 0.0, 0.0, -1.0429999999999999 ],
	"position" : 
	[
		0.24390976296614594,
		1.5081041000628794,
		-0.72530647725110042,
		-1.718747887486022,
		-1.2652415346479298,
		1.1953934579831345,
		0.050500000000000003
	],
	"velocity" : 
	[
		-0.002,
		0.0,
		0.124,
		0.085999999999999993,
		0.0,
		-0.13200000000000001,
		0.0
	]
}
