{
	"effort" : [ 0.0, 0.0, 0.0, 0.0, 0.0, 0.0, -0.096000000000000002 ],
	"position" : 
	[
		0.34142130827504452,
		1.6531933207811316,
		-0.86510735033581088,
		-2.2137581699365287,
		-0.51654764542011133,
		2.5699449636834419,
		0.069000000000000006
	],
	"velocity" : [ 0.0, 0.0, -0.14299999999999999, 0.0, 0.0, -1.1859999999999999, 0.0 ]
}
