{
	"effort" : [ 0.0, 0.0, 0.0, 0.0, 0.0, 0.0, 0.025000000000000001 ],
	"position" : 
	[
		0.47958157186288081,
		0.43053781988185252,
		-0.2021440339659322,
		-2.2127109723853322,
		0.013124875974994045,
		2.7585452426539012,
		0.0
	],
	"velocity" : [ 0.0, 0.71499999999999997, -0.39400000000000002, 0.0, -0.5, 0.0, 0.0 ]
}
