{
	"effort" : [ 0.0, 0.0, 0.0, 0.0, 0.0, 0.0, 0.11799999999999999 ],
	"position" : 
	[
		0.21249383643025596,
		1.5105301077231508,
		-0.86030769489282777,
		-2.2155733123586021,
		-0.60316833619656807,
		2.7094142242102732,
		0.0545
	],
	"velocity" : 
	[
		0.0,
		0.0,
		0.083000000000000004,
		-0.0070000000000000001,
		-0.078,
		0.39600000000000002,
		0.0
	]
}
