{
	"effort" : [ 0.0, 0.0, 0.0, 0.0, 0.0, 0.0, -0.10100000000000001 ],
	"position" : 
	[
		0.35288812146064441,
		1.6555669685638432,
		-0.93238979300017522,
		-2.2089410612010254,
		-0.58925806205817677,
		2.5760187094803801,
		0.069000000000000006
	],
	"velocity" : 
	[
		0.112,
		0.042000000000000003,
		0.023,
		-0.019,
		0.58199999999999996,
		0.29499999999999998,
		0.0
	]
}
