{
	"effort" : [ 0.0, 0.0, 0.0, 0.0, 0.0, 0.0, 0.10199999999999999 ],
	"position" : 
	[
		0.32667327609569619,
		1.5495556697977344,
		-0.95270542549338411,
		-2.2159747380865609,
		-0.89596477151106291,
		2.4905499360102397,
		0.059900000000000002
	],
	"velocity" : 
	[
		-1.0429999999999999,
		-0.11600000000000001,
		-0.0030000000000000001,
		0.010999999999999999,
		-1.242,
		0.0,
		0.0
	]
}
