{
	"effort" : [ 0.0, 0.0, 0.0, 0.0, 0.0, 0.0, -0.029999999999999999 ],
	"position" : 
	[
		0.47958157186288081,
		0.1081580537460613,
		-0.067718774977362881,
		-2.2147355543176452,
		0.13377948716533158,
		2.75025492870693,
		0.0
	],
	"velocity" : 
	[
		0.0,
		0.51000000000000001,
		-0.19800000000000001,
		0.0,
		0.0,
		0.0030000000000000001,
		0.0
	]
}
