{
	"effort" : [ 0.0, 0.0, 0.0, 0.0, 0.0, 0.0, -0.125 ],
	"position" : 
	[
		0.60733967310883352,
		1.384028643538634,
		-0.61276764708253451,
		-1.2580856847147548,
		-0.41495202966154709,
		1.2407545652424556,
		0.044400000000000002
	],
	"velocity" : 
	[
		-0.017999999999999999,
		-0.61499999999999999,
		0.0,
		0.113,
		0.0,
		0.128,
		0.0
	]
}
