{
	"effort" : [ 0.0, 0.0, 0.0, 0.0, 0.0, 0.0, -0.104 ],
	"position" : 
	[
		0.34142130827504452,
		1.6531933207811316,
		-0.86800459689412068,
		-2.2000922418934166,
		-0.51148619058932909,
		2.4515941871057358,
		0.069000000000000006
	],
	"velocity" : 
	[
		0.0,
		0.0,
		-0.040000000000000001,
		0.0,
		-0.17199999999999999,
		0.001,
		0.0
	]
}
