{
	"effort" : [ 0.0, 0.0, 0.0, 0.0, 0.0, 0.0, 0.10299999999999999 ],
	"position" : 
	[
		0.21406463275705048,
		1.4677520877567809,
		-0.8661720011795272,
		-2.2145086615148859,
		-0.66362654148563638,
		2.7589292150893399,
		0.047800000000000002
	],
	"velocity" : 
	[
		-0.025999999999999999,
		0.57599999999999996,
		-0.11899999999999999,
		0.0,
		-0.14499999999999999,
		-0.96599999999999997,
		0.0
	]
}
