{
	"effort" : [ 0.0, 0.0, 0.0, 0.0, 0.0, 0.0, -1.036 ],
	"position" : 
	[
		0.58454567307779315,
		1.4674728350764616,
		-0.60594340970723848,
		-1.1928103706901836,
		-0.38938295611983664,
		1.1026117549471393,
		0.046600000000000003
	],
	"velocity" : [ 0.0, 0.0, 0.0, 0.0, 0.087999999999999995, 0.0, 0.0 ]
}
