{
	"effort" : [ 0.0, 0.0, 0.0, 0.0, 0.0, 0.0, 0.106 ],
	"position" : 
	[
		0.22711969556196476,
		1.5364657004077802,
		-0.95270542549338411,
		-2.2159747380865609,
		-1.017020808429359,
		2.4905499360102397,
		0.059900000000000002
	],
	"velocity" : 
	[
		-1.1319999999999999,
		-0.13800000000000001,
		0.0,
		0.0,
		-0.93500000000000005,
		0.0,
		0.0
	]
}
