{
	"effort" : [ 0.0, 0.0, 0.0, 0.0, 0.0, 0.0, -1.0429999999999999 ],
	"position" : 
	[
		0.24192008761887296,
		1.5063936773959257,
		-0.70635220157444667,
		-1.6933882534545508,
		-1.2652415346479298,
		1.187225317083803,
		0.050500000000000003
	],
	"velocity" : 
	[
		-0.002,
		0.0,
		0.073999999999999996,
		0.13400000000000001,
		0.0,
		-0.001,
		0.0
	]
}
