{
	"effort" : [ 0.0, 0.0, 0.0, 0.0, 0.0, 0.0, -0.10000000000000001 ],
	"position" : 
	[
		0.29260444909677552,
		1.6972628843939772,
		-0.91952671641298045,
		-2.212815692140452,
		-0.66294586307735881,
		2.5414437369983816,
		0.069000000000000006
	],
	"velocity" : [ -0.092999999999999999, -0.111, 0.0, 0.0, 0.0, -0.184, 0.0 ]
}
