{
	"effort" : [ 0.0, 0.0, 0.0, 0.0, 0.0, 0.0, 0.10199999999999999 ],
	"position" : 
	[
		0.31225685647422663,
		1.546501343606745,
		-0.95270542549338411,
		-2.2159747380865609,
		-0.91348787720108138,
		2.4905499360102397,
		0.059900000000000002
	],
	"velocity" : 
	[
		-1.0589999999999999,
		-0.16400000000000001,
		0.0,
		0.0,
		-1.2270000000000001,
		0.0,
		0.0
	]
}
