{
	"effort" : [ 0.0, 0.0, 0.0, 0.0, 0.0, 0.0, -0.056000000000000001 ],
	"position" : 
	[
		0.60671135457811565,
		0.43462189033151821,
		-0.095452056791545795,
		-1.3575869053709266,
		0.021519909677084652,
		1.2965876480137402,
		0.0114
	],
	"velocity" : 
	[
		0.0,
		-0.012999999999999999,
		0.438,
		0.0,
		0.67300000000000004,
		0.81599999999999995,
		0.0
	]
}
