{
	"effort" : [ 0.0, 0.0, 0.0, 0.0, 0.0, 0.0, -1.0389999999999999 ],
	"position" : 
	[
		0.41893138035609312,
		1.649632849107064,
		-0.94813266285316011,
		-2.219657382808268,
		-0.45048693323214267,
		2.6465474645534535,
		0.056099999999999997
	],
	"velocity" : [ 0.0, -0.16400000000000001, 0.0, 0.0, -0.153, 0.0, 0.0 ]
}
