{
	"effort" : [ 0.0, 0.0, 0.0, 0.0, 0.0, 0.0, -1.0409999999999999 ],
	"position" : 
	[
		0.27197465733820769,
		1.4984349760068334,
		-0.69458868241600791,
		-1.6702626408656316,
		-1.2238423247906347,
		1.1848865758861311,
		0.050599999999999999
	],
	"velocity" : [ 0.035000000000000003, 0.0, 0.0, 0.0, 0.128, 0.052999999999999999, 0.0 ]
}
