{
	"effort" : [ 0.0, 0.0, 0.0, 0.0, 0.0, 0.0, -1.0389999999999999 ],
	"position" : 
	[
		0.24567254551065981,
		1.5081041000628794,
		-0.75448838234443816,
		-1.7380337757205544,
		-1.2652415346479298,
		1.2143826402448279,
		0.050500000000000003
	],
	"velocity" : 
	[
		-0.002,
		0.0,
		0.17899999999999999,
		0.097000000000000003,
		0.0,
		-0.109,
		0.0
	]
}
