{
	"effort" : [ 0.0, 0.0, 0.0, 0.0, 0.0, 0.0, 0.058999999999999997 ],
	"position" : 
	[
		0.34974652880705542,
		1.7788221203396515,
		-0.84337800114848704,
		-2.212815692140452,
		-0.45757296999523783,
		2.617609905555395,
		0.090999999999999998
	],
	"velocity" : 
	[
		0.23899999999999999,
		0.251,
		-0.012,
		0.0,
		0.16400000000000001,
		0.001,
		0.0
	]
}
