{
	"effort" : [ 0.0, 0.0, 0.0, 0.0, 0.0, 0.0, -0.098000000000000004 ],
	"position" : 
	[
		0.39383354571242107,
		1.6785704081051225,
		-0.92752032438711229,
		-2.2108260167931792,
		-0.48881436360592845,
		2.6263540051078844,
		0.069000000000000006
	],
	"velocity" : 
	[
		0.32900000000000001,
		0.26700000000000002,
		0.0,
		-0.0030000000000000001,
		0.435,
		0.067000000000000004,
		0.0
	]
}
