{
	"effort" : [ 0.0, 0.0, 0.0, 0.0, 0.0, 0.0, -0.10199999999999999 ],
	"position" : 
	[
		0.42038000363524808,
		1.6999506914420477,
		-0.92752032438711229,
		-2.2108260167931792,
		-0.46228535897562134,
		2.6552392042283826,
		0.069000000000000006
	],
	"velocity" : 
	[
		0.44600000000000001,
		0.34000000000000002,
		0.014999999999999999,
		0.0,
		0.42499999999999999,
		0.34499999999999997,
		0.0
	]
}
