{
	"effort" : [ 0.0, 0.0, 0.0, 0.0, 0.0, 0.0, -0.098000000000000004 ],
	"position" : 
	[
		0.24345597736062755,
		1.5081041000628794,
		-0.78457785864881291,
		-1.7472316608785621,
		-1.2492543186996659,
		1.2493415851622653,
		0.059799999999999999
	],
	"velocity" : 
	[
		0.014,
		0.0,
		0.0,
		0.224,
		-0.092999999999999999,
		-0.042000000000000003,
		0.0
	]
}
