{
	"effort" : [ 0.0, 0.0, 0.0, 0.0, 0.0, 0.0, 0.106 ],
	"position" : 
	[
		0.1211782099659357,
		1.5215780418882723,
		-0.95270542549338411,
		-2.2159747380865609,
		-1.0833782265901668,
		2.4905499360102397,
		0.059900000000000002
	],
	"velocity" : [ -0.876, -0.115, 0.0, 0.0, -0.32900000000000001, 0.0, 0.0 ]
}
