{
	"effort" : [ 0.0, 0.0, 0.0, 0.0, 0.0, 0.0, -1.0429999999999999 ],
	"position" : 
	[
		0.28209756699977229,
		1.4984349760068334,
		-0.69017299940846333,
		-1.6774359440913265,
		-1.1748160261021263,
		1.2021304288958308,
		0.050000000000000003
	],
	"velocity" : 
	[
		0.057000000000000002,
		0.041000000000000002,
		0.049000000000000002,
		-0.25600000000000001,
		0.107,
		0.16200000000000001,
		0.0
	]
}
