{
	"effort" : [ 0.0, 0.0, 0.0, 0.0, 0.0, 0.0, -1.0389999999999999 ],
	"position" : 
	[
		0.6090151891907476,
		1.460753317456285,
		-0.62735859962920337,
		-1.2397946341538588,
		-0.30991811527655488,
		1.1181800918749247,
		0.047100000000000003
	],
	"velocity" : 
	[
		0.041000000000000002,
		0.0,
		0.025000000000000001,
		0.0030000000000000001,
		-0.32200000000000001,
		0.46000000000000002,
		0.0
	]
}
