{
	"effort" : [ 0.0, 0.0, 0.0, 0.0, 0.0, 0.0, -0.048000000000000001 ],
	"position" : 
	[
		0.60671135457811565,
		1.212619857700314,
		-0.61276764708253451,
		-1.2567766877757596,
		-0.25825636941753571,
		1.2720134121456661,
		0.043900000000000002
	],
	"velocity" : 
	[
		0.0050000000000000001,
		-0.001,
		0.0,
		0.0,
		0.0,
		0.36399999999999999,
		0.0
	]
}
