{
	"effort" : [ 0.0, 0.0, 0.0, 0.0, 0.0, 0.0, -0.10299999999999999 ],
	"position" : 
	[
		0.34142130827504452,
		1.6531933207811316,
		-0.91631531058931159,
		-2.2071608253639918,
		-0.57880353983873334,
		2.5910110877550081,
		0.069000000000000006
	],
	"velocity" : [ 0.0, 0.0, -0.20599999999999999, 0.0, -0.433, 0.159, 0.0 ]
}
