{
	"effort" : [ 0.0, 0.0, 0.0, 0.0, 0.0, 0.0, -1.044 ],
	"position" : 
	[
		0.24192008761887296,
		1.5063936773959257,
		-0.70808007753392066,
		-1.6961807802577409,
		-1.2652415346479298,
		1.186980970988524,
		0.050500000000000003
	],
	"velocity" : 
	[
		-0.016,
		0.0,
		0.098000000000000004,
		0.34499999999999997,
		0.0,
		-0.0050000000000000001,
		0.0
	]
}
