{
	"effort" : [ 0.0, 0.0, 0.0, 0.0, 0.0, 0.0, -0.045999999999999999 ],
	"position" : 
	[
		0.60671135457811565,
		0.43875832065874371,
		-0.1192932543737823,
		-1.3575869053709266,
		-0.010367255756843699,
		1.2605640522525863,
		0.0114
	],
	"velocity" : 
	[
		0.0,
		-0.125,
		0.46100000000000002,
		0.0,
		0.58799999999999997,
		0.189,
		0.0
	]
}
