{
	"effort" : [ 0.0, 0.0, 0.0, 0.0, 0.0, 0.0, -1.0409999999999999 ],
	"position" : 
	[
		0.41496948295406705,
		1.8164339657201201,
		-0.94813266285316011,
		-2.2173535481956361,
		-0.36959092240222591,
		2.6618540020934396,
		0.056099999999999997
	],
	"velocity" : 
	[
		0.0,
		-0.001,
		0.0,
		0.0,
		-0.29899999999999999,
		-0.087999999999999995,
		0.0
	]
}
