{
	"effort" : [ 0.0, 0.0, 0.0, 0.0, 0.0, 0.0, -1.04 ],
	"position" : 
	[
		0.60920717540846692,
		1.4649770142461105,
		-0.64493406519678176,
		-1.2397946341538588,
		-0.30091221633626636,
		1.0977422863340762,
		0.047100000000000003
	],
	"velocity" : 
	[
		0.0,
		-0.014,
		0.087999999999999995,
		-0.019,
		0.0,
		0.091999999999999998,
		0.0
	]
}
