{
	"effort" : [ 0.0, 0.0, 0.0, 0.0, 0.0, 0.0, -1.0429999999999999 ],
	"position" : 
	[
		0.34309682435695871,
		1.5020652608509806,
		-0.68388981410128535,
		-1.6712749318317883,
		-0.96439913148174317,
		1.2096877045569645,
		0.047399999999999998
	],
	"velocity" : [ 0.154, 0.0, 0.0, 0.0, 0.20899999999999999, 0.0, 0.0 ]
}
