{
	"effort" : [ 0.0, 0.0, 0.0, 0.0, 0.0, 0.0, -0.049000000000000002 ],
	"position" : 
	[
		0.60671135457811565,
		1.2188681364224521,
		-0.61276764708253451,
		-1.2567766877757596,
		-0.26576128520110942,
		1.2544553998706076,
		0.043900000000000002
	],
	"velocity" : 
	[
		0.0,
		-0.13400000000000001,
		0.0030000000000000001,
		0.0,
		0.40600000000000003,
		0.0,
		0.0
	]
}
