{
	"effort" : [ 0.0, 0.0, 0.0, 0.0, 0.0, 0.0, -1.071 ],
	"position" : 
	[
		0.36978290861994528,
		1.5020652608509806,
		-0.68388981410128535,
		-1.6112006989781587,
		-0.87079712369731099,
		1.2106825422306011,
		0.049299999999999997
	],
	"velocity" : 
	[
		-0.308,
		0.0,
		0.0030000000000000001,
		0.021000000000000001,
		-0.42099999999999999,
		0.83899999999999997,
		0.0
	]
}
