{
	"effort" : [ 0.0, 0.0, 0.0, 0.0, 0.0, 0.0, 0.20200000000000001 ],
	"position" : 
	[
		0.2989399942815133,
		1.5270932823245729,
		-0.85011497206118336,
		-2.2155733123586021,
		-0.58969439437117521,
		2.7708847204654981,
		0.074099999999999999
	],
	"velocity" : 
	[
		0.36199999999999999,
		0.29699999999999999,
		0.0,
		0.0,
		0.0030000000000000001,
		0.091999999999999998,
		0.0
	]
}
