{
	"effort" : [ 0.0, 0.0, 0.0, 0.0, 0.0, 0.0, -0.041000000000000002 ],
	"position" : 
	[
		0.60671135457811565,
		0.98576196152614837,
		-0.5468465612347253,
		-1.2567766877757596,
		-0.22190116109850302,
		1.2571606602111982,
		0.043900000000000002
	],
	"velocity" : [ 0.0, -0.82199999999999995, 0.0, 0.0, 0.0, 0.0, 0.0 ]
}
