{
	"effort" : [ 0.0, 0.0, 0.0, 0.0, 0.0, 0.0, 0.112 ],
	"position" : 
	[
		0.029286624848457451,
		1.5108966268660695,
		-0.95270542549338411,
		-2.1311691897321778,
		-1.1086505941590383,
		2.4350484657968336,
		0.059900000000000002
	],
	"velocity" : 
	[
		0.031,
		0.0,
		0.0,
		0.61099999999999999,
		-0.251,
		-0.84499999999999997,
		0.0
	]
}
