{
	"effort" : [ 0.0, 0.0, 0.0, 0.0, 0.0, 0.0, 0.033000000000000002 ],
	"position" : 
	[
		0.47958157186288081,
		0.44554765144899994,
		-0.21034708145030348,
		-2.2127109723853322,
		0.0,
		2.7585452426539012,
		0.0
	],
	"velocity" : 
	[
		0.0,
		0.73399999999999999,
		-0.40100000000000002,
		0.0,
		-0.55200000000000005,
		0.0,
		0.0
	]
}
