{
	"effort" : [ 0.0, 0.0, 0.0, 0.0, 0.0, 0.0, -0.039 ],
	"position" : 
	[
		0.60671135457811565,
		1.3018061824772018,
		-0.61276764708253451,
		-1.2580856847147548,
		-0.39344957327698238,
		1.2504935024685815,
		0.043799999999999999
	],
	"velocity" : 
	[
		-0.0030000000000000001,
		-0.38100000000000001,
		0.0,
		0.0,
		0.29899999999999999,
		0.0030000000000000001,
		0.0
	]
}
