{
	"effort" : [ 0.0, 0.0, 0.0, 0.0, 0.0, 0.0, 0.112 ],
	"position" : 
	[
		0.28864255169474934,
		1.6948194234411857,
		-0.85851000576327408,
		-2.212815692140452,
		-0.58292251687343888,
		2.53617284265736,
		0.072599999999999998
	],
	"velocity" : [ 0.0030000000000000001, 0.0, 0.063, 0.0, 0.128, 0.0, 0.0 ]
}
