{
	"effort" : [ 0.0, 0.0, 0.0, 0.0, 0.0, 0.0, -1.0429999999999999 ],
	"position" : 
	[
		0.45413467136880986,
		1.481993974453051,
		-0.63386867773914046,
		-1.4280982071514794,
		-0.71947707754944079,
		1.3001655729803274,
		0.057000000000000002
	],
	"velocity" : 
	[
		0.153,
		-0.0030000000000000001,
		0.127,
		0.087999999999999995,
		0.504,
		0.0,
		0.0
	]
}
