{
	"effort" : [ 0.0, 0.0, 0.0, 0.0, 0.0, 0.0, -0.098000000000000004 ],
	"position" : 
	[
		0.34142130827504452,
		1.6531933207811316,
		-0.9108698833230906,
		-2.2067244930509937,
		-0.56641170214957681,
		2.5862986987746241,
		0.069000000000000006
	],
	"velocity" : 
	[
		0.0,
		0.0,
		-0.20699999999999999,
		0.0,
		-0.13800000000000001,
		0.087999999999999995,
		0.0
	]
}
