{
	"effort" : [ 0.0, 0.0, 0.0, 0.0, 0.0, 0.0, 0.059999999999999998 ],
	"position" : 
	[
		0.3611958887001353,
		1.7919993561922056,
		-0.84562947588355908,
		-2.212815692140452,
		-0.45753806341019793,
		2.6208911245491433,
		0.090999999999999998
	],
	"velocity" : 
	[
		0.28599999999999998,
		0.23599999999999999,
		-0.14000000000000001,
		-0.14499999999999999,
		0.0030000000000000001,
		0.0,
		0.0
	]
}
