{
	"effort" : [ 0.0, 0.0, 0.0, 0.0, 0.0, 0.0, 0.094 ],
	"position" : 
	[
		0.33688345221986044,
		1.7595013255200791,
		-0.84337800114848704,
		-2.212815692140452,
		-0.46675340186072567,
		2.6133163955954894,
		0.090899999999999995
	],
	"velocity" : 
	[
		0.16200000000000001,
		0.32800000000000001,
		-0.027,
		0.0,
		0.078,
		0.0,
		0.0
	]
}
