{
	"effort" : [ 0.0, 0.0, 0.0, 0.0, 0.0, 0.0, -1.052 ],
	"position" : 
	[
		0.59068923204481172,
		1.4615387156196824,
		-0.61849232702907431,
		-1.2013973906099933,
		-0.34901349052121794,
		1.08245320208661,
		0.046600000000000003
	],
	"velocity" : 
	[
		0.0080000000000000002,
		0.0,
		-0.13400000000000001,
		-0.11799999999999999,
		0.153,
		-0.161,
		0.0
	]
}
