{
	"effort" : [ 0.0, 0.0, 0.0, 0.0, 0.0, 0.0, -1.042 ],
	"position" : 
	[
		0.41893138035609312,
		1.741018288741464,
		-0.94813266285316011,
		-2.2179993200188735,
		-0.41224676932095655,
		2.6465474645534535,
		0.056099999999999997
	],
	"velocity" : [ 0.0, 0.0, 0.0, 0.0, -0.0089999999999999993, 0.0, 0.0 ]
}
