{
	"effort" : [ 0.0, 0.0, 0.0, 0.0, 0.0, 0.0, 0.060999999999999999 ],
	"position" : 
	[
		0.35250414902520572,
		1.7822429656735594,
		-0.84337800114848704,
		-2.212815692140452,
		-0.45753806341019793,
		2.617609905555395,
		0.090999999999999998
	],
	"velocity" : 
	[
		0.20699999999999999,
		0.32600000000000001,
		-0.012,
		0.0,
		0.0050000000000000001,
		0.001,
		0.0
	]
}
