{
	"effort" : [ 0.0, 0.0, 0.0, 0.0, 0.0, 0.0, 0.060999999999999999 ],
	"position" : 
	[
		0.37767179683895763,
		1.8051242321671996,
		-0.85322165812973261,
		-2.212815692140452,
		-0.45753806341019793,
		2.6337716544288581,
		0.090999999999999998
	],
	"velocity" : 
	[
		0.28699999999999998,
		0.215,
		-0.17799999999999999,
		0.0,
		0.109,
		0.20300000000000001,
		0.0
	]
}
