{
	"effort" : [ 0.0, 0.0, 0.0, 0.0, 0.0, 0.0, 0.057000000000000002 ],
	"position" : 
	[
		0.3012787354791851,
		1.6948194234411857,
		-0.84548984954339956,
		-2.212815692140452,
		-0.54824282463632035,
		2.5344798732829257,
		0.072999999999999995
	],
	"velocity" : [ 0.16900000000000001, 0.0, 0.02, 0.0, 0.14099999999999999, 0.0, 0.0 ]
}
