{
	"effort" : [ 0.0, 0.0, 0.0, 0.0, 0.0, 0.0, -0.13600000000000001 ],
	"position" : 
	[
		0.24495696051734231,
		1.5081041000628794,
		-0.78457785864881291,
		-1.7455561447966481,
		-1.2511392742918193,
		1.2447339159370014,
		0.058200000000000002
	],
	"velocity" : 
	[
		0.012999999999999999,
		0.0,
		0.0040000000000000001,
		0.0,
		-0.092999999999999999,
		-0.091999999999999998,
		0.0
	]
}
