{
	"effort" : [ 0.0, 0.0, 0.0, 0.0, 0.0, 0.0, -1.044 ],
	"position" : 
	[
		0.41893138035609312,
		1.7007011830204051,
		-0.94813266285316011,
		-2.219657382808268,
		-0.42840851819441994,
		2.6465474645534535,
		0.056099999999999997
	],
	"velocity" : [ 0.0, -0.29799999999999999, 0.0, 0.0, 0.069000000000000006, 0.0, 0.0 ]
}
