{
	"effort" : [ 0.0, 0.0, 0.0, 0.0, 0.0, 0.0, -0.191 ],
	"position" : 
	[
		0.60671135457811565,
		0.54995324730327444,
		-0.29265680897433533,
		-1.3575869053709266,
		-0.11306242894416411,
		1.255520050714324,
		0.021999999999999999
	],
	"velocity" : 
	[
		0.0,
		-0.42299999999999999,
		0.59099999999999997,
		0.001,
		0.46500000000000002,
		0.0,
		0.0
	]
}
