{
	"effort" : [ 0.0, 0.0, 0.0, 0.0, 0.0, 0.0, 0.098000000000000004 ],
	"position" : 
	[
		0.21598449493424374,
		1.4596014001499693,
		-0.86388561985941514,
		-2.2145086615148859,
		-0.65957737762101054,
		2.7720715443568542,
		0.047800000000000002
	],
	"velocity" : 
	[
		-0.14799999999999999,
		0.61399999999999999,
		-0.20200000000000001,
		0.0,
		-0.32500000000000001,
		-0.80100000000000005,
		0.0
	]
}
