{
	"effort" : [ 0.0, 0.0, 0.0, 0.0, 0.0, 0.0, -1.0349999999999999 ],
	"position" : 
	[
		0.41496948295406705,
		1.8296112015726735,
		-0.94813266285316011,
		-2.2173535481956361,
		-0.35883969420994355,
		2.682344167511848,
		0.056300000000000003
	],
	"velocity" : [ 0.0, -0.161, 0.0, 0.0, 0.0, -0.14099999999999999, 0.0 ]
}
