{
	"effort" : [ 0.0, 0.0, 0.0, 0.0, 0.0, 0.0, 0.036999999999999998 ],
	"position" : 
	[
		0.23572416877429461,
		1.5105301077231508,
		-0.85055130437418169,
		-2.2155733123586021,
		-0.60124847401937476,
		2.7397131400248869,
		0.072599999999999998
	],
	"velocity" : [ 0.34899999999999998, 0.0, 0.024, 0.0, 0.107, 0.14499999999999999, 0.0 ]
}
