{
	"effort" : [ 0.0, 0.0, 0.0, 0.0, 0.0, 0.0, -0.034000000000000002 ],
	"position" : 
	[
		0.47958157186288081,
		0.015376350710066161,
		-5.2359877559816662e-05,
		-2.2165681500322387,
		0.40449750744210367,
		2.2423117564991486,
		0.0
	],
	"velocity" : [ 0.0, 0.0, 0.0, 0.0, 0.0, 0.745, 0.0 ]
}
