{
	"effort" : [ 0.0, 0.0, 0.0, 0.0, 0.0, 0.0, 0.20300000000000001 ],
	"position" : 
	[
		0.32545154561930045,
		1.7159902672678717,
		-0.84337800114848704,
		-2.212815692140452,
		-0.50577896393530908,
		2.5608343449880331,
		0.090300000000000005
	],
	"velocity" : 
	[
		0.0089999999999999993,
		0.045999999999999999,
		0.0,
		0.0,
		0.0030000000000000001,
		0.0,
		0.0
	]
}
