{
	"effort" : [ 0.0, 0.0, 0.0, 0.0, 0.0, 0.0, 0.10299999999999999 ],
	"position" : 
	[
		0.22830651945332059,
		1.3978516512144255,
		-0.83046256468373214,
		-2.2145086615148859,
		-0.61467005596720781,
		2.8102418950979602,
		0.047800000000000002
	],
	"velocity" : 
	[
		-0.26300000000000001,
		0.84999999999999998,
		-0.63800000000000001,
		0.0,
		-0.78800000000000003,
		-0.042000000000000003,
		0.0
	]
}
