{
	"effort" : [ 0.0, 0.0, 0.0, 0.0, 0.0, 0.0, -0.049000000000000002 ],
	"position" : 
	[
		0.60671135457811565,
		1.1896687780365944,
		-0.5468465612347253,
		-1.2567766877757596,
		-0.23123867259667033,
		1.2736714749350604,
		0.043900000000000002
	],
	"velocity" : [ 0.0, -0.64900000000000002, 0.0, 0.0, 0.224, -0.20100000000000001, 0.0 ]
}
