{
	"effort" : [ 0.0, 0.0, 0.0, 0.0, 0.0, 0.0, -0.034000000000000002 ],
	"position" : 
	[
		0.47958157186288081,
		0.062657320146580611,
		-0.051923545246818192,
		-2.2147355543176452,
		0.13421581947833008,
		2.7443731691277109,
		0.0
	],
	"velocity" : 
	[
		0.0040000000000000001,
		0.40699999999999997,
		-0.156,
		0.0,
		0.0,
		0.0,
		0.0
	]
}
