{
	"effort" : [ 0.0, 0.0, 0.0, 0.0, 0.0, 0.0, -1.0429999999999999 ],
	"position" : 
	[
		0.42350414299631711,
		1.6194561063400894,
		-0.94813266285316011,
		-2.219657382808268,
		-0.54384459492129578,
		2.6465474645534535,
		0.056099999999999997
	],
	"velocity" : 
	[
		0.089999999999999997,
		-0.074999999999999997,
		0.0,
		0.0,
		-0.099000000000000005,
		0.0,
		0.0
	]
}
