{
	"effort" : [ 0.0, 0.0, 0.0, 0.0, 0.0, 0.0, -1.0409999999999999 ],
	"position" : 
	[
		0.41893138035609312,
		1.6346579241249566,
		-0.94813266285316011,
		-2.219657382808268,
		-0.49131018443627972,
		2.6465474645534535,
		0.056099999999999997
	],
	"velocity" : [ 0.0, -0.037999999999999999, 0.0, 0.0, -0.39600000000000002, 0.0, 0.0 ]
}
