{
	"effort" : [ 0.0, 0.0, 0.0, 0.0, 0.0, 0.0, -0.024 ],
	"position" : 
	[
		0.47958157186288081,
		0.037350045992669223,
		-0.043476151667167777,
		-2.2165681500322387,
		0.13421581947833008,
		2.7443731691277109,
		0.0
	],
	"velocity" : [ 0.0, 0.36499999999999999, -0.128, 0.113, 0.0, 0.0, 0.0 ]
}
