{
	"effort" : [ 0.0, 0.0, 0.0, 0.0, 0.0, 0.0, -0.047 ],
	"position" : 
	[
		0.60671135457811565,
		1.2324991578805244,
		-0.58344611564903714,
		-1.2567766877757596,
		-0.30965631588875575,
		1.3213713233920534,
		0.043900000000000002
	],
	"velocity" : [ 0.019, 0.14299999999999999, 0.17499999999999999, 0.0, 0.0, 0.0, 0.0 ]
}
