{
	"effort" : [ 0.0, 0.0, 0.0, 0.0, 0.0, 0.0, 0.066000000000000003 ],
	"position" : 
	[
		0.40821505874885061,
		1.8230836701702167,
		-0.88383473320970529,
		-2.212815692140452,
		-0.43786820274022686,
		2.6999196330794262,
		0.090999999999999998
	],
	"velocity" : 
	[
		0.036999999999999998,
		0.050999999999999997,
		-0.042999999999999997,
		0.113,
		0.40999999999999998,
		0.35199999999999998,
		0.0
	]
}
