{
	"effort" : [ 0.0, 0.0, 0.0, 0.0, 0.0, 0.0, -0.92600000000000005 ],
	"position" : 
	[
		0.59726912332482862,
		1.4615387156196824,
		-0.64982098710236469,
		-1.2228649404095182,
		-0.32468360074842317,
		1.0509151025030803,
		0.046600000000000003
	],
	"velocity" : 
	[
		0.0050000000000000001,
		0.0,
		-0.062,
		-0.060999999999999999,
		0.010999999999999999,
		-0.024,
		0.0
	]
}
