{
	"effort" : [ 0.0, 0.0, 0.0, 0.0, 0.0, 0.0, 0.095000000000000001 ],
	"position" : 
	[
		0.3342829116343895,
		1.7537940988660592,
		-0.84337800114848704,
		-2.212815692140452,
		-0.46956338195643582,
		2.6105238687922996,
		0.090899999999999995
	],
	"velocity" : 
	[
		0.121,
		0.24299999999999999,
		-0.0040000000000000001,
		0.0,
		0.33900000000000002,
		0.38700000000000001,
		0.0
	]
}
