{
	"effort" : [ 0.0, 0.0, 0.0, 0.0, 0.0, 0.0, 0.060999999999999999 ],
	"position" : 
	[
		0.37224382286525665,
		1.8022793454864496,
		-0.8522093671635762,
		-2.212815692140452,
		-0.45753806341019793,
		2.6311187539658274,
		0.090999999999999998
	],
	"velocity" : 
	[
		0.23100000000000001,
		0.214,
		-0.16800000000000001,
		0.0,
		0.0,
		0.23200000000000001,
		0.0
	]
}
