{
	"effort" : [ 0.0, 0.0, 0.0, 0.0, 0.0, 0.0, -0.93500000000000005 ],
	"position" : 
	[
		0.59726912332482862,
		1.4615387156196824,
		-0.66158450626080345,
		-1.2255527474575887,
		-0.31941270640740155,
		1.0364637762965709,
		0.046600000000000003
	],
	"velocity" : 
	[
		0.0,
		-0.021000000000000001,
		-0.017000000000000001,
		0.0,
		0.084000000000000005,
		-0.001,
		0.0
	]
}
