{
	"effort" : [ 0.0, 0.0, 0.0, 0.0, 0.0, 0.0, -0.052999999999999999 ],
	"position" : 
	[
		0.60671135457811565,
		0.43212606950116694,
		0.0,
		-1.3575869053709266,
		0.13030628195386373,
		1.4584145762586136,
		0.0114
	],
	"velocity" : [ 0.0, 0.0, 0.13100000000000001, 0.0, 0.032000000000000001, 0.314, 0.0 ]
}
