{
	"effort" : [ 0.0, 0.0, 0.0, 0.0, 0.0, 0.0, -1.0389999999999999 ],
	"position" : 
	[
		0.41496948295406705,
		1.8873990531061913,
		-0.91151565514632837,
		-2.2101278850923811,
		-0.35276594841300485,
		2.6910010006017373,
		0.059700000000000003
	],
	"velocity" : [ 0.0, 0.16, -0.11799999999999999, 0.0, 0.010999999999999999, 0.0, 0.0 ]
}
