{
	"effort" : [ 0.0, 0.0, 0.0, 0.0, 0.0, 0.0, -0.095000000000000001 ],
	"position" : 
	[
		0.48637090265313704,
		1.7664826425280549,
		-0.9219352707807319,
		-2.2108260167931792,
		-0.5041558077309547,
		2.6818380220287694,
		0.069000000000000006
	],
	"velocity" : 
	[
		-0.035999999999999997,
		0.0,
		0.0,
		0.0,
		-0.10299999999999999,
		0.218,
		0.0
	]
}
