{
	"effort" : [ 0.0, 0.0, 0.0, 0.0, 0.0, 0.0, 0.098000000000000004 ],
	"position" : 
	[
		0.28864255169474934,
		1.6948194234411857,
		-0.8765741635214106,
		-2.212815692140452,
		-0.60051543573353727,
		2.5385813970251112,
		0.0717
	],
	"velocity" : 
	[
		0.0,
		0.0,
		0.246,
		-0.0030000000000000001,
		0.20699999999999999,
		0.0,
		0.0
	]
}
