{
	"effort" : [ 0.0, 0.0, 0.0, 0.0, 0.0, 0.0, -1.046 ],
	"position" : 
	[
		0.24192008761887296,
		1.5063936773959257,
		-0.70635220157444667,
		-1.6892169165422852,
		-1.2652415346479298,
		1.187225317083803,
		0.050500000000000003
	],
	"velocity" : [ 0.0, 0.0, 0.106, 0.33100000000000002, 0.0, -0.021000000000000001, 0.0 ]
}
