{
	"effort" : [ 0.0, 0.0, 0.0, 0.0, 0.0, 0.0, -1.044 ],
	"position" : 
	[
		0.57140334381027924,
		1.4736687539210402,
		-0.60154517999221369,
		-1.3782516037145343,
		-0.50246283835652072,
		1.2311552543564892,
		0.054699999999999999
	],
	"velocity" : [ 0.122, 0.0, 0.0, 0.0, 0.24099999999999999, 0.010999999999999999, 0.0 ]
}
