{
	"effort" : [ 0.0, 0.0, 0.0, 0.0, 0.0, 0.0, -0.10000000000000001 ],
	"position" : 
	[
		0.34142130827504452,
		1.6531933207811316,
		-0.89142691545587871,
		-2.2067244930509937,
		-0.53897512630823285,
		2.5594555348789578,
		0.069000000000000006
	],
	"velocity" : [ 0.0, 0.0, -0.092999999999999999, 0.0, -0.13, 0.56100000000000005, 0.0 ]
}
