{
	"effort" : [ 0.0, 0.0, 0.0, 0.0, 0.0, 0.0, -0.060999999999999999 ],
	"position" : 
	[
		0.30393163594221584,
		1.4939320265366891,
		-0.68560023676823945,
		-1.4908777003456999,
		-0.99005547148605344,
		1.3524905439551043,
		0.063100000000000003
	],
	"velocity" : [ 0.0, 0.0, 0.045999999999999999, 0.0, -0.019, 0.0, 0.0 ]
}
