{
	"effort" : [ 0.0, 0.0, 0.0, 0.0, 0.0, 0.0, -1.042 ],
	"position" : 
	[
		0.34501668653415196,
		1.5020652608509806,
		-0.68388981410128535,
		-1.6712749318317883,
		-0.95949475628364056,
		1.2096877045569645,
		0.047399999999999998
	],
	"velocity" : [ 0.19500000000000001, 0.0, 0.0, 0.0, 0.32900000000000001, 0.157, 0.0 ]
}
