{
	"effort" : [ 0.0, 0.0, 0.0, 0.0, 0.0, 0.0, -1.044 ],
	"position" : 
	[
		0.41893138035609312,
		1.6366301461797097,
		-0.94813266285316011,
		-2.219657382808268,
		-0.48097783526447591,
		2.6465474645534535,
		0.056099999999999997
	],
	"velocity" : [ 0.0, -0.071999999999999995, 0.0, 0.0, -0.187, 0.0, 0.0 ]
}
