{
	"effort" : [ 0.0, 0.0, 0.0, 0.0, 0.0, 0.0, -1.0449999999999999 ],
	"position" : 
	[
		0.41496948295406705,
		1.9019201924827804,
		-0.94200655717866166,
		-2.2136185435963691,
		-0.35224234963740664,
		2.6910010006017373,
		0.059700000000000003
	],
	"velocity" : [ 0.0, 0.0, -0.124, 0.0, 0.0, 0.0, 0.0 ]
}
