{
	"effort" : [ 0.0, 0.0, 0.0, 0.0, 0.0, 0.0, -0.094 ],
	"position" : 
	[
		0.4902455335925634,
		1.7664826425280549,
		-0.9219352707807319,
		-2.2108260167931792,
		-0.4869992211838548,
		2.6765845809802684,
		0.069000000000000006
	],
	"velocity" : [ -0.057000000000000002, 0.0, 0.0, 0.0, -0.27900000000000003, 0.0, 0.0 ]
}
