{
	"effort" : [ 0.0, 0.0, 0.0, 0.0, 0.0, 0.0, -1.0409999999999999 ],
	"position" : 
	[
		0.44504150596592174,
		1.481993974453051,
		-0.63835417391676486,
		-1.4390239682689614,
		-0.7473325324112633,
		1.3001655729803274,
		0.057200000000000001
	],
	"velocity" : 
	[
		0.069000000000000006,
		0.0,
		-0.0050000000000000001,
		0.0,
		0.251,
		0.0,
		0.0
	]
}
