{
	"effort" : [ 0.0, 0.0, 0.0, 0.0, 0.0, 0.0, -1.038 ],
	"position" : 
	[
		0.6090151891907476,
		1.460753317456285,
		-0.62735859962920337,
		-1.2397946341538588,
		-0.3101275547867941,
		1.1205013797800767,
		0.047100000000000003
	],
	"velocity" : 
	[
		0.041000000000000002,
		0.0,
		0.025000000000000001,
		0.043999999999999997,
		-0.16200000000000001,
		0.17999999999999999,
		0.0
	]
}
