{
	"effort" : [ 0.0, 0.0, 0.0, 0.0, 0.0, 0.0, -0.089999999999999997 ],
	"position" : 
	[
		0.60671135457811565,
		0.55918603904632214,
		-0.30473448739813302,
		-1.3575869053709266,
		-0.11800171072730682,
		1.255520050714324,
		0.023400000000000001
	],
	"velocity" : 
	[
		0.0,
		-0.45500000000000002,
		0.58899999999999997,
		0.0,
		0.128,
		0.001,
		0.0
	]
}
