{
	"effort" : [ 0.0, 0.0, 0.0, 0.0, 0.0, 0.0, -1.0389999999999999 ],
	"position" : 
	[
		0.45626397305624244,
		1.5739728260331289,
		-0.94813266285316011,
		-2.219657382808268,
		-0.59070668533733173,
		2.5168520478377876,
		0.0562
	],
	"velocity" : 
	[
		-0.037999999999999999,
		0.0,
		0.0,
		0.0,
		-0.082000000000000003,
		-0.071999999999999995,
		0.0
	]
}
