{
	"effort" : [ 0.0, 0.0, 0.0, 0.0, 0.0, 0.0, -0.096000000000000002 ],
	"position" : 
	[
		0.41942007254665142,
		1.7664826425280549,
		-0.9219352707807319,
		-2.2108260167931792,
		-0.54763195939812248,
		2.6315201796937862,
		0.069000000000000006
	],
	"velocity" : 
	[
		-0.46200000000000002,
		-0.01,
		0.0070000000000000001,
		0.0,
		-0.71699999999999997,
		-0.57099999999999995,
		0.0
	]
}
