{
	"effort" : [ 0.0, 0.0, 0.0, 0.0, 0.0, 0.0, 0.099000000000000005 ],
	"position" : 
	[
		0.057822758118557534,
		1.5108966268660695,
		-0.94848172870355907,
		-1.8738902046957586,
		-1.3926156634584439,
		1.6137139731010299,
		0.059900000000000002
	],
	"velocity" : 
	[
		0.0,
		0.0,
		0.083000000000000004,
		0.023,
		-0.55600000000000005,
		-0.54600000000000004,
		0.0
	]
}
