{
	"effort" : [ 0.0, 0.0, 0.0, 0.0, 0.0, 0.0, 0.156 ],
	"position" : 
	[
		0.47958157186288081,
		0.72085588765851594,
		-0.38810886576588105,
		-2.2127109723853322,
		-0.1487195055623993,
		2.8052851600222977,
		0.046399999999999997
	],
	"velocity" : 
	[
		0.0,
		0.38,
		-0.029000000000000001,
		0.0,
		-0.069000000000000006,
		0.0050000000000000001,
		0.0
	]
}
