{
	"effort" : [ 0.0, 0.0, 0.0, 0.0, 0.0, 0.0, -1.0409999999999999 ],
	"position" : 
	[
		0.60667644799307574,
		1.4610674767216441,
		-0.65343381865399208,
		-1.2375431594187869,
		-0.28623399732699778,
		1.0796257686983799,
		0.047100000000000003
	],
	"velocity" : 
	[
		0.031,
		0.028000000000000001,
		0.031,
		0.0,
		-0.049000000000000002,
		0.12,
		0.0
	]
}
