{
	"effort" : [ 0.0, 0.0, 0.0, 0.0, 0.0, 0.0, -1.042 ],
	"position" : 
	[
		0.42137484130888464,
		1.6192990267074101,
		-0.94813266285316011,
		-2.219657382808268,
		-0.54248323810474064,
		2.6465474645534535,
		0.056099999999999997
	],
	"velocity" : [ 0.031, -0.14899999999999999, 0.0, 0.0, -0.105, 0.0, 0.0 ]
}
