{
	"effort" : [ 0.0, 0.0, 0.0, 0.0, 0.0, 0.0, -0.099000000000000005 ],
	"position" : 
	[
		0.34142130827504452,
		1.6531933207811316,
		-0.85955720331447039,
		-2.2155733123586021,
		-0.51654764542011133,
		2.6129324231600513,
		0.069000000000000006
	],
	"velocity" : 
	[
		0.0,
		0.0,
		-0.058000000000000003,
		0.097000000000000003,
		0.0,
		-1.2130000000000001,
		0.0
	]
}
