{
	"effort" : [ 0.0, 0.0, 0.0, 0.0, 0.0, 0.0, 0.059999999999999998 ],
	"position" : 
	[
		0.41207223639575719,
		1.8670485140279427,
		-0.89753556783785737,
		-2.210791110208139,
		-0.4103792670213231,
		2.6926416100986117,
		0.090999999999999998
	],
	"velocity" : [ 0.0, 0.036999999999999998, -0.001, 0.0, 0.0, 0.0, 0.0 ]
}
