{
	"effort" : [ 0.0, 0.0, 0.0, 0.0, 0.0, 0.0, -0.93000000000000005 ],
	"position" : 
	[
		0.59726912332482862,
		1.4610674767216441,
		-0.66402796721359492,
		-1.2255527474575887,
		-0.31637583350893222,
		1.0206510932735062,
		0.046600000000000003
	],
	"velocity" : [ 0.0, 0.0, 0.01, -0.001, -0.010999999999999999, 0.107, 0.0 ]
}
