{
	"effort" : [ 0.0, 0.0, 0.0, 0.0, 0.0, 0.0, -0.10199999999999999 ],
	"position" : 
	[
		0.34142130827504452,
		1.6531933207811316,
		-0.93001614521746367,
		-2.2071608253639918,
		-0.60929444187106652,
		2.5998773603551366,
		0.069000000000000006
	],
	"velocity" : 
	[
		0.0,
		0.0,
		-0.081000000000000003,
		0.0,
		-0.20699999999999999,
		-0.14699999999999999,
		0.0
	]
}
