{
	"effort" : [ 0.0, 0.0, 0.0, 0.0, 0.0, 0.0, 0.056000000000000001 ],
	"position" : 
	[
		0.18748326824918354,
		1.5085578856683977,
		-0.79333941149382214,
		-1.8800861235403372,
		-1.2623442880896201,
		1.3205510186436165,
		0.060100000000000001
	],
	"velocity" : 
	[
		0.32800000000000001,
		0.0,
		0.151,
		0.035999999999999997,
		0.83599999999999997,
		-0.44800000000000001,
		0.0
	]
}
