{
	"effort" : [ 0.0, 0.0, 0.0, 0.0, 0.0, 0.0, 0.055 ],
	"position" : 
	[
		0.41050144006896266,
		1.8390359795334408,
		-0.8884773090200091,
		-2.212815692140452,
		-0.41921063303641215,
		2.7170413130414865,
		0.090999999999999998
	],
	"velocity" : 
	[
		0.025999999999999999,
		0.245,
		-0.0089999999999999993,
		0.0,
		0.11600000000000001,
		0.0,
		0.0
	]
}
