{
	"effort" : [ 0.0, 0.0, 0.0, 0.0, 0.0, 0.0, -1.044 ],
	"position" : 
	[
		0.24567254551065981,
		1.5081041000628794,
		-0.76492545127136158,
		-1.7428683377485774,
		-1.2652415346479298,
		1.2168435544901393,
		0.050500000000000003
	],
	"velocity" : [ 0.0, 0.0, 0.23000000000000001, 0.115, 0.0, -0.078, 0.0 ]
}
