{
	"effort" : [ 0.0, 0.0, 0.0, 0.0, 0.0, 0.0, -1.069 ],
	"position" : 
	[
		0.29078930667470188,
		1.5020652608509806,
		-0.68600166249619809,
		-1.6524079226177344,
		-1.0512641683534791,
		1.211188687713679,
		0.0482
	],
	"velocity" : [ 0.0, 0.0, 0.0, 0.10299999999999999, 0.0, 0.0, 0.0 ]
}
