{
	"effort" : [ 0.0, 0.0, 0.0, 0.0, 0.0, 0.0, -1.004 ],
	"position" : 
	[
		0.61501912181760654,
		1.460753317456285,
		-0.62219242504330152,
		-1.2286943401111778,
		-0.36142278150289447,
		1.1722852986867354,
		0.047100000000000003
	],
	"velocity" : 
	[
		-0.002,
		0.0,
		0.0,
		-0.13600000000000001,
		-0.042000000000000003,
		0.0,
		0.0
	]
}
