{
	"effort" : [ 0.0, 0.0, 0.0, 0.0, 0.0, 0.0, 0.19800000000000001 ],
	"position" : 
	[
		0.33143802495363944,
		1.5791390006190307,
		-0.85011497206118336,
		-2.2155733123586021,
		-0.58756509268374268,
		2.7813741492699808,
		0.074099999999999999
	],
	"velocity" : 
	[
		0.191,
		0.56899999999999995,
		0.0,
		0.0,
		0.040000000000000001,
		0.019,
		0.0
	]
}
