{
	"effort" : [ 0.0, 0.0, 0.0, 0.0, 0.0, 0.0, -0.094 ],
	"position" : 
	[
		0.52391293486352553,
		1.7664826425280549,
		-0.92893404108122735,
		-2.2108260167931792,
		-0.34192745375812278,
		2.7127478030815815,
		0.069000000000000006
	],
	"velocity" : [ 0.0, 0.0, 0.0, 0.0, 0.107, 0.0, 0.0 ]
}
