{
	"effort" : [ 0.0, 0.0, 0.0, 0.0, 0.0, 0.0, -1.0429999999999999 ],
	"position" : 
	[
		0.61124921063329973,
		1.460753317456285,
		-0.62048200237634743,
		-1.2457636601956781,
		-0.40172243393143342,
		1.1722852986867354,
		0.047100000000000003
	],
	"velocity" : 
	[
		-0.012999999999999999,
		-0.02,
		0.019,
		-0.070000000000000007,
		-0.087999999999999995,
		0.0,
		0.0
	]
}
