{
	"effort" : [ 0.0, 0.0, 0.0, 0.0, 0.0, 0.0, 0.091999999999999998 ],
	"position" : 
	[
		0.057822758118557534,
		1.5108966268660695,
		-0.95270542549338411,
		-1.8738902046957586,
		-1.2937253080404703,
		1.8066426686164343,
		0.059900000000000002
	],
	"velocity" : [ 0.0, 0.0, 0.0, 0.0, -0.30099999999999999, -1.409, 0.0 ]
}
