{
	"effort" : [ 0.0, 0.0, 0.0, 0.0, 0.0, 0.0, 0.246 ],
	"position" : 
	[
		0.47958157186288081,
		0.62432172673073394,
		-0.3463082301806274,
		-2.2127109723853322,
		-0.13646729421340217,
		2.7585452426539012,
		0.0135
	],
	"velocity" : 
	[
		0.0,
		0.318,
		-0.31900000000000001,
		-0.023,
		-0.073999999999999996,
		0.0,
		0.0
	]
}
