{
	"effort" : [ 0.0, 0.0, 0.0, 0.0, 0.0, 0.0, -0.031 ],
	"position" : 
	[
		0.47958157186288081,
		0.039880773408060365,
		-0.043214352279368692,
		-2.2165681500322387,
		0.13421581947833008,
		2.7443731691277109,
		0.0
	],
	"velocity" : [ 0.0, 0.36499999999999999, -0.13500000000000001, 0.113, 0.0, 0.0, 0.0 ]
}
