{
	"effort" : [ 0.0, 0.0, 0.0, 0.0, 0.0, 0.0, -0.052999999999999999 ],
	"position" : 
	[
		0.60671135457811565,
		0.43212606950116694,
		0.00085521133347700559,
		-1.3575869053709266,
		0.13657201396852181,
		1.4659020387496671,
		0.0114
	],
	"velocity" : [ 0.0, 0.0, 0.0, 0.0, 0.078, 0.0089999999999999993, 0.0 ]
}
