{
	"effort" : [ 0.0, 0.0, 0.0, 0.0, 0.0, 0.0, -1.0389999999999999 ],
	"position" : 
	[
		0.44980625482386499,
		1.481993974453051,
		-0.63835417391676486,
		-1.4338228870980196,
		-0.72940800099328607,
		1.3001655729803274,
		0.057000000000000002
	],
	"velocity" : 
	[
		0.025999999999999999,
		0.0,
		0.104,
		0.067000000000000004,
		0.14299999999999999,
		0.0,
		0.0
	]
}
