{
	"effort" : [ 0.0, 0.0, 0.0, 0.0, 0.0, 0.0, -1.042 ],
	"position" : 
	[
		0.29078930667470188,
		1.5020652608509806,
		-0.68409925361152457,
		-1.6825672120921884,
		-1.0739359953368797,
		1.2134227091562313,
		0.048599999999999997
	],
	"velocity" : 
	[
		0.0,
		0.0,
		-0.021000000000000001,
		0.13800000000000001,
		0.189,
		-0.10100000000000001,
		0.0
	]
}
