{
	"effort" : [ 0.0, 0.0, 0.0, 0.0, 0.0, 0.0, -1.0449999999999999 ],
	"position" : 
	[
		0.57993800385252936,
		1.477438665105347,
		-0.59590776650827348,
		-1.272065772023226,
		-0.47462483678721817,
		1.1354763047621843,
		0.054199999999999998
	],
	"velocity" : 
	[
		0.0030000000000000001,
		0.0,
		0.0,
		0.38300000000000001,
		0.0050000000000000001,
		-0.22600000000000001,
		0.0
	]
}
