{
	"effort" : [ 0.0, 0.0, 0.0, 0.0, 0.0, 0.0, -1.0509999999999999 ],
	"position" : 
	[
		0.38711402809224449,
		1.481993974453051,
		-0.63435736992969882,
		-1.4788872883845017,
		-0.86592765508424796,
		1.3302026894071426,
		0.057099999999999998
	],
	"velocity" : 
	[
		0.246,
		-0.084000000000000005,
		-0.014999999999999999,
		0.182,
		0.45200000000000001,
		-0.17999999999999999,
		0.0
	]
}
