{
	"effort" : [ 0.0, 0.0, 0.0, 0.0, 0.0, 0.0, 0.10199999999999999 ],
	"position" : 
	[
		0.46361180920713668,
		1.5588582747108619,
		-0.95270542549338411,
		-2.2159747380865609,
		-0.74483671158091203,
		2.4911957078334774,
		0.059900000000000002
	],
	"velocity" : 
	[
		-0.17799999999999999,
		0.0,
		0.0,
		0.0,
		-0.222,
		-0.084000000000000005,
		0.0
	]
}
