{
	"effort" : [ 0.0, 0.0, 0.0, 0.0, 0.0, 0.0, -1.046 ],
	"position" : 
	[
		0.60704296713599448,
		1.4614165425720431,
		-0.63097143118083077,
		-1.2397946341538588,
		-0.28799677987151162,
		1.112734664608704,
		0.047100000000000003
	],
	"velocity" : 
	[
		0.0,
		-0.084000000000000005,
		0.0050000000000000001,
		0.0,
		-0.065000000000000002,
		0.0,
		0.0
	]
}
