{
	"effort" : [ 0.0, 0.0, 0.0, 0.0, 0.0, 0.0, 0.062 ],
	"position" : 
	[
		0.4098207616606851,
		1.8296635614502335,
		-0.88624328757745685,
		-2.212815692140452,
		-0.42830379843930033,
		2.7147374784288547,
		0.090999999999999998
	],
	"velocity" : 
	[
		0.014999999999999999,
		0.14099999999999999,
		0.0,
		0.0,
		0.11799999999999999,
		0.109,
		0.0
	]
}
