{
	"effort" : [ 0.0, 0.0, 0.0, 0.0, 0.0, 0.0, -0.10000000000000001 ],
	"position" : 
	[
		0.29272662214441503,
		1.6968963652510585,
		-0.91952671641298045,
		-2.212815692140452,
		-0.66294586307735881,
		2.5448994889173298,
		0.069000000000000006
	],
	"velocity" : 
	[
		-0.109,
		-0.089999999999999997,
		0.0,
		0.0,
		-0.001,
		-0.11600000000000001,
		0.0
	]
}
