{
	"effort" : [ 0.0, 0.0, 0.0, 0.0, 0.0, 0.0, 0.049000000000000002 ],
	"position" : 
	[
		0.21875956844491404,
		1.5081041000628794,
		-0.78686423996892485,
		-1.8241657743064528,
		-1.2052371149643801,
		1.2833929588686663,
		0.060100000000000001
	],
	"velocity" : 
	[
		0.248,
		0.0,
		0.0,
		0.48099999999999998,
		-0.14099999999999999,
		-0.159,
		0.0
	]
}
