{
	"effort" : [ 0.0, 0.0, 0.0, 0.0, 0.0, 0.0, 0.090999999999999998 ],
	"position" : 
	[
		0.47958157186288081,
		0.83201590771800671,
		-0.39550906179433515,
		-2.2127109723853322,
		-0.15875514876136415,
		2.8191430742831289,
		0.047800000000000002
	],
	"velocity" : 
	[
		-0.0050000000000000001,
		0.66900000000000004,
		-0.154,
		0.0,
		-0.087999999999999995,
		0.0030000000000000001,
		0.0
	]
}
