{
	"effort" : [ 0.0, 0.0, 0.0, 0.0, 0.0, 0.0, 0.31 ],
	"position" : 
	[
		0.28864255169474934,
		1.6948194234411857,
		-0.89910636416465184,
		-2.212815692140452,
		-0.62533401769689045,
		2.5393144353109487,
		0.069500000000000006
	],
	"velocity" : 
	[
		0.0,
		0.0,
		0.23100000000000001,
		0.0,
		0.38500000000000001,
		-0.010999999999999999,
		0.0
	]
}
