{
	"effort" : [ 0.0, 0.0, 0.0, 0.0, 0.0, 0.0, 0.096000000000000002 ],
	"position" : 
	[
		0.057822758118557534,
		1.5108966268660695,
		-0.95270542549338411,
		-1.8738902046957586,
		-1.3572203862280079,
		1.6533678537063305,
		0.059900000000000002
	],
	"velocity" : 
	[
		0.0,
		0.0,
		0.069000000000000006,
		0.0,
		-0.64200000000000002,
		-0.65700000000000003,
		0.0
	]
}
