{
	"effort" : [ 0.0, 0.0, 0.0, 0.0, 0.0, 0.0, -0.10000000000000001 ],
	"position" : 
	[
		0.34142130827504452,
		1.6531933207811316,
		-0.85269805935413434,
		-2.2155733123586021,
		-0.51735049687602852,
		2.6863060649138739,
		0.069000000000000006
	],
	"velocity" : [ 0.0, 0.0, -0.106, 0.0, 0.085999999999999993, -1.083, 0.0 ]
}
