{
	"effort" : [ 0.0, 0.0, 0.0, 0.0, 0.0, 0.0, -1.0409999999999999 ],
	"position" : 
	[
		0.24192008761887296,
		1.5063936773959257,
		-0.70061006833538686,
		-1.6779420895744048,
		-1.2652415346479298,
		1.1847993094235316,
		0.050599999999999999
	],
	"velocity" : [ 0.0, 0.0, 0.055, 0.019, 0.0, -0.035999999999999997, 0.0 ]
}
