{
	"effort" : [ 0.0, 0.0, 0.0, 0.0, 0.0, 0.0, -1.042 ],
	"position" : 
	[
		0.5579992151549662,
		1.4699512026142931,
		-0.60158008657725359,
		-1.3785134031023332,
		-0.54620078941148753,
		1.2413479771881333,
		0.055399999999999998
	],
	"velocity" : 
	[
		0.058999999999999997,
		0.002,
		0.091999999999999998,
		-0.0050000000000000001,
		0.0,
		-0.0030000000000000001,
		0.0
	]
}
