{
	"effort" : [ 0.0, 0.0, 0.0, 0.0, 0.0, 0.0, 0.17799999999999999 ],
	"position" : 
	[
		0.47958157186288081,
		0.66394070075099521,
		-0.3764849729476018,
		-2.2127109723853322,
		-0.14152874904418444,
		2.7609537970216524,
		0.032099999999999997
	],
	"velocity" : [ 0.0, 0.32900000000000001, -0.19600000000000001, 0.0, 0.0, 0.13, 0.0 ]
}
