{
	"effort" : [ 0.0, 0.0, 0.0, 0.0, 0.0, 0.0, -0.088999999999999996 ],
	"position" : 
	[
		0.3764849729476018,
		1.6640841753135736,
		-0.92752032438711229,
		-2.2089410612010254,
		-0.51504666226339657,
		2.6090926988056644,
		0.069000000000000006
	],
	"velocity" : 
	[
		0.26600000000000001,
		0.17999999999999999,
		0.0080000000000000002,
		-0.024,
		0.45400000000000001,
		0.22800000000000001,
		0.0
	]
}
