{
	"effort" : [ 0.0, 0.0, 0.0, 0.0, 0.0, 0.0, -1.042 ],
	"position" : 
	[
		0.41496948295406705,
		1.8945898096244065,
		-0.92418674551580404,
		-2.2121873736097344,
		-0.35224234963740664,
		2.6910010006017373,
		0.059700000000000003
	],
	"velocity" : 
	[
		0.0,
		0.021000000000000001,
		-0.153,
		-0.045999999999999999,
		0.0,
		0.0,
		0.0
	]
}
