{
	"effort" : [ 0.0, 0.0, 0.0, 0.0, 0.0, 0.0, -0.10000000000000001 ],
	"position" : 
	[
		0.36819465900063081,
		1.6599826515713876,
		-0.92973689253714475,
		-2.2089410612010254,
		-0.53026593334078342,
		2.5986032700011816,
		0.069000000000000006
	],
	"velocity" : 
	[
		0.24199999999999999,
		0.087999999999999995,
		0.029000000000000001,
		-0.042000000000000003,
		0.498,
		0.61699999999999999,
		0.0
	]
}
