{
	"effort" : [ 0.0, 0.0, 0.0, 0.0, 0.0, 0.0, 0.13200000000000001 ],
	"position" : 
	[
		0.23331561440654308,
		1.5105301077231508,
		-0.85055130437418169,
		-2.2155733123586021,
		-0.60140555365205417,
		2.7382994233307723,
		0.072300000000000003
	],
	"velocity" : 
	[
		0.37,
		0.002,
		0.024,
		0.0,
		0.091999999999999998,
		0.20100000000000001,
		0.0
	]
}
