{
	"effort" : [ 0.0, 0.0, 0.0, 0.0, 0.0, 0.0, 0.10100000000000001 ],
	"position" : 
	[
		0.39594539410733365,
		1.0945308805104077,
		-0.5478064923233219,
		-2.2127109723853322,
		-0.29134781203533988,
		2.8247630344745494,
		0.047800000000000002
	],
	"velocity" : 
	[
		-0.58399999999999996,
		0.95199999999999996,
		-0.81200000000000006,
		0.0,
		-0.97499999999999998,
		0.0,
		0.0
	]
}
