{
	"effort" : [ 0.0, 0.0, 0.0, 0.0, 0.0, 0.0, 0.10100000000000001 ],
	"position" : 
	[
		0.33211870336191712,
		1.7497449350014336,
		-0.84337800114848704,
		-2.212815692140452,
		-0.47528806190297579,
		2.6107158550100187,
		0.090899999999999995
	],
	"velocity" : 
	[
		0.10100000000000001,
		0.29299999999999998,
		0.0,
		0.0,
		0.151,
		0.032000000000000001,
		0.0
	]
}
