{
	"effort" : [ 0.0, 0.0, 0.0, 0.0, 0.0, 0.0, 0.158 ],
	"position" : 
	[
		0.32602750427245841,
		1.72216873281993,
		-0.84337800114848704,
		-2.212815692140452,
		-0.50061278934940712,
		2.5608343449880331,
		0.090700000000000003
	],
	"velocity" : 
	[
		0.0050000000000000001,
		0.053999999999999999,
		0.0,
		0.0,
		0.10100000000000001,
		0.0,
		0.0
	]
}
