{
	"effort" : [ 0.0, 0.0, 0.0, 0.0, 0.0, 0.0, -1.044 ],
	"position" : 
	[
		0.41496948295406705,
		1.8164339657201201,
		-0.94813266285316011,
		-2.2173535481956361,
		-0.36351717660528715,
		2.6649955947470287,
		0.056099999999999997
	],
	"velocity" : [ 0.0, -0.079000000000000001, 0.0, 0.0, -0.128, 0.0, 0.0 ]
}
