{
	"effort" : [ 0.0, 0.0, 0.0, 0.0, 0.0, 0.0, -1.0449999999999999 ],
	"position" : 
	[
		0.40833723179649029,
		1.5020652608509806,
		-0.68388981410128535,
		-1.6234005504495956,
		-0.84081236714805585,
		1.1691786126181862,
		0.048300000000000003
	],
	"velocity" : [ 0.112, 0.0, 0.0, 0.052999999999999999, 0.080000000000000002, 0.0, 0.0 ]
}
