{
	"effort" : [ 0.0, 0.0, 0.0, 0.0, 0.0, 0.0, -0.053999999999999999 ],
	"position" : 
	[
		0.60671135457811565,
		0.43462189033151821,
		-0.060929444187106656,
		-1.3575869053709266,
		0.076235981727093075,
		1.3630148793446275,
		0.0114
	],
	"velocity" : 
	[
		0.0,
		-0.025000000000000001,
		0.42799999999999999,
		0.0,
		0.47299999999999998,
		0.745,
		0.0
	]
}
