{
	"effort" : [ 0.0, 0.0, 0.0, 0.0, 0.0, 0.0, -0.045999999999999999 ],
	"position" : 
	[
		0.60671135457811565,
		0.91935218348778092,
		-0.5468465612347253,
		-1.2630075132053775,
		-0.20601866490535864,
		1.255520050714324,
		0.043900000000000002
	],
	"velocity" : 
	[
		0.0,
		-0.72899999999999998,
		0.0,
		-0.34100000000000003,
		0.35199999999999998,
		0.0,
		0.0
	]
}
