{
	"effort" : [ 0.0, 0.0, 0.0, 0.0, 0.0, 0.0, -0.23100000000000001 ],
	"position" : 
	[
		0.60671135457811565,
		0.58562777721402948,
		-0.34004249816596938,
		-1.355981202459092,
		-0.1304633615865432,
		1.255520050714324,
		0.030300000000000001
	],
	"velocity" : 
	[
		0.0,
		-0.51800000000000002,
		0.58199999999999996,
		0.0,
		0.45200000000000001,
		0.0,
		0.0
	]
}
