{
	"effort" : [ 0.0, 0.0, 0.0, 0.0, 0.0, 0.0, 0.104 ],
	"position" : 
	[
		0.071523592746709566,
		1.5085578856683977,
		-0.92188291090317209,
		-1.8738902046957586,
		-1.4363361612208909,
		1.5511090128320089,
		0.059900000000000002
	],
	"velocity" : 
	[
		0.23000000000000001,
		-0.014999999999999999,
		0.33500000000000002,
		0.0,
		-0.095000000000000001,
		-0.69199999999999995,
		0.0
	]
}
