{
	"effort" : [ 0.0, 0.0, 0.0, 0.0, 0.0, 0.0, 0.29399999999999998 ],
	"position" : 
	[
		0.47958157186288081,
		0.5922949349566462,
		-0.31740557776760864,
		-2.2127109723853322,
		-0.12219050093209217,
		2.7585452426539012,
		0.0051000000000000004
	],
	"velocity" : [ 0.0, 0.45100000000000001, -0.433, 0.0, -0.48699999999999999, 0.0, 0.0 ]
}
