{
	"effort" : [ 0.0, 0.0, 0.0, 0.0, 0.0, 0.0, 0.099000000000000005 ],
	"position" : 
	[
		0.47958157186288081,
		0.53082443870142137,
		-0.26335273083335792,
		-2.2127109723853322,
		-0.062220987833582132,
		2.7585452426539012,
		0.0
	],
	"velocity" : 
	[
		0.0,
		0.60499999999999998,
		-0.45200000000000001,
		0.0,
		-0.73999999999999999,
		0.0,
		0.0
	]
}
