{
	"effort" : [ 0.0, 0.0, 0.0, 0.0, 0.0, 0.0, 0.098000000000000004 ],
	"position" : 
	[
		0.060161499316229348,
		1.5108966268660695,
		-0.93867297830735319,
		-1.8738902046957586,
		-1.4268241167975242,
		1.5837466698442948,
		0.059900000000000002
	],
	"velocity" : 
	[
		0.082000000000000003,
		-0.0089999999999999993,
		0.25600000000000001,
		0.0,
		-0.316,
		-0.57699999999999996,
		0.0
	]
}
