{
	"effort" : [ 0.0, 0.0, 0.0, 0.0, 0.0, 0.0, -1.0549999999999999 ],
	"position" : 
	[
		0.58454567307779315,
		1.477438665105347,
		-0.61391956438885031,
		-1.1891800858460364,
		-0.45094071883766113,
		1.1008489724026254,
		0.0511
	],
	"velocity" : [ 0.0, 0.0, -0.017000000000000001, 0.0, 0.39100000000000001, 0.0, 0.0 ]
}
