{
	"effort" : [ 0.0, 0.0, 0.0, 0.0, 0.0, 0.0, 0.050000000000000003 ],
	"position" : 
	[
		0.355575928508715,
		1.7861525031980259,
		-0.84337800114848704,
		-2.212815692140452,
		-0.45753806341019793,
		2.6208736712566232,
		0.090999999999999998
	],
	"velocity" : 
	[
		0.20300000000000001,
		0.26400000000000001,
		-0.012999999999999999,
		0.0,
		0.001,
		0.24299999999999999,
		0.0
	]
}
