{
	"effort" : [ 0.0, 0.0, 0.0, 0.0, 0.0, 0.0, -0.037999999999999999 ],
	"position" : 
	[
		0.47958157186288081,
		0.047752208334552806,
		-0.045605453354600319,
		-2.2165681500322387,
		0.13421581947833008,
		2.7443731691277109,
		0.0
	],
	"velocity" : [ 0.0, 0.375, -0.161, 0.032000000000000001, 0.0, 0.0, 0.0 ]
}
