{
	"effort" : [ 0.0, 0.0, 0.0, 0.0, 0.0, 0.0, -0.096000000000000002 ],
	"position" : 
	[
		0.40116392857079536,
		1.6845219808544218,
		-0.92752032438711229,
		-2.2108260167931792,
		-0.48137926099243444,
		2.6370528734226069,
		0.069000000000000006
	],
	"velocity" : 
	[
		0.35099999999999998,
		0.32100000000000001,
		0.0,
		0.0,
		0.36399999999999999,
		0.55400000000000005,
		0.0
	]
}
