{
	"effort" : [ 0.0, 0.0, 0.0, 0.0, 0.0, 0.0, 0.063 ],
	"position" : 
	[
		0.38992400818795475,
		1.8144966502504067,
		-0.86226246365506098,
		-2.212815692140452,
		-0.45753806341019793,
		2.6476121153971697,
		0.090999999999999998
	],
	"velocity" : 
	[
		0.22900000000000001,
		0.154,
		-0.23599999999999999,
		-0.111,
		0.0,
		0.58199999999999996,
		0.0
	]
}
