{
	"effort" : [ 0.0, 0.0, 0.0, 0.0, 0.0, 0.0, -1.0409999999999999 ],
	"position" : 
	[
		0.26438247509203427,
		1.5022223404836599,
		-0.69809679421251558,
		-1.6702626408656316,
		-1.238101664779425,
		1.180959585069145,
		0.050599999999999999
	],
	"velocity" : 
	[
		0.091999999999999998,
		-0.058000000000000003,
		0.035999999999999997,
		0.0,
		0.10100000000000001,
		0.0,
		0.0
	]
}
