{
	"effort" : [ 0.0, 0.0, 0.0, 0.0, 0.0, 0.0, 0.012 ],
	"position" : 
	[
		0.31314697439274353,
		1.5020652608509806,
		-0.68593184932611828,
		-1.5202864982417967,
		-0.94914495381931663,
		1.3374807123879568,
		0.061499999999999999
	],
	"velocity" : 
	[
		-0.16700000000000001,
		0.0,
		-0.023,
		0.40799999999999997,
		-0.19900000000000001,
		0.42299999999999999,
		0.0
	]
}
