{
	"effort" : [ 0.0, 0.0, 0.0, 0.0, 0.0, 0.0, -0.10000000000000001 ],
	"position" : 
	[
		0.35650095301227169,
		1.6555669685638432,
		-0.93238979300017522,
		-2.2089410612010254,
		-0.57245054136147555,
		2.5796489943245273,
		0.069000000000000006
	],
	"velocity" : 
	[
		0.16400000000000001,
		0.0,
		0.016,
		0.0,
		0.64800000000000002,
		0.14499999999999999,
		0.0
	]
}
