{
	"effort" : [ 0.0, 0.0, 0.0, 0.0, 0.0, 0.0, 0.0070000000000000001 ],
	"position" : 
	[
		0.41207223639575719,
		1.8568208846112586,
		-0.8884773090200091,
		-2.212815692140452,
		-0.41528364221942593,
		2.7149469179390939,
		0.090999999999999998
	],
	"velocity" : 
	[
		-0.029000000000000001,
		0.001,
		-0.01,
		0.0030000000000000001,
		-0.067000000000000004,
		-0.111,
		0.0
	]
}
