{
	"effort" : [ 0.0, 0.0, 0.0, 0.0, 0.0, 0.0, 0.059999999999999998 ],
	"position" : 
	[
		0.24102996970035606,
		1.5081041000628794,
		-0.78457785864881291,
		-1.7836217757826347,
		-1.2417843095011318,
		1.2776159190445664,
		0.060100000000000001
	],
	"velocity" : 
	[
		0.021999999999999999,
		0.0,
		0.01,
		0.017000000000000001,
		-0.126,
		0.0,
		0.0
	]
}
