{
	"effort" : [ 0.0, 0.0, 0.0, 0.0, 0.0, 0.0, 0.14000000000000001 ],
	"position" : 
	[
		0.27312657464452367,
		1.5129037555058626,
		-0.85011497206118336,
		-2.2155733123586021,
		-0.59222512178656639,
		2.7604476515385747,
		0.074099999999999999
	],
	"velocity" : 
	[
		0.434,
		0.032000000000000001,
		0.0,
		0.0,
		0.13900000000000001,
		0.16600000000000001,
		0.0
	]
}
