{
	"effort" : [ 0.0, 0.0, 0.0, 0.0, 0.0, 0.0, -1.044 ],
	"position" : 
	[
		0.27197465733820769,
		1.4984349760068334,
		-0.69458868241600791,
		-1.6702626408656316,
		-1.214941145605466,
		1.1869460644034839,
		0.050900000000000001
	],
	"velocity" : [ 0.0070000000000000001, 0.0, 0.0, 0.0, 0.089999999999999997, 0.0, 0.0 ]
}
