{
	"effort" : [ 0.0, 0.0, 0.0, 0.0, 0.0, 0.0, -0.29199999999999998 ],
	"position" : 
	[
		0.24567254551065981,
		1.5081041000628794,
		-0.78251837013145997,
		-1.7455561447966481,
		-1.2570908470411184,
		1.2409989113377349,
		0.054199999999999998
	],
	"velocity" : 
	[
		0.0,
		0.0,
		0.041000000000000002,
		0.0,
		-0.13800000000000001,
		-0.078,
		0.0
	]
}
