{
	"effort" : [ 0.0, 0.0, 0.0, 0.0, 0.0, 0.0, 0.13400000000000001 ],
	"position" : 
	[
		0.34068826998920709,
		1.6260185443275867,
		-0.85011497206118336,
		-2.2155733123586021,
		-0.58128190737656471,
		2.7860167250802852,
		0.074099999999999999
	],
	"velocity" : 
	[
		0.051999999999999998,
		0.42599999999999999,
		0.0,
		0.0,
		0.057000000000000002,
		0.025999999999999999,
		0.0
	]
}
