{
	"effort" : [ 0.0, 0.0, 0.0, 0.0, 0.0, 0.0, 0.27300000000000002 ],
	"position" : 
	[
		0.31541590242033557,
		1.6948194234411857,
		-0.84337800114848704,
		-2.212815692140452,
		-0.52937581542226642,
		2.5400125670117464,
		0.076799999999999993
	],
	"velocity" : [ 0.184, 0.001, 0.0, 0.0, 0.17199999999999999, 0.20300000000000001, 0.0 ]
}
