{
	"effort" : [ 0.0, 0.0, 0.0, 0.0, 0.0, 0.0, -0.10100000000000001 ],
	"position" : 
	[
		0.34142130827504452,
		1.6531933207811316,
		-0.93238979300017522,
		-2.2071608253639918,
		-0.63772585538604709,
		2.4656789941693265,
		0.069000000000000006
	],
	"velocity" : 
	[
		0.012999999999999999,
		0.0,
		0.0,
		0.0,
		-0.017000000000000001,
		-0.20999999999999999,
		0.0
	]
}
