{
	"effort" : [ 0.0, 0.0, 0.0, 0.0, 0.0, 0.0, -1.0549999999999999 ],
	"position" : 
	[
		0.32560862525197987,
		1.4939320265366891,
		-0.64837236382320984,
		-1.4908777003456999,
		-0.97424278846298873,
		1.3477257950971611,
		0.0574
	],
	"velocity" : 
	[
		0.20100000000000001,
		0.0,
		0.129,
		-0.042000000000000003,
		0.214,
		-0.037999999999999999,
		0.0
	]
}
