{
	"effort" : [ 0.0, 0.0, 0.0, 0.0, 0.0, 0.0, -0.95999999999999996 ],
	"position" : 
	[
		0.41496948295406705,
		1.8329447804439822,
		-0.94813266285316011,
		-2.2173535481956361,
		-0.35883969420994355,
		2.6884528198938269,
		0.0574
	],
	"velocity" : 
	[
		0.0,
		-0.14499999999999999,
		0.0,
		0.0,
		-0.14099999999999999,
		-0.050999999999999997,
		0.0
	]
}
