{
	"effort" : [ 0.0, 0.0, 0.0, 0.0, 0.0, 0.0, -1.0489999999999999 ],
	"position" : 
	[
		0.41496948295406705,
		1.8851475783711193,
		-0.90928163370377624,
		-2.2101278850923811,
		-0.35276594841300485,
		2.6910010006017373,
		0.059700000000000003
	],
	"velocity" : [ -0.001, 0.063, -0.16700000000000001, -0.13, 0.0, 0.0, 0.0 ]
}
