{
	"effort" : [ 0.0, 0.0, 0.0, 0.0, 0.0, 0.0, 0.047 ],
	"position" : 
	[
		0.16006414570035954,
		1.5085578856683977,
		-0.81716315578353871,
		-1.8800861235403372,
		-1.3442525898856932,
		1.3748133050881062,
		0.060100000000000001
	],
	"velocity" : [ 0.37, 0.0, 0.374, 0.0, 1.0389999999999999, -0.76800000000000002, 0.0 ]
}
