{
	"effort" : [ 0.0, 0.0, 0.0, 0.0, 0.0, 0.0, -0.93300000000000005 ],
	"position" : 
	[
		0.59726912332482862,
		1.4610674767216441,
		-0.66428976660139405,
		-1.2255527474575887,
		-0.31791172325068684,
		1.0344391943642581,
		0.046600000000000003
	],
	"velocity" : 
	[
		0.0,
		-0.019,
		-0.051999999999999998,
		0.0,
		0.012999999999999999,
		-0.001,
		0.0
	]
}
