{
	"effort" : [ 0.0, 0.0, 0.0, 0.0, 0.0, 0.0, 0.080000000000000002 ],
	"position" : 
	[
		0.2924124628790562,
		1.6948194234411857,
		-0.84964373316314501,
		-2.212815692140452,
		-0.56655132848973622,
		2.5344798732829257,
		0.072700000000000001
	],
	"velocity" : [ 0.10000000000000001, 0.0, 0.082000000000000003, 0.0, 0.126, 0.0, 0.0 ]
}
