{
	"effort" : [ 0.0, 0.0, 0.0, 0.0, 0.0, 0.0, -1.038 ],
	"position" : 
	[
		0.39051742013363266,
		1.5020652608509806,
		-0.68388981410128535,
		-1.6428086117317682,
		-0.88413143918254433,
		1.1838393783349348,
		0.0482
	],
	"velocity" : 
	[
		0.19400000000000001,
		0.0,
		-0.016,
		0.26000000000000001,
		0.48799999999999999,
		-0.38100000000000001,
		0.0
	]
}
