{
	"effort" : [ 0.0, 0.0, 0.0, 0.0, 0.0, 0.0, -0.051999999999999998 ],
	"position" : 
	[
		0.60671135457811565,
		1.245449500930319,
		-0.61276764708253451,
		-1.2567766877757596,
		-0.3258878779322989,
		1.2544553998706076,
		0.043900000000000002
	],
	"velocity" : [ 0.0, -0.20200000000000001, 0.0, 0.0, 0.44800000000000001, 0.001, 0.0 ]
}
