{
	"effort" : [ 0.0, 0.0, 0.0, 0.0, 0.0, 0.0, -1.042 ],
	"position" : 
	[
		0.29078930667470188,
		1.5020652608509806,
		-0.68409925361152457,
		-1.6825672120921884,
		-1.0762049233644717,
		1.2134227091562313,
		0.048599999999999997
	],
	"velocity" : 
	[
		-0.0080000000000000002,
		0.0,
		0.0,
		0.087999999999999995,
		0.063,
		-0.012999999999999999,
		0.0
	]
}
