{
	"effort" : [ 0.0, 0.0, 0.0, 0.0, 0.0, 0.0, 0.097000000000000003 ],
	"position" : 
	[
		0.41996112461476953,
		1.0549468130751862,
		-0.50857149073849928,
		-2.2127109723853322,
		-0.25535912285922591,
		2.8247630344745494,
		0.047800000000000002
	],
	"velocity" : 
	[
		-0.54700000000000004,
		0.93000000000000005,
		-0.73899999999999999,
		0.0,
		-0.72999999999999998,
		0.0,
		0.0
	]
}
