{
	"effort" : [ 0.0, 0.0, 0.0, 0.0, 0.0, 0.0, -1.0429999999999999 ],
	"position" : 
	[
		0.41051889336148262,
		1.5020652608509806,
		-0.68388981410128535,
		-1.6233656438645558,
		-0.84081236714805585,
		1.1691786126181862,
		0.048300000000000003
	],
	"velocity" : 
	[
		0.096000000000000002,
		0.0,
		0.0,
		0.0030000000000000001,
		0.080000000000000002,
		-0.13400000000000001,
		0.0
	]
}
