{
	"effort" : [ 0.0, 0.0, 0.0, 0.0, 0.0, 0.0, 0.081000000000000003 ],
	"position" : 
	[
		0.039235001584822626,
		1.5108966268660695,
		-0.95270542549338411,
		-2.0076522385685704,
		-1.1418816631170017,
		2.3172387412872464,
		0.059900000000000002
	],
	"velocity" : 
	[
		0.072999999999999995,
		0.0,
		0.0,
		1.004,
		-0.38900000000000001,
		-0.88200000000000001,
		0.0
	]
}
