{
	"effort" : [ 0.0, 0.0, 0.0, 0.0, 0.0, 0.0, 0.108 ],
	"position" : 
	[
		0.029286624848457451,
		1.5108966268660695,
		-0.95270542549338411,
		-2.1735283306780699,
		-1.0999763077766287,
		2.4806888257364741,
		0.059900000000000002
	],
	"velocity" : 
	[
		-0.025000000000000001,
		0.0,
		0.02,
		0.73999999999999999,
		-0.012999999999999999,
		-0.47299999999999998,
		0.0
	]
}
