{
	"effort" : [ 0.0, 0.0, 0.0, 0.0, 0.0, 0.0, -0.033000000000000002 ],
	"position" : 
	[
		0.47958157186288081,
		0.015376350710066161,
		-5.2359877559816662e-05,
		-2.2165681500322387,
		0.31995375847551971,
		2.7949004509729338,
		0.0
	],
	"velocity" : [ 0.0, 0.0, 0.0, 0.0, -0.73799999999999999, 0.0, 0.0 ]
}
