{
	"effort" : [ 0.0, 0.0, 0.0, 0.0, 0.0, 0.0, -1.0489999999999999 ],
	"position" : 
	[
		0.51534336823623561,
		1.473424407825761,
		-0.61397192426641012,
		-1.3769426067755388,
		-0.607182593476154,
		1.2838118378891448,
		0.056300000000000003
	],
	"velocity" : 
	[
		0.23000000000000001,
		-0.024,
		0.081000000000000003,
		0.40999999999999998,
		0.54600000000000004,
		-0.16600000000000001,
		0.0
	]
}
