{
	"effort" : [ 0.0, 0.0, 0.0, 0.0, 0.0, 0.0, -1.0269999999999999 ],
	"position" : 
	[
		0.5032482365199179,
		1.4759376819486323,
		-0.61784655520583665,
		-1.3929123694312828,
		-0.62194807894802229,
		1.2953484642448245,
		0.056500000000000002
	],
	"velocity" : 
	[
		0.22700000000000001,
		0.0,
		0.115,
		0.30199999999999999,
		0.46500000000000002,
		-0.157,
		0.0
	]
}
