{
	"effort" : [ 0.0, 0.0, 0.0, 0.0, 0.0, 0.0, -1.0429999999999999 ],
	"position" : 
	[
		0.59726912332482862,
		1.4610674767216441,
		-0.65723863642333868,
		-1.2375431594187869,
		-0.2970550386893599,
		1.0655409616347891,
		0.047100000000000003
	],
	"velocity" : [ 0.036999999999999998, 0.0, 0.0, 0.0, 0.249, 0.191, 0.0 ]
}
