{
	"effort" : [ 0.0, 0.0, 0.0, 0.0, 0.0, 0.0, 0.039 ],
	"position" : 
	[
		0.13432053923344969,
		1.5085578856683977,
		-0.84678139318987511,
		-1.8799814037852176,
		-1.4074858686854317,
		1.4278538610562006,
		0.060100000000000001
	],
	"velocity" : 
	[
		0.37,
		0.0,
		0.41799999999999998,
		-0.058999999999999997,
		0.52500000000000002,
		-0.80900000000000005,
		0.0
	]
}
