{
	"effort" : [ 0.0, 0.0, 0.0, 0.0, 0.0, 0.0, -1.044 ],
	"position" : 
	[
		0.61121430404825994,
		1.4544352255640673,
		-0.62048200237634743,
		-1.2558516632722028,
		-0.41256092858631543,
		1.1913442941185086,
		0.047
	],
	"velocity" : 
	[
		0.0040000000000000001,
		-0.157,
		0.016,
		-0.19700000000000001,
		0.0,
		0.224,
		0.0
	]
}
