{
	"effort" : [ 0.0, 0.0, 0.0, 0.0, 0.0, 0.0, 0.072999999999999995 ],
	"position" : 
	[
		0.47958157186288081,
		0.8272337055675435,
		-0.39311796071910354,
		-2.2127109723853322,
		-0.15868533559128439,
		2.8191430742831289,
		0.047800000000000002
	],
	"velocity" : 
	[
		0.0,
		0.68600000000000005,
		-0.11600000000000001,
		0.0,
		-0.185,
		0.0070000000000000001,
		0.0
	]
}
