{
	"effort" : [ 0.0, 0.0, 0.0, 0.0, 0.0, 0.0, -0.17199999999999999 ],
	"position" : 
	[
		0.34142130827504452,
		1.6531933207811316,
		-0.85011497206118336,
		-2.2155733123586021,
		-0.54613097624140783,
		2.7880413070125978,
		0.072300000000000003
	],
	"velocity" : [ 0.0, 0.0, -0.0030000000000000001, 0.0, 0.42099999999999999, 0.0, 0.0 ]
}
