{
	"effort" : [ 0.0, 0.0, 0.0, 0.0, 0.0, 0.0, -0.056000000000000001 ],
	"position" : 
	[
		0.60671135457811565,
		0.43462189033151821,
		-0.058416170064235461,
		-1.3575869053709266,
		0.080546944979517976,
		1.3756859697141031,
		0.0114
	],
	"velocity" : 
	[
		-0.001,
		-0.036999999999999998,
		0.35299999999999998,
		0.0,
		0.60899999999999999,
		0.80300000000000005,
		0.0
	]
}
