{
	"effort" : [ 0.0, 0.0, 0.0, 0.0, 0.0, 0.0, -0.035000000000000003 ],
	"position" : 
	[
		0.60671135457811565,
		1.3043543631851129,
		-0.61276764708253451,
		-1.2580856847147548,
		-0.3936764660797416,
		1.2504935024685815,
		0.043799999999999999
	],
	"velocity" : 
	[
		-0.0070000000000000001,
		-0.36599999999999999,
		0.0,
		0.0,
		0.47899999999999998,
		0.11600000000000001,
		0.0
	]
}
