{
	"effort" : [ 0.0, 0.0, 0.0, 0.0, 0.0, 0.0, -1.0469999999999999 ],
	"position" : 
	[
		0.61685171753220014,
		1.460753317456285,
		-0.62219242504330152,
		-1.2268093845190244,
		-0.35676275240007083,
		1.1722852986867354,
		0.047100000000000003
	],
	"velocity" : 
	[
		0.0,
		0.0,
		0.0080000000000000002,
		0.0,
		-0.069000000000000006,
		0.0070000000000000001,
		0.0
	]
}
