{
	"effort" : [ 0.0, 0.0, 0.0, 0.0, 0.0, 0.0, -1.042 ],
	"position" : 
	[
		0.29078930667470188,
		1.5020652608509806,
		-0.68828804381631004,
		-1.6437336362353248,
		-1.0588214440146126,
		1.2130910965983523,
		0.047800000000000002
	],
	"velocity" : 
	[
		0.0,
		0.0060000000000000001,
		0.0,
		-0.063,
		-0.0070000000000000001,
		0.0,
		0.0
	]
}
