{
	"effort" : [ 0.0, 0.0, 0.0, 0.0, 0.0, 0.0, -1.0449999999999999 ],
	"position" : 
	[
		0.41207223639575719,
		1.8827041174183279,
		-0.89966486952528979,
		-2.2101278850923811,
		-0.36578610463287919,
		2.6910010006017373,
		0.059700000000000003
	],
	"velocity" : [ 0.0, 0.0, 0.0, 0.0, 0.0070000000000000001, 0.0, 0.0 ]
}
