{
	"effort" : [ 0.0, 0.0, 0.0, 0.0, 0.0, 0.0, -0.045999999999999999 ],
	"position" : 
	[
		0.60671135457811565,
		1.2315915866694878,
		-0.61276764708253451,
		-1.2567766877757596,
		-0.28848547206206987,
		1.2544553998706076,
		0.043900000000000002
	],
	"velocity" : [ 0.0, -0.20599999999999999, 0.0, 0.0, 0.54600000000000004, 0.0, 0.0 ]
}
