{
	"effort" : [ 0.0, 0.0, 0.0, 0.0, 0.0, 0.0, -0.115 ],
	"position" : 
	[
		0.34142130827504452,
		1.6531933207811316,
		-0.85011497206118336,
		-2.2155733123586021,
		-0.54216907883938159,
		2.7880413070125978,
		0.071999999999999995
	],
	"velocity" : 
	[
		0.0,
		0.0,
		0.0,
		0.0050000000000000001,
		0.26200000000000001,
		-0.10299999999999999,
		0.0
	]
}
