{
	"effort" : [ 0.0, 0.0, 0.0, 0.0, 0.0, 0.0, -0.047 ],
	"position" : 
	[
		0.60671135457811565,
		1.2422555483991704,
		-0.5468465612347253,
		-1.2567766877757596,
		-0.27918286714894247,
		1.3213713233920534,
		0.043900000000000002
	],
	"velocity" : [ 0.0, 0.0, 0.0, 0.0, 0.091999999999999998, 0.0, 0.0 ]
}
