{
	"effort" : [ 0.0, 0.0, 0.0, 0.0, 0.0, 0.0, 0.16400000000000001 ],
	"position" : 
	[
		0.47958157186288081,
		0.68233647106701079,
		-0.38179077387366323,
		-2.2127109723853322,
		-0.14341370463633785,
		2.7746022717722454,
		0.0385
	],
	"velocity" : 
	[
		0.0,
		0.315,
		-0.090999999999999998,
		0.0,
		-0.043999999999999997,
		0.39300000000000002,
		0.0
	]
}
