{
	"effort" : [ 0.0, 0.0, 0.0, 0.0, 0.0, 0.0, -0.053999999999999999 ],
	"position" : 
	[
		0.60671135457811565,
		0.43626249982839244,
		-0.10168288222116395,
		-1.3575869053709266,
		0.0095294977158866343,
		1.2815952697391126,
		0.0114
	],
	"velocity" : 
	[
		0.0,
		-0.002,
		0.433,
		0.0,
		0.58199999999999996,
		0.63200000000000001,
		0.0
	]
}
