{
	"effort" : [ 0.0, 0.0, 0.0, 0.0, 0.0, 0.0, -0.105 ],
	"position" : 
	[
		0.34142130827504452,
		1.6531933207811316,
		-0.85254097972145482,
		-2.2155733123586021,
		-0.51923545246818192,
		2.702659800005057,
		0.069000000000000006
	],
	"velocity" : 
	[
		0.0,
		0.0,
		-0.10000000000000001,
		0.111,
		0.029999999999999999,
		-1.077,
		0.0
	]
}
