{
	"effort" : [ 0.0, 0.0, 0.0, 0.0, 0.0, 0.0, -0.10100000000000001 ],
	"position" : 
	[
		0.34142130827504452,
		1.6531933207811316,
		-0.86800459689412068,
		-2.2000922418934166,
		-0.50909508951409743,
		2.4674068701288006,
		0.069000000000000006
	],
	"velocity" : [ 0.0, 0.0, 0.0, 0.0, 0.0, -0.52700000000000002, 0.0 ]
}
