{
	"effort" : [ 0.0, 0.0, 0.0, 0.0, 0.0, 0.0, 0.052999999999999999 ],
	"position" : 
	[
		0.41207223639575719,
		1.8459649366638564,
		-0.8884773090200091,
		-2.212815692140452,
		-0.41699406488637991,
		2.7170413130414865,
		0.090999999999999998
	],
	"velocity" : [ 0.0, 0.188, 0.0, 0.0, 0.126, 0.0, 0.0 ]
}
