{
	"effort" : [ 0.0, 0.0, 0.0, 0.0, 0.0, 0.0, 0.10299999999999999 ],
	"position" : 
	[
		0.47958157186288081,
		0.84175484494413266,
		-0.39814450896484593,
		-2.2127109723853322,
		-0.15875514876136415,
		2.8191430742831289,
		0.047800000000000002
	],
	"velocity" : 
	[
		0.0,
		0.70699999999999996,
		-0.185,
		0.0,
		-0.042000000000000003,
		0.0,
		0.0
	]
}
