{
	"effort" : [ 0.0, 0.0, 0.0, 0.0, 0.0, 0.0, -0.10000000000000001 ],
	"position" : 
	[
		0.34705872175898483,
		1.6531933207811316,
		-0.93238979300017522,
		-2.2089410612010254,
		-0.64414866703338447,
		2.5253343480024779,
		0.069000000000000006
	],
	"velocity" : 
	[
		0.019,
		0.0,
		0.0,
		-0.028000000000000001,
		0.047,
		0.32400000000000001,
		0.0
	]
}
