{
	"effort" : [ 0.0, 0.0, 0.0, 0.0, 0.0, 0.0, -1.0409999999999999 ],
	"position" : 
	[
		0.41893138035609312,
		1.6332093008458013,
		-0.94813266285316011,
		-2.219657382808268,
		-0.50450487358135354,
		2.6465474645534535,
		0.056099999999999997
	],
	"velocity" : [ 0.0, -0.017000000000000001, 0.0, 0.0, -0.27400000000000002, 0.0, 0.0 ]
}
