{
	"effort" : [ 0.0, 0.0, 0.0, 0.0, 0.0, 0.0, 0.19600000000000001 ],
	"position" : 
	[
		0.31401963901874053,
		1.5430455916877972,
		-0.85011497206118336,
		-2.2155733123586021,
		-0.58756509268374268,
		2.773747060438768,
		0.074099999999999999
	],
	"velocity" : 
	[
		0.35099999999999998,
		0.47299999999999998,
		0.0,
		0.0,
		0.0,
		0.065000000000000002,
		0.0
	]
}
