{
	"effort" : [ 0.0, 0.0, 0.0, 0.0, 0.0, 0.0, 0.115 ],
	"position" : 
	[
		0.25199063740287769,
		1.5105301077231508,
		-0.85011497206118336,
		-2.2155733123586021,
		-0.59622192577363242,
		2.7461883115497843,
		0.073499999999999996
	],
	"velocity" : 
	[
		0.39100000000000001,
		0.017000000000000001,
		0.0,
		0.0,
		0.20300000000000001,
		0.23200000000000001,
		0.0
	]
}
