{
	"effort" : [ 0.0, 0.0, 0.0, 0.0, 0.0, 0.0, -0.094 ],
	"position" : 
	[
		0.4902455335925634,
		1.7664826425280549,
		-0.9219352707807319,
		-2.2108260167931792,
		-0.48944268213664627,
		2.6765845809802684,
		0.069000000000000006
	],
	"velocity" : [ -0.035999999999999997, 0.0, 0.0, 0.0, -0.16400000000000001, 0.0, 0.0 ]
}
