{
	"effort" : [ 0.0, 0.0, 0.0, 0.0, 0.0, 0.0, 0.153 ],
	"position" : 
	[
		0.47958157186288081,
		0.60664154140803594,
		-0.32895965741580818,
		-2.2127109723853322,
		-0.13241813034877634,
		2.7585452426539012,
		0.0077999999999999996
	],
	"velocity" : 
	[
		0.0,
		0.39300000000000002,
		-0.40799999999999997,
		0.0,
		-0.32200000000000001,
		0.0,
		0.0
	]
}
