{
	"effort" : [ 0.0, 0.0, 0.0, 0.0, 0.0, 0.0, 0.106 ],
	"position" : 
	[
		0.4656363911394496,
		1.5588582747108619,
		-0.95040159088075216,
		-2.2159747380865609,
		-0.74097953393400551,
		2.4928188640378317,
		0.059900000000000002
	],
	"velocity" : [ 0.0, 0.0, -0.02, 0.0, -0.14299999999999999, 0.0, 0.0 ]
}
