{
	"effort" : [ 0.0, 0.0, 0.0, 0.0, 0.0, 0.0, -1.046 ],
	"position" : 
	[
		0.61063834539510187,
		1.460753317456285,
		-0.62491513867641191,
		-1.2354313110238742,
		-0.3258529713472591,
		1.1286520673868881,
		0.047100000000000003
	],
	"velocity" : 
	[
		0.025000000000000001,
		0.0,
		0.001,
		0.019,
		-0.17599999999999999,
		0.042000000000000003,
		0.0
	]
}
