{
	"effort" : [ 0.0, 0.0, 0.0, 0.0, 0.0, 0.0, 0.095000000000000001 ],
	"position" : 
	[
		0.057822758118557534,
		1.5108966268660695,
		-0.95270542549338411,
		-1.8708358785047694,
		-1.2737063815201,
		1.9157082935735323,
		0.059900000000000002
	],
	"velocity" : [ 0.0, 0.0, 0.0, -0.075999999999999998, -0.124, -1.464, 0.0 ]
}
