{
	"effort" : [ 0.0, 0.0, 0.0, 0.0, 0.0, 0.0, 0.10299999999999999 ],
	"position" : 
	[
		0.29174923776329847,
		1.260895664810465,
		-0.70115112040350502,
		-2.2145086615148859,
		-0.47012188731707388,
		2.8221450405965589,
		0.047800000000000002
	],
	"velocity" : 
	[
		-0.56699999999999995,
		0.97299999999999998,
		-0.97999999999999998,
		0.0,
		-1.091,
		-0.070000000000000007,
		0.0
	]
}
