{
	"effort" : [ 0.0, 0.0, 0.0, 0.0, 0.0, 0.0, -0.028000000000000001 ],
	"position" : 
	[
		0.47958157186288081,
		0.22519983338477148,
		-0.10601129876610881,
		-2.2147355543176452,
		0.12838641977667045,
		2.754600798544395,
		0.0
	],
	"velocity" : 
	[
		0.0,
		0.57399999999999995,
		-0.23100000000000001,
		0.0050000000000000001,
		-0.010999999999999999,
		0.097000000000000003,
		0.0
	]
}
