{
	"effort" : [ 0.0, 0.0, 0.0, 0.0, 0.0, 0.0, -0.92700000000000005 ],
	"position" : 
	[
		0.59726912332482862,
		1.4615387156196824,
		-0.65966464408361025,
		-1.2255527474575887,
		-0.32213542004051204,
		1.0384359983513241,
		0.046600000000000003
	],
	"velocity" : 
	[
		0.0,
		-0.01,
		-0.081000000000000003,
		0.0,
		0.032000000000000001,
		-0.034000000000000002,
		0.0
	]
}
