{
	"effort" : [ 0.0, 0.0, 0.0, 0.0, 0.0, 0.0, -1.0209999999999999 ],
	"position" : 
	[
		0.58475511258803248,
		1.477438665105347,
		-0.60590850312219846,
		-1.2030030935218279,
		-0.47462483678721817,
		1.102733927994779,
		0.053800000000000001
	],
	"velocity" : 
	[
		0.037999999999999999,
		0.0,
		-0.088999999999999996,
		0.12,
		0.13600000000000001,
		0.0,
		0.0
	]
}
