{
	"effort" : [ 0.0, 0.0, 0.0, 0.0, 0.0, 0.0, -1.0449999999999999 ],
	"position" : 
	[
		0.41496948295406705,
		1.741018288741464,
		-0.94813266285316011,
		-2.2179993200188735,
		-0.4020365931967923,
		2.6465474645534535,
		0.056099999999999997
	],
	"velocity" : 
	[
		0.0089999999999999993,
		0.0,
		0.0,
		0.0,
		-0.017000000000000001,
		0.0089999999999999993,
		0.0
	]
}
