{
	"effort" : [ 0.0, 0.0, 0.0, 0.0, 0.0, 0.0, 0.104 ],
	"position" : 
	[
		0.029286624848457451,
		1.5108966268660695,
		-0.95270542549338411,
		-2.1600369355601567,
		-1.1016867304435825,
		2.466900724645722,
		0.059900000000000002
	],
	"velocity" : 
	[
		0.0,
		0.0,
		0.0,
		0.59599999999999997,
		-0.095000000000000001,
		-0.48999999999999999,
		0.0
	]
}
