{
	"effort" : [ 0.0, 0.0, 0.0, 0.0, 0.0, 0.0, 0.095000000000000001 ],
	"position" : 
	[
		0.21249383643025596,
		1.4931466283732919,
		-0.86844092920711924,
		-2.2145086615148859,
		-0.67329566554168252,
		2.6909311874316582,
		0.047800000000000002
	],
	"velocity" : 
	[
		-0.031,
		0.34999999999999998,
		0.0,
		0.0,
		-0.13900000000000001,
		-1.351,
		0.0
	]
}
