{
	"effort" : [ 0.0, 0.0, 0.0, 0.0, 0.0, 0.0, -1.0549999999999999 ],
	"position" : 
	[
		0.27197465733820769,
		1.4984349760068334,
		-0.69458868241600791,
		-1.6702626408656316,
		-1.2173322466806977,
		1.1869460644034839,
		0.050799999999999998
	],
	"velocity" : [ 0.0040000000000000001, 0.02, 0.0, 0.0, 0.13, 0.0, 0.0 ]
}
