{
	"effort" : [ 0.0, 0.0, 0.0, 0.0, 0.0, 0.0, 0.085000000000000006 ],
	"position" : 
	[
		0.46991244780683467,
		0.94143059852550359,
		-0.43558182142011487,
		-2.2127109723853322,
		-0.17987363271049017,
		2.8220926807189985,
		0.047800000000000002
	],
	"velocity" : [ -0.246, 0.82099999999999995, -0.435, 0.0, -0.373, 0.0, 0.0 ]
}
