{
	"effort" : [ 0.0, 0.0, 0.0, 0.0, 0.0, 0.0, -1.044 ],
	"position" : 
	[
		0.36688566206163536,
		1.4856068060046783,
		-0.63435736992969882,
		-1.4835996773648854,
		-0.90415036570291418,
		1.337131646537558,
		0.057099999999999998
	],
	"velocity" : 
	[
		0.24399999999999999,
		-0.070000000000000007,
		0.0,
		0.0,
		0.502,
		-0.021000000000000001,
		0.0
	]
}
