{
	"effort" : [ 0.0, 0.0, 0.0, 0.0, 0.0, 0.0, -0.042999999999999997 ],
	"position" : 
	[
		0.60671135457811565,
		1.0040530120870443,
		-0.5468465612347253,
		-1.2567766877757596,
		-0.22190116109850302,
		1.2571606602111982,
		0.043900000000000002
	],
	"velocity" : [ 0.0, -0.83599999999999997, 0.0, 0.0, 0.0, 0.0, 0.0 ]
}
