{
	"effort" : [ 0.0, 0.0, 0.0, 0.0, 0.0, 0.0, 0.14000000000000001 ],
	"position" : 
	[
		0.28864255169474934,
		1.6948194234411857,
		-0.90760611762186205,
		-2.212815692140452,
		-0.63561400699113446,
		2.5393144353109487,
		0.069000000000000006
	],
	"velocity" : 
	[
		0.0,
		0.0,
		0.20699999999999999,
		0.0,
		0.30599999999999999,
		-0.040000000000000001,
		0.0
	]
}
