{
	"effort" : [ 0.0, 0.0, 0.0, 0.0, 0.0, 0.0, 0.065000000000000002 ],
	"position" : 
	[
		0.47958157186288081,
		0.71509630112693623,
		-0.38641589639144697,
		-2.2127109723853322,
		-0.1487195055623993,
		2.8003633315316749,
		0.045699999999999998
	],
	"velocity" : [ 0.0, 0.35299999999999998, -0.012999999999999999, 0.0, 0.0, 0.5, 0.0 ]
}
