{
	"effort" : [ 0.0, 0.0, 0.0, 0.0, 0.0, 0.0, -0.058999999999999997 ],
	"position" : 
	[
		0.60671135457811565,
		0.43212606950116694,
		-0.02972295716145593,
		-1.3575869053709266,
		0.11480775819615803,
		1.4249217079128504,
		0.0114
	],
	"velocity" : 
	[
		0.0,
		0.0,
		0.42399999999999999,
		0.0,
		0.45800000000000002,
		0.65300000000000002,
		0.0
	]
}
