{
	"effort" : [ 0.0, 0.0, 0.0, 0.0, 0.0, 0.0, -1.0449999999999999 ],
	"position" : 
	[
		0.57824503447809528,
		1.477438665105347,
		-0.59590776650827348,
		-1.2936380415778705,
		-0.47849946772664459,
		1.1539593415407996,
		0.054199999999999998
	],
	"velocity" : 
	[
		0.0030000000000000001,
		0.0,
		0.032000000000000001,
		0.46200000000000002,
		0.017000000000000001,
		-0.439,
		0.0
	]
}
