{
	"effort" : [ 0.0, 0.0, 0.0, 0.0, 0.0, 0.0, -1.04 ],
	"position" : 
	[
		0.41964696534941065,
		1.6236798031299149,
		-0.94813266285316011,
		-2.219657382808268,
		-0.5375439563215979,
		2.6465474645534535,
		0.056099999999999997
	],
	"velocity" : [ 0.019, -0.065000000000000002, 0.0, 0.0, -0.245, 0.0, 0.0 ]
}
