{
	"effort" : [ 0.0, 0.0, 0.0, 0.0, 0.0, 0.0, -0.045999999999999999 ],
	"position" : 
	[
		0.60671135457811565,
		0.87196649429614692,
		-0.53906239277083245,
		-1.2917181794006771,
		-0.17886134174433374,
		1.255520050714324,
		0.043900000000000002
	],
	"velocity" : 
	[
		0.0,
		-0.66100000000000003,
		0.17699999999999999,
		-0.38700000000000001,
		0.43099999999999999,
		0.0,
		0.0
	]
}
