{
	"effort" : [ 0.0, 0.0, 0.0, 0.0, 0.0, 0.0, -1.046 ],
	"position" : 
	[
		0.26755897433066317,
		1.5007562639119851,
		-0.69621183862036229,
		-1.6702626408656316,
		-1.2329529434860429,
		1.180959585069145,
		0.050599999999999999
	],
	"velocity" : 
	[
		0.104,
		-0.014999999999999999,
		0.048000000000000001,
		0.0,
		0.185,
		0.060999999999999999,
		0.0
	]
}
