{
	"effort" : [ 0.0, 0.0, 0.0, 0.0, 0.0, 0.0, -1.0409999999999999 ],
	"position" : 
	[
		0.61507148169516634,
		1.460753317456285,
		-0.62219242504330152,
		-1.2340001410372392,
		-0.37206928994005728,
		1.1722852986867354,
		0.047100000000000003
	],
	"velocity" : [ 0.0, 0.0, 0.0, -0.045999999999999999, -0.19500000000000001, 0.0, 0.0 ]
}
