{
	"effort" : [ 0.0, 0.0, 0.0, 0.0, 0.0, 0.0, 0.047 ],
	"position" : 
	[
		0.24102996970035606,
		1.5081041000628794,
		-0.78457785864881291,
		-1.7732370667332711,
		-1.2473868164000323,
		1.2723973845811047,
		0.060100000000000001
	],
	"velocity" : [ 0.0, 0.0, 0.0, 0.249, -0.024, -0.218, 0.0 ]
}
