{
	"effort" : [ 0.0, 0.0, 0.0, 0.0, 0.0, 0.0, -0.048000000000000001 ],
	"position" : 
	[
		0.60671135457811565,
		1.2753120844319346,
		-0.61276764708253451,
		-1.2580856847147548,
		-0.3662922501159574,
		1.2523260981831752,
		0.043900000000000002
	],
	"velocity" : 
	[
		-0.017999999999999999,
		-0.373,
		0.0,
		0.0,
		0.50600000000000001,
		0.0,
		0.0
	]
}
