{
	"effort" : [ 0.0, 0.0, 0.0, 0.0, 0.0, 0.0, -0.10199999999999999 ],
	"position" : 
	[
		0.34142130827504452,
		1.6531933207811316,
		-0.93238979300017522,
		-2.2071608253639918,
		-0.64285712338690904,
		2.4627293877334568,
		0.069000000000000006
	],
	"velocity" : [ 0.002, 0.0, 0.0, 0.0, -0.30099999999999999, -0.126, 0.0 ]
}
