{
	"effort" : [ 0.0, 0.0, 0.0, 0.0, 0.0, 0.0, -0.10299999999999999 ],
	"position" : 
	[
		0.36189402040093288,
		1.6574868307410364,
		-0.92949254644186541,
		-2.2089410612010254,
		-0.54742251988788326,
		2.5884454537545762,
		0.069000000000000006
	],
	"velocity" : 
	[
		0.157,
		0.031,
		0.105,
		0.0,
		0.66500000000000004,
		0.28100000000000003,
		0.0
	]
}
