{
	"effort" : [ 0.0, 0.0, 0.0, 0.0, 0.0, 0.0, -0.92200000000000004 ],
	"position" : 
	[
		0.59407517079367989,
		1.4615387156196824,
		-0.63484606212025718,
		-1.2148887857279063,
		-0.3342654583418696,
		1.0595195757154101,
		0.046600000000000003
	],
	"velocity" : 
	[
		0.014999999999999999,
		0.0,
		-0.16600000000000001,
		-0.214,
		0.20899999999999999,
		-0.043999999999999997,
		0.0
	]
}
