{
	"effort" : [ 0.0, 0.0, 0.0, 0.0, 0.0, 0.0, -1.0449999999999999 ],
	"position" : 
	[
		0.41022218738864369,
		1.5020652608509806,
		-0.68388981410128535,
		-1.6212712487621632,
		-0.8384038127803044,
		1.1691786126181862,
		0.048300000000000003
	],
	"velocity" : 
	[
		0.029000000000000001,
		0.0,
		0.0,
		0.040000000000000001,
		0.021000000000000001,
		-0.073999999999999996,
		0.0
	]
}
