{
	"effort" : [ 0.0, 0.0, 0.0, 0.0, 0.0, 0.0, 0.104 ],
	"position" : 
	[
		0.46156977398230387,
		1.5626281858951683,
		-0.9488307945539578,
		-2.2160096446716007,
		-0.7132113455347826,
		2.4928188640378317,
		0.059900000000000002
	],
	"velocity" : 
	[
		0.14399999999999999,
		-0.044999999999999998,
		0.0,
		0.124,
		-0.88200000000000001,
		-0.029999999999999999,
		0.0
	]
}
