{
	"effort" : [ 0.0, 0.0, 0.0, 0.0, 0.0, 0.0, -1.0469999999999999 ],
	"position" : 
	[
		0.41022218738864369,
		1.5020652608509806,
		-0.68388981410128535,
		-1.6196131859727692,
		-0.8384038127803044,
		1.16519926192364,
		0.048300000000000003
	],
	"velocity" : [ -0.042000000000000003, 0.0, 0.0, 0.069000000000000006, 0.0, 0.0, 0.0 ]
}
