{
	"effort" : [ 0.0, 0.0, 0.0, 0.0, 0.0, 0.0, -1.0469999999999999 ],
	"position" : 
	[
		0.24192008761887296,
		1.5063936773959257,
		-0.70425780647205416,
		-1.6845568874394616,
		-1.2652415346479298,
		1.187225317083803,
		0.050599999999999999
	],
	"velocity" : [ 0.0, 0.0, 0.123, 0.55000000000000004, 0.0, -0.012999999999999999, 0.0 ]
}
