{
	"effort" : [ 0.0, 0.0, 0.0, 0.0, 0.0, 0.0, -0.025999999999999999 ],
	"position" : 
	[
		0.47958157186288081,
		0.050632001600342709,
		-0.047944194552272119,
		-2.2145610213924463,
		0.13421581947833008,
		2.7443731691277109,
		0.0
	],
	"velocity" : 
	[
		0.0,
		0.40400000000000003,
		-0.098000000000000004,
		0.069000000000000006,
		0.0,
		0.0,
		0.0
	]
}
