{
	"effort" : [ 0.0, 0.0, 0.0, 0.0, 0.0, 0.0, -1.0469999999999999 ],
	"position" : 
	[
		0.41496948295406705,
		1.8901392200318217,
		-0.91622804412671188,
		-2.2101278850923811,
		-0.35276594841300485,
		2.6910010006017373,
		0.059700000000000003
	],
	"velocity" : 
	[
		0.0,
		0.080000000000000002,
		-0.193,
		0.0,
		0.089999999999999997,
		0.0,
		0.0
	]
}
