{
	"effort" : [ 0.0, 0.0, 0.0, 0.0, 0.0, 0.0, -1.042 ],
	"position" : 
	[
		0.55951765160420086,
		1.4699512026142931,
		-0.60154517999221369,
		-1.3782516037145343,
		-0.54009213702950887,
		1.238660170140063,
		0.055399999999999998
	],
	"velocity" : [ 0.0, 0.0, 0.0, 0.0, 0.0, -0.063, 0.0 ]
}
