{
	"effort" : [ 0.0, 0.0, 0.0, 0.0, 0.0, 0.0, -1.038 ],
	"position" : 
	[
		0.6090675490683074,
		1.460753317456285,
		-0.62735859962920337,
		-1.2397946341538588,
		-0.31271064207974508,
		1.1220198162293114,
		0.047100000000000003
	],
	"velocity" : 
	[
		0.053999999999999999,
		0.001,
		0.02,
		0.043999999999999997,
		-0.19700000000000001,
		0.080000000000000002,
		0.0
	]
}
