{
	"effort" : [ 0.0, 0.0, 0.0, 0.0, 0.0, 0.0, 0.058999999999999997 ],
	"position" : 
	[
		0.2072578486742743,
		1.5085578856683977,
		-0.7891680745815568,
		-1.8641861740546728,
		-1.2208927183547651,
		1.2919450722034362,
		0.060100000000000001
	],
	"velocity" : 
	[
		0.14099999999999999,
		-0.0030000000000000001,
		0.059999999999999998,
		0.182,
		0.13800000000000001,
		-0.085999999999999993,
		0.0
	]
}
