{
	"effort" : [ 0.0, 0.0, 0.0, 0.0, 0.0, 0.0, 0.13400000000000001 ],
	"position" : 
	[
		0.31958723933260103,
		1.6948194234411857,
		-0.84337800114848704,
		-2.212815692140452,
		-0.51963687819614057,
		2.5500831167957512,
		0.080699999999999994
	],
	"velocity" : 
	[
		0.125,
		0.02,
		0.0,
		0.067000000000000004,
		0.17000000000000001,
		0.010999999999999999,
		0.0
	]
}
