{
	"effort" : [ 0.0, 0.0, 0.0, 0.0, 0.0, 0.0, -0.097000000000000003 ],
	"position" : 
	[
		0.51536082152875551,
		1.7666222688682143,
		-0.92704908548907394,
		-2.2108260167931792,
		-0.36617007706831789,
		2.7067613237472425,
		0.069000000000000006
	],
	"velocity" : 
	[
		0.156,
		0.055,
		-0.036999999999999998,
		0.0,
		0.49199999999999999,
		0.111,
		0.0
	]
}
