{
	"effort" : [ 0.0, 0.0, 0.0, 0.0, 0.0, 0.0, -0.13700000000000001 ],
	"position" : 
	[
		0.60671135457811565,
		0.55293776032418396,
		-0.3008424031661866,
		-1.3575869053709266,
		-0.1177224580469878,
		1.255520050714324,
		0.022700000000000001
	],
	"velocity" : 
	[
		0.0,
		-0.438,
		0.54200000000000004,
		0.070000000000000007,
		0.185,
		0.0050000000000000001,
		0.0
	]
}
