{
	"effort" : [ 0.0, 0.0, 0.0, 0.0, 0.0, 0.0, -0.41999999999999998 ],
	"position" : 
	[
		0.30572932507176953,
		1.4939320265366891,
		-0.66961302081997531,
		-1.4908777003456999,
		-0.9907012433092911,
		1.3524905439551043,
		0.061899999999999997
	],
	"velocity" : [ 0.126, 0.0, 0.17000000000000001, 0.0, 0.001, -0.019, 0.0 ]
}
