{
	"effort" : [ 0.0, 0.0, 0.0, 0.0, 0.0, 0.0, -1.044 ],
	"position" : 
	[
		0.53098151833410079,
		1.4715569055261275,
		-0.610027480156904,
		-1.347690888512121,
		-0.5653819578909004,
		1.263251859300657,
		0.056300000000000003
	],
	"velocity" : 
	[
		0.070000000000000007,
		0.0,
		0.0,
		0.047,
		0.11600000000000001,
		-0.23899999999999999,
		0.0
	]
}
