{
	"effort" : [ 0.0, 0.0, 0.0, 0.0, 0.0, 0.0, -1.0629999999999999 ],
	"position" : 
	[
		0.32971014899416551,
		1.4924834032575345,
		-0.64388686764558556,
		-1.4929720954480925,
		-0.97227056640823561,
		1.3457535730424079,
		0.057200000000000001
	],
	"velocity" : 
	[
		0.14199999999999999,
		-0.021000000000000001,
		0.193,
		0.0,
		0.012999999999999999,
		-0.0070000000000000001,
		0.0
	]
}
