{
	"effort" : [ 0.0, 0.0, 0.0, 0.0, 0.0, 0.0, 0.10000000000000001 ],
	"position" : 
	[
		0.057822758118557534,
		1.5108966268660695,
		-0.95270542549338411,
		-1.8738902046957586,
		-1.3058204397567876,
		1.7601121907582771,
		0.059900000000000002
	],
	"velocity" : [ 0.0, 0.0, 0.0, 0.0, -0.60199999999999998, -1.1919999999999999, 0.0 ]
}
