{
	"effort" : [ 0.0, 0.0, 0.0, 0.0, 0.0, 0.0, -1.04 ],
	"position" : 
	[
		0.55951765160420086,
		1.4717663450363665,
		-0.60154517999221369,
		-1.3782516037145343,
		-0.54009213702950887,
		1.2359025499219125,
		0.055399999999999998
	],
	"velocity" : [ 0.0, 0.019, 0.0, 0.0, 0.063, -0.16400000000000001, 0.0 ]
}
