{
	"effort" : [ 0.0, 0.0, 0.0, 0.0, 0.0, 0.0, -1.0389999999999999 ],
	"position" : 
	[
		0.44980625482386499,
		1.481993974453051,
		-0.63835417391676486,
		-1.4351493373295348,
		-0.73293356608231364,
		1.3001655729803274,
		0.057000000000000002
	],
	"velocity" : [ 0.0, 0.0, 0.0, 0.14099999999999999, 0.0050000000000000001, 0.0, 0.0 ]
}
