{
	"effort" : [ 0.0, 0.0, 0.0, 0.0, 0.0, 0.0, 0.106 ],
	"position" : 
	[
		0.28864255169474934,
		1.6948194234411857,
		-0.88430597210774364,
		-2.212815692140452,
		-0.60863121675530896,
		2.5385813970251112,
		0.070900000000000005
	],
	"velocity" : [ 0.0, 0.0, 0.27800000000000002, 0.0, 0.32400000000000001, 0.0, 0.0 ]
}
