{
	"effort" : [ 0.0, 0.0, 0.0, 0.0, 0.0, 0.0, -0.023 ],
	"position" : 
	[
		0.47958157186288081,
		0.015376350710066161,
		-5.2359877559816662e-05,
		-2.2165681500322387,
		0.40264745843499017,
		2.3842419312712919,
		0.0
	],
	"velocity" : [ 0.0, 0.0, 0.0, 0.0, 0.0, 0.83399999999999996, 0.0 ]
}
