{
	"effort" : [ 0.0, 0.0, 0.0, 0.0, 0.0, 0.0, -1.0429999999999999 ],
	"position" : 
	[
		0.26947883650785642,
		1.5007562639119851,
		-0.6944490560758485,
		-1.6702626408656316,
		-1.2308585483836501,
		1.1830714334640575,
		0.050599999999999999
	],
	"velocity" : 
	[
		0.043999999999999997,
		-0.063,
		0.050999999999999997,
		0.0,
		0.20100000000000001,
		0.043999999999999997,
		0.0
	]
}
