{
	"effort" : [ 0.0, 0.0, 0.0, 0.0, 0.0, 0.0, 0.124 ],
	"position" : 
	[
		0.21249383643025596,
		1.5105301077231508,
		-0.86234973011766047,
		-2.2155733123586021,
		-0.6025749242508901,
		2.6927114232686917,
		0.050599999999999999
	],
	"velocity" : [ 0.0, 0.0, 0.106, 0.0, -0.047, 0.44600000000000001, 0.0 ]
}
