{
	"effort" : [ 0.0, 0.0, 0.0, 0.0, 0.0, 0.0, -1.04 ],
	"position" : 
	[
		0.61507148169516634,
		1.460753317456285,
		-0.62219242504330152,
		-1.2348902589557562,
		-0.37936476621339171,
		1.1722852986867354,
		0.047100000000000003
	],
	"velocity" : [ -0.017999999999999999, 0.0, 0.0, -0.001, -0.047, 0.0, 0.0 ]
}
