{
	"effort" : [ 0.0, 0.0, 0.0, 0.0, 0.0, 0.0, -0.10000000000000001 ],
	"position" : 
	[
		0.34142130827504452,
		1.6531933207811316,
		-0.88879146828536792,
		-2.2067244930509937,
		-0.53864351375035402,
		2.5411121244405024,
		0.069000000000000006
	],
	"velocity" : 
	[
		0.0,
		0.0,
		-0.10299999999999999,
		0.0,
		-0.099000000000000005,
		0.52500000000000002,
		0.0
	]
}
