{
	"effort" : [ 0.0, 0.0, 0.0, 0.0, 0.0, 0.0, -0.096000000000000002 ],
	"position" : 
	[
		0.44429101438756435,
		1.7664826425280549,
		-0.9219352707807319,
		-2.2108260167931792,
		-0.52009066380165891,
		2.6659380725431054,
		0.069000000000000006
	],
	"velocity" : [ -0.38, 0.0, 0.002, 0.0, -0.36799999999999999, -0.441, 0.0 ]
}
