{
	"effort" : [ 0.0, 0.0, 0.0, 0.0, 0.0, 0.0, 0.094 ],
	"position" : 
	[
		0.42743113381330333,
		1.0421186430730311,
		-0.50342276944511732,
		-2.2127109723853322,
		-0.24445081503426408,
		2.8247630344745494,
		0.047800000000000002
	],
	"velocity" : 
	[
		-0.498,
		0.88600000000000001,
		-0.76000000000000001,
		0.0,
		-0.68999999999999995,
		0.0,
		0.0
	]
}
