{
	"effort" : [ 0.0, 0.0, 0.0, 0.0, 0.0, 0.0, -0.049000000000000002 ],
	"position" : 
	[
		0.60671135457811565,
		0.79426443599737895,
		-0.50153781385296392,
		-1.3374981656804767,
		-0.16334536469410807,
		1.255520050714324,
		0.043900000000000002
	],
	"velocity" : 
	[
		0.0,
		-0.69599999999999995,
		0.441,
		-0.14499999999999999,
		0.001,
		0.0,
		0.0
	]
}
