{
	"effort" : [ 0.0, 0.0, 0.0, 0.0, 0.0, 0.0, -1.0429999999999999 ],
	"position" : 
	[
		0.58454567307779315,
		1.4674728350764616,
		-0.60594340970723848,
		-1.1928103706901836,
		-0.38189549362878289,
		1.1044618039542526,
		0.046600000000000003
	],
	"velocity" : 
	[
		0.021999999999999999,
		0.0,
		-0.0030000000000000001,
		0.0,
		0.157,
		0.0,
		0.0
	]
}
