{
	"effort" : [ 0.0, 0.0, 0.0, 0.0, 0.0, 0.0, -1.046 ],
	"position" : 
	[
		0.45626397305624244,
		1.5739728260331289,
		-0.94813266285316011,
		-2.219657382808268,
		-0.59070668533733173,
		2.5168520478377876,
		0.0562
	],
	"velocity" : [ -0.02, 0.0, 0.0, 0.0, 0.0, -0.089999999999999997, 0.0 ]
}
