{
	"effort" : [ 0.0, 0.0, 0.0, 0.0, 0.0, 0.0, -1.0449999999999999 ],
	"position" : 
	[
		0.52616440959859767,
		1.4736862072135601,
		-0.610027480156904,
		-1.3537995408940995,
		-0.57826248777061517,
		1.2712978271523487,
		0.056300000000000003
	],
	"velocity" : 
	[
		0.067000000000000004,
		-0.016,
		0.0,
		0.0070000000000000001,
		0.153,
		-0.10100000000000001,
		0.0
	]
}
