{
	"effort" : [ 0.0, 0.0, 0.0, 0.0, 0.0, 0.0, -0.099000000000000005 ],
	"position" : 
	[
		0.38973202197023532,
		1.6745212442404969,
		-0.92752032438711229,
		-2.2089410612010254,
		-0.494923015987907,
		2.621344910154662,
		0.069000000000000006
	],
	"velocity" : 
	[
		0.29999999999999999,
		0.32200000000000001,
		0.0,
		-0.019,
		0.442,
		0.159,
		0.0
	]
}
