{
	"effort" : [ 0.0, 0.0, 0.0, 0.0, 0.0, 0.0, -1.0449999999999999 ],
	"position" : 
	[
		0.60704296713599448,
		1.460753317456285,
		-0.62880722290835833,
		-1.2397946341538588,
		-0.3008249498736667,
		1.112734664608704,
		0.047100000000000003
	],
	"velocity" : [ 0.016, 0.0, 0.027, 0.0, -0.187, 0.010999999999999999, 0.0 ]
}
