{
	"effort" : [ 0.0, 0.0, 0.0, 0.0, 0.0, 0.0, 0.115 ],
	"position" : 
	[
		0.29703758539683994,
		1.6948194234411857,
		-0.8477238709859517,
		-2.212815692140452,
		-0.55780722893724688,
		2.5344798732829257,
		0.072700000000000001
	],
	"velocity" : 
	[
		0.16400000000000001,
		0.0,
		0.064000000000000001,
		-0.001,
		0.29899999999999999,
		0.0,
		0.0
	]
}
