{
	"effort" : [ 0.0, 0.0, 0.0, 0.0, 0.0, 0.0, -0.10199999999999999 ],
	"position" : 
	[
		0.34142130827504452,
		1.6531933207811316,
		-0.87191413441858712,
		-2.2026578758938475,
		-0.52054444940717737,
		2.4697107047414324,
		0.069000000000000006
	],
	"velocity" : 
	[
		0.0,
		0.0,
		-0.115,
		-0.032000000000000001,
		-0.19700000000000001,
		0.47699999999999998,
		0.0
	]
}
