{
	"effort" : [ 0.0, 0.0, 0.0, 0.0, 0.0, 0.0, -1.081 ],
	"position" : 
	[
		0.58454567307779315,
		1.477438665105347,
		-0.60918972211594702,
		-1.1983081578339643,
		-0.47165777705882861,
		1.102733927994779,
		0.053400000000000003
	],
	"velocity" : 
	[
		0.010999999999999999,
		-0.021000000000000001,
		-0.153,
		0.255,
		0.216,
		0.0,
		0.0
	]
}
