{
	"effort" : [ 0.0, 0.0, 0.0, 0.0, 0.0, 0.0, 0.11 ],
	"position" : 
	[
		0.45891687351927313,
		1.5646876744125215,
		-0.9488307945539578,
		-2.2180342266039137,
		-0.69832368701527492,
		2.4927141442827123,
		0.059900000000000002
	],
	"velocity" : 
	[
		0.159,
		-0.113,
		0.0,
		0.0,
		-0.83599999999999997,
		-0.012999999999999999,
		0.0
	]
}
