{
	"effort" : [ 0.0, 0.0, 0.0, 0.0, 0.0, 0.0, -1.046 ],
	"position" : 
	[
		0.58225929175768121,
		1.477438665105347,
		-0.59590776650827348,
		-1.2456763937330784,
		-0.47462483678721817,
		1.1131360903366623,
		0.054199999999999998
	],
	"velocity" : 
	[
		0.0030000000000000001,
		0.0,
		-0.031,
		0.435,
		0.0,
		-0.071999999999999995,
		0.0
	]
}
