{
	"effort" : [ 0.0, 0.0, 0.0, 0.0, 0.0, 0.0, -1.026 ],
	"position" : 
	[
		0.43476151667167778,
		1.481993974453051,
		-0.63613760576673262,
		-1.4431953051812267,
		-0.77977820320582969,
		1.3001655729803274,
		0.057200000000000001
	],
	"velocity" : 
	[
		0.111,
		0.0,
		-0.021999999999999999,
		0.105,
		0.496,
		-0.012999999999999999,
		0.0
	]
}
