{
	"effort" : [ 0.0, 0.0, 0.0, 0.0, 0.0, 0.0, -0.082000000000000003 ],
	"position" : 
	[
		0.60671135457811565,
		0.51274282765076462,
		-0.24438100186418435,
		-1.3575869053709266,
		-0.10780898789566251,
		1.255520050714324,
		0.0152
	],
	"velocity" : [ 0.0, -0.39200000000000002, 0.497, 0.0, 0.0, 0.0, 0.0 ]
}
