{
	"effort" : [ 0.0, 0.0, 0.0, 0.0, 0.0, 0.0, 0.058000000000000003 ],
	"position" : 
	[
		0.20940460365422678,
		1.5081041000628794,
		-0.7891680745815568,
		-1.8616030867617219,
		-1.2189554028850518,
		1.2919450722034362,
		0.060100000000000001
	],
	"velocity" : 
	[
		0.109,
		0.0,
		0.069000000000000006,
		0.17799999999999999,
		0.087999999999999995,
		-0.075999999999999998,
		0.0
	]
}
