{
	"effort" : [ 0.0, 0.0, 0.0, 0.0, 0.0, 0.0, -0.126 ],
	"position" : 
	[
		0.60671135457811565,
		0.53722979705623886,
		-0.2771931918016694,
		-1.3575869053709266,
		-0.11028735543349383,
		1.255520050714324,
		0.0189
	],
	"velocity" : 
	[
		-0.002,
		-0.45500000000000002,
		0.55900000000000005,
		0.0,
		0.069000000000000006,
		0.0,
		0.0
	]
}
