{
	"effort" : [ 0.0, 0.0, 0.0, 0.0, 0.0, 0.0, 0.096000000000000002 ],
	"position" : 
	[
		0.11028735543349383,
		1.5085578856683977,
		-0.87276934575206411,
		-1.8738902046957586,
		-1.4377847845000458,
		1.4747857646423161,
		0.059900000000000002
	],
	"velocity" : 
	[
		0.47399999999999998,
		0.0,
		0.51000000000000001,
		0.0,
		0.19700000000000001,
		-0.76500000000000001,
		0.0
	]
}
