{
	"effort" : [ 0.0, 0.0, 0.0, 0.0, 0.0, 0.0, -0.045999999999999999 ],
	"position" : 
	[
		0.60671135457811565,
		1.0288715940503974,
		-0.5468465612347253,
		-1.2567766877757596,
		-0.22190116109850302,
		1.2571606602111982,
		0.043900000000000002
	],
	"velocity" : [ 0.0, -0.85899999999999999, 0.0, 0.0, 0.0, -0.028000000000000001, 0.0 ]
}
