{
	"effort" : [ 0.0, 0.0, 0.0, 0.0, 0.0, 0.0, -1.042 ],
	"position" : 
	[
		0.57754690277729781,
		1.4736687539210402,
		-0.60154517999221369,
		-1.357482185615807,
		-0.47895325333216304,
		1.2237201517429954,
		0.054399999999999997
	],
	"velocity" : 
	[
		0.02,
		0.0030000000000000001,
		0.0,
		0.35799999999999998,
		0.0089999999999999993,
		-0.22,
		0.0
	]
}
