{
	"effort" : [ 0.0, 0.0, 0.0, 0.0, 0.0, 0.0, -1.0409999999999999 ],
	"position" : 
	[
		0.42933354269797669,
		1.6126667755498334,
		-0.94813266285316011,
		-2.219657382808268,
		-0.5459738966087283,
		2.6465474645534535,
		0.056099999999999997
	],
	"velocity" : [ 0.14899999999999999, -0.14199999999999999, 0.0, 0.0, -0.001, 0.0, 0.0 ]
}
