{
	"effort" : [ 0.0, 0.0, 0.0, 0.0, 0.0, 0.0, -0.059999999999999998 ],
	"position" : 
	[
		0.60671135457811565,
		0.43924701284930207,
		-0.12533209358568115,
		-1.3575869053709266,
		-0.017523105690018644,
		1.2581729511773545,
		0.0114
	],
	"velocity" : 
	[
		0.0,
		-0.097000000000000003,
		0.41799999999999998,
		0.040000000000000001,
		0.73799999999999999,
		0.082000000000000003,
		0.0
	]
}
