{
	"effort" : [ 0.0, 0.0, 0.0, 0.0, 0.0, 0.0, -0.031 ],
	"position" : 
	[
		0.47958157186288081,
		0.015376350710066161,
		0.00076794487087731103,
		-2.2165681500322387,
		0.16631242442249766,
		2.7949004509729338,
		0.0
	],
	"velocity" : [ 0.0, 0.0, 0.0, 0.0, -0.14099999999999999, 0.0, 0.0 ]
}
