{
	"effort" : [ 0.0, 0.0, 0.0, 0.0, 0.0, 0.0, 0.129 ],
	"position" : 
	[
		0.32602750427245841,
		1.730493953351941,
		-0.84337800114848704,
		-2.212815692140452,
		-0.48577749070745907,
		2.5817084828418801,
		0.090800000000000006
	],
	"velocity" : [ 0.0, 0.13400000000000001, 0.0, 0.0, 0.124, 0.27400000000000002, 0.0 ]
}
