{
	"effort" : [ 0.0, 0.0, 0.0, 0.0, 0.0, 0.0, -0.050000000000000003 ],
	"position" : 
	[
		0.60671135457811565,
		1.212619857700314,
		-0.61276764708253451,
		-1.2567766877757596,
		-0.25825636941753571,
		1.2746488593161769,
		0.043900000000000002
	],
	"velocity" : 
	[
		0.0050000000000000001,
		-0.0030000000000000001,
		0.0,
		0.0,
		0.0,
		0.42499999999999999,
		0.0
	]
}
