{
	"effort" : [ 0.0, 0.0, 0.0, 0.0, 0.0, 0.0, 0.11 ],
	"position" : 
	[
		0.029286624848457451,
		1.5108966268660695,
		-0.95270542549338411,
		-2.1204354148324156,
		-1.1114082143771886,
		2.4242099711419516,
		0.059900000000000002
	],
	"velocity" : 
	[
		0.024,
		0.0,
		0.0,
		0.79100000000000004,
		-0.32000000000000001,
		-0.79700000000000004,
		0.0
	]
}
