{
	"effort" : [ 0.0, 0.0, 0.0, 0.0, 0.0, 0.0, -1.0449999999999999 ],
	"position" : 
	[
		0.5988224663591033,
		1.4610674767216441,
		-0.65558057363394451,
		-1.2375431594187869,
		-0.29035297436170332,
		1.0731855037585223,
		0.047100000000000003
	],
	"velocity" : 
	[
		0.048000000000000001,
		0.0,
		0.017000000000000001,
		0.0,
		0.089999999999999997,
		0.34799999999999998,
		0.0
	]
}
