{
	"effort" : [ 0.0, 0.0, 0.0, 0.0, 0.0, 0.0, -1.0429999999999999 ],
	"position" : 
	[
		0.45813147535587589,
		1.5781092563603545,
		-0.94813266285316011,
		-2.219657382808268,
		-0.55494488896397687,
		2.6318343389591448,
		0.056099999999999997
	],
	"velocity" : [ 0.0, -0.027, 0.0, 0.0, -0.078, 0.0, 0.0 ]
}
