{
	"effort" : [ 0.0, 0.0, 0.0, 0.0, 0.0, 0.0, 0.0080000000000000002 ],
	"position" : 
	[
		0.30787608005172201,
		1.5002326651363869,
		-0.69045225208878247,
		-1.5059573450829271,
		-0.96392789258370482,
		1.3469927568113238,
		0.0625
	],
	"velocity" : 
	[
		-0.057000000000000002,
		-0.050999999999999997,
		-0.106,
		0.0089999999999999993,
		-0.19700000000000001,
		0.085999999999999993,
		0.0
	]
}
