{
	"effort" : [ 0.0, 0.0, 0.0, 0.0, 0.0, 0.0, -0.10199999999999999 ],
	"position" : 
	[
		0.34142130827504452,
		1.6531933207811316,
		-0.93238979300017522,
		-2.2071608253639918,
		-0.63797020148132622,
		2.4695536251087531,
		0.069000000000000006
	],
	"velocity" : 
	[
		0.02,
		0.0,
		-0.029999999999999999,
		0.0,
		-0.155,
		-0.32400000000000001,
		0.0
	]
}
