{
	"effort" : [ 0.0, 0.0, 0.0, 0.0, 0.0, 0.0, -1.044 ],
	"position" : 
	[
		0.24192008761887296,
		1.5063936773959257,
		-0.70247757063502037,
		-1.6821134264866702,
		-1.2652415346479298,
		1.187225317083803,
		0.050599999999999999
	],
	"velocity" : [ 0.0, 0.0, 0.106, 0.111, 0.0, -0.0050000000000000001, 0.0 ]
}
