{
	"effort" : [ 0.0, 0.0, 0.0, 0.0, 0.0, 0.0, -0.097000000000000003 ],
	"position" : 
	[
		0.51452306348779842,
		1.765854323997337,
		-0.92704908548907394,
		-2.2108260167931792,
		-0.37224382286525665,
		2.7067613237472425,
		0.069000000000000006
	],
	"velocity" : 
	[
		0.23799999999999999,
		0.035000000000000003,
		-0.017000000000000001,
		0.0,
		0.52300000000000002,
		0.0,
		0.0
	]
}
