{
	"effort" : [ 0.0, 0.0, 0.0, 0.0, 0.0, 0.0, -1.0449999999999999 ],
	"position" : 
	[
		0.49881510021985342,
		1.4759376819486323,
		-0.61997585689326917,
		-1.3988290355955422,
		-0.63210589519462668,
		1.2975475791023365,
		0.056500000000000002
	],
	"velocity" : [ 0.32500000000000001, 0.0, 0.127, 0.373, 0.182, -0.157, 0.0 ]
}
