{
	"effort" : [ 0.0, 0.0, 0.0, 0.0, 0.0, 0.0, -1.044 ],
	"position" : 
	[
		0.41893138035609312,
		1.6348499103426757,
		-0.94813266285316011,
		-2.219657382808268,
		-0.48315949682946824,
		2.6465474645534535,
		0.056099999999999997
	],
	"velocity" : [ 0.021999999999999999, -0.063, 0.0, 0.0, -0.216, 0.0, 0.0 ]
}
