{
	"effort" : [ 0.0, 0.0, 0.0, 0.0, 0.0, 0.0, -0.28100000000000003 ],
	"position" : 
	[
		0.30756192078636307,
		1.4939320265366891,
		-0.66727427962230357,
		-1.4908777003456999,
		-0.98876392783957801,
		1.3524905439551043,
		0.061199999999999997
	],
	"velocity" : 
	[
		0.059999999999999998,
		0.0,
		0.23599999999999999,
		0.0,
		0.058999999999999997,
		-0.13,
		0.0
	]
}
