{
	"effort" : [ 0.0, 0.0, 0.0, 0.0, 0.0, 0.0, -1.0389999999999999 ],
	"position" : 
	[
		0.58067104213836696,
		1.477438665105347,
		-0.59590776650827348,
		-1.2693954182676752,
		-0.47462483678721817,
		1.1308511822444005,
		0.054199999999999998
	],
	"velocity" : 
	[
		0.114,
		0.016,
		0.0,
		0.27800000000000002,
		0.0,
		-0.26800000000000002,
		0.0
	]
}
