{
	"effort" : [ 0.0, 0.0, 0.0, 0.0, 0.0, 0.0, -1.042 ],
	"position" : 
	[
		0.41496948295406705,
		1.8000802306289372,
		-0.94813266285316011,
		-2.2179993200188735,
		-0.38454839409181352,
		2.647158329791651,
		0.056099999999999997
	],
	"velocity" : 
	[
		0.0,
		-0.066000000000000003,
		0.0,
		0.0,
		-0.159,
		0.14499999999999999,
		0.0
	]
}
