{
	"effort" : [ 0.0, 0.0, 0.0, 0.0, 0.0, 0.0, -0.10100000000000001 ],
	"position" : 
	[
		0.34142130827504452,
		1.6531933207811316,
		-0.88708104561841394,
		-2.2067244930509937,
		-0.53415801757272974,
		2.5254041611725575,
		0.069000000000000006
	],
	"velocity" : 
	[
		0.0,
		0.0,
		-0.13200000000000001,
		-0.0089999999999999993,
		-0.069000000000000006,
		0.41599999999999998,
		0.0
	]
}
