{
	"effort" : [ 0.0, 0.0, 0.0, 0.0, 0.0, 0.0, -0.10000000000000001 ],
	"position" : 
	[
		0.42275365141795979,
		1.7664826425280549,
		-0.9219352707807319,
		-2.2108260167931792,
		-0.54309410334293839,
		2.6397581337631975,
		0.069000000000000006
	],
	"velocity" : 
	[
		-0.48099999999999998,
		0.0,
		0.0,
		0.0,
		-0.51300000000000001,
		-0.442,
		0.0
	]
}
