{
	"effort" : [ 0.0, 0.0, 0.0, 0.0, 0.0, 0.0, -1.0409999999999999 ],
	"position" : 
	[
		0.5255535443603998,
		1.4736862072135601,
		-0.610027480156904,
		-1.3558415761189326,
		-0.58107246786632538,
		1.2715945331251877,
		0.056300000000000003
	],
	"velocity" : 
	[
		0.085000000000000006,
		-0.037999999999999999,
		0.0,
		0.035999999999999997,
		0.245,
		-0.082000000000000003,
		0.0
	]
}
