{
	"effort" : [ 0.0, 0.0, 0.0, 0.0, 0.0, 0.0, -1.042 ],
	"position" : 
	[
		0.28565803867383982,
		1.5020652608509806,
		-0.68622855529895721,
		-1.6886584111816474,
		-1.1523012787514055,
		1.2104032895502819,
		0.049399999999999999
	],
	"velocity" : [ 0.041000000000000002, 0.0, 0.0, 0.0, 0.001, 0.0, 0.0 ]
}
