{
	"effort" : [ 0.0, 0.0, 0.0, 0.0, 0.0, 0.0, -0.035000000000000003 ],
	"position" : 
	[
		0.47958157186288081,
		0.26377160985383641,
		-0.11894418852338352,
		-2.2127109723853322,
		0.11428415942055983,
		2.7585452426539012,
		0.0
	],
	"velocity" : 
	[
		0.0,
		0.61699999999999999,
		-0.24199999999999999,
		0.0,
		-0.38300000000000001,
		0.001,
		0.0
	]
}
