{
	"effort" : [ 0.0, 0.0, 0.0, 0.0, 0.0, 0.0, -1.04 ],
	"position" : 
	[
		0.29078930667470188,
		1.5020652608509806,
		-0.68828804381631004,
		-1.6395797526155791,
		-1.0547199202724269,
		1.211188687713679,
		0.0482
	],
	"velocity" : [ 0.0, 0.0, -0.012999999999999999, 0.075999999999999998, 0.0, 0.0, 0.0 ]
}
