{
	"effort" : [ 0.0, 0.0, 0.0, 0.0, 0.0, 0.0, -0.094 ],
	"position" : 
	[
		0.52173127329853319,
		1.7664826425280549,
		-0.92893404108122735,
		-2.2108260167931792,
		-0.33569662832850461,
		2.7127478030815815,
		0.069000000000000006
	],
	"velocity" : 
	[
		-0.11899999999999999,
		0.0,
		0.001,
		0.0,
		-0.159,
		-0.0030000000000000001,
		0.0
	]
}
