{
	"effort" : [ 0.0, 0.0, 0.0, 0.0, 0.0, 0.0, 0.099000000000000005 ],
	"position" : 
	[
		0.21249383643025596,
		1.5105301077231508,
		-0.86844092920711924,
		-2.2155733123586021,
		-0.6136752182935713,
		2.6204722455286644,
		0.047800000000000002
	],
	"velocity" : [ -0.002, 0.0, 0.0, 0.0, 0.27400000000000002, 0.61499999999999999, 0.0 ]
}
