{
	"effort" : [ 0.0, 0.0, 0.0, 0.0, 0.0, 0.0, -1.046 ],
	"position" : 
	[
		0.44980625482386499,
		1.481993974453051,
		-0.63835417391676486,
		-1.4370168396291683,
		-0.73293356608231364,
		1.3001655729803274,
		0.057000000000000002
	],
	"velocity" : [ 0.010999999999999999, 0.0, 0.0, 0.023, 0.099000000000000005, 0.0, 0.0 ]
}
