{
	"effort" : [ 0.0, 0.0, 0.0, 0.0, 0.0, 0.0, -0.105 ],
	"position" : 
	[
		0.46153486739726396,
		1.7664826425280549,
		-0.9219352707807319,
		-2.2108260167931792,
		-0.51040408645309288,
		2.6823790740968878,
		0.069000000000000006
	],
	"velocity" : 
	[
		-0.32700000000000001,
		0.0,
		-0.002,
		0.0,
		-0.034000000000000002,
		-0.034000000000000002,
		0.0
	]
}
