{
	"effort" : [ 0.0, 0.0, 0.0, 0.0, 0.0, 0.0, -0.105 ],
	"position" : 
	[
		0.42924627623537709,
		1.7664826425280549,
		-0.9219352707807319,
		-2.2108260167931792,
		-0.5357462671920441,
		2.6429695395868658,
		0.069000000000000006
	],
	"velocity" : 
	[
		-0.45000000000000001,
		0.0,
		0.0,
		0.0,
		-0.40200000000000002,
		-0.66700000000000004,
		0.0
	]
}
