{
	"effort" : [ 0.0, 0.0, 0.0, 0.0, 0.0, 0.0, -0.052999999999999999 ],
	"position" : 
	[
		0.28864255169474934,
		1.6948194234411857,
		-0.91273738562272422,
		-2.212815692140452,
		-0.6415481264479137,
		2.5409724981003428,
		0.069000000000000006
	],
	"velocity" : 
	[
		0.0,
		0.0,
		0.17699999999999999,
		0.0,
		0.41599999999999998,
		-0.035999999999999997,
		0.0
	]
}
