{
	"effort" : [ 0.0, 0.0, 0.0, 0.0, 0.0, 0.0, 0.108 ],
	"position" : 
	[
		0.036896260387150812,
		1.5108966268660695,
		-0.95270542549338411,
		-2.033657644423279,
		-1.1303973966388818,
		2.3468569786935829,
		0.059900000000000002
	],
	"velocity" : 
	[
		0.058999999999999997,
		0.0,
		0.0,
		0.81799999999999995,
		-0.26400000000000001,
		-1.012,
		0.0
	]
}
