{
	"effort" : [ 0.0, 0.0, 0.0, 0.0, 0.0, 0.0, 0.063 ],
	"position" : 
	[
		0.15241960357662634,
		1.5085578856683977,
		-0.82862996896913854,
		-1.8800861235403372,
		-1.3738359207069897,
		1.3949544046561155,
		0.060100000000000001
	],
	"velocity" : 
	[
		0.38700000000000001,
		0.0,
		0.40999999999999998,
		0.0,
		1.0409999999999999,
		-0.64800000000000002,
		0.0
	]
}
