{
	"effort" : [ 0.0, 0.0, 0.0, 0.0, 0.0, 0.0, 0.099000000000000005 ],
	"position" : 
	[
		0.40001201126447938,
		1.0876542832575515,
		-0.53599061328732334,
		-2.2127109723853322,
		-0.2849599069730423,
		2.8247630344745494,
		0.047800000000000002
	],
	"velocity" : 
	[
		-0.622,
		0.95199999999999996,
		-0.80100000000000005,
		0.0,
		-0.88,
		0.0,
		0.0
	]
}
