{
	"effort" : [ 0.0, 0.0, 0.0, 0.0, 0.0, 0.0, -0.025999999999999999 ],
	"position" : 
	[
		0.60671135457811565,
		1.3214236832696131,
		-0.61276764708253451,
		-1.2580856847147548,
		-0.40339795001334755,
		1.2482943876110693,
		0.043900000000000002
	],
	"velocity" : [ 0.0, -0.441, 0.0, 0.0, 0.28499999999999998, 0.0, 0.0 ]
}
