{
	"effort" : [ 0.0, 0.0, 0.0, 0.0, 0.0, 0.0, -0.055 ],
	"position" : 
	[
		0.60671135457811565,
		1.2142953737822282,
		-0.61276764708253451,
		-1.2567766877757596,
		-0.25825636941753571,
		1.2662538256140863,
		0.043900000000000002
	],
	"velocity" : [ 0.0, -0.01, 0.0, 0.0, 0.0, 0.23200000000000001, 0.0 ]
}
