{
	"effort" : [ 0.0, 0.0, 0.0, 0.0, 0.0, 0.0, 0.106 ],
	"position" : 
	[
		0.21249383643025596,
		1.5105301077231508,
		-0.86844092920711924,
		-2.2155733123586021,
		-0.60819488444231051,
		2.6282040541149976,
		0.047800000000000002
	],
	"velocity" : 
	[
		0.0,
		0.0,
		0.010999999999999999,
		0.0,
		0.23899999999999999,
		0.39800000000000002,
		0.0
	]
}
