{
	"effort" : [ 0.0, 0.0, 0.0, 0.0, 0.0, 0.0, -0.10199999999999999 ],
	"position" : 
	[
		0.34868187796333916,
		1.6531933207811316,
		-0.93238979300017522,
		-2.2089410612010254,
		-0.62964498094931531,
		2.5597347875592771,
		0.069000000000000006
	],
	"velocity" : [ 0.0, 0.0, 0.014, 0.0, 0.23699999999999999, 0.157, 0.0 ]
}
