{
	"effort" : [ 0.0, 0.0, 0.0, 0.0, 0.0, 0.0, -1.0409999999999999 ],
	"position" : 
	[
		0.33814008928129602,
		1.4901970219374223,
		-0.63435736992969882,
		-1.4929720954480925,
		-0.95942494311356052,
		1.3455790401172085,
		0.057099999999999998
	],
	"velocity" : [ 0.14000000000000001, -0.002, 0.031, 0.0, 0.251, 0.0, 0.0 ]
}
