{
	"effort" : [ 0.0, 0.0, 0.0, 0.0, 0.0, 0.0, -0.098000000000000004 ],
	"position" : 
	[
		0.28864255169474934,
		1.6948194234411857,
		-0.91952671641298045,
		-2.212815692140452,
		-0.6564008783823817,
		2.54186261601886,
		0.069000000000000006
	],
	"velocity" : 
	[
		-0.050000000000000003,
		0.0,
		0.002,
		0.0,
		0.065000000000000002,
		0.0,
		0.0
	]
}
