{
	"effort" : [ 0.0, 0.0, 0.0, 0.0, 0.0, 0.0, -1.0449999999999999 ],
	"position" : 
	[
		0.29078930667470188,
		1.5020652608509806,
		-0.68409925361152457,
		-1.6668068889466838,
		-1.0576171668307368,
		1.211188687713679,
		0.048599999999999997
	],
	"velocity" : [ 0.0, 0.0, 0.0, 0.113, 0.091999999999999998, 0.0, 0.0 ]
}
