{
	"effort" : [ 0.0, 0.0, 0.0, 0.0, 0.0, 0.0, -1.046 ],
	"position" : 
	[
		0.41884411389349346,
		1.481993974453051,
		-0.63613760576673262,
		-1.4615038090346426,
		-0.81032146511572278,
		1.3066931043827847,
		0.057099999999999998
	],
	"velocity" : [ 0.245, 0.0, 0.0, 0.13, 0.40000000000000002, -0.153, 0.0 ]
}
