{
	"effort" : [ 0.0, 0.0, 0.0, 0.0, 0.0, 0.0, -1.0449999999999999 ],
	"position" : 
	[
		0.59726912332482862,
		1.4610674767216441,
		-0.65788440824657646,
		-1.2375431594187869,
		-0.30899309077299808,
		1.0607238528992859,
		0.047100000000000003
	],
	"velocity" : [ 0.0, 0.0, 0.063, 0.0, 0.032000000000000001, 0.0, 0.0 ]
}
