{
	"effort" : [ 0.0, 0.0, 0.0, 0.0, 0.0, 0.0, 0.108 ],
	"position" : 
	[
		0.057822758118557534,
		1.5108966268660695,
		-0.95270542549338411,
		-1.8738902046957586,
		-1.3303946756248617,
		1.6967916454959389,
		0.059900000000000002
	],
	"velocity" : 
	[
		0.0,
		0.0,
		0.0050000000000000001,
		0.0,
		-0.47099999999999997,
		-0.75700000000000001,
		0.0
	]
}
