{
	"effort" : [ 0.0, 0.0, 0.0, 0.0, 0.0, 0.0, 0.158 ],
	"position" : 
	[
		0.33361968651863183,
		1.5868882624978835,
		-0.85011497206118336,
		-2.2155733123586021,
		-0.58756509268374268,
		2.7813741492699808,
		0.074099999999999999
	],
	"velocity" : 
	[
		0.17799999999999999,
		0.55800000000000005,
		0.0,
		0.0,
		0.078,
		0.0030000000000000001,
		0.0
	]
}
