{
	"effort" : [ 0.0, 0.0, 0.0, 0.0, 0.0, 0.0, 0.002 ],
	"position" : 
	[
		0.33820990245137578,
		1.5020652608509806,
		-0.68388981410128535,
		-1.5720704171484552,
		-0.91004957857465363,
		1.2890303723526064,
		0.053900000000000003
	],
	"velocity" : 
	[
		-0.26900000000000002,
		0.0,
		0.0,
		0.64800000000000002,
		-0.53400000000000003,
		0.76800000000000002,
		0.0
	]
}
