{
	"effort" : [ 0.0, 0.0, 0.0, 0.0, 0.0, 0.0, -1.0409999999999999 ],
	"position" : 
	[
		0.32787755327957202,
		1.4921692439921754,
		-0.64573691665269894,
		-1.4929895487406124,
		-0.97408570883030943,
		1.3477083418046412,
		0.057200000000000001
	],
	"velocity" : 
	[
		0.14499999999999999,
		-0.012,
		0.19900000000000001,
		-0.097000000000000003,
		0.113,
		-0.0030000000000000001,
		0.0
	]
}
