{
	"effort" : [ 0.0, 0.0, 0.0, 0.0, 0.0, 0.0, -0.035000000000000003 ],
	"position" : 
	[
		0.60671135457811565,
		1.3156815500305532,
		-0.61276764708253451,
		-1.2580856847147548,
		-0.39852848140028457,
		1.2482943876110693,
		0.043900000000000002
	],
	"velocity" : [ 0.0, -0.40600000000000003, 0.0, 0.0, 0.31, 0.057000000000000002, 0.0 ]
}
