{
	"effort" : [ 0.0, 0.0, 0.0, 0.0, 0.0, 0.0, -0.082000000000000003 ],
	"position" : 
	[
		0.60671135457811565,
		0.46753880002412296,
		-0.18722146886138447,
		-1.3575869053709266,
		-0.091402892926919957,
		1.255520050714324,
		0.0118
	],
	"velocity" : 
	[
		0.0,
		-0.27600000000000002,
		0.41899999999999998,
		0.0,
		0.069000000000000006,
		0.0,
		0.0
	]
}
