{
	"effort" : [ 0.0, 0.0, 0.0, 0.0, 0.0, 0.0, -0.10199999999999999 ],
	"position" : 
	[
		0.34868187796333916,
		1.6531933207811316,
		-0.93238979300017522,
		-2.2089410612010254,
		-0.63992497024355932,
		2.5419498824814593,
		0.069000000000000006
	],
	"velocity" : [ 0.001, 0.0, 0.0, 0.0, 0.042000000000000003, 0.33900000000000002, 0.0 ]
}
