{
	"effort" : [ 0.0, 0.0, 0.0, 0.0, 0.0, 0.0, -0.93700000000000006 ],
	"position" : 
	[
		0.59726912332482862,
		1.4610674767216441,
		-0.66402796721359492,
		-1.2255527474575887,
		-0.31143655172578955,
		1.0300584179417533,
		0.046600000000000003
	],
	"velocity" : [ 0.0, 0.0, 0.0, 0.0, 0.115, -0.14899999999999999, 0.0 ]
}
