{
	"effort" : [ 0.0, 0.0, 0.0, 0.0, 0.0, 0.0, -1.0740000000000001 ],
	"position" : 
	[
		0.37863172792755428,
		1.5020652608509806,
		-0.68388981410128535,
		-1.6150578766250649,
		-0.8616166918318231,
		1.1922518653295455,
		0.048800000000000003
	],
	"velocity" : 
	[
		-0.29999999999999999,
		0.0,
		0.0,
		0.075999999999999998,
		-0.34100000000000003,
		0.51900000000000002,
		0.0
	]
}
