{
	"effort" : [ 0.0, 0.0, 0.0, 0.0, 0.0, 0.0, -1.042 ],
	"position" : 
	[
		0.29078930667470188,
		1.5020652608509806,
		-0.68409925361152457,
		-1.6734914999818202,
		-1.0648602832265115,
		1.211188687713679,
		0.048599999999999997
	],
	"velocity" : [ 0.0, 0.0, 0.0, 0.014999999999999999, 0.14499999999999999, 0.0, 0.0 ]
}
