{
	"effort" : [ 0.0, 0.0, 0.0, 0.0, 0.0, 0.0, 0.047 ],
	"position" : 
	[
		0.32602750427245841,
		1.7326058017468533,
		-0.84337800114848704,
		-2.212815692140452,
		-0.48577749070745907,
		2.586228885604545,
		0.090899999999999995
	],
	"velocity" : [ 0.0, 0.123, 0.0, 0.0, 0.0, 0.42099999999999999, 0.0 ]
}
