{
	"effort" : [ 0.0, 0.0, 0.0, 0.0, 0.0, 0.0, -0.044999999999999998 ],
	"position" : 
	[
		0.60671135457811565,
		0.85297731203445337,
		-0.53223815539553643,
		-1.3068152774304242,
		-0.17434093898166958,
		1.255520050714324,
		0.043900000000000002
	],
	"velocity" : 
	[
		0.0,
		-0.69699999999999995,
		0.26200000000000001,
		-0.42899999999999999,
		0.27900000000000003,
		0.0,
		0.0
	]
}
