{
	"effort" : [ 0.0, 0.0, 0.0, 0.0, 0.0, 0.0, -0.043999999999999997 ],
	"position" : 
	[
		0.60671135457811565,
		0.73860588615129386,
		-0.46837655806507994,
		-1.3493838578865551,
		-0.16334536469410807,
		1.255520050714324,
		0.043900000000000002
	],
	"velocity" : [ 0.0, -0.72799999999999998, 0.55400000000000005, -0.109, 0.0, 0.0, 0.0 ]
}
