{
	"effort" : [ 0.0, 0.0, 0.0, 0.0, 0.0, 0.0, -0.104 ],
	"position" : 
	[
		0.29728193149211912,
		1.7021847128845999,
		-0.91952671641298045,
		-2.212815692140452,
		-0.66294586307735881,
		2.5470986037748413,
		0.069000000000000006
	],
	"velocity" : 
	[
		-0.23000000000000001,
		-0.25900000000000001,
		0.0,
		0.0,
		-0.0070000000000000001,
		-0.187,
		0.0
	]
}
