{
	"effort" : [ 0.0, 0.0, 0.0, 0.0, 0.0, 0.0, -1.0429999999999999 ],
	"position" : 
	[
		0.58454567307779315,
		1.4756758825608329,
		-0.6081425245647506,
		-1.1909428683905501,
		-0.39500291631125695,
		1.1026117549471393,
		0.046600000000000003
	],
	"velocity" : [ 0.0, -0.02, 0.0, 0.0, 0.0050000000000000001, 0.0, 0.0 ]
}
