{
	"effort" : [ 0.0, 0.0, 0.0, 0.0, 0.0, 0.0, -0.049000000000000002 ],
	"position" : 
	[
		0.60671135457811565,
		1.2133354426936316,
		-0.60826469761239021,
		-1.2567766877757596,
		-0.30965631588875575,
		1.3213713233920534,
		0.043900000000000002
	],
	"velocity" : [ 0.0, 0.086999999999999994, 0.107, 0.0, 0.0, 0.0, 0.0 ]
}
