{
	"effort" : [ 0.0, 0.0, 0.0, 0.0, 0.0, 0.0, -1.0409999999999999 ],
	"position" : 
	[
		0.57754690277729781,
		1.477438665105347,
		-0.59915407891698214,
		-1.3204113923034566,
		-0.47921505271996206,
		1.1836648454097356,
		0.054399999999999997
	],
	"velocity" : 
	[
		0.0,
		0.0040000000000000001,
		0.065000000000000002,
		0.23300000000000001,
		0.0,
		-0.504,
		0.0
	]
}
