{
	"effort" : [ 0.0, 0.0, 0.0, 0.0, 0.0, 0.0, -0.098000000000000004 ],
	"position" : 
	[
		0.48219956574087158,
		1.7664826425280549,
		-0.9219352707807319,
		-2.2108260167931792,
		-0.50850167756841957,
		2.6844909224918005,
		0.069000000000000006
	],
	"velocity" : [ -0.108, 0.0, 0.0, 0.0, -0.10100000000000001, 0.0, 0.0 ]
}
