{
	"effort" : [ 0.0, 0.0, 0.0, 0.0, 0.0, 0.0, -0.053999999999999999 ],
	"position" : 
	[
		0.60671135457811565,
		0.43212606950116694,
		-0.024120450262555545,
		-1.3575869053709266,
		0.11894418852338352,
		1.4283774598317986,
		0.0114
	],
	"velocity" : [ 0.0, 0.0, 0.39500000000000002, 0.0, 0.314, 0.40200000000000002, 0.0 ]
}
