{
	"effort" : [ 0.0, 0.0, 0.0, 0.0, 0.0, 0.0, -1.046 ],
	"position" : 
	[
		0.60147536682213398,
		1.4610674767216441,
		-0.65558057363394451,
		-1.2375431594187869,
		-0.28792696670143186,
		1.0757860443439933,
		0.047100000000000003
	],
	"velocity" : [ 0.017000000000000001, 0.0, 0.0, 0.0, 0.0, 0.0, 0.0 ]
}
