{
	"effort" : [ 0.0, 0.0, 0.0, 0.0, 0.0, 0.0, 0.096000000000000002 ],
	"position" : 
	[
		0.057822758118557534,
		1.5108966268660695,
		-0.95270542549338411,
		-1.8738902046957586,
		-1.3216156694873324,
		1.7153444954446337,
		0.059900000000000002
	],
	"velocity" : [ 0.0, 0.0, 0.0, 0.0, -0.41799999999999998, -0.995, 0.0 ]
}
