{
	"effort" : [ 0.0, 0.0, 0.0, 0.0, 0.0, 0.0, 0.050999999999999997 ],
	"position" : 
	[
		0.47958157186288081,
		0.73562137313038434,
		-0.38810886576588105,
		-2.2127109723853322,
		-0.15036011505927352,
		2.8114636255743557,
		0.047
	],
	"velocity" : 
	[
		0.0,
		0.46000000000000002,
		-0.025000000000000001,
		0.0,
		-0.13800000000000001,
		0.27000000000000002,
		0.0
	]
}
