{
	"effort" : [ 0.0, 0.0, 0.0, 0.0, 0.0, 0.0, -1.0469999999999999 ],
	"position" : 
	[
		0.59068923204481172,
		1.4615387156196824,
		-0.62119758736966491,
		-1.2040677443655441,
		-0.34681437566370565,
		1.0745468605750776,
		0.046600000000000003
	],
	"velocity" : 
	[
		0.02,
		0.0,
		-0.094,
		-0.021000000000000001,
		0.0070000000000000001,
		-0.071999999999999995,
		0.0
	]
}
