{
	"effort" : [ 0.0, 0.0, 0.0, 0.0, 0.0, 0.0, -1.042 ],
	"position" : 
	[
		0.3425732255813605,
		1.4901970219374223,
		-0.63435736992969882,
		-1.4911918596110585,
		-0.951623321357148,
		1.3432926587970966,
		0.057099999999999998
	],
	"velocity" : 
	[
		0.099000000000000005,
		0.0,
		0.0,
		0.0050000000000000001,
		0.043999999999999997,
		0.023,
		0.0
	]
}
