{
	"effort" : [ 0.0, 0.0, 0.0, 0.0, 0.0, 0.0, -1.0449999999999999 ],
	"position" : 
	[
		0.41893138035609312,
		1.6474860941271114,
		-0.94813266285316011,
		-2.219657382808268,
		-0.44992842787150461,
		2.6465474645534535,
		0.056099999999999997
	],
	"velocity" : [ 0.0, -0.109, 0.0, 0.0, -0.153, 0.0, 0.0 ]
}
