{
	"effort" : [ 0.0, 0.0, 0.0, 0.0, 0.0, 0.0, 0.10299999999999999 ],
	"position" : 
	[
		0.038938295611983656,
		1.5108966268660695,
		-0.95270542549338411,
		-2.0203407822305661,
		-1.1368202082862195,
		2.3287753676429261,
		0.059900000000000002
	],
	"velocity" : 
	[
		0.088999999999999996,
		0.0,
		0.0,
		1.012,
		-0.20999999999999999,
		-0.86199999999999999,
		0.0
	]
}
