{
	"effort" : [ 0.0, 0.0, 0.0, 0.0, 0.0, 0.0, 0.10199999999999999 ],
	"position" : 
	[
		0.064769168541493213,
		1.5084357126207584,
		-0.93060955716314153,
		-1.8738902046957586,
		-1.4356554828126133,
		1.5666424431747548,
		0.059900000000000002
	],
	"velocity" : 
	[
		0.16500000000000001,
		-0.063,
		0.29499999999999998,
		0.0,
		-0.153,
		-0.30099999999999999,
		0.0
	]
}
