{
	"effort" : [ 0.0, 0.0, 0.0, 0.0, 0.0, 0.0, -1.0249999999999999 ],
	"position" : 
	[
		0.36760124705495295,
		1.5020652608509806,
		-0.68388981410128535,
		-1.6090888505832459,
		-0.87688832278676965,
		1.2157090904763432,
		0.049399999999999999
	],
	"velocity" : 
	[
		-0.312,
		0.0,
		0.0,
		0.11799999999999999,
		-0.30099999999999999,
		0.69199999999999995,
		0.0
	]
}
