{
	"effort" : [ 0.0, 0.0, 0.0, 0.0, 0.0, 0.0, 0.037999999999999999 ],
	"position" : 
	[
		0.32545154561930045,
		1.7013818614286826,
		-0.84337800114848704,
		-2.212815692140452,
		-0.50577896393530908,
		2.5584781504978418,
		0.0877
	],
	"velocity" : 
	[
		0.035000000000000003,
		0.13100000000000001,
		0.0,
		0.0,
		0.014999999999999999,
		0.065000000000000002,
		0.0
	]
}
