{
	"effort" : [ 0.0, 0.0, 0.0, 0.0, 0.0, 0.0, 0.109 ],
	"position" : 
	[
		0.25867524843801426,
		1.5410384630480043,
		-0.95270542549338411,
		-2.2159747380865609,
		-0.97605793088506243,
		2.4905499360102397,
		0.059900000000000002
	],
	"velocity" : 
	[
		-1.1060000000000001,
		-0.122,
		0.0,
		0.0,
		-1.3280000000000001,
		0.049000000000000002,
		0.0
	]
}
