{
	"effort" : [ 0.0, 0.0, 0.0, 0.0, 0.0, 0.0, -0.097000000000000003 ],
	"position" : 
	[
		0.45242424870185594,
		1.7664826425280549,
		-0.9219352707807319,
		-2.2108260167931792,
		-0.51447070361023861,
		2.6747519852656749,
		0.069000000000000006
	],
	"velocity" : 
	[
		-0.34100000000000003,
		0.0,
		0.0,
		0.0,
		-0.19500000000000001,
		-0.43099999999999999,
		0.0
	]
}
