{
	"effort" : [ 0.0, 0.0, 0.0, 0.0, 0.0, 0.0, 0.001 ],
	"position" : 
	[
		0.47958157186288081,
		0.3555933818012349,
		-0.16404349639490559,
		-2.2127109723853322,
		0.061976641738302994,
		2.7585452426539012,
		0.0
	],
	"velocity" : 
	[
		0.0,
		0.66800000000000004,
		-0.36699999999999999,
		0.0,
		-0.51700000000000002,
		0.0,
		0.0
	]
}
