{
	"effort" : [ 0.0, 0.0, 0.0, 0.0, 0.0, 0.0, 0.039 ],
	"position" : 
	[
		0.13432053923344969,
		1.5085578856683977,
		-0.84987062596590435,
		-1.8776077560025057,
		-1.4117968319378567,
		1.4333691014925014,
		0.060100000000000001
	],
	"velocity" : 
	[
		0.37,
		0.0,
		0.44400000000000001,
		-0.058999999999999997,
		0.63,
		-0.93899999999999995,
		0.0
	]
}
