{
	"effort" : [ 0.0, 0.0, 0.0, 0.0, 0.0, 0.0, -1.0469999999999999 ],
	"position" : 
	[
		0.35061919343305231,
		1.5020652608509806,
		-0.68388981410128535,
		-1.6712749318317883,
		-0.95038413758823226,
		1.2096877045569645,
		0.047399999999999998
	],
	"velocity" : 
	[
		0.17599999999999999,
		0.001,
		0.0,
		0.049000000000000002,
		0.36199999999999999,
		0.0,
		0.0
	]
}
