{
	"effort" : [ 0.0, 0.0, 0.0, 0.0, 0.0, 0.0, 0.185 ],
	"position" : 
	[
		0.27911305397886271,
		1.514474551832657,
		-0.85011497206118336,
		-2.2155733123586021,
		-0.5913699104530894,
		2.7636416040697234,
		0.074099999999999999
	],
	"velocity" : 
	[
		0.42899999999999999,
		0.17100000000000001,
		-0.0030000000000000001,
		0.043999999999999997,
		0.0089999999999999993,
		0.21199999999999999,
		0.0
	]
}
