{
	"effort" : [ 0.0, 0.0, 0.0, 0.0, 0.0, 0.0, 0.10000000000000001 ],
	"position" : 
	[
		0.076619954162531714,
		1.5085578856683977,
		-0.91381948975896021,
		-1.8738902046957586,
		-1.4396871933847191,
		1.5398516391566486,
		0.059900000000000002
	],
	"velocity" : 
	[
		0.251,
		-0.0070000000000000001,
		0.38200000000000001,
		0.0,
		-0.12,
		-0.61699999999999999,
		0.0
	]
}
