{
	"effort" : [ 0.0, 0.0, 0.0, 0.0, 0.0, 0.0, -1.0369999999999999 ],
	"position" : 
	[
		0.37974873864883035,
		1.5020652608509806,
		-0.68388981410128535,
		-1.6529664279783722,
		-0.90008374854576834,
		1.1952538316429748,
		0.047899999999999998
	],
	"velocity" : 
	[
		0.23599999999999999,
		0.0,
		0.0,
		0.42899999999999999,
		0.42099999999999999,
		-0.41399999999999998,
		0.0
	]
}
