{
	"effort" : [ 0.0, 0.0, 0.0, 0.0, 0.0, 0.0, -1.042 ],
	"position" : 
	[
		0.2599318854994499,
		1.5043690954636126,
		-0.69832368701527492,
		-1.6702626408656316,
		-1.2450131686173207,
		1.180959585069145,
		0.050599999999999999
	],
	"velocity" : [ 0.154, -0.021999999999999999, 0.0, 0.0, 0.17799999999999999, 0.0, 0.0 ]
}
