{
	"effort" : [ 0.0, 0.0, 0.0, 0.0, 0.0, 0.0, -1.046 ],
	"position" : 
	[
		0.34800119955506148,
		1.5020652608509806,
		-0.68388981410128535,
		-1.6712749318317883,
		-0.95467764754813722,
		1.2096877045569645,
		0.047399999999999998
	],
	"velocity" : 
	[
		0.20399999999999999,
		0.0,
		0.0,
		0.14499999999999999,
		0.51300000000000001,
		0.0030000000000000001,
		0.0
	]
}
