{
	"effort" : [ 0.0, 0.0, 0.0, 0.0, 0.0, 0.0, -1.04 ],
	"position" : 
	[
		0.27501153023667707,
		1.4984349760068334,
		-0.69458868241600791,
		-1.6720428767026656,
		-1.2042771838757833,
		1.1869460644034839,
		0.050799999999999998
	],
	"velocity" : [ 0.0, 0.0, 0.0, 0.0, 0.019, 0.001, 0.0 ]
}
