{
	"effort" : [ 0.0, 0.0, 0.0, 0.0, 0.0, 0.0, -1.0600000000000001 ],
	"position" : 
	[
		0.50998520743261433,
		1.4759376819486323,
		-0.61624085229400227,
		-1.3850583877973104,
		-0.61353559195341179,
		1.2874595760258123,
		0.056399999999999999
	],
	"velocity" : 
	[
		0.24199999999999999,
		-0.058999999999999997,
		0.107,
		0.216,
		0.30599999999999999,
		-0.41399999999999998,
		0.0
	]
}
