{
	"effort" : [ 0.0, 0.0, 0.0, 0.0, 0.0, 0.0, -1.0349999999999999 ],
	"position" : 
	[
		0.29078930667470188,
		1.5020652608509806,
		-0.68409925361152457,
		-1.6602269976666668,
		-1.0512641683534791,
		1.211188687713679,
		0.048500000000000001
	],
	"velocity" : [ 0.0, 0.0, -0.076999999999999999, 0.187, 0.001, 0.0, 0.0 ]
}
