{
	"effort" : [ 0.0, 0.0, 0.0, 0.0, 0.0, 0.0, -0.10299999999999999 ],
	"position" : 
	[
		0.34142130827504452,
		1.6531933207811316,
		-0.91942199665786073,
		-2.2071608253639918,
		-0.58526125807111073,
		2.5938734277282776,
		0.069000000000000006
	],
	"velocity" : 
	[
		0.0,
		0.0,
		-0.223,
		0.0,
		-0.35399999999999998,
		0.035999999999999997,
		0.0
	]
}
