{
	"effort" : [ 0.0, 0.0, 0.0, 0.0, 0.0, 0.0, -1.044 ],
	"position" : 
	[
		0.41496948295406705,
		1.8935251587806901,
		-0.94813266285316011,
		-2.2136185435963691,
		-0.35054938026297255,
		2.6910010006017373,
		0.059499999999999997
	],
	"velocity" : 
	[
		0.001,
		-0.095000000000000001,
		0.0,
		-0.0050000000000000001,
		-0.13800000000000001,
		0.0,
		0.0
	]
}
