{
	"effort" : [ 0.0, 0.0, 0.0, 0.0, 0.0, 0.0, -1.044 ],
	"position" : 
	[
		0.41496948295406705,
		1.8126815078283329,
		-0.94813266285316011,
		-2.2179993200188735,
		-0.38454839409181352,
		2.647158329791651,
		0.056099999999999997
	],
	"velocity" : [ 0.0, -0.085000000000000006, 0.0, 0.0, 0.161, 0.0, 0.0 ]
}
