{
	"effort" : [ 0.0, 0.0, 0.0, 0.0, 0.0, 0.0, -1.0449999999999999 ],
	"position" : 
	[
		0.58067104213836696,
		1.477438665105347,
		-0.59590776650827348,
		-1.2635136586884559,
		-0.47462483678721817,
		1.1272034441077332,
		0.054199999999999998
	],
	"velocity" : 
	[
		0.021999999999999999,
		0.001,
		0.0,
		0.42899999999999999,
		0.0,
		-0.185,
		0.0
	]
}
