{
	"effort" : [ 0.0, 0.0, 0.0, 0.0, 0.0, 0.0, 0.104 ],
	"position" : 
	[
		0.47958157186288081,
		0.85781187406247639,
		-0.4024380189247509,
		-2.2127109723853322,
		-0.16081463727871692,
		2.8199110191540062,
		0.047800000000000002
	],
	"velocity" : 
	[
		0.0,
		0.72399999999999998,
		-0.23899999999999999,
		0.0,
		-0.025999999999999999,
		0.0,
		0.0
	]
}
