{
	"effort" : [ 0.0, 0.0, 0.0, 0.0, 0.0, 0.0, -0.044999999999999998 ],
	"position" : 
	[
		0.60671135457811565,
		0.48263589805387008,
		-0.20874137853846911,
		-1.3575869053709266,
		-0.10334094501055817,
		1.255520050714324,
		0.012200000000000001
	],
	"velocity" : [ 0.0, -0.28699999999999998, 0.439, 0.0, 0.073999999999999996, 0.0, 0.0 ]
}
