{
	"effort" : [ 0.0, 0.0, 0.0, 0.0, 0.0, 0.0, 0.044999999999999998 ],
	"position" : 
	[
		0.28864255169474934,
		1.6948194234411857,
		-0.90435980521315351,
		-2.212815692140452,
		-0.63172192275918804,
		2.5393144353109487,
		0.0693
	],
	"velocity" : [ 0.0, 0.0, 0.253, 0.0, 0.47099999999999997, -0.060999999999999999, 0.0 ]
}
