{
	"effort" : [ 0.0, 0.0, 0.0, 0.0, 0.0, 0.0, -1.048 ],
	"position" : 
	[
		0.60920717540846692,
		1.4649770142461105,
		-0.64730771297949352,
		-1.2397946341538588,
		-0.29675833271652091,
		1.0837098391480455,
		0.047100000000000003
	],
	"velocity" : 
	[
		0.0,
		0.056000000000000001,
		0.001,
		0.0,
		-0.126,
		0.058999999999999997,
		0.0
	]
}
