{
	"effort" : [ 0.0, 0.0, 0.0, 0.0, 0.0, 0.0, 0.021000000000000001 ],
	"position" : 
	[
		0.60671135457811565,
		0.45556584135544487,
		-0.16699310283077529,
		-1.3575869053709266,
		-0.071453779576629822,
		1.255520050714324,
		0.0115
	],
	"velocity" : [ 0.0, -0.217, 0.41099999999999998, 0.0, 0.27400000000000002, 0.0, 0.0 ]
}
