{
	"effort" : [ 0.0, 0.0, 0.0, 0.0, 0.0, 0.0, -0.056000000000000001 ],
	"position" : 
	[
		0.60671135457811565,
		0.43462189033151821,
		-0.084107416653585496,
		-1.3575869053709266,
		0.039950586578140115,
		1.3193991013373003,
		0.0114
	],
	"velocity" : [ 0.0, 0.0, 0.441, 0.0, 0.58399999999999996, 0.82999999999999996, 0.0 ]
}
