{
	"effort" : [ 0.0, 0.0, 0.0, 0.0, 0.0, 0.0, -0.034000000000000002 ],
	"position" : 
	[
		0.30393163594221584,
		1.4987142286871524,
		-0.68992865331318431,
		-1.4928673756929729,
		-0.97907735049101186,
		1.3509546542133497,
		0.062899999999999998
	],
	"velocity" : 
	[
		-0.066000000000000003,
		-0.069000000000000006,
		-0.017999999999999999,
		0.16600000000000001,
		-0.092999999999999999,
		0.012999999999999999,
		0.0
	]
}
