{
	"effort" : [ 0.0, 0.0, 0.0, 0.0, 0.0, 0.0, 0.10199999999999999 ],
	"position" : 
	[
		0.44392449524464556,
		1.0100045848363437,
		-0.47888344016208323,
		-2.2127109723853322,
		-0.22024309830910885,
		2.8247630344745494,
		0.047800000000000002
	],
	"velocity" : 
	[
		-0.42799999999999999,
		0.85299999999999998,
		-0.67800000000000005,
		0.0,
		-0.75900000000000001,
		0.028000000000000001,
		0.0
	]
}
