{
	"effort" : [ 0.0, 0.0, 0.0, 0.0, 0.0, 0.0, 0.090999999999999998 ],
	"position" : 
	[
		0.25956536635653116,
		1.321528403024733,
		-0.76023051558349819,
		-2.2145086615148859,
		-0.53436745708296896,
		2.8165599869901783,
		0.047800000000000002
	],
	"velocity" : 
	[
		-0.46999999999999997,
		0.92300000000000004,
		-0.91200000000000003,
		0.0,
		-1.077,
		-0.017000000000000001,
		0.0
	]
}
