{
	"effort" : [ 0.0, 0.0, 0.0, 0.0, 0.0, 0.0, 0.10299999999999999 ],
	"position" : 
	[
		0.21846286247207508,
		1.4461623649096162,
		-0.85868453868847339,
		-2.2145086615148859,
		-0.6526658737831148,
		2.7872559088492008,
		0.047800000000000002
	],
	"velocity" : 
	[
		-0.081000000000000003,
		0.66500000000000004,
		-0.29599999999999999,
		0.0,
		-0.45400000000000001,
		-0.85099999999999998,
		0.0
	]
}
