{
	"effort" : [ 0.0, 0.0, 0.0, 0.0, 0.0, 0.0, 0.099000000000000005 ],
	"position" : 
	[
		0.043406338497088019,
		1.5108966268660695,
		-0.95270542549338411,
		-1.9541404437024379,
		-1.1662464594748365,
		2.2775674073894252,
		0.059900000000000002
	],
	"velocity" : 
	[
		0.122,
		0.0,
		0.0,
		1.014,
		-0.38900000000000001,
		-0.58599999999999997,
		0.0
	]
}
