{
	"effort" : [ 0.0, 0.0, 0.0, 0.0, 0.0, 0.0, -1.075 ],
	"position" : 
	[
		0.58454567307779315,
		1.477438665105347,
		-0.60992276040178439,
		-1.1891800858460364,
		-0.3968704186108904,
		1.1026117549471393,
		0.0465
	],
	"velocity" : 
	[
		0.002,
		-0.037999999999999999,
		0.050999999999999997,
		0.0,
		0.113,
		0.010999999999999999,
		0.0
	]
}
