{
	"effort" : [ 0.0, 0.0, 0.0, 0.0, 0.0, 0.0, 0.106 ],
	"position" : 
	[
		0.057822758118557534,
		1.5108966268660695,
		-0.95270542549338411,
		-1.8738902046957586,
		-1.2889431058900069,
		1.8382331280775235,
		0.059900000000000002
	],
	"velocity" : [ 0.0, 0.0, 0.0, -0.001, -0.20499999999999999, -1.6100000000000001, 0.0 ]
}
