{
	"effort" : [ 0.0, 0.0, 0.0, 0.0, 0.0, 0.0, 0.10000000000000001 ],
	"position" : 
	[
		0.057822758118557534,
		1.5108966268660695,
		-0.95270542549338411,
		-1.8738902046957586,
		-1.3529094229755831,
		1.6580976959792342,
		0.059900000000000002
	],
	"velocity" : 
	[
		0.0,
		0.0,
		0.050999999999999997,
		0.0,
		-0.32500000000000001,
		-0.65000000000000002,
		0.0
	]
}
