{
	"effort" : [ 0.0, 0.0, 0.0, 0.0, 0.0, 0.0, -0.099000000000000005 ],
	"position" : 
	[
		0.49083894553824137,
		1.7506874127975101,
		-0.92528630294456016,
		-2.2108260167931792,
		-0.39790016286956675,
		2.7047541951074496,
		0.069000000000000006
	],
	"velocity" : 
	[
		0.36599999999999999,
		0.248,
		-0.035999999999999997,
		0.0,
		0.099000000000000005,
		0.222,
		0.0
	]
}
