{
	"effort" : [ 0.0, 0.0, 0.0, 0.0, 0.0, 0.0, -0.043999999999999997 ],
	"position" : 
	[
		0.60671135457811565,
		0.43212606950116694,
		0.00085521133347700559,
		-1.3575869053709266,
		0.14264575976546054,
		1.46801388714458,
		0.0114
	],
	"velocity" : [ 0.0, 0.0, 0.0, 0.0, 0.0089999999999999993, 0.0050000000000000001, 0.0 ]
}
