{
	"effort" : [ 0.0, 0.0, 0.0, 0.0, 0.0, 0.0, -1.0449999999999999 ],
	"position" : 
	[
		0.59274872056216465,
		1.4615387156196824,
		-0.62531656440437056,
		-1.2067380981210949,
		-0.3444058212959541,
		1.0704453368328919,
		0.046600000000000003
	],
	"velocity" : 
	[
		0.042999999999999997,
		0.0,
		-0.13500000000000001,
		-0.111,
		0.128,
		-0.36599999999999999,
		0.0
	]
}
