{
	"effort" : [ 0.0, 0.0, 0.0, 0.0, 0.0, 0.0, -0.055 ],
	"position" : 
	[
		0.60671135457811565,
		1.2959942360680621,
		-0.61276764708253451,
		-1.2580856847147548,
		-0.38828339869108042,
		1.2504935024685815,
		0.043900000000000002
	],
	"velocity" : [ 0.0, -0.39500000000000002, 0.0, 0.0, 0.182, 0.023, 0.0 ]
}
