{
	"effort" : [ 0.0, 0.0, 0.0, 0.0, 0.0, 0.0, -1.0429999999999999 ],
	"position" : 
	[
		0.27139869868504973,
		1.4984349760068334,
		-0.69458868241600791,
		-1.6702626408656316,
		-1.2279613018253404,
		1.1850436555188106,
		0.050599999999999999
	],
	"velocity" : 
	[
		0.0080000000000000002,
		-0.001,
		0.0,
		0.0,
		0.029999999999999999,
		0.12,
		0.0
	]
}
