{
	"effort" : [ 0.0, 0.0, 0.0, 0.0, 0.0, 0.0, -0.10299999999999999 ],
	"position" : 
	[
		0.37473964369560786,
		1.6614836347281023,
		-0.92752032438711229,
		-2.2089410612010254,
		-0.51504666226339657,
		2.6059161995670355,
		0.069000000000000006
	],
	"velocity" : 
	[
		0.26900000000000002,
		0.14399999999999999,
		0.0080000000000000002,
		0.092999999999999999,
		0.45400000000000001,
		0.26800000000000002,
		0.0
	]
}
