{
	"effort" : [ 0.0, 0.0, 0.0, 0.0, 0.0, 0.0, -0.098000000000000004 ],
	"position" : 
	[
		0.4902455335925634,
		1.7664826425280549,
		-0.9219352707807319,
		-2.2108260167931792,
		-0.48975684140200515,
		2.6765845809802684,
		0.069000000000000006
	],
	"velocity" : [ -0.025999999999999999, 0.0, 0.0, 0.0, -0.16400000000000001, 0.0, 0.0 ]
}
