{
	"effort" : [ 0.0, 0.0, 0.0, 0.0, 0.0, 0.0, 0.056000000000000001 ],
	"position" : 
	[
		0.34627332359558755,
		1.7743540774545472,
		-0.84337800114848704,
		-2.212815692140452,
		-0.45987680460786978,
		2.6177669851880743,
		0.090999999999999998
	],
	"velocity" : 
	[
		0.23300000000000001,
		0.32300000000000001,
		-0.025999999999999999,
		0.0,
		0.0089999999999999993,
		0.17399999999999999,
		0.0
	]
}
