{
	"effort" : [ 0.0, 0.0, 0.0, 0.0, 0.0, 0.0, -1.0640000000000001 ],
	"position" : 
	[
		0.54761450610560258,
		1.4699512026142931,
		-0.60559434385683952,
		-1.3562604551394111,
		-0.54942964852767617,
		1.2548044657210065,
		0.055399999999999998
	],
	"velocity" : 
	[
		0.22800000000000001,
		0.0,
		0.129,
		-0.73399999999999999,
		0.063,
		-0.32000000000000001,
		0.0
	]
}
