{
	"effort" : [ 0.0, 0.0, 0.0, 0.0, 0.0, 0.0, -0.10199999999999999 ],
	"position" : 
	[
		0.35941565286310156,
		1.6555669685638432,
		-0.93238979300017522,
		-2.2089410612010254,
		-0.56215309877471176,
		2.5818306558895201,
		0.069000000000000006
	],
	"velocity" : 
	[
		0.22,
		0.0060000000000000001,
		0.042999999999999997,
		0.0,
		0.81599999999999995,
		0.19700000000000001,
		0.0
	]
}
