{
	"effort" : [ 0.0, 0.0, 0.0, 0.0, 0.0, 0.0, -0.10000000000000001 ],
	"position" : 
	[
		0.49232247540243612,
		1.7664826425280549,
		-0.9219352707807319,
		-2.2108260167931792,
		-0.39521235582149622,
		2.6765845809802684,
		0.069000000000000006
	],
	"velocity" : 
	[
		-0.016,
		0.0,
		0.0050000000000000001,
		0.0,
		-0.14699999999999999,
		-0.012999999999999999,
		0.0
	]
}
