{
	"effort" : [ 0.0, 0.0, 0.0, 0.0, 0.0, 0.0, -0.035000000000000003 ],
	"position" : 
	[
		0.47958157186288081,
		0.015376350710066161,
		-0.031922072018968226,
		-2.2165681500322387,
		0.13421581947833008,
		2.7509007005301682,
		0.0
	],
	"velocity" : [ 0.0, 0.027, -0.128, 0.0, 0.0, -0.012999999999999999, 0.0 ]
}
