{
	"effort" : [ 0.0, 0.0, 0.0, 0.0, 0.0, 0.0, -0.099000000000000005 ],
	"position" : 
	[
		0.49085639883076126,
		1.7664826425280549,
		-0.9219352707807319,
		-2.2108260167931792,
		-0.45142941102821937,
		2.6765845809802684,
		0.069000000000000006
	],
	"velocity" : [ 0.0, 0.0, 0.0, 0.0, -0.56100000000000005, 0.0, 0.0 ]
}
