{
	"effort" : [ 0.0, 0.0, 0.0, 0.0, 0.0, 0.0, 0.10000000000000001 ],
	"position" : 
	[
		0.21249383643025596,
		1.5105301077231508,
		-0.86844092920711924,
		-2.2155733123586021,
		-0.67334802541924232,
		2.5550049452863739,
		0.047800000000000002
	],
	"velocity" : 
	[
		0.0,
		0.0,
		-0.014999999999999999,
		0.10299999999999999,
		0.0,
		-0.36799999999999999,
		0.0
	]
}
