{
	"effort" : [ 0.0, 0.0, 0.0, 0.0, 0.0, 0.0, -1.042 ],
	"position" : 
	[
		0.29078930667470188,
		1.5020652608509806,
		-0.68388981410128535,
		-1.6736485796145,
		-1.0694330458667356,
		1.2130910965983523,
		0.047300000000000002
	],
	"velocity" : [ 0.0, 0.0, 0.0, -0.0050000000000000001, -0.11600000000000001, 0.0, 0.0 ]
}
