{
	"effort" : [ 0.0, 0.0, 0.0, 0.0, 0.0, 0.0, -0.10199999999999999 ],
	"position" : 
	[
		0.34142130827504452,
		1.6531933207811316,
		-0.93149967508165854,
		-2.2071608253639918,
		-0.61325633927309275,
		2.5998773603551366,
		0.069000000000000006
	],
	"velocity" : [ 0.0, 0.0, -0.108, 0.0, -0.185, -0.084000000000000005, 0.0 ]
}
