{
	"effort" : [ 0.0, 0.0, 0.0, 0.0, 0.0, 0.0, -1.042 ],
	"position" : 
	[
		0.59269636068460474,
		1.4615387156196824,
		-0.62264621064881975,
		-1.2045040766785426,
		-0.34489451348651234,
		1.0747912066703569,
		0.046600000000000003
	],
	"velocity" : 
	[
		0.085000000000000006,
		0.0,
		-0.186,
		-0.084000000000000005,
		0.22,
		-0.23300000000000001,
		0.0
	]
}
