{
	"effort" : [ 0.0, 0.0, 0.0, 0.0, 0.0, 0.0, -0.13300000000000001 ],
	"position" : 
	[
		0.24567254551065981,
		1.5081041000628794,
		-0.78457785864881291,
		-1.7455561447966481,
		-1.2533907490268914,
		1.2409989113377349,
		0.0562
	],
	"velocity" : 
	[
		0.0,
		0.0,
		0.014,
		0.0,
		-0.087999999999999995,
		-0.16400000000000001,
		0.0
	]
}
