{
	"effort" : [ 0.0, 0.0, 0.0, 0.0, 0.0, 0.0, -0.93100000000000005 ],
	"position" : 
	[
		0.59726912332482862,
		1.4615387156196824,
		-0.65259606061303499,
		-1.2255527474575887,
		-0.32224013979563171,
		1.0482098421624897,
		0.046600000000000003
	],
	"velocity" : 
	[
		0.002,
		0.0,
		-0.080000000000000002,
		-0.0070000000000000001,
		0.10100000000000001,
		-0.105,
		0.0
	]
}
