{
	"effort" : [ 0.0, 0.0, 0.0, 0.0, 0.0, 0.0, 0.104 ],
	"position" : 
	[
		0.054175019981890317,
		1.5108966268660695,
		-0.95270542549338411,
		-1.8650937452657095,
		-1.2319755591049264,
		2.1767048299166984,
		0.059900000000000002
	],
	"velocity" : 
	[
		0.035999999999999997,
		0.0,
		0.0,
		0.11799999999999999,
		-0.22600000000000001,
		-1.085,
		0.0
	]
}
