{
	"effort" : [ 0.0, 0.0, 0.0, 0.0, 0.0, 0.0, -0.057000000000000002 ],
	"position" : 
	[
		0.60671135457811565,
		0.43212606950116694,
		-0.044052110320325751,
		-1.3575869053709266,
		0.096708693852981392,
		1.3983927032825436,
		0.0114
	],
	"velocity" : 
	[
		0.0,
		-0.021000000000000001,
		0.41599999999999998,
		0.0,
		0.48799999999999999,
		0.80100000000000005,
		0.0
	]
}
