{
	"effort" : [ 0.0, 0.0, 0.0, 0.0, 0.0, 0.0, 0.059999999999999998 ],
	"position" : 
	[
		0.2072578486742743,
		1.5081041000628794,
		-0.7891680745815568,
		-1.8640989075920731,
		-1.2187285100822929,
		1.2919450722034362,
		0.060100000000000001
	],
	"velocity" : 
	[
		0.086999999999999994,
		-0.0070000000000000001,
		0.069000000000000006,
		0.070000000000000007,
		0.087999999999999995,
		-0.001,
		0.0
	]
}
