{
	"effort" : [ 0.0, 0.0, 0.0, 0.0, 0.0, 0.0, -0.93500000000000005 ],
	"position" : 
	[
		0.59726912332482862,
		1.4615387156196824,
		-0.65882688604265316,
		-1.2255527474575887,
		-0.32213542004051204,
		1.0384359983513241,
		0.046600000000000003
	],
	"velocity" : 
	[
		0.0,
		0.0,
		-0.035000000000000003,
		0.0,
		0.0,
		-0.0030000000000000001,
		0.0
	]
}
