{
	"effort" : [ 0.0, 0.0, 0.0, 0.0, 0.0, 0.0, -1.0429999999999999 ],
	"position" : 
	[
		0.41893138035609312,
		1.7190096868738212,
		-0.94813266285316011,
		-2.219657382808268,
		-0.42840851819441994,
		2.6465474645534535,
		0.056099999999999997
	],
	"velocity" : [ 0.002, -0.253, 0.0, 0.0, -0.010999999999999999, 0.0, 0.0 ]
}
