{
	"effort" : [ 0.0, 0.0, 0.0, 0.0, 0.0, 0.0, -0.099000000000000005 ],
	"position" : 
	[
		0.51572734067167414,
		1.7645453270583416,
		-0.92704908548907394,
		-2.2108260167931792,
		-0.36908477691914765,
		2.7067613237472425,
		0.069000000000000006
	],
	"velocity" : 
	[
		0.18099999999999999,
		0.056000000000000001,
		-0.036999999999999998,
		0.0,
		0.57099999999999995,
		0.0,
		0.0
	]
}
