{
	"effort" : [ 0.0, 0.0, 0.0, 0.0, 0.0, 0.0, -0.097000000000000003 ],
	"position" : 
	[
		0.52241195170681076,
		1.7664826425280549,
		-0.92893404108122735,
		-2.2108260167931792,
		-0.34695400200386523,
		2.7127478030815815,
		0.069000000000000006
	],
	"velocity" : 
	[
		0.0050000000000000001,
		0.0,
		-0.012,
		0.0,
		0.17999999999999999,
		0.113,
		0.0
	]
}
