{
	"effort" : [ 0.0, 0.0, 0.0, 0.0, 0.0, 0.0, -0.088999999999999996 ],
	"position" : 
	[
		0.60671135457811565,
		0.71792373451516622,
		-0.44987606799394481,
		-1.3521065715196658,
		-0.16334536469410807,
		1.255520050714324,
		0.043900000000000002
	],
	"velocity" : 
	[
		0.0,
		-0.71499999999999997,
		0.57599999999999996,
		-0.28499999999999998,
		0.0,
		0.0,
		0.0
	]
}
