{
	"effort" : [ 0.0, 0.0, 0.0, 0.0, 0.0, 0.0, -0.14999999999999999 ],
	"position" : 
	[
		0.60733967310883352,
		1.3882174337434194,
		-0.61276764708253451,
		-1.2581904044698746,
		-0.41495202966154709,
		1.2407545652424556,
		0.044499999999999998
	],
	"velocity" : 
	[
		-0.056000000000000001,
		-0.59999999999999998,
		-0.0070000000000000001,
		0.19500000000000001,
		0.0,
		0.128,
		0.0
	]
}
