{
	"effort" : [ 0.0, 0.0, 0.0, 0.0, 0.0, 0.0, 0.107 ],
	"position" : 
	[
		0.036896260387150812,
		1.5108966268660695,
		-0.95270542549338411,
		-2.0270952064357823,
		-1.1309209954144801,
		2.3410450322844429,
		0.059900000000000002
	],
	"velocity" : 
	[
		0.112,
		0.0,
		0.0,
		0.90600000000000003,
		-0.26400000000000001,
		-0.81399999999999995,
		0.0
	]
}
