{
	"effort" : [ 0.0, 0.0, 0.0, 0.0, 0.0, 0.0, -0.027 ],
	"position" : 
	[
		0.47958157186288081,
		0.15151203236558947,
		-0.083164938857508794,
		-2.2147355543176452,
		0.13377948716533158,
		2.7508308873600882,
		0.0
	],
	"velocity" : [ 0.0, 0.54100000000000004, -0.193, 0.0, 0.0, 0.0, 0.0 ]
}
