{
	"effort" : [ 0.0, 0.0, 0.0, 0.0, 0.0, 0.0, -0.029999999999999999 ],
	"position" : 
	[
		0.47958157186288081,
		0.23794073692432682,
		-0.11053170152877298,
		-2.2147355543176452,
		0.12548917321836062,
		2.7568348199869472,
		0.0
	],
	"velocity" : 
	[
		0.0,
		0.59399999999999997,
		-0.22700000000000001,
		0.0,
		-0.087999999999999995,
		0.063,
		0.0
	]
}
