{
	"effort" : [ 0.0, 0.0, 0.0, 0.0, 0.0, 0.0, -1.042 ],
	"position" : 
	[
		0.41657518586590137,
		1.741018288741464,
		-0.94813266285316011,
		-2.2179993200188735,
		-0.40491638646258221,
		2.6465474645534535,
		0.056099999999999997
	],
	"velocity" : [ 0.042999999999999997, 0.0, 0.0, 0.0, -0.014999999999999999, 0.0, 0.0 ]
}
