{
	"effort" : [ 0.0, 0.0, 0.0, 0.0, 0.0, 0.0, 0.109 ],
	"position" : 
	[
		0.46174430690750323,
		1.5607257770104954,
		-0.9488307945539578,
		-2.2159747380865609,
		-0.72460834555030296,
		2.4928188640378317,
		0.059900000000000002
	],
	"velocity" : 
	[
		0.062,
		-0.035999999999999997,
		-0.014999999999999999,
		0.037999999999999999,
		-0.56100000000000005,
		0.0,
		0.0
	]
}
