{
	"effort" : [ 0.0, 0.0, 0.0, 0.0, 0.0, 0.0, 0.058999999999999997 ],
	"position" : 
	[
		0.2205398042819478,
		1.5081041000628794,
		-0.78642790765592629,
		-1.8198024511764679,
		-1.2052371149643801,
		1.2833929588686663,
		0.060100000000000001
	],
	"velocity" : 
	[
		0.27600000000000002,
		0.0,
		0.017000000000000001,
		0.58599999999999997,
		-0.16200000000000001,
		-0.063,
		0.0
	]
}
