{
	"effort" : [ 0.0, 0.0, 0.0, 0.0, 0.0, 0.0, -1.044 ],
	"position" : 
	[
		0.60920717540846692,
		1.4649770142461105,
		-0.64730771297949352,
		-1.2397946341538588,
		-0.30091221633626636,
		1.0934662296666915,
		0.047100000000000003
	],
	"velocity" : [ 0.0, 0.0, 0.072999999999999995, 0.0, 0.0, 0.19500000000000001, 0.0 ]
}
