{
	"effort" : [ 0.0, 0.0, 0.0, 0.0, 0.0, 0.0, -0.050000000000000003 ],
	"position" : 
	[
		0.60671135457811565,
		1.3070421702331836,
		-0.61276764708253451,
		-1.2580856847147548,
		-0.3959628473998536,
		1.2504411425910216,
		0.043900000000000002
	],
	"velocity" : 
	[
		-0.029999999999999999,
		-0.39500000000000002,
		0.0,
		0.0,
		0.10100000000000001,
		0.12,
		0.0
	]
}
