{
	"effort" : [ 0.0, 0.0, 0.0, 0.0, 0.0, 0.0, 0.11 ],
	"position" : 
	[
		0.029286624848457451,
		1.5108966268660695,
		-0.95270542549338411,
		-2.1151470671988739,
		-1.1111115084043495,
		2.4193579558214089,
		0.059900000000000002
	],
	"velocity" : 
	[
		0.024,
		0.0,
		0.0,
		0.63800000000000001,
		-0.14499999999999999,
		-0.70099999999999996,
		0.0
	]
}
