{
	"effort" : [ 0.0, 0.0, 0.0, 0.0, 0.0, 0.0, 0.049000000000000002 ],
	"position" : 
	[
		0.34941491624917653,
		1.7784905077817728,
		-0.84337800114848704,
		-2.212815692140452,
		-0.45987680460786978,
		2.617609905555395,
		0.090999999999999998
	],
	"velocity" : 
	[
		0.23499999999999999,
		0.26400000000000001,
		-0.047,
		0.0,
		0.0089999999999999993,
		0.0,
		0.0
	]
}
