{
	"effort" : [ 0.0, 0.0, 0.0, 0.0, 0.0, 0.0, -0.095000000000000001 ],
	"position" : 
	[
		0.34142130827504452,
		1.6531933207811316,
		-0.8763123641336118,
		-2.2046824578261606,
		-0.52537901143520038,
		2.4826959543762666,
		0.069000000000000006
	],
	"velocity" : 
	[
		0.0,
		0.0,
		-0.058999999999999997,
		-0.023,
		-0.107,
		0.38500000000000001,
		0.0
	]
}
