{
	"effort" : [ 0.0, 0.0, 0.0, 0.0, 0.0, 0.0, -0.002 ],
	"position" : 
	[
		0.60671135457811565,
		0.46029568362834833,
		-0.17282250253243486,
		-1.3575869053709266,
		-0.081087997047636071,
		1.255520050714324,
		0.011599999999999999
	],
	"velocity" : [ 0.0, -0.223, 0.42299999999999999, 0.0, 0.23300000000000001, 0.0, 0.0 ]
}
