{
	"effort" : [ 0.0, 0.0, 0.0, 0.0, 0.0, 0.0, -1.0409999999999999 ],
	"position" : 
	[
		0.24567254551065981,
		1.5081041000628794,
		-0.77873100565463338,
		-1.7455561447966481,
		-1.2652415346479298,
		1.2229173002870781,
		0.050500000000000003
	],
	"velocity" : [ 0.0, 0.0, 0.088999999999999996, 0.0, 0.0, -0.099000000000000005, 0.0 ]
}
