{
	"effort" : [ 0.0, 0.0, 0.0, 0.0, 0.0, 0.0, -1.0469999999999999 ],
	"position" : 
	[
		0.29078930667470188,
		1.5020652608509806,
		-0.68409925361152457,
		-1.6901244877533221,
		-1.08526318218232,
		1.2134227091562313,
		0.048599999999999997
	],
	"velocity" : [ 0.0, 0.0, 0.0, 0.0, 0.0070000000000000001, -0.017000000000000001, 0.0 ]
}
