{
	"effort" : [ 0.0, 0.0, 0.0, 0.0, 0.0, 0.0, -1.0449999999999999 ],
	"position" : 
	[
		0.61316907281049293,
		1.460753317456285,
		-0.62491513867641191,
		-1.2268093845190244,
		-0.33712779831513956,
		1.1390018698512119,
		0.047100000000000003
	],
	"velocity" : [ 0.0, 0.0, 0.0, 0.047, -0.080000000000000002, 0.019, 0.0 ]
}
