{
	"effort" : [ 0.0, 0.0, 0.0, 0.0, 0.0, 0.0, -1.0369999999999999 ],
	"position" : 
	[
		0.27501153023667707,
		1.4984349760068334,
		-0.69458868241600791,
		-1.6720428767026656,
		-1.1980289051536452,
		1.1915188270437083,
		0.050799999999999998
	],
	"velocity" : [ 0.0030000000000000001, 0.0, 0.0, 0.0, 0.247, 0.13800000000000001, 0.0 ]
}
