{
	"effort" : [ 0.0, 0.0, 0.0, 0.0, 0.0, 0.0, 0.072999999999999995 ],
	"position" : 
	[
		0.32545154561930045,
		1.7066702090622243,
		-0.84337800114848704,
		-2.212815692140452,
		-0.50577896393530908,
		2.5591064690285594,
		0.088900000000000007
	],
	"velocity" : 
	[
		0.025999999999999999,
		0.20699999999999999,
		0.0,
		0.0,
		0.0070000000000000001,
		0.0,
		0.0
	]
}
