{
	"effort" : [ 0.0, 0.0, 0.0, 0.0, 0.0, 0.0, 0.13600000000000001 ],
	"position" : 
	[
		0.33625513368914262,
		1.6018806407725112,
		-0.85011497206118336,
		-2.2155733123586021,
		-0.58283525041083928,
		2.7841143161956117,
		0.074099999999999999
	],
	"velocity" : 
	[
		0.11899999999999999,
		0.54900000000000004,
		0.0,
		0.0,
		0.14099999999999999,
		0.084000000000000005,
		0.0
	]
}
