{
	"effort" : [ 0.0, 0.0, 0.0, 0.0, 0.0, 0.0, 0.048000000000000001 ],
	"position" : 
	[
		0.19498818403275725,
		1.5085578856683977,
		-0.79077377749339106,
		-1.8779393685603847,
		-1.2476311624953114,
		1.3107073616623706,
		0.060100000000000001
	],
	"velocity" : 
	[
		0.27200000000000002,
		0.0,
		0.11700000000000001,
		0.20300000000000001,
		0.58599999999999997,
		-0.377,
		0.0
	]
}
