{
	"effort" : [ 0.0, 0.0, 0.0, 0.0, 0.0, 0.0, -1.044 ],
	"position" : 
	[
		0.33140311836859959,
		1.5020652608509806,
		-0.68388981410128535,
		-1.6712749318317883,
		-0.98504637653283089,
		1.2096877045569645,
		0.047199999999999999
	],
	"velocity" : 
	[
		0.17000000000000001,
		0.0,
		0.002,
		-0.001,
		0.58199999999999996,
		0.0,
		0.0
	]
}
