{
	"effort" : [ 0.0, 0.0, 0.0, 0.0, 0.0, 0.0, -1.044 ],
	"position" : 
	[
		0.60404100082256507,
		1.4610674767216441,
		-0.65512678802842617,
		-1.2375431594187869,
		-0.28792696670143186,
		1.0784040382219839,
		0.047100000000000003
	],
	"velocity" : 
	[
		0.090999999999999998,
		0.0030000000000000001,
		0.014,
		0.0,
		0.0,
		0.055,
		0.0
	]
}
