{
	"effort" : [ 0.0, 0.0, 0.0, 0.0, 0.0, 0.0, 0.104 ],
	"position" : 
	[
		0.40552725170078008,
		1.5563450005879906,
		-0.95270542549338411,
		-2.2159747380865609,
		-0.80213587092387151,
		2.4905499360102397,
		0.059900000000000002
	],
	"velocity" : 
	[
		-0.68899999999999995,
		-0.034000000000000002,
		0.0,
		0.0,
		-0.71899999999999997,
		0.0,
		0.0
	]
}
