{
	"effort" : [ 0.0, 0.0, 0.0, 0.0, 0.0, 0.0, -1.0409999999999999 ],
	"position" : 
	[
		0.60920717540846692,
		1.4610674767216441,
		-0.65142669001419906,
		-1.2375431594187869,
		-0.29213321019873711,
		1.0837098391480455,
		0.047100000000000003
	],
	"velocity" : 
	[
		0.075999999999999998,
		0.0040000000000000001,
		0.085000000000000006,
		0.0,
		-0.040000000000000001,
		0.099000000000000005,
		0.0
	]
}
