{
	"effort" : [ 0.0, 0.0, 0.0, 0.0, 0.0, 0.0, -1.0409999999999999 ],
	"position" : 
	[
		0.60667644799307574,
		1.4610674767216441,
		-0.65343381865399208,
		-1.2375431594187869,
		-0.28623399732699778,
		1.0797130351609794,
		0.047100000000000003
	],
	"velocity" : 
	[
		0.041000000000000002,
		0.0089999999999999993,
		0.031,
		0.0,
		0.0,
		0.012999999999999999,
		0.0
	]
}
