{
	"effort" : [ 0.0, 0.0, 0.0, 0.0, 0.0, 0.0, -0.051999999999999998 ],
	"position" : 
	[
		0.60671135457811565,
		0.43212606950116694,
		0.00085521133347700559,
		-1.3558066695338928,
		0.17448056532182907,
		1.46801388714458,
		0.0114
	],
	"velocity" : [ 0.0, 0.0, 0.0, 0.0, 0.16400000000000001, 0.0, 0.0 ]
}
