{
	"effort" : [ 0.0, 0.0, 0.0, 0.0, 0.0, 0.0, -1.042 ],
	"position" : 
	[
		0.5867796945203454,
		1.4654482531441488,
		-0.60782836529939177,
		-1.1951665651803751,
		-0.36913713679670745,
		1.106399119423966,
		0.046600000000000003
	],
	"velocity" : 
	[
		0.002,
		-0.048000000000000001,
		-0.051999999999999998,
		-0.14499999999999999,
		0.082000000000000003,
		0.0,
		0.0
	]
}
