{
	"effort" : [ 0.0, 0.0, 0.0, 0.0, 0.0, 0.0, 0.115 ],
	"position" : 
	[
		0.28864255169474934,
		1.6948194234411857,
		-0.89371329677599076,
		-2.212815692140452,
		-0.61877157970939345,
		2.5385813970251112,
		0.070099999999999996
	],
	"velocity" : 
	[
		-0.037999999999999999,
		0.0,
		0.26900000000000002,
		-0.025999999999999999,
		0.17399999999999999,
		0.0,
		0.0
	]
}
