{
	"effort" : [ 0.0, 0.0, 0.0, 0.0, 0.0, 0.0, 0.129 ],
	"position" : 
	[
		0.28864255169474934,
		1.6948194234411857,
		-0.85615381127308232,
		-2.212815692140452,
		-0.58004272360764908,
		2.53617284265736,
		0.072599999999999998
	],
	"velocity" : 
	[
		0.032000000000000001,
		0.0,
		0.13300000000000001,
		0.0,
		0.14899999999999999,
		0.0,
		0.0
	]
}
