{
	"effort" : [ 0.0, 0.0, 0.0, 0.0, 0.0, 0.0, 0.106 ],
	"position" : 
	[
		0.46176176020002319,
		1.5588582747108619,
		-0.95270542549338411,
		-2.2159747380865609,
		-0.74813538386718048,
		2.4911957078334774,
		0.059900000000000002
	],
	"velocity" : 
	[
		-0.19600000000000001,
		0.0,
		0.0,
		0.0,
		-0.51000000000000001,
		-0.0050000000000000001,
		0.0
	]
}
