{
	"effort" : [ 0.0, 0.0, 0.0, 0.0, 0.0, 0.0, -1.0409999999999999 ],
	"position" : 
	[
		0.29546678907004542,
		1.5020652608509806,
		-0.68388981410128535,
		-1.6754811753290935,
		-1.0594846691303703,
		1.2130910965983523,
		0.047
	],
	"velocity" : [ 0.039, 0.0, 0.0, 0.122, 0.222, 0.0, 0.0 ]
}
