{
	"effort" : [ 0.0, 0.0, 0.0, 0.0, 0.0, 0.0, -1.0389999999999999 ],
	"position" : 
	[
		0.41893138035609312,
		1.6516748843318967,
		-0.94813266285316011,
		-2.219657382808268,
		-0.44359288268676678,
		2.6465474645534535,
		0.056099999999999997
	],
	"velocity" : [ 0.0, -0.20100000000000001, 0.0, 0.0, -0.27900000000000003, 0.0, 0.0 ]
}
