{
	"effort" : [ 0.0, 0.0, 0.0, 0.0, 0.0, 0.0, -1.044 ],
	"position" : 
	[
		0.58454567307779315,
		1.4714870923560477,
		-0.6081425245647506,
		-1.1909428683905501,
		-0.39282125474626456,
		1.1026117549471393,
		0.046600000000000003
	],
	"velocity" : 
	[
		0.0040000000000000001,
		-0.064000000000000001,
		0.0,
		0.0,
		0.069000000000000006,
		0.0,
		0.0
	]
}
