{
	"effort" : [ 0.0, 0.0, 0.0, 0.0, 0.0, 0.0, -0.33200000000000002 ],
	"position" : 
	[
		0.30766664054148274,
		1.4939320265366891,
		-0.66702993352702455,
		-1.4908777003456999,
		-0.98878138113209779,
		1.3524905439551043,
		0.061499999999999999
	],
	"velocity" : 
	[
		0.16,
		0.0,
		0.14000000000000001,
		0.0,
		0.058999999999999997,
		-0.055,
		0.0
	]
}
