{
	"effort" : [ 0.0, 0.0, 0.0, 0.0, 0.0, 0.0, -1.044 ],
	"position" : 
	[
		0.41893138035609312,
		1.6306087602603307,
		-0.94813266285316011,
		-2.219657382808268,
		-0.51200978936492725,
		2.6465474645534535,
		0.056099999999999997
	],
	"velocity" : [ 0.0, -0.042999999999999997, 0.0, 0.0, -0.23699999999999999, 0.0, 0.0 ]
}
