{
	"effort" : [ 0.0, 0.0, 0.0, 0.0, 0.0, 0.0, -0.057000000000000002 ],
	"position" : 
	[
		0.60671135457811565,
		0.43462189033151821,
		-0.069865529957315375,
		-1.3575869053709266,
		0.063233278799738599,
		1.3510419206759496,
		0.0114
	],
	"velocity" : 
	[
		0.0,
		0.0,
		0.42099999999999999,
		0.0,
		0.59599999999999997,
		0.81999999999999995,
		0.0
	]
}
