{
	"effort" : [ 0.0, 0.0, 0.0, 0.0, 0.0, 0.0, -0.107 ],
	"position" : 
	[
		0.51227158875272627,
		1.7664826425280549,
		-0.92685709927135462,
		-2.2108260167931792,
		-0.34014721792108904,
		2.6982790235825522,
		0.069000000000000006
	],
	"velocity" : [ -0.154, 0.0, 0.047, 0.0, -0.12, -0.33500000000000002, 0.0 ]
}
