{
	"effort" : [ 0.0, 0.0, 0.0, 0.0, 0.0, 0.0, -1.0369999999999999 ],
	"position" : 
	[
		0.40901791020476785,
		1.5020652608509806,
		-0.68388981410128535,
		-1.6256345718921479,
		-0.84384924004652517,
		1.1691786126181862,
		0.048300000000000003
	],
	"velocity" : 
	[
		0.13300000000000001,
		0.0,
		0.0,
		0.092999999999999999,
		0.42099999999999999,
		-0.001,
		0.0
	]
}
