{
	"effort" : [ 0.0, 0.0, 0.0, 0.0, 0.0, 0.0, -1.0309999999999999 ],
	"position" : 
	[
		0.40627774327913746,
		1.5020652608509806,
		-0.68388981410128535,
		-1.6253029593342692,
		-0.84587382197883842,
		1.1713253675981385,
		0.048300000000000003
	],
	"velocity" : 
	[
		0.11799999999999999,
		0.0,
		0.0,
		0.023,
		0.41799999999999998,
		-0.107,
		0.0
	]
}
