{
	"effort" : [ 0.0, 0.0, 0.0, 0.0, 0.0, 0.0, -1.022 ],
	"position" : 
	[
		0.29078930667470188,
		1.5020652608509806,
		-0.6861238355438376,
		-1.6675399272325213,
		-1.0627309815390791,
		1.2130910965983523,
		0.047500000000000001
	],
	"velocity" : 
	[
		0.0,
		0.0,
		0.045999999999999999,
		-0.084000000000000005,
		-0.085999999999999993,
		0.025999999999999999,
		0.0
	]
}
