{
	"effort" : [ 0.0, 0.0, 0.0, 0.0, 0.0, 0.0, -1.0209999999999999 ],
	"position" : 
	[
		0.59726912332482862,
		1.4610674767216441,
		-0.66402796721359492,
		-1.2255527474575887,
		-0.31637583350893222,
		1.0412285251545144,
		0.047
	],
	"velocity" : 
	[
		-0.012,
		0.0,
		0.0040000000000000001,
		0.0,
		0.001,
		0.29099999999999998,
		0.0
	]
}
