{
	"effort" : [ 0.0, 0.0, 0.0, 0.0, 0.0, 0.0, -1.042 ],
	"position" : 
	[
		0.41207223639575719,
		1.8827041174183279,
		-0.89966486952528979,
		-2.2101278850923811,
		-0.37655478611768145,
		2.6910010006017373,
		0.059700000000000003
	],
	"velocity" : 
	[
		0.0030000000000000001,
		0.0,
		-0.0060000000000000001,
		0.0,
		0.122,
		0.010999999999999999,
		0.0
	]
}
