{
	"effort" : [ 0.0, 0.0, 0.0, 0.0, 0.0, 0.0, -1.0409999999999999 ],
	"position" : 
	[
		0.33403856553911038,
		1.4918550847268164,
		-0.63660884466477097,
		-1.4929720954480925,
		-0.96633644695145637,
		1.3455790401172085,
		0.057000000000000002
	],
	"velocity" : 
	[
		0.078,
		-0.041000000000000002,
		0.034000000000000002,
		0.0,
		0.161,
		0.0,
		0.0
	]
}
