{
	"effort" : [ 0.0, 0.0, 0.0, 0.0, 0.0, 0.0, -0.050999999999999997 ],
	"position" : 
	[
		0.60671135457811565,
		0.43212606950116694,
		-0.00017453292519938889,
		-1.3575869053709266,
		0.13201670462081774,
		1.4591999744220105,
		0.0114
	],
	"velocity" : [ 0.0, 0.0, 0.124, 0.0, 0.17199999999999999, 0.085999999999999993, 0.0 ]
}
