{
	"effort" : [ 0.0, 0.0, 0.0, 0.0, 0.0, 0.0, -1.0129999999999999 ],
	"position" : 
	[
		0.41496948295406705,
		1.8353009749341738,
		-0.94813266285316011,
		-2.2173535481956361,
		-0.35883969420994355,
		2.6884528198938269,
		0.057599999999999998
	],
	"velocity" : [ 0.0, -0.218, 0.0, 0.0, 0.0, -0.050999999999999997, 0.0 ]
}
