{
	"effort" : [ 0.0, 0.0, 0.0, 0.0, 0.0, 0.0, -0.93400000000000005 ],
	"position" : 
	[
		0.59726912332482862,
		1.4610674767216441,
		-0.66238735771672064,
		-1.2255527474575887,
		-0.31977922555032029,
		1.0344391943642581,
		0.046600000000000003
	],
	"velocity" : 
	[
		0.0,
		-0.001,
		-0.0089999999999999993,
		0.0,
		0.060999999999999999,
		0.0,
		0.0
	]
}
