{
	"effort" : [ 0.0, 0.0, 0.0, 0.0, 0.0, 0.0, -0.050999999999999997 ],
	"position" : 
	[
		0.60671135457811565,
		1.2396201012286596,
		-0.5468465612347253,
		-1.2567766877757596,
		-0.26083945671048669,
		1.3159258961258324,
		0.043900000000000002
	],
	"velocity" : [ 0.0, -0.11, 0.0, 0.0, 0.316, -0.28699999999999998, 0.0 ]
}
