{
	"effort" : [ 0.0, 0.0, 0.0, 0.0, 0.0, 0.0, -1.036 ],
	"position" : 
	[
		0.29078930667470188,
		1.5020652608509806,
		-0.68621110200643731,
		-1.6612741952178629,
		-1.060671493021726,
		1.2130910965983523,
		0.047699999999999999
	],
	"velocity" : 
	[
		0.0,
		0.0,
		0.084000000000000005,
		-0.17599999999999999,
		-0.089999999999999997,
		0.0,
		0.0
	]
}
