{
	"effort" : [ 0.0, 0.0, 0.0, 0.0, 0.0, 0.0, 0.13700000000000001 ],
	"position" : 
	[
		0.21249383643025596,
		1.5105301077231508,
		-0.85439102872856854,
		-2.2155733123586021,
		-0.60571651690447914,
		2.7283161400093672,
		0.064399999999999999
	],
	"velocity" : [ 0.122, 0.0, 0.042000000000000003, 0.0, 0.0, 0.23200000000000001, 0.0 ]
}
