{
	"effort" : [ 0.0, 0.0, 0.0, 0.0, 0.0, 0.0, -1.042 ],
	"position" : 
	[
		0.58454567307779315,
		1.477438665105347,
		-0.61391956438885031,
		-1.1891800858460364,
		-0.41882666060097351,
		1.1008489724026254,
		0.047500000000000001
	],
	"velocity" : [ 0.0, -0.016, 0.063, -0.001, 0.36799999999999999, 0.0, 0.0 ]
}
