{
	"effort" : [ 0.0, 0.0, 0.0, 0.0, 0.0, 0.0, -0.047 ],
	"position" : 
	[
		0.60671135457811565,
		1.2156567305987835,
		-0.60632738214267701,
		-1.2567766877757596,
		-0.30965631588875575,
		1.3213713233920534,
		0.043900000000000002
	],
	"velocity" : [ 0.0, 0.079000000000000001, 0.14299999999999999, 0.0, 0.001, 0.0, 0.0 ]
}
