{
	"effort" : [ 0.0, 0.0, 0.0, 0.0, 0.0, 0.0, -0.10000000000000001 ],
	"position" : 
	[
		0.34142130827504452,
		1.6531933207811316,
		-0.89943797672253067,
		-2.2067244930509937,
		-0.54419366077169451,
		2.5697878840507622,
		0.069000000000000006
	],
	"velocity" : 
	[
		0.0,
		0.0,
		-0.20699999999999999,
		0.0,
		-0.23300000000000001,
		0.38700000000000001,
		0.0
	]
}
