{
	"effort" : [ 0.0, 0.0, 0.0, 0.0, 0.0, 0.0, 0.043999999999999997 ],
	"position" : 
	[
		0.21099285327354123,
		1.5081041000628794,
		-0.78686423996892485,
		-1.8451795385004592,
		-1.2071569771415733,
		1.2856095270186985,
		0.060100000000000001
	],
	"velocity" : 
	[
		0.072999999999999995,
		0.0089999999999999993,
		0.064000000000000001,
		0.63,
		0.23300000000000001,
		-0.24099999999999999,
		0.0
	]
}
