{
	"effort" : [ 0.0, 0.0, 0.0, 0.0, 0.0, 0.0, -0.26300000000000001 ],
	"position" : 
	[
		0.30393163594221584,
		1.4939320265366891,
		-0.67441267626295853,
		-1.4908777003456999,
		-0.9907012433092911,
		1.3524905439551043,
		0.062700000000000006
	],
	"velocity" : [ 0.11, 0.0, 0.21299999999999999, 0.0, -0.073999999999999996, 0.0, 0.0 ]
}
