{
	"effort" : [ 0.0, 0.0, 0.0, 0.0, 0.0, 0.0, -0.028000000000000001 ],
	"position" : 
	[
		0.47958157186288081,
		0.015376350710066161,
		-0.0013613568165552333,
		-2.2165681500322387,
		0.1418778148945832,
		2.792963135503221,
		0.0
	],
	"velocity" : 
	[
		0.0,
		0.0,
		-0.11899999999999999,
		0.0,
		-0.057000000000000002,
		-0.32400000000000001,
		0.0
	]
}
