{
	"effort" : [ 0.0, 0.0, 0.0, 0.0, 0.0, 0.0, 0.069000000000000006 ],
	"position" : 
	[
		0.29066713362706226,
		1.6948194234411857,
		-0.85193011448325695,
		-2.212815692140452,
		-0.57323593952487284,
		2.5344798732829257,
		0.072599999999999998
	],
	"velocity" : 
	[
		0.13900000000000001,
		0.0,
		0.096000000000000002,
		-0.0089999999999999993,
		0.193,
		0.0,
		0.0
	]
}
