{
	"effort" : [ 0.0, 0.0, 0.0, 0.0, 0.0, 0.0, -0.059999999999999998 ],
	"position" : 
	[
		0.50520300528215112,
		1.7664826425280549,
		-0.92526884965204026,
		-2.2108260167931792,
		-0.35124751196377013,
		2.6895349240300628,
		0.069000000000000006
	],
	"velocity" : 
	[
		-0.16400000000000001,
		0.0,
		0.072999999999999995,
		-0.017000000000000001,
		-0.371,
		-0.40000000000000002,
		0.0
	]
}
