{
	"effort" : [ 0.0, 0.0, 0.0, 0.0, 0.0, 0.0, -0.072999999999999995 ],
	"position" : 
	[
		0.28864255169474934,
		1.6948194234411857,
		-0.91155056173136828,
		-2.212815692140452,
		-0.6415481264479137,
		2.5409724981003428,
		0.069000000000000006
	],
	"velocity" : 
	[
		0.0,
		0.0,
		0.13300000000000001,
		0.0,
		0.41599999999999998,
		-0.037999999999999999,
		0.0
	]
}
