{
	"effort" : [ 0.0, 0.0, 0.0, 0.0, 0.0, 0.0, -1.0409999999999999 ],
	"position" : 
	[
		0.25317746129423352,
		1.5063936773959257,
		-0.69832368701527492,
		-1.6723046760904645,
		-1.2510171012441795,
		1.180959585069145,
		0.050599999999999999
	],
	"velocity" : 
	[
		0.17199999999999999,
		-0.031,
		0.0,
		0.0030000000000000001,
		0.29499999999999998,
		-0.085999999999999993,
		0.0
	]
}
