{
	"effort" : [ 0.0, 0.0, 0.0, 0.0, 0.0, 0.0, -0.10299999999999999 ],
	"position" : 
	[
		0.34142130827504452,
		1.6531933207811316,
		-0.8643917653424934,
		-2.2137581699365287,
		-0.51654764542011133,
		2.5621433419270288,
		0.069000000000000006
	],
	"velocity" : [ 0.0, 0.0, -0.070000000000000007, 0.128, 0.0, -1.1120000000000001, 0.0 ]
}
