{
	"effort" : [ 0.0, 0.0, 0.0, 0.0, 0.0, 0.0, -1.046 ],
	"position" : 
	[
		0.61063834539510187,
		1.460753317456285,
		-0.62491513867641191,
		-1.2354313110238742,
		-0.3258529713472591,
		1.1286520673868881,
		0.047100000000000003
	],
	"velocity" : [ 0.089999999999999997, 0.0, 0.0, 0.0, -0.17599999999999999, 0.024, 0.0 ]
}
