{
	"effort" : [ 0.0, 0.0, 0.0, 0.0, 0.0, 0.0, -1.044 ],
	"position" : 
	[
		0.44326127012888794,
		1.481993974453051,
		-0.63835417391676486,
		-1.4390239682689614,
		-0.75218454773180632,
		1.3001655729803274,
		0.057200000000000001
	],
	"velocity" : [ 0.063, 0.0, -0.031, 0.024, 0.47499999999999998, 0.0, 0.0 ]
}
