{
	"effort" : [ 0.0, 0.0, 0.0, 0.0, 0.0, 0.0, -1.0489999999999999 ],
	"position" : 
	[
		0.24567254551065981,
		1.5081041000628794,
		-0.76918405464622674,
		-1.7430254173812569,
		-1.2652415346479298,
		1.2190077627626117,
		0.050500000000000003
	],
	"velocity" : [ 0.0, 0.0, 0.16200000000000001, 0.157, 0.0, -0.042000000000000003, 0.0 ]
}
