{
	"effort" : [ 0.0, 0.0, 0.0, 0.0, 0.0, 0.0, 0.224 ],
	"position" : 
	[
		0.31209977684154722,
		1.6948194234411857,
		-0.84337800114848704,
		-2.212815692140452,
		-0.53208107576285701,
		2.5370106006983173,
		0.075399999999999995
	],
	"velocity" : 
	[
		0.19600000000000001,
		0.014999999999999999,
		0.001,
		0.0,
		0.17999999999999999,
		0.17199999999999999,
		0.0
	]
}
