{
	"effort" : [ 0.0, 0.0, 0.0, 0.0, 0.0, 0.0, -0.10199999999999999 ],
	"position" : 
	[
		0.34142130827504452,
		1.6531933207811316,
		-0.85011497206118336,
		-2.2155733123586021,
		-0.52059680928473717,
		2.7577947510755436,
		0.069000000000000006
	],
	"velocity" : [ 0.0, 0.0, 0.0, 0.0, 0.085999999999999993, -0.19500000000000001, 0.0 ]
}
