{
	"effort" : [ 0.0, 0.0, 0.0, 0.0, 0.0, 0.0, -1.042 ],
	"position" : 
	[
		0.60920717540846692,
		1.4649770142461105,
		-0.63748150929076786,
		-1.2397946341538588,
		-0.28974210912350551,
		1.112734664608704,
		0.047100000000000003
	],
	"velocity" : 
	[
		-0.052999999999999999,
		-0.032000000000000001,
		0.025999999999999999,
		0.099000000000000005,
		0.13200000000000001,
		0.0,
		0.0
	]
}
