{
	"effort" : [ 0.0, 0.0, 0.0, 0.0, 0.0, 0.0, -1.04 ],
	"position" : 
	[
		0.36166712759817365,
		1.5020652608509806,
		-0.68388981410128535,
		-1.6689187373415966,
		-0.93624697064708184,
		1.2096877045569645,
		0.047600000000000003
	],
	"velocity" : 
	[
		0.19400000000000001,
		0.0,
		0.0,
		0.070000000000000007,
		0.38900000000000001,
		0.017000000000000001,
		0.0
	]
}
