{
	"effort" : [ 0.0, 0.0, 0.0, 0.0, 0.0, 0.0, -1.0429999999999999 ],
	"position" : 
	[
		0.24567254551065981,
		1.5081041000628794,
		-0.78042397502906746,
		-1.7455561447966481,
		-1.2652415346479298,
		1.2249244289268713,
		0.050500000000000003
	],
	"velocity" : [ 0.0, 0.0, 0.025000000000000001, 0.0, 0.0, -0.092999999999999999, 0.0 ]
}
