{
	"effort" : [ 0.0, 0.0, 0.0, 0.0, 0.0, 0.0, -1.0469999999999999 ],
	"position" : 
	[
		0.57754690277729781,
		1.4736687539210402,
		-0.60154517999221369,
		-1.3528047032204633,
		-0.47921505271996206,
		1.2172973400956575,
		0.054399999999999997
	],
	"velocity" : 
	[
		0.0,
		0.01,
		0.001,
		0.032000000000000001,
		0.0,
		-0.41199999999999998,
		0.0
	]
}
