{
	"effort" : [ 0.0, 0.0, 0.0, 0.0, 0.0, 0.0, -0.23300000000000001 ],
	"position" : 
	[
		0.24567254551065981,
		1.5081041000628794,
		-0.78253582342398009,
		-1.7455561447966481,
		-1.2550662651088054,
		1.2409989113377349,
		0.055300000000000002
	],
	"velocity" : 
	[
		0.0,
		0.0,
		0.028000000000000001,
		0.017000000000000001,
		-0.073999999999999996,
		-0.0030000000000000001,
		0.0
	]
}
