{
	"effort" : [ 0.0, 0.0, 0.0, 0.0, 0.0, 0.0, 0.124 ],
	"position" : 
	[
		0.47958157186288081,
		0.68493701165248178,
		-0.38179077387366323,
		-2.2127109723853322,
		-0.14295991903081945,
		2.7746022717722454,
		0.039300000000000002
	],
	"velocity" : 
	[
		0.0,
		0.374,
		-0.021999999999999999,
		0.0,
		-0.043999999999999997,
		0.39300000000000002,
		0.0
	]
}
