{
	"effort" : [ 0.0, 0.0, 0.0, 0.0, 0.0, 0.0, -0.099000000000000005 ],
	"position" : 
	[
		0.52173127329853319,
		1.7664826425280549,
		-0.92893404108122735,
		-2.2108260167931792,
		-0.33569662832850461,
		2.7127478030815815,
		0.069000000000000006
	],
	"velocity" : [ -0.073999999999999996, 0.0, 0.035000000000000003, 0.0, 0.0, 0.0, 0.0 ]
}
