{
	"effort" : [ 0.0, 0.0, 0.0, 0.0, 0.0, 0.0, -1.0429999999999999 ],
	"position" : 
	[
		0.57754690277729781,
		1.4736687539210402,
		-0.60154517999221369,
		-1.3742198931424281,
		-0.48160615379519367,
		1.2311552543564892,
		0.054399999999999997
	],
	"velocity" : [ 0.0, 0.0, 0.0, 0.0, 0.0, 0.0, 0.0 ]
}
