{
	"effort" : [ 0.0, 0.0, 0.0, 0.0, 0.0, 0.0, 0.068000000000000005 ],
	"position" : 
	[
		0.25820400953997591,
		1.5105301077231508,
		-0.85011497206118336,
		-2.2155733123586021,
		-0.59395299774604027,
		2.751354486135686,
		0.073800000000000004
	],
	"velocity" : 
	[
		0.45300000000000001,
		0.025999999999999999,
		0.033000000000000002,
		0.0,
		0.024,
		0.316,
		0.0
	]
}
