{
	"effort" : [ 0.0, 0.0, 0.0, 0.0, 0.0, 0.0, -0.10100000000000001 ],
	"position" : 
	[
		0.34499923324163201,
		1.6531933207811316,
		-0.93238979300017522,
		-2.2089410612010254,
		-0.64601616933301809,
		2.472171618986744,
		0.069000000000000006
	],
	"velocity" : [ 0.050000000000000003, 0.0, 0.0, 0.0, 0.001, 0.47899999999999998, 0.0 ]
}
