{
	"effort" : [ 0.0, 0.0, 0.0, 0.0, 0.0, 0.0, -0.035000000000000003 ],
	"position" : 
	[
		0.60671135457811565,
		1.3157164566155932,
		-0.61276764708253451,
		-1.2580856847147548,
		-0.40069268967275695,
		1.2482943876110693,
		0.043900000000000002
	],
	"velocity" : [ 0.0, -0.40600000000000003, 0.0, 0.0, 0.115, 0.023, 0.0 ]
}
