{
	"effort" : [ 0.0, 0.0, 0.0, 0.0, 0.0, 0.0, 0.099000000000000005 ],
	"position" : 
	[
		0.30798079980684162,
		1.2336859817718804,
		-0.68043406218233748,
		-2.2145086615148859,
		-0.43982297150245997,
		2.8221450405965589,
		0.047800000000000002
	],
	"velocity" : 
	[
		-0.59899999999999998,
		0.96999999999999997,
		-0.97999999999999998,
		0.0,
		-1.0680000000000001,
		0.0,
		0.0
	]
}
