{
	"effort" : [ 0.0, 0.0, 0.0, 0.0, 0.0, 0.0, -1.0980000000000001 ],
	"position" : 
	[
		0.41207223639575719,
		1.8819012659624108,
		-0.89966486952528979,
		-2.2101278850923811,
		-0.37835247524723525,
		2.6945963788608451,
		0.059700000000000003
	],
	"velocity" : [ 0.0, 0.062, 0.0, -0.126, 0.0, -0.214, 0.0 ]
}
