{
	"effort" : [ 0.0, 0.0, 0.0, 0.0, 0.0, 0.0, 0.10199999999999999 ],
	"position" : 
	[
		0.054175019981890317,
		1.5108966268660695,
		-0.95270542549338411,
		-1.8716561832532066,
		-1.2196186280008097,
		2.217336094903116,
		0.059900000000000002
	],
	"velocity" : 
	[
		0.053999999999999999,
		0.0,
		0.0,
		0.42899999999999999,
		-0.318,
		-0.377,
		0.0
	]
}
