{
	"effort" : [ 0.0, 0.0, 0.0, 0.0, 0.0, 0.0, -0.087999999999999995 ],
	"position" : 
	[
		0.60733967310883352,
		1.3668895102840539,
		-0.61276764708253451,
		-1.2580856847147548,
		-0.41495202966154709,
		1.2458334733657579,
		0.044200000000000003
	],
	"velocity" : 
	[
		-0.031,
		-0.60999999999999999,
		0.0,
		0.069000000000000006,
		0.14499999999999999,
		0.13,
		0.0
	]
}
