{
	"effort" : [ 0.0, 0.0, 0.0, 0.0, 0.0, 0.0, -0.10199999999999999 ],
	"position" : 
	[
		0.41729077085921884,
		1.6974199640266565,
		-0.92752032438711229,
		-2.2108260167931792,
		-0.46546185821425023,
		2.6552392042283826,
		0.069000000000000006
	],
	"velocity" : 
	[
		0.41399999999999998,
		0.33500000000000002,
		0.017999999999999999,
		0.0,
		0.40200000000000002,
		0.34499999999999997,
		0.0
	]
}
