{
	"effort" : [ 0.0, 0.0, 0.0, 0.0, 0.0, 0.0, 0.033000000000000002 ],
	"position" : 
	[
		0.28864255169474934,
		1.6948194234411857,
		-0.87524771328989537,
		-2.212815692140452,
		-0.60311597631900815,
		2.5385813970251112,
		0.071599999999999997
	],
	"velocity" : [ 0.0, 0.0, 0.246, -0.0030000000000000001, 0.214, 0.0, 0.0 ]
}
