{
	"effort" : [ 0.0, 0.0, 0.0, 0.0, 0.0, 0.0, -1.0600000000000001 ],
	"position" : 
	[
		0.35580282131147417,
		1.5020652608509806,
		-0.68388981410128535,
		-1.6712749318317883,
		-0.94207637034874125,
		1.2096877045569645,
		0.047500000000000001
	],
	"velocity" : [ 0.23599999999999999, 0.0, 0.0, 0.155, 0.10299999999999999, 0.0, 0.0 ]
}
