{
	"effort" : [ 0.0, 0.0, 0.0, 0.0, 0.0, 0.0, -1.042 ],
	"position" : 
	[
		0.41496948295406705,
		1.8999828770130673,
		-0.94813266285316011,
		-2.2136185435963691,
		-0.35054938026297255,
		2.6910010006017373,
		0.059499999999999997
	],
	"velocity" : [ 0.0, -0.11600000000000001, 0.0, 0.0, 0.0, 0.0, 0.0 ]
}
