{
	"effort" : [ 0.0, 0.0, 0.0, 0.0, 0.0, 0.0, -1.0489999999999999 ],
	"position" : 
	[
		0.352416882562606,
		1.4901970219374223,
		-0.63435736992969882,
		-1.4890625579236261,
		-0.9369101957628394,
		1.3386675362793128,
		0.057099999999999998
	],
	"velocity" : 
	[
		0.122,
		-0.017000000000000001,
		-0.016,
		0.0030000000000000001,
		0.43099999999999999,
		-0.001,
		0.0
	]
}
