{
	"effort" : [ 0.0, 0.0, 0.0, 0.0, 0.0, 0.0, 0.187 ],
	"position" : 
	[
		0.41207223639575719,
		1.8546741296313061,
		-0.8884773090200091,
		-2.212815692140452,
		-0.41528364221942593,
		2.7170413130414865,
		0.090999999999999998
	],
	"velocity" : 
	[
		0.02,
		0.20899999999999999,
		0.0,
		-0.040000000000000001,
		0.029999999999999999,
		-0.28699999999999998,
		0.0
	]
}
