{
	"effort" : [ 0.0, 0.0, 0.0, 0.0, 0.0, 0.0, -1.046 ],
	"position" : 
	[
		0.27267278903900527,
		1.4984349760068334,
		-0.69458868241600791,
		-1.6720428767026656,
		-1.2089197596860872,
		1.1869460644034839,
		0.050799999999999998
	],
	"velocity" : 
	[
		0.012999999999999999,
		0.0,
		-0.028000000000000001,
		0.0,
		0.028000000000000001,
		0.0,
		0.0
	]
}
