{
	"effort" : [ 0.0, 0.0, 0.0, 0.0, 0.0, 0.0, 0.13700000000000001 ],
	"position" : 
	[
		0.33894294073721326,
		1.6134870802982704,
		-0.85011497206118336,
		-2.2155733123586021,
		-0.58278289053327936,
		2.7860167250802852,
		0.074099999999999999
	],
	"velocity" : 
	[
		0.014999999999999999,
		0.46700000000000003,
		0.001,
		0.0,
		0.067000000000000004,
		0.001,
		0.0
	]
}
