{
	"effort" : [ 0.0, 0.0, 0.0, 0.0, 0.0, 0.0, -1.048 ],
	"position" : 
	[
		0.34677946907866575,
		1.4901970219374223,
		-0.63435736992969882,
		-1.4911744063185388,
		-0.94710291859448381,
		1.3407619313817052,
		0.057099999999999998
	],
	"velocity" : 
	[
		0.112,
		0.0,
		-0.0050000000000000001,
		0.0089999999999999993,
		0.12,
		-0.109,
		0.0
	]
}
