{
	"effort" : [ 0.0, 0.0, 0.0, 0.0, 0.0, 0.0, -0.056000000000000001 ],
	"position" : 
	[
		0.60671135457811565,
		0.51789154894414657,
		-0.25473080432850809,
		-1.3575869053709266,
		-0.10780898789566251,
		1.255520050714324,
		0.016
	],
	"velocity" : [ 0.0, -0.36899999999999999, 0.51100000000000001, 0.0, 0.0, 0.0, 0.0 ]
}
