{
	"effort" : [ 0.0, 0.0, 0.0, 0.0, 0.0, 0.0, -1.0469999999999999 ],
	"position" : 
	[
		0.29309314128733377,
		1.5020652608509806,
		-0.68388981410128535,
		-1.6754811753290935,
		-1.0692585129415362,
		1.2130910965983523,
		0.047
	],
	"velocity" : 
	[
		0.019,
		0.0,
		0.0,
		0.0,
		0.10299999999999999,
		-0.0030000000000000001,
		0.0
	]
}
