{
	"effort" : [ 0.0, 0.0, 0.0, 0.0, 0.0, 0.0, -0.10299999999999999 ],
	"position" : 
	[
		0.34142130827504452,
		1.6531933207811316,
		-0.90908964748605692,
		-2.2067244930509937,
		-0.5598841707471196,
		2.5840472240395522,
		0.069000000000000006
	],
	"velocity" : [ 0.0, 0.0, -0.23599999999999999, 0.0, -0.27600000000000002, 0.249, 0.0 ]
}
