{
	"effort" : [ 0.0, 0.0, 0.0, 0.0, 0.0, 0.0, 0.049000000000000002 ],
	"position" : 
	[
		0.19678587316231097,
		1.5085578856683977,
		-0.79070396432331147,
		-1.8764907452812296,
		-1.2431107597326472,
		1.30800210132178,
		0.060100000000000001
	],
	"velocity" : 
	[
		0.27300000000000002,
		0.0,
		0.0050000000000000001,
		0.060999999999999999,
		0.58799999999999997,
		-0.27400000000000002,
		0.0
	]
}
