{
	"effort" : [ 0.0, 0.0, 0.0, 0.0, 0.0, 0.0, 0.10299999999999999 ],
	"position" : 
	[
		0.22614231118084818,
		1.4037857706712047,
		-0.83048001797625215,
		-2.2145086615148859,
		-0.61997585689326917,
		2.8080253269479281,
		0.047800000000000002
	],
	"velocity" : 
	[
		-0.32200000000000001,
		0.83799999999999997,
		-0.63800000000000001,
		0.0,
		-0.78400000000000003,
		-0.14499999999999999,
		0.0
	]
}
