{
	"effort" : [ 0.0, 0.0, 0.0, 0.0, 0.0, 0.0, -1.044 ],
	"position" : 
	[
		0.44980625482386499,
		1.481993974453051,
		-0.63835417391676486,
		-1.4333516481999813,
		-0.73111842366024005,
		1.3001655729803274,
		0.057000000000000002
	],
	"velocity" : 
	[
		0.0,
		0.0,
		0.014999999999999999,
		0.0089999999999999993,
		0.111,
		0.0,
		0.0
	]
}
