{
	"effort" : [ 0.0, 0.0, 0.0, 0.0, 0.0, 0.0, -1.0449999999999999 ],
	"position" : 
	[
		0.61130157051085954,
		1.460753317456285,
		-0.62491513867641191,
		-1.2336685284793603,
		-0.33313099432807353,
		1.1328408575916733,
		0.047100000000000003
	],
	"velocity" : 
	[
		0.065000000000000002,
		0.0,
		-0.0080000000000000002,
		0.0030000000000000001,
		-0.26400000000000001,
		0.109,
		0.0
	]
}
