{
	"effort" : [ 0.0, 0.0, 0.0, 0.0, 0.0, 0.0, -1.044 ],
	"position" : 
	[
		0.61507148169516634,
		1.460753317456285,
		-0.62219242504330152,
		-1.2385205437999036,
		-0.38404224860873531,
		1.1722852986867354,
		0.047100000000000003
	],
	"velocity" : 
	[
		-0.081000000000000003,
		0.0,
		0.0,
		-0.073999999999999996,
		-0.38500000000000001,
		-0.0030000000000000001,
		0.0
	]
}
