{
	"effort" : [ 0.0, 0.0, 0.0, 0.0, 0.0, 0.0, -0.128 ],
	"position" : 
	[
		0.60733967310883352,
		1.3589308088949619,
		-0.61276764708253451,
		-1.2580856847147548,
		-0.41495202966154709,
		1.2458683799507975,
		0.044200000000000003
	],
	"velocity" : 
	[
		-0.014,
		-0.57599999999999996,
		0.0,
		0.0,
		0.10299999999999999,
		0.019,
		0.0
	]
}
