{
	"effort" : [ 0.0, 0.0, 0.0, 0.0, 0.0, 0.0, -1.042 ],
	"position" : 
	[
		0.24567254551065981,
		1.5081041000628794,
		-0.76188857837289226,
		-1.7401805307005067,
		-1.2652415346479298,
		1.2144873599999475,
		0.050500000000000003
	],
	"velocity" : [ 0.0, 0.0, 0.26100000000000001, 0.067000000000000004, 0.0, -0.111, 0.0 ]
}
