{
	"effort" : [ 0.0, 0.0, 0.0, 0.0, 0.0, 0.0, -0.095000000000000001 ],
	"position" : 
	[
		0.38376299592841634,
		1.6690060038041961,
		-0.92752032438711229,
		-2.2089410612010254,
		-0.50083968215216634,
		2.6163707217864793,
		0.069000000000000006
	],
	"velocity" : 
	[
		0.29099999999999998,
		0.21299999999999999,
		0.0,
		0.0,
		0.44800000000000001,
		0.060999999999999999,
		0.0
	]
}
