{
	"effort" : [ 0.0, 0.0, 0.0, 0.0, 0.0, 0.0, -0.20599999999999999 ],
	"position" : 
	[
		0.60671135457811565,
		0.60356976192452672,
		-0.35981707859106016,
		-1.355981202459092,
		-0.14255849330286083,
		1.255520050714324,
		0.034200000000000001
	],
	"velocity" : 
	[
		0.0,
		-0.56399999999999995,
		0.57599999999999996,
		0.0,
		0.28699999999999998,
		0.0,
		0.0
	]
}
