{
	"effort" : [ 0.0, 0.0, 0.0, 0.0, 0.0, 0.0, -1.0449999999999999 ],
	"position" : 
	[
		0.41496948295406705,
		1.8185283608225127,
		-0.94813266285316011,
		-2.2173535481956361,
		-0.36318556404740837,
		2.6651701276722282,
		0.056099999999999997
	],
	"velocity" : 
	[
		0.0,
		-0.0080000000000000002,
		0.0,
		0.0,
		-0.065000000000000002,
		-0.32200000000000001,
		0.0
	]
}
