{
	"effort" : [ 0.0, 0.0, 0.0, 0.0, 0.0, 0.0, -0.93000000000000005 ],
	"position" : 
	[
		0.59726912332482862,
		1.4610674767216441,
		-0.66402796721359492,
		-1.2255527474575887,
		-0.3161314874136531,
		1.0344391943642581,
		0.046600000000000003
	],
	"velocity" : [ 0.001, 0.0, 0.0, 0.0, 0.13800000000000001, 0.0, 0.0 ]
}
