{
	"effort" : [ 0.0, 0.0, 0.0, 0.0, 0.0, 0.0, -0.92500000000000004 ],
	"position" : 
	[
		0.59726912332482862,
		1.4610674767216441,
		-0.66402796721359492,
		-1.2255527474575887,
		-0.30960395601119595,
		1.0154500121025645,
		0.046600000000000003
	],
	"velocity" : [ -0.014, 0.0, 0.0, 0.0, -0.095000000000000001, 0.0, 0.0 ]
}
