{
	"effort" : [ 0.0, 0.0, 0.0, 0.0, 0.0, 0.0, -0.043999999999999997 ],
	"position" : 
	[
		0.60671135457811565,
		1.2105952757680012,
		-0.61276764708253451,
		-1.2567766877757596,
		-0.26591836483378894,
		1.3148437919895961,
		0.043900000000000002
	],
	"velocity" : [ 0.0, 0.0, -0.001, 0.0, -0.019, 0.029999999999999999, 0.0 ]
}
