{
	"effort" : [ 0.0, 0.0, 0.0, 0.0, 0.0, 0.0, -1.0449999999999999 ],
	"position" : 
	[
		0.50106657495492557,
		1.4759376819486323,
		-0.61793382166843636,
		-1.3983403434049839,
		-0.62838834388787979,
		1.2975475791023365,
		0.056500000000000002
	],
	"velocity" : 
	[
		0.30599999999999999,
		0.0,
		0.14599999999999999,
		0.49399999999999999,
		0.51500000000000001,
		-0.060999999999999999,
		0.0
	]
}
