{
	"effort" : [ 0.0, 0.0, 0.0, 0.0, 0.0, 0.0, -0.099000000000000005 ],
	"position" : 
	[
		0.5097583146298551,
		1.7642137145004626,
		-0.92704908548907394,
		-2.2108260167931792,
		-0.37793359622675665,
		2.7067613237472425,
		0.069000000000000006
	],
	"velocity" : 
	[
		0.23799999999999999,
		0.16200000000000001,
		-0.050999999999999997,
		0.0,
		0.26800000000000002,
		0.0,
		0.0
	]
}
