{
	"effort" : [ 0.0, 0.0, 0.0, 0.0, 0.0, 0.0, -1.034 ],
	"position" : 
	[
		0.29078930667470188,
		1.5020652608509806,
		-0.68409925361152457,
		-1.6901244877533221,
		-1.0901501040879029,
		1.2134227091562313,
		0.048800000000000003
	],
	"velocity" : [ -0.012, 0.0, 0.0, 0.0, 0.107, 0.0, 0.0 ]
}
