{
	"effort" : [ 0.0, 0.0, 0.0, 0.0, 0.0, 0.0, 0.060999999999999999 ],
	"position" : 
	[
		0.40118138186331531,
		1.8189821464280309,
		-0.87788316046040615,
		-2.212815692140452,
		-0.45303511394005375,
		2.6725877769932018,
		0.090999999999999998
	],
	"velocity" : 
	[
		0.13700000000000001,
		0.025999999999999999,
		-0.13,
		0.014999999999999999,
		0.0050000000000000001,
		0.40000000000000002,
		0.0
	]
}
