{
	"effort" : [ 0.0, 0.0, 0.0, 0.0, 0.0, 0.0, -1.0429999999999999 ],
	"position" : 
	[
		0.44998078774906447,
		1.5921940634239449,
		-0.94813266285316011,
		-2.219657382808268,
		-0.54415875418665471,
		2.6465474645534535,
		0.056099999999999997
	],
	"velocity" : [ 0.14399999999999999, -0.097000000000000003, 0.0, 0.0, 0.055, 0.0, 0.0 ]
}
