{
	"effort" : [ 0.0, 0.0, 0.0, 0.0, 0.0, 0.0, -1.0469999999999999 ],
	"position" : 
	[
		0.24567254551065981,
		1.5081041000628794,
		-0.74951419397625563,
		-1.7330595873523718,
		-1.2652415346479298,
		1.2097226111420043,
		0.050500000000000003
	],
	"velocity" : 
	[
		-0.0040000000000000001,
		0.0,
		0.26600000000000001,
		0.040000000000000001,
		0.0,
		-0.105,
		0.0
	]
}
