{
	"effort" : [ 0.0, 0.0, 0.0, 0.0, 0.0, 0.0, -1.0389999999999999 ],
	"position" : 
	[
		0.57993800385252936,
		1.477438665105347,
		-0.59590776650827348,
		-1.2850684749505805,
		-0.47649233908685162,
		1.1481473951316601,
		0.054199999999999998
	],
	"velocity" : 
	[
		0.021999999999999999,
		0.0,
		0.023,
		0.373,
		0.091999999999999998,
		-0.38900000000000001,
		0.0
	]
}
