{
	"effort" : [ 0.0, 0.0, 0.0, 0.0, 0.0, 0.0, -0.10000000000000001 ],
	"position" : 
	[
		0.35170129756928853,
		1.7556266945806527,
		-0.91952671641298045,
		-2.212815692140452,
		-0.64093726120971584,
		2.5776767722697747,
		0.069000000000000006
	],
	"velocity" : 
	[
		-0.40799999999999997,
		-0.254,
		0.012999999999999999,
		-0.017000000000000001,
		-0.41899999999999998,
		-0.255,
		0.0
	]
}
