{
	"effort" : [ 0.0, 0.0, 0.0, 0.0, 0.0, 0.0, -1.042 ],
	"position" : 
	[
		0.57754690277729781,
		1.4736687539210402,
		-0.60154517999221369,
		-1.3503786955601917,
		-0.47921505271996206,
		1.2110316080809997,
		0.054399999999999997
	],
	"velocity" : [ 0.0, 0.062, 0.0, 0.189, 0.0, -0.36399999999999999, 0.0 ]
}
