{
	"effort" : [ 0.0, 0.0, 0.0, 0.0, 0.0, 0.0, -0.070999999999999994 ],
	"position" : 
	[
		0.60671135457811565,
		0.56231017840739117,
		-0.31278045524982484,
		-1.3575869053709266,
		-0.1200961058296995,
		1.255520050714324,
		0.024799999999999999
	],
	"velocity" : 
	[
		0.0,
		-0.47299999999999998,
		0.58099999999999996,
		0.0,
		0.249,
		0.124,
		0.0
	]
}
