{
	"effort" : [ 0.0, 0.0, 0.0, 0.0, 0.0, 0.0, 0.105 ],
	"position" : 
	[
		0.040386918891138587,
		1.5108966268660695,
		-0.95270542549338411,
		-2.0076522385685704,
		-1.1395254686268101,
		2.3231379541589856,
		0.059900000000000002
	],
	"velocity" : 
	[
		0.072999999999999995,
		0.0,
		0.0,
		1.004,
		-0.39600000000000002,
		-0.86799999999999999,
		0.0
	]
}
