{
	"effort" : [ 0.0, 0.0, 0.0, 0.0, 0.0, 0.0, 0.107 ],
	"position" : 
	[
		0.44943973568094631,
		1.5588582747108619,
		-0.95270542549338411,
		-2.2159747380865609,
		-0.75909605156970217,
		2.4905499360102397,
		0.059900000000000002
	],
	"velocity" : [ -0.34000000000000002, 0.0, 0.0, 0.0, -0.216, 0.0, 0.0 ]
}
