{
	"effort" : [ 0.0, 0.0, 0.0, 0.0, 0.0, 0.0, -0.10299999999999999 ],
	"position" : 
	[
		0.34142130827504452,
		1.6531933207811316,
		-0.8699768189488738,
		-2.2000922418934166,
		-0.51380747849448094,
		2.4515941871057358,
		0.069000000000000006
	],
	"velocity" : 
	[
		0.0,
		0.0,
		-0.055,
		-0.001,
		-0.14099999999999999,
		0.052999999999999999,
		0.0
	]
}
