{
	"effort" : [ 0.0, 0.0, 0.0, 0.0, 0.0, 0.0, -1.0489999999999999 ],
	"position" : 
	[
		0.34328881057467797,
		1.5020652608509806,
		-0.68388981410128535,
		-1.6712749318317883,
		-0.9619731238214716,
		1.2096877045569645,
		0.047399999999999998
	],
	"velocity" : 
	[
		0.17000000000000001,
		0.0,
		0.0,
		0.0,
		0.24299999999999999,
		-0.073999999999999996,
		0.0
	]
}
