{
	"effort" : [ 0.0, 0.0, 0.0, 0.0, 0.0, 0.0, -1.044 ],
	"position" : 
	[
		0.58454567307779315,
		1.4674728350764616,
		-0.60767128566671225,
		-1.1928103706901836,
		-0.38924332977967707,
		1.1026117549471393,
		0.046600000000000003
	],
	"velocity" : [ 0.0, 0.0, 0.019, 0.0, 0.0, 0.0, 0.0 ]
}
