{
	"effort" : [ 0.0, 0.0, 0.0, 0.0, 0.0, 0.0, 0.097000000000000003 ],
	"position" : 
	[
		0.10356783781331737,
		1.5085578856683977,
		-0.88317150809394762,
		-1.8738902046957586,
		-1.4401060724051977,
		1.4916456452165769,
		0.059900000000000002
	],
	"velocity" : 
	[
		0.44900000000000001,
		0.0,
		0.51600000000000001,
		0.0,
		0.13,
		-0.82599999999999996,
		0.0
	]
}
