{
	"effort" : [ 0.0, 0.0, 0.0, 0.0, 0.0, 0.0, -0.058999999999999997 ],
	"position" : 
	[
		0.60671135457811565,
		0.70778337156108173,
		-0.44217916599265178,
		-1.3521589313972255,
		-0.16334536469410807,
		1.255520050714324,
		0.043799999999999999
	],
	"velocity" : [ 0.0, -0.72399999999999998, 0.54600000000000004, -0.113, 0.0, 0.0, 0.0 ]
}
