{
	"effort" : [ 0.0, 0.0, 0.0, 0.0, 0.0, 0.0, -1.04 ],
	"position" : 
	[
		0.41496948295406705,
		1.786693555266144,
		-0.94813266285316011,
		-2.2179993200188735,
		-0.38454839409181352,
		2.647158329791651,
		0.056099999999999997
	],
	"velocity" : [ 0.0, -0.21199999999999999, 0.0, 0.0, 0.001, 0.13, 0.0 ]
}
