{
	"effort" : [ 0.0, 0.0, 0.0, 0.0, 0.0, 0.0, 0.105 ],
	"position" : 
	[
		0.057822758118557534,
		1.5108966268660695,
		-0.94806284968308052,
		-1.8738902046957586,
		-1.388898112151697,
		1.6176235106254961,
		0.059900000000000002
	],
	"velocity" : 
	[
		0.0,
		0.0,
		0.065000000000000002,
		0.0,
		-0.69599999999999995,
		-0.60899999999999999,
		0.0
	]
}
