{
	"effort" : [ 0.0, 0.0, 0.0, 0.0, 0.0, 0.0, -0.098000000000000004 ],
	"position" : 
	[
		0.47958157186288081,
		1.7664826425280549,
		-0.9219352707807319,
		-2.2108260167931792,
		-0.5087460236636987,
		2.6866551307642728,
		0.069000000000000006
	],
	"velocity" : [ -0.084000000000000005, 0.0, 0.0, 0.0, 0.0, 0.0089999999999999993, 0.0 ]
}
