{
	"effort" : [ 0.0, 0.0, 0.0, 0.0, 0.0, 0.0, -1.024 ],
	"position" : 
	[
		0.59726912332482862,
		1.4610674767216441,
		-0.66402796721359492,
		-1.2255527474575887,
		-0.31637583350893222,
		1.0415426844198732,
		0.047100000000000003
	],
	"velocity" : 
	[
		-0.014999999999999999,
		0.014,
		0.0,
		-0.097000000000000003,
		0.067000000000000004,
		0.001,
		0.0
	]
}
