{
	"effort" : [ 0.0, 0.0, 0.0, 0.0, 0.0, 0.0, -0.096000000000000002 ],
	"position" : 
	[
		0.34142130827504452,
		1.6531933207811316,
		-0.85758498125971727,
		-2.2155733123586021,
		-0.51654764542011133,
		2.6496366973294823,
		0.069000000000000006
	],
	"velocity" : [ 0.0, 0.0, -0.071999999999999995, 0.0, 0.023, -1.464, 0.0 ]
}
