{
	"effort" : [ 0.0, 0.0, 0.0, 0.0, 0.0, 0.0, 0.096000000000000002 ],
	"position" : 
	[
		0.21249383643025596,
		1.5106348274782706,
		-0.86844092920711924,
		-2.2155733123586021,
		-0.67334802541924232,
		2.5672397033428513,
		0.047800000000000002
	],
	"velocity" : [ 0.0, 0.017999999999999999, 0.0, 0.0, 0.0, -0.51000000000000001, 0.0 ]
}
