{
	"effort" : [ 0.0, 0.0, 0.0, 0.0, 0.0, 0.0, -1.042 ],
	"position" : 
	[
		0.29078930667470188,
		1.5020652608509806,
		-0.6861238355438376,
		-1.6649393866470505,
		-1.060671493021726,
		1.2130910965983523,
		0.047800000000000002
	],
	"velocity" : 
	[
		0.0,
		0.0,
		0.045999999999999999,
		-0.30599999999999999,
		-0.069000000000000006,
		0.0,
		0.0
	]
}
