{
	"effort" : [ 0.0, 0.0, 0.0, 0.0, 0.0, 0.0, -1.0529999999999999 ],
	"position" : 
	[
		0.33658674624702145,
		1.5020652608509806,
		-0.68388981410128535,
		-1.6712749318317883,
		-0.97914716366109156,
		1.2096877045569645,
		0.047199999999999999
	],
	"velocity" : 
	[
		0.22600000000000001,
		0.0,
		0.0,
		-0.0089999999999999993,
		0.22600000000000001,
		0.0,
		0.0
	]
}
