{
	"effort" : [ 0.0, 0.0, 0.0, 0.0, 0.0, 0.0, -0.055 ],
	"position" : 
	[
		0.34142130827504452,
		1.6531933207811316,
		-0.85011497206118336,
		-2.2155733123586021,
		-0.52408746778872495,
		2.7662945045327545,
		0.069099999999999995
	],
	"velocity" : [ 0.0, 0.0, 0.0, 0.0, 0.035999999999999997, -0.032000000000000001, 0.0 ]
}
