{
	"effort" : [ 0.0, 0.0, 0.0, 0.0, 0.0, 0.0, -1.044 ],
	"position" : 
	[
		0.60920717540846692,
		1.4632491382866366,
		-0.64772659199997207,
		-1.2397946341538588,
		-0.29429741847120949,
		1.0837098391480455,
		0.047100000000000003
	],
	"velocity" : 
	[
		0.002,
		0.051999999999999998,
		0.025999999999999999,
		-0.029999999999999999,
		-0.14499999999999999,
		0.0,
		0.0
	]
}
