{
	"effort" : [ 0.0, 0.0, 0.0, 0.0, 0.0, 0.0, -0.099000000000000005 ],
	"position" : 
	[
		0.34297465130931909,
		1.6531933207811316,
		-0.93238979300017522,
		-2.2089410612010254,
		-0.64507369153694138,
		2.4599543142227867,
		0.069000000000000006
	],
	"velocity" : 
	[
		0.033000000000000002,
		0.0,
		0.0,
		0.0,
		-0.0050000000000000001,
		0.128,
		0.0
	]
}
