{
	"effort" : [ 0.0, 0.0, 0.0, 0.0, 0.0, 0.0, -1.038 ],
	"position" : 
	[
		0.34012976462856903,
		1.4901970219374223,
		-0.63435736992969882,
		-1.4929720954480925,
		-0.95987872871907909,
		1.3455790401172085,
		0.057099999999999998
	],
	"velocity" : 
	[
		0.050000000000000003,
		-0.0030000000000000001,
		0.021000000000000001,
		0.082000000000000003,
		0.085999999999999993,
		0.0,
		0.0
	]
}
