{
	"effort" : [ 0.0, 0.0, 0.0, 0.0, 0.0, 0.0, 0.037999999999999999 ],
	"position" : 
	[
		0.47958157186288081,
		0.55871480014828367,
		-0.2826909789454502,
		-2.2127109723853322,
		-0.089587750504846325,
		2.7585452426539012,
		0.00069999999999999999
	],
	"velocity" : [ 0.0, 0.51900000000000002, -0.436, 0.0, -0.71299999999999997, 0.0, 0.0 ]
}
