{
	"effort" : [ 0.0, 0.0, 0.0, 0.0, 0.0, 0.0, 0.0060000000000000001 ],
	"position" : 
	[
		0.24307200492518888,
		1.5081041000628794,
		-0.78457785864881291,
		-1.7588730069893614,
		-1.2473868164000323,
		1.2581380445923147,
		0.060100000000000001
	],
	"velocity" : 
	[
		0.064000000000000001,
		0.0,
		0.0,
		0.34999999999999998,
		0.0,
		-0.29499999999999998,
		0.0
	]
}
