{
	"effort" : [ 0.0, 0.0, 0.0, 0.0, 0.0, 0.0, 0.002 ],
	"position" : 
	[
		0.3402344843836887,
		1.5020652608509806,
		-0.68388981410128535,
		-1.5766257264961596,
		-0.90734431823406303,
		1.2838292911816649,
		0.053900000000000003
	],
	"velocity" : 
	[
		-0.29599999999999999,
		0.0,
		0.0,
		0.61099999999999999,
		-0.435,
		0.872,
		0.0
	]
}
