{
	"effort" : [ 0.0, 0.0, 0.0, 0.0, 0.0, 0.0, 0.070999999999999994 ],
	"position" : 
	[
		0.39648644617545176,
		1.8183712811898334,
		-0.86983719260871439,
		-2.212815692140452,
		-0.4558974539133237,
		2.6552915641059429,
		0.090999999999999998
	],
	"velocity" : 
	[
		0.17000000000000001,
		0.11899999999999999,
		-0.189,
		-0.0050000000000000001,
		0.087999999999999995,
		0.159,
		0.0
	]
}
