{
	"effort" : [ 0.0, 0.0, 0.0, 0.0, 0.0, 0.0, -1.042 ],
	"position" : 
	[
		0.60704296713599448,
		1.4629524323137977,
		-0.63657393807973106,
		-1.2397946341538588,
		-0.28799677987151162,
		1.112734664608704,
		0.047100000000000003
	],
	"velocity" : 
	[
		-0.002,
		-0.027,
		0.0030000000000000001,
		0.0,
		0.050999999999999997,
		0.0,
		0.0
	]
}
