{
	"effort" : [ 0.0, 0.0, 0.0, 0.0, 0.0, 0.0, 0.060999999999999999 ],
	"position" : 
	[
		0.16542230650398079,
		1.5085578856683977,
		-0.81196207461259695,
		-1.8800861235403372,
		-1.3293125714886256,
		1.3649347415218207,
		0.060100000000000001
	],
	"velocity" : 
	[
		0.38900000000000001,
		0.0,
		0.35399999999999998,
		0.0,
		1.006,
		-0.872,
		0.0
	]
}
