{
	"effort" : [ 0.0, 0.0, 0.0, 0.0, 0.0, 0.0, -0.099000000000000005 ],
	"position" : 
	[
		0.47726028395772885,
		1.7664826425280549,
		-0.9219352707807319,
		-2.2108260167931792,
		-0.5087460236636987,
		2.6887844324517056,
		0.069000000000000006
	],
	"velocity" : [ -0.161, 0.0, 0.0, 0.0, 0.0, 0.128, 0.0 ]
}
