{
	"effort" : [ 0.0, 0.0, 0.0, 0.0, 0.0, 0.0, -1.0409999999999999 ],
	"position" : 
	[
		0.52326716304028786,
		1.4736862072135601,
		-0.61158082319117857,
		-1.3650045546919005,
		-0.59028780631685307,
		1.2771795867315683,
		0.056300000000000003
	],
	"velocity" : 
	[
		0.127,
		-0.014,
		0.031,
		0.29899999999999999,
		0.247,
		-0.043999999999999997,
		0.0
	]
}
