{
	"effort" : [ 0.0, 0.0, 0.0, 0.0, 0.0, 0.0, -1.004 ],
	"position" : 
	[
		0.3643898412312841,
		1.5020652608509806,
		-0.68388981410128535,
		-1.6669639685793634,
		-0.93125532898637919,
		1.2096877045569645,
		0.047800000000000002
	],
	"velocity" : 
	[
		0.17799999999999999,
		0.0,
		0.0080000000000000002,
		0.17799999999999999,
		0.39100000000000001,
		-0.019,
		0.0
	]
}
