{
	"effort" : [ 0.0, 0.0, 0.0, 0.0, 0.0, 0.0, -1.044 ],
	"position" : 
	[
		0.57754690277729781,
		1.4736687539210402,
		-0.60154517999221369,
		-1.3716542591419973,
		-0.4809254753869161,
		1.2311552543564892,
		0.054399999999999997
	],
	"velocity" : [ 0.0, 0.0, 0.0, 0.082000000000000003, 0.0, 0.0, 0.0 ]
}
