{
	"effort" : [ 0.0, 0.0, 0.0, 0.0, 0.0, 0.0, -0.029999999999999999 ],
	"position" : 
	[
		0.47958157186288081,
		0.082519167034271063,
		-0.060772364554427215,
		-2.2147355543176452,
		0.13421581947833008,
		2.7443731691277109,
		0.0
	],
	"velocity" : 
	[
		0.0030000000000000001,
		0.51000000000000001,
		-0.18099999999999999,
		0.0,
		0.0,
		0.13200000000000001,
		0.0
	]
}
