{
	"effort" : [ 0.0, 0.0, 0.0, 0.0, 0.0, 0.0, -1.038 ],
	"position" : 
	[
		0.41496948295406705,
		1.7709157788281191,
		-0.94813266285316011,
		-2.2179993200188735,
		-0.38454839409181352,
		2.6465474645534535,
		0.056099999999999997
	],
	"velocity" : [ 0.0, -0.17899999999999999, 0.0, 0.0, 0.0, -0.092999999999999999, 0.0 ]
}
