{
	"effort" : [ 0.0, 0.0, 0.0, 0.0, 0.0, 0.0, -0.107 ],
	"position" : 
	[
		0.3676710602250326,
		1.6598604785237481,
		-0.92973689253714475,
		-2.2089410612010254,
		-0.5338962181849306,
		2.5986032700011816,
		0.069000000000000006
	],
	"velocity" : 
	[
		0.187,
		0.075999999999999998,
		0.029000000000000001,
		-0.042000000000000003,
		0.56299999999999994,
		0.61699999999999999,
		0.0
	]
}
