{
	"effort" : [ 0.0, 0.0, 0.0, 0.0, 0.0, 0.0, -1.0429999999999999 ],
	"position" : 
	[
		0.41893138035609312,
		1.6303469608725316,
		-0.94813266285316011,
		-2.219657382808268,
		-0.50640728246602684,
		2.6465474645534535,
		0.056099999999999997
	],
	"velocity" : [ 0.0, -0.024, 0.0, 0.0, -0.25600000000000001, 0.0, 0.0 ]
}
