{
	"effort" : [ 0.0, 0.0, 0.0, 0.0, 0.0, 0.0, -0.048000000000000001 ],
	"position" : 
	[
		0.60671135457811565,
		1.2105952757680012,
		-0.61276764708253451,
		-1.2567766877757596,
		-0.30276226534337997,
		1.3213713233920534,
		0.043900000000000002
	],
	"velocity" : 
	[
		0.035999999999999997,
		0.0,
		0.0080000000000000002,
		0.0,
		-0.17000000000000001,
		0.0,
		0.0
	]
}
