{
	"effort" : [ 0.0, 0.0, 0.0, 0.0, 0.0, 0.0, -1.044 ],
	"position" : 
	[
		0.61507148169516634,
		1.460753317456285,
		-0.62219242504330152,
		-1.2340001410372392,
		-0.36985272179002499,
		1.1722852986867354,
		0.047100000000000003
	],
	"velocity" : [ 0.0, 0.0, 0.0, 0.0, -0.126, -0.001, 0.0 ]
}
