{
	"effort" : [ 0.0, 0.0, 0.0, 0.0, 0.0, 0.0, -1.0409999999999999 ],
	"position" : 
	[
		0.44095743551625599,
		1.481993974453051,
		-0.63835417391676486,
		-1.4390763281465211,
		-0.76089374069925575,
		1.3001655729803274,
		0.057200000000000001
	],
	"velocity" : 
	[
		0.17799999999999999,
		0.0,
		-0.047,
		0.014999999999999999,
		0.30399999999999999,
		0.0,
		0.0
	]
}
