{
	"effort" : [ 0.0, 0.0, 0.0, 0.0, 0.0, 0.0, -0.095000000000000001 ],
	"position" : 
	[
		0.29038788094674328,
		1.6948194234411857,
		-0.91952671641298045,
		-2.212815692140452,
		-0.6610958140702452,
		2.54186261601886,
		0.069000000000000006
	],
	"velocity" : 
	[
		-0.028000000000000001,
		-0.001,
		0.032000000000000001,
		-0.001,
		0.12,
		-0.001,
		0.0
	]
}
