{
	"effort" : [ 0.0, 0.0, 0.0, 0.0, 0.0, 0.0, 0.095000000000000001 ],
	"position" : 
	[
		0.057822758118557534,
		1.5108966268660695,
		-0.95270542549338411,
		-1.8738902046957586,
		-1.2960989558231817,
		1.7962754128595906,
		0.059900000000000002
	],
	"velocity" : 
	[
		0.0,
		0.0,
		0.033000000000000002,
		-0.035999999999999997,
		-0.35399999999999998,
		-1.4970000000000001,
		0.0
	]
}
