{
	"effort" : [ 0.0, 0.0, 0.0, 0.0, 0.0, 0.0, 0.098000000000000004 ],
	"position" : 
	[
		0.21249383643025596,
		1.5105301077231508,
		-0.86844092920711924,
		-2.2155733123586021,
		-0.5941449839637597,
		2.6394439744978384,
		0.047800000000000002
	],
	"velocity" : [ 0.0, 0.0, 0.0, 0.0, -0.0050000000000000001, 0.050999999999999997, 0.0 ]
}
