{
	"effort" : [ 0.0, 0.0, 0.0, 0.0, 0.0, 0.0, -1.0429999999999999 ],
	"position" : 
	[
		0.60667644799307574,
		1.4610674767216441,
		-0.65099035770120062,
		-1.2375431594187869,
		-0.28623399732699778,
		1.0796257686983799,
		0.047100000000000003
	],
	"velocity" : 
	[
		0.01,
		0.059999999999999998,
		0.014,
		0.0,
		-0.070000000000000007,
		0.025999999999999999,
		0.0
	]
}
