{
	"effort" : [ 0.0, 0.0, 0.0, 0.0, 0.0, 0.0, -1.0109999999999999 ],
	"position" : 
	[
		0.60147536682213398,
		1.4610674767216441,
		-0.65558057363394451,
		-1.2375431594187869,
		-0.28792696670143186,
		1.0757860443439933,
		0.047100000000000003
	],
	"velocity" : 
	[
		0.063,
		0.0,
		0.016,
		0.075999999999999998,
		0.014999999999999999,
		-0.115,
		0.0
	]
}
