{
	"effort" : [ 0.0, 0.0, 0.0, 0.0, 0.0, 0.0, -1.042 ],
	"position" : 
	[
		0.59274872056216465,
		1.4615387156196824,
		-0.62264621064881975,
		-1.2045040766785426,
		-0.34367278301011661,
		1.0718939601120467,
		0.046600000000000003
	],
	"velocity" : 
	[
		0.051999999999999998,
		0.0,
		-0.186,
		-0.084000000000000005,
		0.128,
		-0.069000000000000006,
		0.0
	]
}
