{
	"effort" : [ 0.0, 0.0, 0.0, 0.0, 0.0, 0.0, -1.0469999999999999 ],
	"position" : 
	[
		0.34403930215303541,
		1.5020652608509806,
		-0.68388981410128535,
		-1.6712749318317883,
		-0.96438167818922327,
		1.2096877045569645,
		0.047399999999999998
	],
	"velocity" : 
	[
		0.17000000000000001,
		0.0,
		0.029000000000000001,
		0.0,
		0.20899999999999999,
		0.014999999999999999,
		0.0
	]
}
