{
	"effort" : [ 0.0, 0.0, 0.0, 0.0, 0.0, 0.0, -1.05 ],
	"position" : 
	[
		0.28417450880964501,
		1.5020652608509806,
		-0.68622855529895721,
		-1.6886584111816474,
		-1.1587240903987428,
		1.2105952757680012,
		0.049500000000000002
	],
	"velocity" : [ 0.0040000000000000001, 0.0, 0.0, 0.0, 0.001, 0.019, 0.0 ]
}
