{
	"effort" : [ 0.0, 0.0, 0.0, 0.0, 0.0, 0.0, -0.47499999999999998 ],
	"position" : 
	[
		0.31196015050138765,
		1.4939320265366891,
		-0.65865235311745374,
		-1.4908777003456999,
		-0.9841388053217941,
		1.3524905439551043,
		0.0596
	],
	"velocity" : 
	[
		0.22600000000000001,
		0.0,
		0.151,
		0.0,
		0.16400000000000001,
		-0.001,
		0.0
	]
}
