{
	"effort" : [ 0.0, 0.0, 0.0, 0.0, 0.0, 0.0, -1.0389999999999999 ],
	"position" : 
	[
		0.61316907281049293,
		1.460753317456285,
		-0.62491513867641191,
		-1.2316613998395676,
		-0.33323571408319325,
		1.1350748790342255,
		0.047100000000000003
	],
	"velocity" : 
	[
		0.002,
		0.0,
		-0.0070000000000000001,
		0.063,
		-0.043999999999999997,
		0.037999999999999999,
		0.0
	]
}
