{
	"effort" : [ 0.0, 0.0, 0.0, 0.0, 0.0, 0.0, 0.060999999999999999 ],
	"position" : 
	[
		0.38100537571026594,
		1.8080563853105494,
		-0.85758498125971727,
		-2.212815692140452,
		-0.45753806341019793,
		2.6375415656131649,
		0.090999999999999998
	],
	"velocity" : 
	[
		0.27800000000000002,
		0.20599999999999999,
		-0.20899999999999999,
		0.0,
		-0.001,
		0.157,
		0.0
	]
}
