{
	"effort" : [ 0.0, 0.0, 0.0, 0.0, 0.0, 0.0, -0.089999999999999997 ],
	"position" : 
	[
		0.51038663316057287,
		1.7664826425280549,
		-0.92685709927135462,
		-2.2108260167931792,
		-0.34283502496915957,
		2.6982790235825522,
		0.069000000000000006
	],
	"velocity" : 
	[
		-0.16500000000000001,
		0.0,
		0.047,
		0.0,
		-0.247,
		-0.33500000000000002,
		0.0
	]
}
