{
	"effort" : [ 0.0, 0.0, 0.0, 0.0, 0.0, 0.0, -0.107 ],
	"position" : 
	[
		0.31049407392971284,
		1.5020652608509806,
		-0.68807860430607082,
		-1.5152424967035343,
		-0.95375262304458042,
		1.3417044091777821,
		0.061899999999999997
	],
	"velocity" : 
	[
		-0.13700000000000001,
		0.0,
		-0.055,
		0.20899999999999999,
		-0.222,
		0.57299999999999995,
		0.0
	]
}
