{
	"effort" : [ 0.0, 0.0, 0.0, 0.0, 0.0, 0.0, 0.10100000000000001 ],
	"position" : 
	[
		0.057822758118557534,
		1.5108966268660695,
		-0.95270542549338411,
		-1.8654428111161085,
		-1.2467061379917546,
		2.1018302050061606,
		0.059900000000000002
	],
	"velocity" : 
	[
		0.025999999999999999,
		0.0,
		0.0,
		-0.024,
		-0.32000000000000001,
		-1.5089999999999999,
		0.0
	]
}
