{
	"effort" : [ 0.0, 0.0, 0.0, 0.0, 0.0, 0.0, -1.044 ],
	"position" : 
	[
		0.24192008761887296,
		1.5063936773959257,
		-0.70061006833538686,
		-1.6778024632342452,
		-1.2652415346479298,
		1.186649358430645,
		0.050700000000000002
	],
	"velocity" : 
	[
		0.0,
		0.0,
		0.035000000000000003,
		0.113,
		0.0,
		-0.042000000000000003,
		0.0
	]
}
