{
	"effort" : [ 0.0, 0.0, 0.0, 0.0, 0.0, 0.0, -0.049000000000000002 ],
	"position" : 
	[
		0.60671135457811565,
		1.2231965529673972,
		-0.61276764708253451,
		-1.2567766877757596,
		-0.27593655474023387,
		1.2544553998706076,
		0.043900000000000002
	],
	"velocity" : [ 0.0, -0.13200000000000001, 0.0, 0.0, 0.34499999999999997, 0.0, 0.0 ]
}
