{
	"effort" : [ 0.0, 0.0, 0.0, 0.0, 0.0, 0.0, 0.10199999999999999 ],
	"position" : 
	[
		0.41236894236859611,
		1.0680542357576603,
		-0.51907837283550251,
		-2.2127109723853322,
		-0.26626743068418768,
		2.8247630344745494,
		0.047800000000000002
	],
	"velocity" : 
	[
		-0.58999999999999997,
		0.91500000000000004,
		-0.72899999999999998,
		0.0,
		-0.77000000000000002,
		0.0,
		0.0
	]
}
