{
	"effort" : [ 0.0, 0.0, 0.0, 0.0, 0.0, 0.0, -1.042 ],
	"position" : 
	[
		0.61685171753220014,
		1.460753317456285,
		-0.62491513867641191,
		-1.2268093845190244,
		-0.34714598822158454,
		1.1483917412269391,
		0.047100000000000003
	],
	"velocity" : [ 0.0, 0.0040000000000000001, 0.0, 0.0, 0.0, 0.22600000000000001, 0.0 ]
}
