{
	"effort" : [ 0.0, 0.0, 0.0, 0.0, 0.0, 0.0, -0.062 ],
	"position" : 
	[
		0.60671135457811565,
		0.4925668214977153,
		-0.2211681228126656,
		-1.3575869053709266,
		-0.10552260657555053,
		1.255520050714324,
		0.0129
	],
	"velocity" : 
	[
		0.0,
		-0.36399999999999999,
		0.47099999999999997,
		0.0,
		0.13600000000000001,
		0.0,
		0.0
	]
}
