{
	"effort" : [ 0.0, 0.0, 0.0, 0.0, 0.0, 0.0, -1.0489999999999999 ],
	"position" : 
	[
		0.29078930667470188,
		1.5020652608509806,
		-0.68828804381631004,
		-1.6546244907677665,
		-1.060671493021726,
		1.2130910965983523,
		0.047800000000000002
	],
	"velocity" : 
	[
		0.0,
		0.0070000000000000001,
		0.048000000000000001,
		-0.025999999999999999,
		0.0,
		0.0,
		0.0
	]
}
