{
	"effort" : [ 0.0, 0.0, 0.0, 0.0, 0.0, 0.0, -1.046 ],
	"position" : 
	[
		0.41893138035609312,
		1.741018288741464,
		-0.94813266285316011,
		-2.2179993200188735,
		-0.42647120272470673,
		2.6465474645534535,
		0.056099999999999997
	],
	"velocity" : [ 0.0, 0.0, 0.0, 0.0, -0.069000000000000006, 0.0, 0.0 ]
}
