{
	"effort" : [ 0.0, 0.0, 0.0, 0.0, 0.0, 0.0, 0.063 ],
	"position" : 
	[
		0.20249309981633101,
		1.5085578856683977,
		-0.79070396432331147,
		-1.8715689167906069,
		-1.2306491088734108,
		1.2999735867626083,
		0.060100000000000001
	],
	"velocity" : 
	[
		0.16700000000000001,
		0.0,
		0.0050000000000000001,
		0.080000000000000002,
		0.41799999999999998,
		-0.029999999999999999,
		0.0
	]
}
