{
	"effort" : [ 0.0, 0.0, 0.0, 0.0, 0.0, 0.0, 0.13700000000000001 ],
	"position" : 
	[
		0.33625513368914262,
		1.5981456361732442,
		-0.85011497206118336,
		-2.2155733123586021,
		-0.58283525041083928,
		2.7841143161956117,
		0.074099999999999999
	],
	"velocity" : 
	[
		0.16400000000000001,
		0.505,
		0.0,
		0.0,
		0.14099999999999999,
		0.082000000000000003,
		0.0
	]
}
