{
	"effort" : [ 0.0, 0.0, 0.0, 0.0, 0.0, 0.0, 0.29399999999999998 ],
	"position" : 
	[
		0.45207518285145709,
		1.5739728260331289,
		-0.9488307945539578,
		-2.2200762618287464,
		-0.59979985074021991,
		2.5032384796722353,
		0.058000000000000003
	],
	"velocity" : [ 0.0, 0.0, -0.001, 0.0, -0.153, -0.070000000000000007, 0.0 ]
}
