{
	"effort" : [ 0.0, 0.0, 0.0, 0.0, 0.0, 0.0, -1.0980000000000001 ],
	"position" : 
	[
		0.41207223639575719,
		1.8819012659624108,
		-0.89966486952528979,
		-2.2101278850923811,
		-0.37620572026728277,
		2.6910010006017373,
		0.059700000000000003
	],
	"velocity" : 
	[
		0.0,
		0.062,
		0.002,
		-0.024,
		0.067000000000000004,
		-0.34100000000000003,
		0.0
	]
}
