{
	"effort" : [ 0.0, 0.0, 0.0, 0.0, 0.0, 0.0, -0.049000000000000002 ],
	"position" : 
	[
		0.60671135457811565,
		0.43212606950116694,
		0.00085521133347700559,
		-1.3575869053709266,
		0.14086552392842677,
		1.46801388714458,
		0.0114
	],
	"velocity" : [ 0.0, 0.0, 0.0, 0.0, 0.0089999999999999993, 0.0, 0.0 ]
}
