{
	"effort" : [ 0.0, 0.0, 0.0, 0.0, 0.0, 0.0, 0.079000000000000001 ],
	"position" : 
	[
		0.47958157186288081,
		0.63861597330456399,
		-0.36091663601981627,
		-2.2127109723853322,
		-0.13898056833627337,
		2.7585452426539012,
		0.0207
	],
	"velocity" : 
	[
		0.035000000000000003,
		0.32200000000000001,
		-0.26400000000000001,
		0.0,
		-0.001,
		0.0,
		0.0
	]
}
