{
	"effort" : [ 0.0, 0.0, 0.0, 0.0, 0.0, 0.0, 0.037999999999999999 ],
	"position" : 
	[
		0.12048007826513815,
		1.5085578856683977,
		-0.86259407621293971,
		-1.8738902046957586,
		-1.427626968253441,
		1.4576466313877359,
		0.059999999999999998
	],
	"velocity" : 
	[
		0.46899999999999997,
		0.0,
		0.45200000000000001,
		-0.105,
		0.53300000000000003,
		-0.83399999999999996,
		0.0
	]
}
