{
	"effort" : [ 0.0, 0.0, 0.0, 0.0, 0.0, 0.0, 0.032000000000000001 ],
	"position" : 
	[
		0.41207223639575719,
		1.8568208846112586,
		-0.8884773090200091,
		-2.212815692140452,
		-0.41528364221942593,
		2.715138904156813,
		0.090999999999999998
	],
	"velocity" : [ 0.0, 0.0, -0.01, 0.024, 0.13, -0.13900000000000001, 0.0 ]
}
