{
	"effort" : [ 0.0, 0.0, 0.0, 0.0, 0.0, 0.0, -1.042 ],
	"position" : 
	[
		0.41496948295406705,
		1.8945898096244065,
		-0.92394239942052492,
		-2.2119779340994947,
		-0.35224234963740664,
		2.6910010006017373,
		0.059700000000000003
	],
	"velocity" : 
	[
		0.0,
		0.021000000000000001,
		-0.14099999999999999,
		-0.045999999999999999,
		0.0070000000000000001,
		0.0,
		0.0
	]
}
