{
	"effort" : [ 0.0, 0.0, 0.0, 0.0, 0.0, 0.0, -0.10199999999999999 ],
	"position" : 
	[
		0.34142130827504452,
		1.6531933207811316,
		-0.92059136725669666,
		-2.2071608253639918,
		-0.58245127797540064,
		2.5938734277282776,
		0.069000000000000006
	],
	"velocity" : [ 0.0, 0.0, -0.223, 0.0, -0.54800000000000004, 0.224, 0.0 ]
}
