{
	"effort" : [ 0.0, 0.0, 0.0, 0.0, 0.0, 0.0, -1.0429999999999999 ],
	"position" : 
	[
		0.5867796945203454,
		1.4654482531441488,
		-0.60782836529939177,
		-1.1951665651803751,
		-0.36913713679670745,
		1.106399119423966,
		0.046600000000000003
	],
	"velocity" : 
	[
		0.0040000000000000001,
		-0.079000000000000001,
		-0.121,
		-0.111,
		0.019,
		0.0,
		0.0
	]
}
