{
	"effort" : [ 0.0, 0.0, 0.0, 0.0, 0.0, 0.0, -1.0429999999999999 ],
	"position" : 
	[
		0.5579992151549662,
		1.4699512026142931,
		-0.60154517999221369,
		-1.3782516037145343,
		-0.54620078941148753,
		1.2407720185349755,
		0.055399999999999998
	],
	"velocity" : [ 0.023, 0.0, 0.001, -0.001, 0.0, 0.0, 0.0 ]
}
