{
	"effort" : [ 0.0, 0.0, 0.0, 0.0, 0.0, 0.0, -1.038 ],
	"position" : 
	[
		0.39236746914074622,
		1.481993974453051,
		-0.63435736992969882,
		-1.4763391076765906,
		-0.86222755707002108,
		1.327741775161831,
		0.057099999999999998
	],
	"velocity" : 
	[
		0.317,
		-0.01,
		0.0,
		0.184,
		0.49199999999999999,
		-0.13800000000000001,
		0.0
	]
}
