{
	"effort" : [ 0.0, 0.0, 0.0, 0.0, 0.0, 0.0, -1.0409999999999999 ],
	"position" : 
	[
		0.33807027611121626,
		1.4901970219374223,
		-0.63425265017457932,
		-1.4929720954480925,
		-0.96190331065139201,
		1.3455790401172085,
		0.057099999999999998
	],
	"velocity" : 
	[
		0.095000000000000001,
		0.0,
		0.042000000000000003,
		0.0,
		0.29499999999999998,
		0.0,
		0.0
	]
}
