{
	"effort" : [ 0.0, 0.0, 0.0, 0.0, 0.0, 0.0, -1.048 ],
	"position" : 
	[
		0.30002209841774952,
		1.5020652608509806,
		-0.68388981410128535,
		-1.6736660329070199,
		-1.0491872265436062,
		1.2130910965983523,
		0.047
	],
	"velocity" : 
	[
		0.10000000000000001,
		0.0,
		0.0,
		0.0,
		0.46000000000000002,
		-0.10299999999999999,
		0.0
	]
}
