{
	"effort" : [ 0.0, 0.0, 0.0, 0.0, 0.0, 0.0, -1.038 ],
	"position" : 
	[
		0.24403193601378553,
		1.5063936773959257,
		-0.69832368701527492,
		-1.6739976454648986,
		-1.2633391257632565,
		1.1828096340762584,
		0.050599999999999999
	],
	"velocity" : 
	[
		0.050999999999999997,
		0.0,
		0.002,
		0.0030000000000000001,
		0.10299999999999999,
		-0.001,
		0.0
	]
}
