{
	"effort" : [ 0.0, 0.0, 0.0, 0.0, 0.0, 0.0, 0.058999999999999997 ],
	"position" : 
	[
		0.41207223639575719,
		1.8677990056063001,
		-0.89966486952528979,
		-2.210791110208139,
		-0.4103792670213231,
		2.6926416100986117,
		0.090999999999999998
	],
	"velocity" : 
	[
		0.027,
		0.0,
		-0.0070000000000000001,
		0.0,
		0.014999999999999999,
		0.0,
		0.0
	]
}
