{
	"effort" : [ 0.0, 0.0, 0.0, 0.0, 0.0, 0.0, -0.34399999999999997 ],
	"position" : 
	[
		0.45207518285145709,
		1.5739728260331289,
		-0.94813266285316011,
		-2.2200762618287464,
		-0.59461622286179805,
		2.5053154214821078,
		0.056899999999999999
	],
	"velocity" : [ -0.002, 0.0, -0.02, 0.0, -0.037999999999999999, -0.078, 0.0 ]
}
