{
	"effort" : [ 0.0, 0.0, 0.0, 0.0, 0.0, 0.0, -1.0409999999999999 ],
	"position" : 
	[
		0.41496948295406705,
		1.8924779612294935,
		-0.94813266285316011,
		-2.2136185435963691,
		-0.35054938026297255,
		2.6910010006017373,
		0.059499999999999997
	],
	"velocity" : 
	[
		0.0,
		-0.095000000000000001,
		0.0,
		-0.0050000000000000001,
		-0.025999999999999999,
		0.0,
		0.0
	]
}
