{
	"effort" : [ 0.0, 0.0, 0.0, 0.0, 0.0, 0.0, -0.099000000000000005 ],
	"position" : 
	[
		0.30504864666349191,
		1.7071065413752229,
		-0.91952671641298045,
		-2.212815692140452,
		-0.66029296261432802,
		2.5495595180201533,
		0.069000000000000006
	],
	"velocity" : 
	[
		-0.24299999999999999,
		-0.26900000000000002,
		0.0,
		0.0,
		-0.091999999999999998,
		-0.247,
		0.0
	]
}
