{
	"effort" : [ 0.0, 0.0, 0.0, 0.0, 0.0, 0.0, 0.045999999999999999 ],
	"position" : 
	[
		0.24102996970035606,
		1.5081041000628794,
		-0.78457785864881291,
		-1.7765531923120597,
		-1.2460080062909573,
		1.2751724580917752,
		0.060100000000000001
	],
	"velocity" : 
	[
		0.0,
		0.0,
		0.0,
		0.078,
		-0.067000000000000004,
		-0.091999999999999998,
		0.0
	]
}
