{
	"effort" : [ 0.0, 0.0, 0.0, 0.0, 0.0, 0.0, 0.14899999999999999 ],
	"position" : 
	[
		0.21249383643025596,
		1.5105301077231508,
		-0.85803876686523561,
		-2.2155733123586021,
		-0.60388392118988554,
		2.717704538157244,
		0.057700000000000001
	],
	"velocity" : 
	[
		0.010999999999999999,
		0.0,
		0.002,
		0.0,
		-0.070000000000000007,
		0.26000000000000001,
		0.0
	]
}
