{
	"effort" : [ 0.0, 0.0, 0.0, 0.0, 0.0, 0.0, -1.0249999999999999 ],
	"position" : 
	[
		0.59458131627675814,
		1.4615387156196824,
		-0.63018603301743348,
		-1.2095655315093248,
		-0.33979815207069025,
		1.0645461239611527,
		0.046600000000000003
	],
	"velocity" : 
	[
		0.067000000000000004,
		0.0,
		-0.17299999999999999,
		-0.29899999999999999,
		0.082000000000000003,
		-0.095000000000000001,
		0.0
	]
}
