{
	"effort" : [ 0.0, 0.0, 0.0, 0.0, 0.0, 0.0, -0.048000000000000001 ],
	"position" : 
	[
		0.60671135457811565,
		1.2707916816692706,
		-0.61276764708253451,
		-1.2580856847147548,
		-0.36425021489112464,
		1.2523260981831752,
		0.043900000000000002
	],
	"velocity" : [ 0.0, -0.311, 0.0, 0.0, 0.60399999999999998, 0.024, 0.0 ]
}
