{
	"effort" : [ 0.0, 0.0, 0.0, 0.0, 0.0, 0.0, -1.048 ],
	"position" : 
	[
		0.45437901746408899,
		1.5739728260331289,
		-0.94813266285316011,
		-2.219657382808268,
		-0.59070668533733173,
		2.5144260401775163,
		0.0562
	],
	"velocity" : [ -0.002, 0.0, 0.0, 0.0, -0.055, -0.075999999999999998, 0.0 ]
}
