{
	"effort" : [ 0.0, 0.0, 0.0, 0.0, 0.0, 0.0, 0.060999999999999999 ],
	"position" : 
	[
		0.22889993139899853,
		1.5081041000628794,
		-0.78457785864881291,
		-1.8054907513101184,
		-1.2188506831299322,
		1.2793088884190007,
		0.060100000000000001
	],
	"velocity" : 
	[
		0.252,
		-0.0040000000000000001,
		0.021999999999999999,
		0.19900000000000001,
		-0.41899999999999998,
		-0.124,
		0.0
	]
}
