{
	"effort" : [ 0.0, 0.0, 0.0, 0.0, 0.0, 0.0, -1.044 ],
	"position" : 
	[
		0.58454567307779315,
		1.4711205732131289,
		-0.6081425245647506,
		-1.1909428683905501,
		-0.39104101890923082,
		1.1026117549471393,
		0.046600000000000003
	],
	"velocity" : 
	[
		0.0,
		-0.033000000000000002,
		0.0,
		-0.010999999999999999,
		0.155,
		0.0,
		0.0
	]
}
