{
	"effort" : [ 0.0, 0.0, 0.0, 0.0, 0.0, 0.0, -1.0860000000000001 ],
	"position" : 
	[
		0.28000317189737955,
		1.4984349760068334,
		-0.69017299940846333,
		-1.6746783238731762,
		-1.1767009816942799,
		1.1989888362422418,
		0.050000000000000003
	],
	"velocity" : 
	[
		0.081000000000000003,
		0.0089999999999999993,
		0.078,
		-0.091999999999999998,
		0.14499999999999999,
		0.092999999999999999,
		0.0
	]
}
