{
	"effort" : [ 0.0, 0.0, 0.0, 0.0, 0.0, 0.0, 0.105 ],
	"position" : 
	[
		0.21409953934209033,
		1.4849784874739607,
		-0.86844092920711924,
		-2.2145086615148859,
		-0.67048568544597231,
		2.7192927877765589,
		0.047800000000000002
	],
	"velocity" : 
	[
		-0.01,
		0.45700000000000002,
		-0.016,
		0.0,
		-0.16200000000000001,
		-1.3340000000000001,
		0.0
	]
}
