{
	"effort" : [ 0.0, 0.0, 0.0, 0.0, 0.0, 0.0, -1.048 ],
	"position" : 
	[
		0.60920717540846692,
		1.4649770142461105,
		-0.64687138066649508,
		-1.2397946341538588,
		-0.30091221633626636,
		1.0954384517214446,
		0.047100000000000003
	],
	"velocity" : [ 0.0, 0.0, 0.035000000000000003, 0.0, 0.0, 0.055, 0.0 ]
}
