{
	"effort" : [ 0.0, 0.0, 0.0, 0.0, 0.0, 0.0, -0.035999999999999997 ],
	"position" : 
	[
		0.47958157186288081,
		0.01743583922741895,
		-0.034208453339080222,
		-2.2165681500322387,
		0.13421581947833008,
		2.7488761185978552,
		0.0
	],
	"velocity" : 
	[
		0.0,
		0.11700000000000001,
		-0.049000000000000002,
		0.0,
		0.0,
		-0.0089999999999999993,
		0.0
	]
}
