{
	"effort" : [ 0.0, 0.0, 0.0, 0.0, 0.0, 0.0, -0.033000000000000002 ],
	"position" : 
	[
		0.47958157186288081,
		0.19209093747444742,
		-0.094300139485229806,
		-2.2147355543176452,
		0.13198179803577789,
		2.7525762166120824,
		0.0
	],
	"velocity" : [ 0.0, 0.53800000000000003, -0.154, 0.0, 0.0, 0.126, 0.0 ]
}
