{
	"effort" : [ 0.0, 0.0, 0.0, 0.0, 0.0, 0.0, -0.047 ],
	"position" : 
	[
		0.60671135457811565,
		1.2353091379762347,
		-0.5468465612347253,
		-1.2567766877757596,
		-0.25565582883206484,
		1.3067803708453845,
		0.043900000000000002
	],
	"velocity" : [ 0.0, -0.20799999999999999, 0.0, 0.0, 0.255, -0.48799999999999999, 0.0 ]
}
