{
	"effort" : [ 0.0, 0.0, 0.0, 0.0, 0.0, 0.0, 0.19 ],
	"position" : 
	[
		0.47958157186288081,
		0.668565823268779,
		-0.37936476621339171,
		-2.2127109723853322,
		-0.14152874904418444,
		2.7633623513894041,
		0.034000000000000002
	],
	"velocity" : 
	[
		0.0,
		0.35199999999999998,
		-0.13300000000000001,
		0.0,
		0.0,
		0.13900000000000001,
		0.0
	]
}
