{
	"effort" : [ 0.0, 0.0, 0.0, 0.0, 0.0, 0.0, -0.10199999999999999 ],
	"position" : 
	[
		0.35475562376027786,
		1.6555669685638432,
		-0.93238979300017522,
		-2.2089410612010254,
		-0.5812470007915248,
		2.5789508626237301,
		0.069000000000000006
	],
	"velocity" : 
	[
		0.111,
		0.032000000000000001,
		0.001,
		0.0,
		0.53100000000000003,
		0.253,
		0.0
	]
}
