{
	"effort" : [ 0.0, 0.0, 0.0, 0.0, 0.0, 0.0, 0.092999999999999999 ],
	"position" : 
	[
		0.47958157186288081,
		0.57992055056000935,
		-0.30522317958869127,
		-2.2127109723853322,
		-0.10992083629057511,
		2.7585452426539012,
		0.0030999999999999999
	],
	"velocity" : 
	[
		0.0,
		0.48799999999999999,
		-0.45900000000000002,
		0.0,
		-0.38500000000000001,
		0.0,
		0.0
	]
}
