{
	"effort" : [ 0.0, 0.0, 0.0, 0.0, 0.0, 0.0, -1.042 ],
	"position" : 
	[
		0.31681216582193072,
		1.5020652608509806,
		-0.68388981410128535,
		-1.6712749318317883,
		-1.0096904255709847,
		1.2096877045569645,
		0.047199999999999999
	],
	"velocity" : 
	[
		0.14199999999999999,
		-0.0030000000000000001,
		0.0,
		0.0,
		0.20300000000000001,
		0.0,
		0.0
	]
}
