{
	"effort" : [ 0.0, 0.0, 0.0, 0.0, 0.0, 0.0, 0.125 ],
	"position" : 
	[
		0.32602750427245841,
		1.7281552121542691,
		-0.84337800114848704,
		-2.212815692140452,
		-0.48577749070745907,
		2.5769611872764568,
		0.090800000000000006
	],
	"velocity" : [ 0.0, 0.123, 0.0, 0.0, 0.023, 0.44400000000000001, 0.0 ]
}
