{
	"effort" : [ 0.0, 0.0, 0.0, 0.0, 0.0, 0.0, -1.0409999999999999 ],
	"position" : 
	[
		0.43148029767792923,
		1.6136965198085098,
		-0.94813266285316011,
		-2.219657382808268,
		-0.5459738966087283,
		2.6465474645534535,
		0.056099999999999997
	],
	"velocity" : [ 0.088999999999999996, -0.115, 0.0, 0.0, 0.0, 0.0, 0.0 ]
}
