{
	"effort" : [ 0.0, 0.0, 0.0, 0.0, 0.0, 0.0, -1.0429999999999999 ],
	"position" : 
	[
		0.61507148169516634,
		1.460753317456285,
		-0.62219242504330152,
		-1.2348902589557562,
		-0.37709583818579967,
		1.1722852986867354,
		0.047100000000000003
	],
	"velocity" : 
	[
		-0.014999999999999999,
		0.0,
		0.0,
		-0.069000000000000006,
		-0.024,
		-0.0050000000000000001,
		0.0
	]
}
