{
	"effort" : [ 0.0, 0.0, 0.0, 0.0, 0.0, 0.0, -1.0569999999999999 ],
	"position" : 
	[
		0.41207223639575719,
		1.880452642683256,
		-0.89966486952528979,
		-2.2127284256778523,
		-0.37835247524723525,
		2.6926416100986117,
		0.061100000000000002
	],
	"velocity" : [ 0.0, 0.065000000000000002, 0.014, 0.159, 0.0, 0.155, 0.0 ]
}
