{
	"effort" : [ 0.0, 0.0, 0.0, 0.0, 0.0, 0.0, -1.046 ],
	"position" : 
	[
		0.41893138035609312,
		1.7133722733898806,
		-0.94813266285316011,
		-2.219657382808268,
		-0.42840851819441994,
		2.6465474645534535,
		0.056099999999999997
	],
	"velocity" : [ 0.0, -0.19900000000000001, 0.0, 0.0, 0.0, 0.0, 0.0 ]
}
