{
	"effort" : [ 0.0, 0.0, 0.0, 0.0, 0.0, 0.0, -0.098000000000000004 ],
	"position" : 
	[
		0.34880405101097867,
		1.6531933207811316,
		-0.93238979300017522,
		-2.2089410612010254,
		-0.64414866703338447,
		2.5282665011458278,
		0.069000000000000006
	],
	"velocity" : [ 0.036999999999999998, 0.0, 0.0, 0.0, 0.047, 0.33700000000000002, 0.0 ]
}
