{
	"effort" : [ 0.0, 0.0, 0.0, 0.0, 0.0, 0.0, -0.042000000000000003 ],
	"position" : 
	[
		0.60671135457811565,
		0.9571560150859687,
		-0.5468465612347253,
		-1.2567766877757596,
		-0.21685715956024071,
		1.2553629710816445,
		0.043900000000000002
	],
	"velocity" : 
	[
		0.0,
		-0.754,
		0.0,
		0.0070000000000000001,
		0.30399999999999999,
		-0.0070000000000000001,
		0.0
	]
}
