{
	"effort" : [ 0.0, 0.0, 0.0, 0.0, 0.0, 0.0, 0.058999999999999997 ],
	"position" : 
	[
		0.23652702023021183,
		1.5081041000628794,
		-0.78457785864881291,
		-1.7959961601792716,
		-1.234069954207319,
		1.2776159190445664,
		0.060100000000000001
	],
	"velocity" : [ 0.217, 0.0, 0.0, 0.5, -0.34100000000000003, 0.0, 0.0 ]
}
