{
	"effort" : [ 0.0, 0.0, 0.0, 0.0, 0.0, 0.0, -1.0409999999999999 ],
	"position" : 
	[
		0.24192008761887296,
		1.5063936773959257,
		-0.701971425151942,
		-1.6845394341469415,
		-1.2652415346479298,
		1.187225317083803,
		0.050599999999999999
	],
	"velocity" : [ 0.0, 0.0, 0.106, 0.078, 0.0, 0.0, 0.0 ]
}
