{
	"effort" : [ 0.0, 0.0, 0.0, 0.0, 0.0, 0.0, -0.13600000000000001 ],
	"position" : 
	[
		0.60671135457811565,
		0.47376962545374113,
		-0.19647171389695209,
		-1.3575869053709266,
		-0.09646434775770224,
		1.255520050714324,
		0.012
	],
	"velocity" : 
	[
		0.0,
		-0.25800000000000001,
		0.42499999999999999,
		0.0,
		0.23000000000000001,
		0.0,
		0.0
	]
}
