{
	"effort" : [ 0.0, 0.0, 0.0, 0.0, 0.0, 0.0, 0.19700000000000001 ],
	"position" : 
	[
		0.31958723933260103,
		1.6948194234411857,
		-0.84337800114848704,
		-2.212815692140452,
		-0.52070152903985678,
		2.5479538151083188,
		0.079500000000000001
	],
	"velocity" : 
	[
		0.081000000000000003,
		0.0060000000000000001,
		0.014999999999999999,
		0.0,
		0.245,
		0.245,
		0.0
	]
}
