{
	"effort" : [ 0.0, 0.0, 0.0, 0.0, 0.0, 0.0, 0.22500000000000001 ],
	"position" : 
	[
		0.47958157186288081,
		0.64786621834013147,
		-0.3653323190273608,
		-2.2127109723853322,
		-0.14193017477214304,
		2.7585452426539012,
		0.023800000000000002
	],
	"velocity" : [ 0.0, 0.33800000000000002, -0.23599999999999999, 0.0, -0.12, 0.0, 0.0 ]
}
