{
	"effort" : [ 0.0, 0.0, 0.0, 0.0, 0.0, 0.0, -1.0309999999999999 ],
	"position" : 
	[
		0.537509049736558,
		1.4699512026142931,
		-0.610027480156904,
		-1.3352117843603648,
		-0.54649749538432646,
		1.2655382406207689,
		0.055500000000000001
	],
	"velocity" : 
	[
		0.085999999999999993,
		0.0,
		0.0,
		0.161,
		0.19700000000000001,
		0.0030000000000000001,
		0.0
	]
}
