{
	"effort" : [ 0.0, 0.0, 0.0, 0.0, 0.0, 0.0, 0.10000000000000001 ],
	"position" : 
	[
		0.21249383643025596,
		1.5105301077231508,
		-0.86844092920711924,
		-2.2155733123586021,
		-0.66624453536362727,
		2.543031986617696,
		0.047800000000000002
	],
	"velocity" : [ 0.0, 0.0, 0.0, 0.0, 0.20699999999999999, -0.021000000000000001, 0.0 ]
}
