{
	"effort" : [ 0.0, 0.0, 0.0, 0.0, 0.0, 0.0, 0.099000000000000005 ],
	"position" : 
	[
		0.21249383643025596,
		1.5105301077231508,
		-0.86844092920711924,
		-2.2155733123586021,
		-0.67139325665700922,
		2.5493500785099137,
		0.047800000000000002
	],
	"velocity" : 
	[
		0.0,
		0.0,
		-0.0070000000000000001,
		0.0,
		0.069000000000000006,
		-0.38900000000000001,
		0.0
	]
}
