{
	"effort" : [ 0.0, 0.0, 0.0, 0.0, 0.0, 0.0, 0.106 ],
	"position" : 
	[
		0.47298422729034389,
		0.92910857400642677,
		-0.42966515525585552,
		-2.2127109723853322,
		-0.1750390706824671,
		2.8220926807189985,
		0.047800000000000002
	],
	"velocity" : 
	[
		-0.14899999999999999,
		0.81599999999999995,
		-0.443,
		0.0,
		-0.31,
		0.0,
		0.0
	]
}
