{
	"effort" : [ 0.0, 0.0, 0.0, 0.0, 0.0, 0.0, 0.112 ],
	"position" : 
	[
		0.34142130827504452,
		1.6484809318007478,
		-0.85011497206118336,
		-2.2155733123586021,
		-0.57204911563351701,
		2.7880413070125978,
		0.074099999999999999
	],
	"velocity" : [ 0.0, 0.129, 0.0, 0.0, 0.035999999999999997, 0.0, 0.0 ]
}
