{
	"effort" : [ 0.0, 0.0, 0.0, 0.0, 0.0, 0.0, 0.002 ],
	"position" : 
	[
		0.60671135457811565,
		0.48987901444964471,
		-0.2149372973830474,
		-1.3575869053709266,
		-0.10531316706531126,
		1.255520050714324,
		0.012500000000000001
	],
	"velocity" : 
	[
		0.0070000000000000001,
		-0.32800000000000001,
		0.44400000000000001,
		0.0,
		0.063,
		0.0,
		0.0
	]
}
