{
	"effort" : [ 0.0, 0.0, 0.0, 0.0, 0.0, 0.0, 0.081000000000000003 ],
	"position" : 
	[
		0.039235001584822626,
		1.5108966268660695,
		-0.95270542549338411,
		-2.0015086796015518,
		-1.1443076707772732,
		2.3172387412872464,
		0.059900000000000002
	],
	"velocity" : 
	[
		0.056000000000000001,
		0.0,
		0.0,
		0.82599999999999996,
		-0.39600000000000002,
		-0.88200000000000001,
		0.0
	]
}
