{
	"effort" : [ 0.0, 0.0, 0.0, 0.0, 0.0, 0.0, -1.048 ],
	"position" : 
	[
		0.40386918891138585,
		1.5020652608509806,
		-0.68388981410128535,
		-1.6271355550488626,
		-0.85056875766670181,
		1.1713253675981385,
		0.0482
	],
	"velocity" : 
	[
		0.123,
		0.0,
		0.0,
		0.20699999999999999,
		0.314,
		-0.0050000000000000001,
		0.0
	]
}
