{
	"effort" : [ 0.0, 0.0, 0.0, 0.0, 0.0, 0.0, 0.051999999999999998 ],
	"position" : 
	[
		0.38472292701701288,
		1.8099413409027025,
		-0.85873689856603319,
		-2.212815692140452,
		-0.45753806341019793,
		2.6401071996135959,
		0.090999999999999998
	],
	"velocity" : 
	[
		0.308,
		0.17000000000000001,
		-0.17499999999999999,
		0.0,
		0.0,
		0.26400000000000001,
		0.0
	]
}
