{
	"effort" : [ 0.0, 0.0, 0.0, 0.0, 0.0, 0.0, -0.099000000000000005 ],
	"position" : 
	[
		0.34644785652078697,
		1.6531933207811316,
		-0.93238979300017522,
		-2.2089410612010254,
		-0.64414866703338447,
		2.5111273678912478,
		0.069000000000000006
	],
	"velocity" : 
	[
		0.033000000000000002,
		0.0,
		0.0,
		0.0,
		0.0070000000000000001,
		0.55400000000000005,
		0.0
	]
}
