{
	"effort" : [ 0.0, 0.0, 0.0, 0.0, 0.0, 0.0, 0.10000000000000001 ],
	"position" : 
	[
		0.048031461014871824,
		1.5108966268660695,
		-0.95270542549338411,
		-1.9308228448957996,
		-1.1758806769458428,
		2.2645996110471107,
		0.059900000000000002
	],
	"velocity" : 
	[
		0.096000000000000002,
		0.0,
		0.0,
		0.65300000000000002,
		-0.55600000000000005,
		-0.627,
		0.0
	]
}
