{
	"effort" : [ 0.0, 0.0, 0.0, 0.0, 0.0, 0.0, -1.0109999999999999 ],
	"position" : 
	[
		0.29078930667470188,
		1.5020652608509806,
		-0.6861238355438376,
		-1.6681507924707193,
		-1.0626262617839592,
		1.2130910965983523,
		0.047600000000000003
	],
	"velocity" : 
	[
		0.0,
		0.0,
		0.074999999999999997,
		-0.084000000000000005,
		-0.021000000000000001,
		0.025999999999999999,
		0.0
	]
}
