{
	"effort" : [ 0.0, 0.0, 0.0, 0.0, 0.0, 0.0, -1.0469999999999999 ],
	"position" : 
	[
		0.45813147535587589,
		1.5787026683060323,
		-0.94813266285316011,
		-2.219657382808268,
		-0.55159385680014861,
		2.6346617723473753,
		0.056099999999999997
	],
	"velocity" : [ 0.0, 0.0, 0.0, 0.0, 0.001, -0.050999999999999997, 0.0 ]
}
