{
	"effort" : [ 0.0, 0.0, 0.0, 0.0, 0.0, 0.0, -1.0449999999999999 ],
	"position" : 
	[
		0.5988224663591033,
		1.4610674767216441,
		-0.65558057363394451,
		-1.2375431594187869,
		-0.29253463592669571,
		1.0710387487785697,
		0.047100000000000003
	],
	"velocity" : 
	[
		0.037999999999999999,
		0.0,
		0.0089999999999999993,
		0.0,
		0.052999999999999999,
		0.070000000000000007,
		0.0
	]
}
