{
	"effort" : [ 0.0, 0.0, 0.0, 0.0, 0.0, 0.0, -1.0289999999999999 ],
	"position" : 
	[
		0.29078930667470188,
		1.5020652608509806,
		-0.6861238355438376,
		-1.6672781278447224,
		-1.060671493021726,
		1.2130910965983523,
		0.047699999999999999
	],
	"velocity" : [ 0.02, 0.0, 0.012, -0.373, -0.024, 0.0, 0.0 ]
}
