{
	"effort" : [ 0.0, 0.0, 0.0, 0.0, 0.0, 0.0, -0.098000000000000004 ],
	"position" : 
	[
		0.34142130827504452,
		1.6531933207811316,
		-0.88278753565850898,
		-2.2067244930509937,
		-0.53415801757272974,
		2.511581153496766,
		0.069000000000000006
	],
	"velocity" : 
	[
		0.0,
		0.0,
		-0.032000000000000001,
		0.0,
		-0.080000000000000002,
		0.55700000000000005,
		0.0
	]
}
