{
	"effort" : [ 0.0, 0.0, 0.0, 0.0, 0.0, 0.0, 0.042999999999999997 ],
	"position" : 
	[
		0.24102996970035606,
		1.5081041000628794,
		-0.78457785864881291,
		-1.778158895223894,
		-1.2460080062909573,
		1.2756786035748531,
		0.060100000000000001
	],
	"velocity" : 
	[
		-0.016,
		0.0,
		0.002,
		0.057000000000000002,
		-0.065000000000000002,
		-0.0030000000000000001,
		0.0
	]
}
