{
	"effort" : [ 0.0, 0.0, 0.0, 0.0, 0.0, 0.0, -1.042 ],
	"position" : 
	[
		0.44530330535372076,
		1.5969239056968485,
		-0.94813266285316011,
		-2.219657382808268,
		-0.5459738966087283,
		2.6465474645534535,
		0.056099999999999997
	],
	"velocity" : 
	[
		0.19600000000000001,
		-0.23799999999999999,
		0.0,
		0.0,
		0.0050000000000000001,
		0.0,
		0.0
	]
}
