{
	"effort" : [ 0.0, 0.0, 0.0, 0.0, 0.0, 0.0, -0.097000000000000003 ],
	"position" : 
	[
		0.51696652444058988,
		1.7664826425280549,
		-0.92893404108122735,
		-2.2108260167931792,
		-0.33569662832850461,
		2.7099203696933514,
		0.069000000000000006
	],
	"velocity" : 
	[
		-0.11799999999999999,
		0.0,
		0.0040000000000000001,
		0.0030000000000000001,
		-0.0070000000000000001,
		-0.218,
		0.0
	]
}
