{
	"effort" : [ 0.0, 0.0, 0.0, 0.0, 0.0, 0.0, -1.0469999999999999 ],
	"position" : 
	[
		0.58225929175768121,
		1.477438665105347,
		-0.59590776650827348,
		-1.2411210843853744,
		-0.47462483678721817,
		1.1114605742547483,
		0.054199999999999998
	],
	"velocity" : [ 0.012, 0.0, -0.070999999999999994, 0.377, 0.0, -0.159, 0.0 ]
}
