{
	"effort" : [ 0.0, 0.0, 0.0, 0.0, 0.0, 0.0, -1.05 ],
	"position" : 
	[
		0.39720203116876923,
		1.5020652608509806,
		-0.68388981410128535,
		-1.6196131859727692,
		-0.84042839471261732,
		1.167555456413832,
		0.048300000000000003
	],
	"velocity" : 
	[
		-0.20999999999999999,
		0.0,
		0.0,
		0.0,
		-0.091999999999999998,
		0.122,
		0.0
	]
}
