{
	"effort" : [ 0.0, 0.0, 0.0, 0.0, 0.0, 0.0, -0.028000000000000001 ],
	"position" : 
	[
		0.47958157186288081,
		0.015376350710066161,
		-0.010471975511963333,
		-2.2165681500322387,
		0.13838715639059546,
		2.77601598846636,
		0.0
	],
	"velocity" : [ 0.0, 0.0, -0.17899999999999999, 0.0, 0.0, -0.33100000000000002, 0.0 ]
}
