{
	"effort" : [ 0.0, 0.0, 0.0, 0.0, 0.0, 0.0, 0.10199999999999999 ],
	"position" : 
	[
		0.4656363911394496,
		1.5588582747108619,
		-0.95109972258154984,
		-2.2159747380865609,
		-0.74230598416552085,
		2.4928188640378317,
		0.059900000000000002
	],
	"velocity" : [ 0.0, 0.0, -0.033000000000000002, 0.0, 0.0, 0.0, 0.0 ]
}
