{
	"effort" : [ 0.0, 0.0, 0.0, 0.0, 0.0, 0.0, -0.249 ],
	"position" : 
	[
		0.24495696051734231,
		1.5081041000628794,
		-0.78457785864881291,
		-1.7455561447966481,
		-1.2502666096658224,
		1.2447339159370014,
		0.058500000000000003
	],
	"velocity" : 
	[
		0.012999999999999999,
		0.0,
		0.01,
		0.0,
		-0.032000000000000001,
		-0.032000000000000001,
		0.0
	]
}
