{
	"effort" : [ 0.0, 0.0, 0.0, 0.0, 0.0, 0.0, -0.93799999999999994 ],
	"position" : 
	[
		0.32429962831298448,
		1.4939320265366891,
		-0.648023297972811,
		-1.4908777003456999,
		-0.97635463685790147,
		1.3501343494649127,
		0.0574
	],
	"velocity" : 
	[
		0.19600000000000001,
		0.0080000000000000002,
		0.186,
		0.0,
		0.0,
		-0.222,
		0.0
	]
}
