{
	"effort" : [ 0.0, 0.0, 0.0, 0.0, 0.0, 0.0, -0.040000000000000001 ],
	"position" : 
	[
		0.60671135457811565,
		0.45872488730155381,
		-0.17282250253243486,
		-1.3575869053709266,
		-0.077649698421208113,
		1.255520050714324,
		0.011599999999999999
	],
	"velocity" : [ 0.0, -0.245, 0.42299999999999999, 0.0, 0.55200000000000005, 0.0, 0.0 ]
}
