{
	"effort" : [ 0.0, 0.0, 0.0, 0.0, 0.0, 0.0, -0.98899999999999999 ],
	"position" : 
	[
		0.58454567307779315,
		1.477438665105347,
		-0.61391956438885031,
		-1.1891800858460364,
		-0.45062655957230213,
		1.1008489724026254,
		0.050900000000000001
	],
	"velocity" : [ 0.0, -0.0030000000000000001, 0.0, 0.0, 0.27600000000000002, 0.0, 0.0 ]
}
