{
	"effort" : [ 0.0, 0.0, 0.0, 0.0, 0.0, 0.0, -1.0449999999999999 ],
	"position" : 
	[
		0.41893138035609312,
		1.7336355460055299,
		-0.94813266285316011,
		-2.2179993200188735,
		-0.42840851819441994,
		2.6465474645534535,
		0.056099999999999997
	],
	"velocity" : 
	[
		0.0,
		-0.064000000000000001,
		0.0,
		0.0,
		-0.0030000000000000001,
		0.0,
		0.0
	]
}
