{
	"effort" : [ 0.0, 0.0, 0.0, 0.0, 0.0, 0.0, -1.0369999999999999 ],
	"position" : 
	[
		0.40196678002671249,
		1.5020652608509806,
		-0.68388981410128535,
		-1.6322842763422447,
		-0.86036005477038757,
		1.1732277764828121,
		0.0482
	],
	"velocity" : 
	[
		0.129,
		-0.002,
		0.0,
		0.24299999999999999,
		0.27600000000000002,
		-0.28899999999999998,
		0.0
	]
}
