{
	"effort" : [ 0.0, 0.0, 0.0, 0.0, 0.0, 0.0, -1.0429999999999999 ],
	"position" : 
	[
		0.24567254551065981,
		1.5081041000628794,
		-0.77211620778957646,
		-1.7455561447966481,
		-1.2652415346479298,
		1.2190077627626117,
		0.050500000000000003
	],
	"velocity" : [ -0.001, 0.0, 0.125, 0.0, 0.0, -0.16800000000000001, 0.0 ]
}
