{
	"effort" : [ 0.0, 0.0, 0.0, 0.0, 0.0, 0.0, -0.059999999999999998 ],
	"position" : 
	[
		0.30393163594221584,
		1.4939320265366891,
		-0.68785171150331159,
		-1.4908777003456999,
		-0.98846722186673885,
		1.3524905439551043,
		0.063100000000000003
	],
	"velocity" : 
	[
		0.0,
		0.0,
		0.037999999999999999,
		-0.0050000000000000001,
		-0.045999999999999999,
		0.0,
		0.0
	]
}
