{
	"effort" : [ 0.0, 0.0, 0.0, 0.0, 0.0, 0.0, -0.33600000000000002 ],
	"position" : 
	[
		-0.61432099011680907,
		0.0023212879051518723,
		-0.34725070797670415,
		0.6155427205932047,
		0.5644569333873436,
		-0.58180550615216287,
		0.068099999999999994
	],
	"velocity" : 
	[
		0.0,
		0.0,
		0.17499999999999999,
		-0.26600000000000001,
		0.58599999999999997,
		0.0,
		0.0
	]
}
