{
	"effort" : [ 0.0, 0.0, 0.0, 0.0, 0.0, 0.0, 0.0050000000000000001 ],
	"position" : 
	[
		-0.58793161182666143,
		1.7583843147988032,
		-0.73223543438151617,
		1.0038784791618451,
		-0.47956411857036085,
		-1.0538996155239899,
		0.0722
	],
	"velocity" : [ 0.0, 0.0, 0.0, -0.111, 0.012999999999999999, 0.255, 0.0 ]
}
