{
	"effort" : [ 0.0, 0.0, 0.0, 0.0, 0.0, 0.0, -0.085999999999999993 ],
	"position" : 
	[
		-0.37552504185900509,
		1.7745984235498267,
		-0.56953584151064574,
		1.2603371594498269,
		-1.0926633782107742,
		-0.57960639129465064,
		0.061400000000000003
	],
	"velocity" : [ -0.097000000000000003, 0.0, 0.0, 0.0, 0.014999999999999999, 0.0, 0.0 ]
}
