{
	"effort" : [ 0.0, 0.0, 0.0, 0.0, 0.0, 0.0, -0.032000000000000001 ],
	"position" : 
	[
		-0.41620866672298268,
		0.93741634124591777,
		-0.56971037443584527,
		1.9502483594704914,
		-0.20985838925974518,
		-2.0228191497683974,
		0.0424
	],
	"velocity" : 
	[
		0.0,
		-0.10199999999999999,
		0.14399999999999999,
		0.26200000000000001,
		0.30099999999999999,
		-0.050999999999999997,
		0.0
	]
}
