{
	"effort" : [ 0.0, 0.0, 0.0, 0.0, 0.0, 0.0, -1.038 ],
	"position" : 
	[
		-0.55063392571155201,
		1.6979435628022546,
		-0.59068923204481172,
		0.66884507594909814,
		-0.49317768673591322,
		-0.56562630398617952,
		0.064000000000000001
	],
	"velocity" : 
	[
		-0.316,
		0.0,
		0.0,
		-0.091999999999999998,
		0.107,
		-0.68799999999999994,
		0.0
	]
}
