{
	"effort" : [ 0.0, 0.0, 0.0, 0.0, 0.0, 0.0, 0.029999999999999999 ],
	"position" : 
	[
		-0.61432099011680907,
		0.022252947962922084,
		-0.36140532821037458,
		0.72492250481566178,
		0.26698301567750521,
		-0.58180550615216287,
		0.0722
	],
	"velocity" : [ 0.0, -0.51100000000000001, 0.0, -0.63, 1.3819999999999999, 0.0, 0.0 ]
}
