{
	"effort" : [ 0.0, 0.0, 0.0, 0.0, 0.0, 0.0, -1.044 ],
	"position" : 
	[
		-0.61432099011680907,
		1.614481917971907,
		-0.4095066023953261,
		0.82431900571671357,
		-0.4196120587643708,
		-0.73462653545674783,
		0.054899999999999997
	],
	"velocity" : [ 0.0, 0.0, 0.0, 0.54600000000000004, -0.040000000000000001, 0.124, 0.0 ]
}
