{
	"effort" : [ 0.0, 0.0, 0.0, 0.0, 0.0, 0.0, -0.65700000000000003 ],
	"position" : 
	[
		-0.50279445091439945,
		1.7018705536192411,
		-0.58259090431556015,
		0.6824586441146504,
		-0.51827552137958532,
		-0.40105920881567569,
		0.078
	],
	"velocity" : 
	[
		0.025000000000000001,
		0.0,
		0.0,
		-0.16800000000000001,
		-0.151,
		-0.060999999999999999,
		0.0
	]
}
