{
	"effort" : [ 0.0, 0.0, 0.0, 0.0, 0.0, 0.0, -1.0469999999999999 ],
	"position" : 
	[
		-0.63177428263674795,
		1.5999782318878377,
		-0.49530698842334575,
		0.73851861968869403,
		-0.28173104785685354,
		-0.81630794445006183,
		0.057000000000000002
	],
	"velocity" : 
	[
		0.014,
		-0.031,
		0.14499999999999999,
		0.0,
		-0.050999999999999997,
		-0.0030000000000000001,
		0.0
	]
}
