{
	"effort" : [ 0.0, 0.0, 0.0, 0.0, 0.0, 0.0, -0.058000000000000003 ],
	"position" : 
	[
		-0.48703412776889465,
		1.7745984235498267,
		-0.57136843722523944,
		1.1749556524422859,
		-1.0630975006819978,
		-0.48689450142873514,
		0.061400000000000003
	],
	"velocity" : 
	[
		0.0,
		0.0,
		0.0,
		0.11600000000000001,
		0.60699999999999998,
		-0.40200000000000002,
		0.0
	]
}
