{
	"effort" : [ 0.0, 0.0, 0.0, 0.0, 0.0, 0.0, -0.28100000000000003 ],
	"position" : 
	[
		-0.58793161182666143,
		1.7583843147988032,
		-0.73223543438151617,
		1.0012604852838543,
		-0.47970374491052031,
		-1.0538996155239899,
		0.0688
	],
	"velocity" : [ 0.0, 0.0, 0.0, 0.0, 0.0, 0.0, 0.0 ]
}
