{
	"effort" : [ 0.0, 0.0, 0.0, 0.0, 0.0, 0.0, 0.151 ],
	"position" : 
	[
		-0.61432099011680907,
		1.519954885683918,
		-0.40346776318342731,
		1.044178131590384,
		-0.44678683521791557,
		-0.58180550615216287,
		0.0722
	],
	"velocity" : [ 0.0, -0.17100000000000001, 0.0, 0.0, -0.001, 0.0, 0.0 ]
}
