{
	"effort" : [ 0.0, 0.0, 0.0, 0.0, 0.0, 0.0, 0.092999999999999999 ],
	"position" : 
	[
		-0.48474774644878271,
		1.7745984235498267,
		-0.56953584151064574,
		1.1836299388246956,
		-0.99365084974516094,
		-0.58951986144597579,
		0.061600000000000002
	],
	"velocity" : [ 0.0, 0.0, 0.0, -0.122, 0.0, 0.0, 0.0 ]
}
