{
	"effort" : [ 0.0, 0.0, 0.0, 0.0, 0.0, 0.0, -0.19700000000000001 ],
	"position" : 
	[
		-0.61432099011680907,
		0.0023212879051518723,
		-0.0057595865315798337,
		0.63264694726274484,
		0.18580775216726941,
		-0.66521479110495074,
		-0.0028999999999999998
	],
	"velocity" : [ 0.0, 0.0, 0.29099999999999998, 0.0, 0.12, 0.0, 0.0 ]
}
