{
	"effort" : [ 0.0, 0.0, 0.0, 0.0, 0.0, 0.0, -1.04 ],
	"position" : 
	[
		-0.61432099011680907,
		1.614481917971907,
		-0.4095066023953261,
		0.84836964280918936,
		-0.42165409398920362,
		-0.72980942672124449,
		0.054899999999999997
	],
	"velocity" : 
	[
		0.0,
		-0.002,
		0.0,
		0.57499999999999996,
		-0.089999999999999997,
		0.151,
		0.0
	]
}
