{
	"effort" : [ 0.0, 0.0, 0.0, 0.0, 0.0, 0.0, -1.0469999999999999 ],
	"position" : 
	[
		-0.59688515088938998,
		1.7809514220270841,
		-0.5663069823944572,
		0.81192716802755704,
		-0.850498944496622,
		-0.47532296848801575,
		0.054100000000000002
	],
	"velocity" : [ 0.0, 0.0, 0.048000000000000001, 0.0, 0.26200000000000001, 0.0, 0.0 ]
}
