{
	"effort" : [ 0.0, 0.0, 0.0, 0.0, 0.0, 0.0, 0.10000000000000001 ],
	"position" : 
	[
		-0.58793161182666143,
		1.7583843147988032,
		-0.69769536848455715,
		0.89058915741492162,
		-0.50460959333647315,
		-0.95717346837848849,
		0.0722
	],
	"velocity" : 
	[
		0.0,
		0.0,
		-0.23000000000000001,
		0.316,
		0.36399999999999999,
		-0.27800000000000002,
		0.0
	]
}
