{
	"effort" : [ 0.0, 0.0, 0.0, 0.0, 0.0, 0.0, -0.036999999999999998 ],
	"position" : 
	[
		-0.41620866672298268,
		0.93345444384389153,
		-0.39362410620218174,
		1.7060767971165465,
		-0.43996259784261943,
		-2.0211261803939631,
		0.0424
	],
	"velocity" : 
	[
		0.0,
		0.0,
		0.41599999999999998,
		-0.79100000000000004,
		0.13800000000000001,
		0.0,
		0.0
	]
}
