{
	"effort" : [ 0.0, 0.0, 0.0, 0.0, 0.0, 0.0, -1.0449999999999999 ],
	"position" : 
	[
		-0.6313728569087893,
		1.6019679072351107,
		-0.52996922736794438,
		0.74097953393400551,
		-0.27026423467125371,
		-0.77983056308338949,
		0.057000000000000002
	],
	"velocity" : 
	[
		0.0,
		-0.012,
		-0.025999999999999999,
		0.070000000000000007,
		0.126,
		-0.14699999999999999,
		0.0
	]
}
