{
	"effort" : [ 0.0, 0.0, 0.0, 0.0, 0.0, 0.0, 0.13200000000000001 ],
	"position" : 
	[
		-0.61432099011680907,
		1.4475760816037315,
		-0.40168752734639351,
		1.044178131590384,
		-0.34988615514721488,
		-0.58180550615216287,
		0.0722
	],
	"velocity" : [ 0.0, -0.378, 0.0, 0.001, 0.024, 0.0, 0.0 ]
}
