{
	"effort" : [ 0.0, 0.0, 0.0, 0.0, 0.0, 0.0, 0.059999999999999998 ],
	"position" : 
	[
		-0.61432099011680907,
		0.31977922555032029,
		-0.36140532821037458,
		0.9088802079758177,
		-0.021834068942443548,
		-0.58180550615216287,
		0.0722
	],
	"velocity" : 
	[
		0.0,
		-1.1499999999999999,
		0.0,
		-0.64000000000000001,
		0.095000000000000001,
		0.0,
		0.0
	]
}
