{
	"effort" : [ 0.0, 0.0, 0.0, 0.0, 0.0, 0.0, 0.14000000000000001 ],
	"position" : 
	[
		-0.61432099011680907,
		0.54206435908426198,
		-0.36140532821037458,
		0.97782071342957633,
		-0.040526545231298103,
		-0.58180550615216287,
		0.0722
	],
	"velocity" : 
	[
		-0.0030000000000000001,
		-1.423,
		0.0,
		-0.082000000000000003,
		0.10100000000000001,
		0.0,
		0.0
	]
}
