{
	"effort" : [ 0.0, 0.0, 0.0, 0.0, 0.0, 0.0, -1.0469999999999999 ],
	"position" : 
	[
		-0.62341415551969714,
		1.6979435628022546,
		-0.57264252757919498,
		0.61716587679755897,
		-0.45694465146452001,
		-0.68299969618276857,
		0.056000000000000001
	],
	"velocity" : 
	[
		0.0,
		-0.010999999999999999,
		0.155,
		-0.16200000000000001,
		0.0,
		0.084000000000000005,
		0.0
	]
}
