{
	"effort" : [ 0.0, 0.0, 0.0, 0.0, 0.0, 0.0, -0.29299999999999998 ],
	"position" : 
	[
		-0.60432025350288399,
		1.7809514220270841,
		-0.56623716922437739,
		0.70284408977793911,
		-0.64917521527912692,
		-0.45481534977708754,
		0.076799999999999993
	],
	"velocity" : 
	[
		0.0,
		0.0,
		-0.066000000000000003,
		0.0,
		0.049000000000000002,
		0.012999999999999999,
		0.0
	]
}
