{
	"effort" : [ 0.0, 0.0, 0.0, 0.0, 0.0, 0.0, -1.0489999999999999 ],
	"position" : 
	[
		-0.48670251521101582,
		1.7833774296873559,
		-0.57316612635479314,
		1.0333745435205417,
		-1.1130837304591026,
		-0.45493752282472705,
		0.043499999999999997
	],
	"velocity" : 
	[
		0.0,
		0.0,
		0.056000000000000001,
		0.099000000000000005,
		-0.113,
		-0.113,
		0.0
	]
}
