{
	"effort" : [ 0.0, 0.0, 0.0, 0.0, 0.0, 0.0, 0.14000000000000001 ],
	"position" : 
	[
		-0.61432099011680907,
		1.1288615068971275,
		-0.36295867124464914,
		1.0459409141348976,
		-0.42132248143132478,
		-0.58180550615216287,
		0.0722
	],
	"velocity" : [ 0.0, -0.41299999999999998, 0.0, 0.0, 0.50600000000000001, 0.0, 0.0 ]
}
