{
	"effort" : [ 0.0, 0.0, 0.0, 0.0, 0.0, 0.0, -0.059999999999999998 ],
	"position" : 
	[
		-0.44135886124421458,
		1.7745984235498267,
		-0.57136843722523944,
		1.200908698419435,
		-1.0385232648139238,
		-0.55655059187581135,
		0.061400000000000003
	],
	"velocity" : [ 0.28100000000000003, 0.0, 0.02, 0.187, -0.001, 0.0, 0.0 ]
}
