{
	"effort" : [ 0.0, 0.0, 0.0, 0.0, 0.0, 0.0, -0.27000000000000002 ],
	"position" : 
	[
		-0.48474774644878271,
		1.7745984235498267,
		-0.56953584151064574,
		1.1727216309997337,
		-0.97171206104759766,
		-0.58951986144597579,
		0.067500000000000004
	],
	"velocity" : [ -0.012, 0.0, 0.0, -0.097000000000000003, 0.0, 0.0, 0.0 ]
}
