{
	"effort" : [ 0.0, 0.0, 0.0, 0.0, 0.0, 0.0, -0.002 ],
	"position" : 
	[
		-0.48703412776889465,
		1.7761517665841009,
		-0.56908205590512739,
		1.1708541287001002,
		-1.1376056064496169,
		-0.46455428700321338,
		0.061400000000000003
	],
	"velocity" : [ 0.0, 0.0, -0.017999999999999999, 0.0, 0.0, 0.0, 0.0 ]
}
