{
	"effort" : [ 0.0, 0.0, 0.0, 0.0, 0.0, 0.0, -0.85499999999999998 ],
	"position" : 
	[
		-0.49590040036902361,
		1.6979435628022546,
		-0.58850757047981939,
		0.66313784929507802,
		-0.51766465614138746,
		-0.41407936503555021,
		0.078
	],
	"velocity" : 
	[
		0.0,
		-0.027,
		-0.002,
		0.0,
		0.025999999999999999,
		-0.27900000000000003,
		0.0
	]
}
