{
	"effort" : [ 0.0, 0.0, 0.0, 0.0, 0.0, 0.0, 0.14000000000000001 ],
	"position" : 
	[
		-0.61432099011680907,
		1.0837272924405654,
		-0.36295867124464914,
		1.0459409141348976,
		-0.37896334048543312,
		-0.58180550615216287,
		0.0722
	],
	"velocity" : [ 0.0, -0.34699999999999998, 0.0, 0.0, 0.42499999999999999, 0.0, 0.0 ]
}
