{
	"effort" : [ 0.0, 0.0, 0.0, 0.0, 0.0, 0.0, 0.106 ],
	"position" : 
	[
		-0.53243014161325575,
		1.717578516887186,
		-0.55206509569818707,
		1.0722430259624456,
		-0.73878041907649328,
		-0.98843231528169906,
		0.0722
	],
	"velocity" : 
	[
		-0.45200000000000001,
		0.21299999999999999,
		-0.33300000000000002,
		-0.049000000000000002,
		0.0,
		0.53800000000000003,
		0.0
	]
}
