{
	"effort" : [ 0.0, 0.0, 0.0, 0.0, 0.0, 0.0, -0.997 ],
	"position" : 
	[
		-0.50022881691396848,
		1.6979435628022546,
		-0.59068923204481172,
		0.66931631484713638,
		-0.50989794097001462,
		-0.43832198834574532,
		0.076799999999999993
	],
	"velocity" : 
	[
		-0.11899999999999999,
		0.0,
		-0.0089999999999999993,
		0.0,
		0.0,
		-0.13800000000000001,
		0.0
	]
}
