{
	"effort" : [ 0.0, 0.0, 0.0, 0.0, 0.0, 0.0, 0.045999999999999999 ],
	"position" : 
	[
		-0.58793161182666143,
		1.7583843147988032,
		-0.72853533636728907,
		1.0055016353661992,
		-0.49151962394651899,
		-1.0480353092372903,
		0.0722
	],
	"velocity" : 
	[
		0.0,
		0.0,
		-0.029999999999999999,
		0.023,
		-0.019,
		-0.042000000000000003,
		0.0
	]
}
