{
	"effort" : [ 0.0, 0.0, 0.0, 0.0, 0.0, 0.0, -0.036999999999999998 ],
	"position" : 
	[
		-0.41620866672298268,
		1.1120016263228665,
		-0.33784338330845703,
		1.5406195840275259,
		-0.49038515993272297,
		-1.824689373082051,
		0.0424
	],
	"velocity" : 
	[
		0.0,
		0.73499999999999999,
		-0.091999999999999998,
		-0.64400000000000002,
		-0.247,
		1.357,
		0.0
	]
}
