{
	"effort" : [ 0.0, 0.0, 0.0, 0.0, 0.0, 0.0, 0.13600000000000001 ],
	"position" : 
	[
		-0.61432099011680907,
		1.2512963539244988,
		-0.39285616133130447,
		1.044178131590384,
		-0.34180528071048316,
		-0.58180550615216287,
		0.0722
	],
	"velocity" : 
	[
		0.0,
		-0.090999999999999998,
		0.13400000000000001,
		0.0,
		0.082000000000000003,
		0.0,
		0.0
	]
}
