{
	"effort" : [ 0.0, 0.0, 0.0, 0.0, 0.0, 0.0, -0.059999999999999998 ],
	"position" : 
	[
		-0.48703412776889465,
		1.7745984235498267,
		-0.57136843722523944,
		1.1727914441698135,
		-1.1081793552609998,
		-0.46300094396893882,
		0.061400000000000003
	],
	"velocity" : 
	[
		0.0,
		0.0,
		-0.0080000000000000002,
		0.0,
		0.51300000000000001,
		-0.010999999999999999,
		0.0
	]
}
