{
	"effort" : [ 0.0, 0.0, 0.0, 0.0, 0.0, 0.0, -0.035000000000000003 ],
	"position" : 
	[
		-0.41620866672298268,
		0.93345444384389153,
		-0.35082863294329159,
		1.6371537449553077,
		-0.41099013225952097,
		-2.0211261803939631,
		0.0424
	],
	"velocity" : [ 0.0, 0.0, 0.254, -0.23000000000000001, 0.17399999999999999, 0.0, 0.0 ]
}
