{
	"effort" : [ 0.0, 0.0, 0.0, 0.0, 0.0, 0.0, 0.108 ],
	"position" : 
	[
		-0.47359509252854176,
		1.6798095918740381,
		-0.51276028094328463,
		1.1043221776140935,
		-0.73064718476220181,
		-1.0947577733131668,
		0.0722
	],
	"velocity" : 
	[
		-0.46200000000000002,
		0.41299999999999998,
		-0.22800000000000001,
		-0.32400000000000001,
		-0.111,
		0.95799999999999996,
		0.0
	]
}
