{
	"effort" : [ 0.0, 0.0, 0.0, 0.0, 0.0, 0.0, -0.372 ],
	"position" : 
	[
		-0.57353264549771177,
		1.7493260559809549,
		-0.58039178945804781,
		0.70469413878505249,
		-0.57484164243670732,
		-0.39992474480187973,
		0.077200000000000005
	],
	"velocity" : 
	[
		0.23300000000000001,
		-0.23899999999999999,
		0.0,
		0.19900000000000001,
		0.113,
		0.31,
		0.0
	]
}
