{
	"effort" : [ 0.0, 0.0, 0.0, 0.0, 0.0, 0.0, -1.0429999999999999 ],
	"position" : 
	[
		-0.62500240513901162,
		1.6088270511954468,
		-0.52996922736794438,
		0.73001886623148382,
		-0.30977848893639531,
		-0.77133080962617939,
		0.057000000000000002
	],
	"velocity" : 
	[
		-0.042000000000000003,
		-0.154,
		-0.036999999999999998,
		0.001,
		0.52500000000000002,
		0.0,
		0.0
	]
}
