{
	"effort" : [ 0.0, 0.0, 0.0, 0.0, 0.0, 0.0, -0.081000000000000003 ],
	"position" : 
	[
		-0.37351791321921218,
		1.7745984235498267,
		-0.56953584151064574,
		1.2517152329449774,
		-1.0926633782107742,
		-0.57583648011034383,
		0.061400000000000003
	],
	"velocity" : [ 0.032000000000000001, 0.0, 0.0, 0.126, 0.13800000000000001, 0.0, 0.0 ]
}
