{
	"effort" : [ 0.0, 0.0, 0.0, 0.0, 0.0, 0.0, -1.0409999999999999 ],
	"position" : 
	[
		-0.48408452133302499,
		1.7833774296873559,
		-0.57072266540200178,
		1.1809770383616649,
		-1.1601378070928579,
		-0.47342055960334234,
		0.043499999999999997
	],
	"velocity" : 
	[
		-0.002,
		0.0,
		0.0,
		0.19900000000000001,
		0.111,
		-0.032000000000000001,
		0.0
	]
}
