{
	"effort" : [ 0.0, 0.0, 0.0, 0.0, 0.0, 0.0, -1.0469999999999999 ],
	"position" : 
	[
		-0.48408452133302499,
		1.7833774296873559,
		-0.57072266540200178,
		1.1665257121551555,
		-1.17099375504026,
		-0.47102945852811068,
		0.043499999999999997
	],
	"velocity" : 
	[
		0.0,
		0.0,
		0.0050000000000000001,
		0.20300000000000001,
		0.082000000000000003,
		0.0,
		0.0
	]
}
