{
	"effort" : [ 0.0, 0.0, 0.0, 0.0, 0.0, 0.0, -1.069 ],
	"position" : 
	[
		-0.5710019180823207,
		1.6979435628022546,
		-0.59068923204481172,
		0.66127034699544462,
		-0.48829076483033029,
		-0.60641464860527661,
		0.058700000000000002
	],
	"velocity" : 
	[
		-0.33900000000000002,
		0.0,
		-0.001,
		-0.0089999999999999993,
		0.078,
		-0.38900000000000001,
		0.0
	]
}
