{
	"effort" : [ 0.0, 0.0, 0.0, 0.0, 0.0, 0.0, -1.0449999999999999 ],
	"position" : 
	[
		-0.6258925230575284,
		1.5999956851803578,
		-0.47235590875962613,
		0.72401493360462488,
		-0.32239721942831118,
		-0.81864668564773369,
		0.057099999999999998
	],
	"velocity" : 
	[
		0.0,
		-0.0089999999999999993,
		0.036999999999999998,
		-0.0089999999999999993,
		-0.060999999999999999,
		-0.014999999999999999,
		0.0
	]
}
