{
	"effort" : [ 0.0, 0.0, 0.0, 0.0, 0.0, 0.0, -0.035999999999999997 ],
	"position" : 
	[
		-0.41620866672298268,
		0.93717199515063843,
		-0.54026666995470829,
		1.9052886779391289,
		-0.20301669859192914,
		-2.0211261803939631,
		0.0424
	],
	"velocity" : [ 0.0, 0.0, 0.0, -0.28100000000000003, -0.95399999999999996, 0.0, 0.0 ]
}
