{
	"effort" : [ 0.0, 0.0, 0.0, 0.0, 0.0, 0.0, -0.033000000000000002 ],
	"position" : 
	[
		-0.41620866672298268,
		0.93577573174904338,
		-0.53672365157316071,
		1.8733840592126805,
		-0.397847802992007,
		-2.0211261803939631,
		0.0424
	],
	"velocity" : 
	[
		0.0,
		0.0,
		0.070000000000000007,
		-0.037999999999999999,
		-0.52500000000000002,
		0.0,
		0.0
	]
}
