{
	"effort" : [ 0.0, 0.0, 0.0, 0.0, 0.0, 0.0, -1.0449999999999999 ],
	"position" : 
	[
		-0.48696431459881495,
		1.7745984235498267,
		-0.58353338211163674,
		1.1499450842612136,
		-0.85856236564083388,
		-0.54216907883938159,
		0.051499999999999997
	],
	"velocity" : 
	[
		0.0,
		0.0,
		-0.047,
		-0.095000000000000001,
		0.021000000000000001,
		-0.0030000000000000001,
		0.0
	]
}
