{
	"effort" : [ 0.0, 0.0, 0.0, 0.0, 0.0, 0.0, -1.0429999999999999 ],
	"position" : 
	[
		-0.48253117829875042,
		1.7833774296873559,
		-0.56897733615000778,
		1.1255628346108588,
		-1.176980234374599,
		-0.45493752282472705,
		0.043499999999999997
	],
	"velocity" : [ -0.075999999999999998, 0.0, 0.0, 0.628, -0.13, 0.0, 0.0 ]
}
