{
	"effort" : [ 0.0, 0.0, 0.0, 0.0, 0.0, 0.0, -1.0429999999999999 ],
	"position" : 
	[
		-0.61432099011680907,
		1.614481917971907,
		-0.4095066023953261,
		0.72993159976888422,
		-0.41582469428754404,
		-0.7390771250493321,
		0.054899999999999997
	],
	"velocity" : [ 0.0, 0.0, 0.0, 0.0, -0.047, 0.45400000000000001, 0.0 ]
}
