{
	"effort" : [ 0.0, 0.0, 0.0, 0.0, 0.0, 0.0, 0.035000000000000003 ],
	"position" : 
	[
		-0.41994367132224958,
		0.20642009063331723,
		-0.25656340004310163,
		1.3847616818244712,
		-0.069551370691956466,
		-1.8915180301408971,
		0.042599999999999999
	],
	"velocity" : 
	[
		0.0,
		1.3540000000000001,
		-0.46899999999999997,
		0.67800000000000005,
		-0.159,
		0.0,
		0.0
	]
}
