{
	"effort" : [ 0.0, 0.0, 0.0, 0.0, 0.0, 0.0, -0.032000000000000001 ],
	"position" : 
	[
		-0.41620866672298268,
		0.93345444384389153,
		-0.3351381229678666,
		1.6133823605431508,
		-0.40025635735975856,
		-2.0211261803939631,
		0.0424
	],
	"velocity" : 
	[
		0.0,
		0.0,
		0.027,
		-0.0030000000000000001,
		0.085999999999999993,
		-0.0030000000000000001,
		0.0
	]
}
