{
	"effort" : [ 0.0, 0.0, 0.0, 0.0, 0.0, 0.0, -1.0429999999999999 ],
	"position" : 
	[
		-0.62341415551969714,
		1.6909622457942795,
		-0.5524316148411057,
		0.60917226882342701,
		-0.45694465146452001,
		-0.65690702386545985,
		0.056000000000000001
	],
	"velocity" : [ 0.0, 0.0, 0.17499999999999999, -0.019, 0.0, 0.128, 0.0 ]
}
