{
	"effort" : [ 0.0, 0.0, 0.0, 0.0, 0.0, 0.0, -0.19700000000000001 ],
	"position" : 
	[
		-0.61432099011680907,
		0.0023212879051518723,
		-0.27817057618278601,
		0.59130009728300958,
		0.68080058132525623,
		-0.58180550615216287,
		-0.0028999999999999998
	],
	"velocity" : 
	[
		0.0,
		0.0,
		0.021000000000000001,
		-0.0050000000000000001,
		0.037999999999999999,
		0.0,
		0.0
	]
}
