{
	"effort" : [ 0.0, 0.0, 0.0, 0.0, 0.0, 0.0, -1.0409999999999999 ],
	"position" : 
	[
		-0.58159606664192354,
		1.7602867236834763,
		-0.73303828583743336,
		0.95457292779301761,
		-0.44275512464580974,
		-0.76911424147614704,
		0.0436
	],
	"velocity" : [ 0.0, 0.0, 0.0, 0.0, 0.0, 0.017000000000000001, 0.0 ]
}
