{
	"effort" : [ 0.0, 0.0, 0.0, 0.0, 0.0, 0.0, -0.059999999999999998 ],
	"position" : 
	[
		-0.43575635434531423,
		1.7745984235498267,
		-0.57136843722523944,
		1.2031078132769475,
		-1.0385232648139238,
		-0.55655059187581135,
		0.061400000000000003
	],
	"velocity" : 
	[
		0.26700000000000002,
		0.0,
		0.0070000000000000001,
		0.19700000000000001,
		-0.019,
		0.0,
		0.0
	]
}
