{
	"effort" : [ 0.0, 0.0, 0.0, 0.0, 0.0, 0.0, -1.044 ],
	"position" : 
	[
		-0.47739991029788847,
		1.7833774296873559,
		-0.57051322589176245,
		1.0494315726388854,
		-1.1293152925026457,
		-0.45493752282472705,
		0.043499999999999997
	],
	"velocity" : [ 0.11600000000000001, 0.0, 0.01, 0.151, -0.13200000000000001, 0.0, 0.0 ]
}
