{
	"effort" : [ 0.0, 0.0, 0.0, 0.0, 0.0, 0.0, -1.044 ],
	"position" : 
	[
		-0.62341415551969714,
		1.6894787159300844,
		-0.53820718143735546,
		0.60055034231857718,
		-0.46067965606378691,
		-0.6517233959870381,
		0.056000000000000001
	],
	"velocity" : 
	[
		0.0,
		0.0,
		0.097000000000000003,
		-0.0089999999999999993,
		-0.115,
		0.0,
		0.0
	]
}
