{
	"effort" : [ 0.0, 0.0, 0.0, 0.0, 0.0, 0.0, 0.048000000000000001 ],
	"position" : 
	[
		-0.58793161182666143,
		1.7583843147988032,
		-0.73223543438151617,
		1.0066360993799952,
		-0.48413688121058485,
		-1.0538996155239899,
		0.0722
	],
	"velocity" : 
	[
		0.0,
		0.0,
		0.0,
		-0.001,
		0.070000000000000007,
		-0.070000000000000007,
		0.0
	]
}
