{
	"effort" : [ 0.0, 0.0, 0.0, 0.0, 0.0, 0.0, -0.031 ],
	"position" : 
	[
		-0.41620866672298268,
		1.0218379171648622,
		-0.33541737564818558,
		1.5968715458192886,
		-0.46994735439187446,
		-1.9697611405077828,
		0.0424
	],
	"velocity" : 
	[
		0.0,
		0.65100000000000002,
		0.0,
		-0.153,
		-0.052999999999999999,
		0.53400000000000003,
		0.0
	]
}
