{
	"effort" : [ 0.0, 0.0, 0.0, 0.0, 0.0, 0.0, 0.10199999999999999 ],
	"position" : 
	[
		-0.58793161182666143,
		1.7583843147988032,
		-0.65954247103597063,
		0.87420051573869906,
		-0.56128043414871465,
		-0.85456556165376785,
		0.0722
	],
	"velocity" : 
	[
		0.0,
		0.0,
		-0.105,
		-0.087999999999999995,
		0.54800000000000004,
		-0.014999999999999999,
		0.0
	]
}
