{
	"effort" : [ 0.0, 0.0, 0.0, 0.0, 0.0, 0.0, 0.113 ],
	"position" : 
	[
		-0.58793161182666143,
		1.7583843147988032,
		-0.69586277276996344,
		0.88791880365937115,
		-0.50797807879282142,
		-0.95471255413317713,
		0.0722
	],
	"velocity" : 
	[
		0.034000000000000002,
		0.0,
		-0.25,
		0.39600000000000002,
		0.037999999999999999,
		-0.44600000000000001,
		0.0
	]
}
