{
	"effort" : [ 0.0, 0.0, 0.0, 0.0, 0.0, 0.0, 0.109 ],
	"position" : 
	[
		-0.58793161182666143,
		1.7583843147988032,
		-0.6462256088432573,
		0.90828679603013962,
		-0.64350289521014681,
		-0.8337961435550405,
		0.0722
	],
	"velocity" : [ -0.002, 0.0, 0.0, -0.29499999999999998, 0.0, 0.184, 0.0 ]
}
