{
	"effort" : [ 0.0, 0.0, 0.0, 0.0, 0.0, 0.0, -1.0429999999999999 ],
	"position" : 
	[
		-0.58358574198919655,
		1.7602867236834763,
		-0.73303828583743336,
		0.93977253573610953,
		-0.43369686582796146,
		-0.7547327284397175,
		0.0436
	],
	"velocity" : 
	[
		-0.033000000000000002,
		0.0,
		0.0,
		-0.32200000000000001,
		0.084000000000000005,
		0.13,
		0.0
	]
}
