{
	"effort" : [ 0.0, 0.0, 0.0, 0.0, 0.0, 0.0, -0.040000000000000001 ],
	"position" : 
	[
		-0.41620866672298268,
		0.93345444384389153,
		-0.33948399280533131,
		1.6205033038912859,
		-0.40191442014915274,
		-2.0211261803939631,
		0.0424
	],
	"velocity" : [ 0.0, 0.0, 0.11799999999999999, -0.105, 0.12, 0.0, 0.0 ]
}
