{
	"effort" : [ 0.0, 0.0, 0.0, 0.0, 0.0, 0.0, -1.044 ],
	"position" : 
	[
		-0.48670251521101582,
		1.7808816088570043,
		-0.60702551384347458,
		0.75895642522954254,
		-0.95733054801116801,
		-0.56313048315582825,
		0.0436
	],
	"velocity" : 
	[
		0.108,
		-0.001,
		0.33100000000000002,
		-0.045999999999999999,
		-1.399,
		0.99299999999999999,
		0.0
	]
}
