{
	"effort" : [ 0.0, 0.0, 0.0, 0.0, 0.0, 0.0, 0.14099999999999999 ],
	"position" : 
	[
		-0.61432099011680907,
		1.0541090550342291,
		-0.36295867124464914,
		1.0459409141348976,
		-0.35725144459062919,
		-0.58180550615216287,
		0.0722
	],
	"velocity" : [ 0.01, -0.371, 0.0, 0.0, 0.124, 0.0, 0.0 ]
}
