{
	"effort" : [ 0.0, 0.0, 0.0, 0.0, 0.0, 0.0, -1.042 ],
	"position" : 
	[
		-0.48408452133302499,
		1.7833774296873559,
		-0.57072266540200178,
		1.1577816126026661,
		-1.1829841670014578,
		-0.46413540798273484,
		0.043499999999999997
	],
	"velocity" : 
	[
		-0.023,
		0.0,
		0.0,
		0.0,
		-0.0030000000000000001,
		-0.089999999999999997,
		0.0
	]
}
