{
	"effort" : [ 0.0, 0.0, 0.0, 0.0, 0.0, 0.0, -1.046 ],
	"position" : 
	[
		-0.61432099011680907,
		1.6100836882568825,
		-0.41083305262684156,
		0.70083696113814609,
		-0.40212385965939201,
		-0.80559162284281927,
		0.054899999999999997
	],
	"velocity" : 
	[
		0.0,
		0.035999999999999997,
		0.032000000000000001,
		0.0,
		-0.14699999999999999,
		0.27400000000000002,
		0.0
	]
}
