{
	"effort" : [ 0.0, 0.0, 0.0, 0.0, 0.0, 0.0, 0.124 ],
	"position" : 
	[
		-0.61432099011680907,
		1.2691685254649161,
		-0.39971530529164045,
		1.044178131590384,
		-0.34180528071048316,
		-0.58180550615216287,
		0.0722
	],
	"velocity" : [ 0.0, -0.30499999999999999, 0.040000000000000001, 0.0, 0.0, 0.0, 0.0 ]
}
