{
	"effort" : [ 0.0, 0.0, 0.0, 0.0, 0.0, 0.0, 0.21299999999999999 ],
	"position" : 
	[
		-0.59857812026382407,
		1.7809514220270841,
		-0.55251888130370541,
		0.77290160595297375,
		-0.7845080454787331,
		-0.47082001901787146,
		0.0579
	],
	"velocity" : [ 0.0, 0.0, 0.0, -0.76500000000000001, 0.19900000000000001, 0.0, 0.0 ]
}
