{
	"effort" : [ 0.0, 0.0, 0.0, 0.0, 0.0, 0.0, -0.378 ],
	"position" : 
	[
		-0.60185933925757262,
		1.7788570269246915,
		-0.57655206510366119,
		0.68827059052379014,
		-0.60151027340717378,
		-0.4158945074576238,
		0.076999999999999999
	],
	"velocity" : 
	[
		0.065000000000000002,
		-0.090999999999999998,
		-0.058999999999999997,
		0.111,
		0.14099999999999999,
		0.151,
		0.0
	]
}
