{
	"effort" : [ 0.0, 0.0, 0.0, 0.0, 0.0, 0.0, 0.11 ],
	"position" : 
	[
		-0.58793161182666143,
		1.7566215322542895,
		-0.6118426225789777,
		0.99303998450696296,
		-0.70635220157444667,
		-0.92800901657767065,
		0.0722
	],
	"velocity" : 
	[
		0.0,
		0.019,
		-0.189,
		-0.439,
		0.46500000000000002,
		0.0050000000000000001,
		0.0
	]
}
