{
	"effort" : [ 0.0, 0.0, 0.0, 0.0, 0.0, 0.0, -1.014 ],
	"position" : 
	[
		-0.51958451831858066,
		1.6979435628022546,
		-0.59068923204481172,
		0.67079984471133125,
		-0.49972267143089028,
		-0.49431215074970919,
		0.073499999999999996
	],
	"velocity" : 
	[
		-0.18099999999999999,
		0.0,
		0.0,
		0.0,
		0.084000000000000005,
		-0.56499999999999995,
		0.0
	]
}
