{
	"effort" : [ 0.0, 0.0, 0.0, 0.0, 0.0, 0.0, -1.04 ],
	"position" : 
	[
		-0.47389179850138069,
		1.7833774296873559,
		-0.57051322589176245,
		1.0543534011295084,
		-1.1473270903832227,
		-0.45493752282472705,
		0.043499999999999997
	],
	"velocity" : 
	[
		0.001,
		0.0,
		0.023,
		0.023,
		-0.22600000000000001,
		0.0030000000000000001,
		0.0
	]
}
