{
	"effort" : [ 0.0, 0.0, 0.0, 0.0, 0.0, 0.0, -1.0429999999999999 ],
	"position" : 
	[
		-0.61432099011680907,
		1.614481917971907,
		-0.4095066023953261,
		0.95281014524850383,
		-0.42833870502434024,
		-0.61569980022588422,
		0.054899999999999997
	],
	"velocity" : [ 0.0, 0.0, 0.0, 0.14299999999999999, -0.001, 0.191, 0.0 ]
}
