{
	"effort" : [ 0.0, 0.0, 0.0, 0.0, 0.0, 0.0, -1.04 ],
	"position" : 
	[
		-0.53639203901528187,
		1.7769371647474981,
		-0.72492250481566178,
		0.79166389541190807,
		-0.50890310329637811,
		-0.6647435522069125,
		0.0436
	],
	"velocity" : 
	[
		0.002,
		0.0,
		0.18099999999999999,
		0.0050000000000000001,
		-1.0,
		0.0,
		0.0
	]
}
