{
	"effort" : [ 0.0, 0.0, 0.0, 0.0, 0.0, 0.0, -0.17699999999999999 ],
	"position" : 
	[
		-0.61432099011680907,
		0.0023212879051518723,
		-0.27817057618278601,
		0.59130009728300958,
		0.68080058132525623,
		-0.58180550615216287,
		-0.0028999999999999998
	],
	"velocity" : 
	[
		0.0,
		0.0,
		0.041000000000000002,
		-0.001,
		0.091999999999999998,
		0.0,
		0.0
	]
}
