{
	"effort" : [ 0.0, 0.0, 0.0, 0.0, 0.0, 0.0, -0.65000000000000002 ],
	"position" : 
	[
		-0.51190506960980764,
		1.7034937098235952,
		-0.58082812177104637,
		0.70849895655439932,
		-0.50104912166240567,
		-0.39399062534510049,
		0.078
	],
	"velocity" : 
	[
		0.070000000000000007,
		0.0,
		-0.031,
		-0.14099999999999999,
		0.0,
		-0.028000000000000001,
		0.0
	]
}
