{
	"effort" : [ 0.0, 0.0, 0.0, 0.0, 0.0, 0.0, -0.51500000000000001 ],
	"position" : 
	[
		-0.41994367132224958,
		0.0037175513067469832,
		-0.055484016920885726,
		1.6711353054916285,
		0.049288098076307414,
		-1.8855140975140381,
		-0.0041999999999999997
	],
	"velocity" : 
	[
		0.0,
		0.0,
		-0.050999999999999997,
		0.0,
		-0.049000000000000002,
		-0.001,
		0.0
	]
}
