{
	"effort" : [ 0.0, 0.0, 0.0, 0.0, 0.0, 0.0, 0.11799999999999999 ],
	"position" : 
	[
		-0.58793161182666143,
		1.7583843147988032,
		-0.650868184653561,
		0.87992519568523886,
		-0.61177280940889789,
		-0.83004368566325359,
		0.0722
	],
	"velocity" : 
	[
		0.0,
		0.0,
		-0.113,
		-0.17399999999999999,
		0.48699999999999999,
		-0.33300000000000002,
		0.0
	]
}
