{
	"effort" : [ 0.0, 0.0, 0.0, 0.0, 0.0, 0.0, -1.0449999999999999 ],
	"position" : 
	[
		-0.48466047998618295,
		1.7833774296873559,
		-0.57072266540200178,
		1.2061272328828967,
		-1.1475888897710218,
		-0.47982591795815993,
		0.043499999999999997
	],
	"velocity" : 
	[
		0.0,
		0.0,
		0.0,
		0.0050000000000000001,
		0.0,
		-0.0050000000000000001,
		0.0
	]
}
