{
	"effort" : [ 0.0, 0.0, 0.0, 0.0, 0.0, 0.0, 0.11 ],
	"position" : 
	[
		-0.43655920580123148,
		1.637031571907668,
		-0.5004906163017675,
		1.1570136677317888,
		-0.71460760893637787,
		-1.2089721195636469,
		0.0722
	],
	"velocity" : 
	[
		-0.26300000000000001,
		0.443,
		-0.033000000000000002,
		-0.72599999999999998,
		-0.060999999999999999,
		1.1559999999999999,
		0.0
	]
}
