{
	"effort" : [ 0.0, 0.0, 0.0, 0.0, 0.0, 0.0, -0.61899999999999999 ],
	"position" : 
	[
		-0.518083535161866,
		1.7034937098235952,
		-0.58039178945804781,
		0.75071847116013135,
		-0.52745595324507311,
		-0.37800340939683647,
		0.078
	],
	"velocity" : 
	[
		0.0,
		-0.0070000000000000001,
		0.0,
		0.095000000000000001,
		0.27000000000000002,
		0.0,
		0.0
	]
}
