{
	"effort" : [ 0.0, 0.0, 0.0, 0.0, 0.0, 0.0, 0.039 ],
	"position" : 
	[
		-0.41994367132224958,
		0.0037175513067469832,
		-0.13693853311144052,
		1.4209249039257847,
		0.010821041362362111,
		-1.8915180301408971,
		0.047500000000000001
	],
	"velocity" : 
	[
		0.0,
		0.0,
		-0.35399999999999998,
		-0.97899999999999998,
		0.16600000000000001,
		0.0,
		0.0
	]
}
