{
	"effort" : [ 0.0, 0.0, 0.0, 0.0, 0.0, 0.0, 0.14000000000000001 ],
	"position" : 
	[
		-0.61432099011680907,
		0.7278546579590115,
		-0.36140532821037458,
		1.0096206124009051,
		-0.1397136066221108,
		-0.58180550615216287,
		0.0722
	],
	"velocity" : 
	[
		0.0,
		-1.306,
		0.0080000000000000002,
		-0.060999999999999999,
		1.089,
		0.0,
		0.0
	]
}
