{
	"effort" : [ 0.0, 0.0, 0.0, 0.0, 0.0, 0.0, -1.05 ],
	"position" : 
	[
		-0.48670251521101582,
		1.7833774296873559,
		-0.57316612635479314,
		0.91381948975896021,
		-1.1073415972200427,
		-0.45493752282472705,
		0.0436
	],
	"velocity" : [ 0.0, 0.0, 0.0, 0.23499999999999999, 0.0, 0.0, 0.0 ]
}
