{
	"effort" : [ 0.0, 0.0, 0.0, 0.0, 0.0, 0.0, 0.045999999999999999 ],
	"position" : 
	[
		-0.58793161182666143,
		1.7583843147988032,
		-0.73223543438151617,
		1.0114008482379386,
		-0.48720866069409402,
		-1.0538996155239899,
		0.0722
	],
	"velocity" : 
	[
		0.0,
		0.0,
		-0.002,
		-0.10100000000000001,
		0.014999999999999999,
		-0.014999999999999999,
		0.0
	]
}
