{
	"effort" : [ 0.0, 0.0, 0.0, 0.0, 0.0, 0.0, -0.043999999999999997 ],
	"position" : 
	[
		-0.41620866672298268,
		1.1570136677317888,
		-0.34904839710625779,
		1.5009657034222244,
		-0.50783845245266179,
		-1.749273696103395,
		0.0424
	],
	"velocity" : 
	[
		0.0,
		0.81200000000000006,
		-0.28999999999999998,
		-0.52700000000000002,
		-0.17000000000000001,
		1.2190000000000001,
		0.0
	]
}
