{
	"effort" : [ 0.0, 0.0, 0.0, 0.0, 0.0, 0.0, -1.046 ],
	"position" : 
	[
		-0.4906818659055619,
		1.7745984235498267,
		-0.58323667613879793,
		1.1308686355369202,
		-0.85933031051171105,
		-0.55180329631038794,
		0.0516
	],
	"velocity" : 
	[
		-0.085999999999999993,
		0.0,
		-0.051999999999999998,
		-0.084000000000000005,
		-0.105,
		-0.161,
		0.0
	]
}
