{
	"effort" : [ 0.0, 0.0, 0.0, 0.0, 0.0, 0.0, 0.14199999999999999 ],
	"position" : 
	[
		-0.61432099011680907,
		1.2473693631075125,
		-0.36749652729983329,
		1.0459409141348976,
		-0.34714598822158454,
		-0.58180550615216287,
		0.0722
	],
	"velocity" : [ 0.0, 0.0, 0.044999999999999998, 0.0, -0.22, 0.0, 0.0 ]
}
