{
	"effort" : [ 0.0, 0.0, 0.0, 0.0, 0.0, 0.0, 0.115 ],
	"position" : 
	[
		-0.44052110320325755,
		1.6435940098951651,
		-0.50239302518644091,
		1.1484441011044988,
		-0.71534064722221524,
		-1.1949920322551759,
		0.0722
	],
	"velocity" : 
	[
		-0.27500000000000002,
		0.46500000000000002,
		-0.028000000000000001,
		-0.49399999999999999,
		-0.182,
		1.0409999999999999,
		0.0
	]
}
