{
	"effort" : [ 0.0, 0.0, 0.0, 0.0, 0.0, 0.0, -1.036 ],
	"position" : 
	[
		-0.48408452133302499,
		1.7833774296873559,
		-0.56897733615000778,
		1.1450232557705908,
		-1.1829841670014578,
		-0.45493752282472705,
		0.043499999999999997
	],
	"velocity" : 
	[
		-0.016,
		0.0,
		0.0,
		0.23699999999999999,
		-0.010999999999999999,
		-0.0030000000000000001,
		0.0
	]
}
