{
	"effort" : [ 0.0, 0.0, 0.0, 0.0, 0.0, 0.0, -1.0409999999999999 ],
	"position" : 
	[
		-0.53639203901528187,
		1.7769371647474981,
		-0.73124059670787966,
		0.72439890604006363,
		-0.42374848909159629,
		-0.6647435522069125,
		0.0436
	],
	"velocity" : [ -0.002, 0.0, 0.0, 0.85299999999999998, -0.64800000000000002, 0.0, 0.0 ]
}
