{
	"effort" : [ 0.0, 0.0, 0.0, 0.0, 0.0, 0.0, -1.038 ],
	"position" : 
	[
		-0.48696431459881495,
		1.7745984235498267,
		-0.56084410183571631,
		1.1562282695683916,
		-0.93930129683807106,
		-0.572031662340997,
		0.050700000000000002
	],
	"velocity" : 
	[
		0.0,
		0.0,
		-0.0030000000000000001,
		0.0,
		0.19900000000000001,
		0.021000000000000001,
		0.0
	]
}
