{
	"effort" : [ 0.0, 0.0, 0.0, 0.0, 0.0, 0.0, 0.14899999999999999 ],
	"position" : 
	[
		-0.61432099011680907,
		1.5329750419037924,
		-0.40346776318342731,
		1.044178131590384,
		-0.44200463306745236,
		-0.58180550615216287,
		0.0722
	],
	"velocity" : [ 0.0, -0.214, 0.0, 0.0, -0.28299999999999997, 0.0, 0.0 ]
}
