{
	"effort" : [ 0.0, 0.0, 0.0, 0.0, 0.0, 0.0, -1.0349999999999999 ],
	"position" : 
	[
		-0.50171234677816323,
		1.7810561417822037,
		-0.65256115402799508,
		0.77501345434788627,
		-0.77674133030736026,
		-0.65085073136104099,
		0.0436
	],
	"velocity" : 
	[
		0.23899999999999999,
		0.039,
		0.48799999999999999,
		-0.073999999999999996,
		-1.99,
		0.45800000000000002,
		0.0
	]
}
