{
	"effort" : [ 0.0, 0.0, 0.0, 0.0, 0.0, 0.0, -0.193 ],
	"position" : 
	[
		-0.61432099011680907,
		0.0023212879051518723,
		-0.020996310901486483,
		0.63264694726274484,
		0.18744836166414369,
		-0.66521479110495074,
		-0.0028999999999999998
	],
	"velocity" : [ 0.0, 0.0, 0.50800000000000001, 0.0, -0.057000000000000002, 0.0, 0.0 ]
}
