{
	"effort" : [ 0.0, 0.0, 0.0, 0.0, 0.0, 0.0, -0.27900000000000003 ],
	"position" : 
	[
		-0.60432025350288399,
		1.7809514220270841,
		-0.57047831930672244,
		0.69713686312391898,
		-0.62753313255440268,
		-0.43626249982839244,
		0.076799999999999993
	],
	"velocity" : 
	[
		0.0,
		0.0,
		0.0,
		-0.040000000000000001,
		0.021000000000000001,
		0.021000000000000001,
		0.0
	]
}
