{
	"effort" : [ 0.0, 0.0, 0.0, 0.0, 0.0, 0.0, -1.048 ],
	"position" : 
	[
		-0.5941449839637597,
		1.7809514220270841,
		-0.56981509419096488,
		0.82554073619310941,
		-0.90092150658672554,
		-0.47853437431168444,
		0.054100000000000002
	],
	"velocity" : 
	[
		0.0,
		0.0,
		0.0,
		-0.34499999999999997,
		0.17199999999999999,
		0.0070000000000000001,
		0.0
	]
}
