{
	"effort" : [ 0.0, 0.0, 0.0, 0.0, 0.0, 0.0, -0.27900000000000003 ],
	"position" : 
	[
		-0.60432025350288399,
		1.7809514220270841,
		-0.57047831930672244,
		0.70092422760074569,
		-0.63346725201118204,
		-0.44364524256432664,
		0.076799999999999993
	],
	"velocity" : 
	[
		0.0,
		0.0,
		0.0,
		-0.001,
		0.067000000000000004,
		-0.13200000000000001,
		0.0
	]
}
