{
	"effort" : [ 0.0, 0.0, 0.0, 0.0, 0.0, 0.0, -0.037999999999999999 ],
	"position" : 
	[
		-0.41854740792065454,
		1.0462027135226968,
		-0.5729392335520338,
		1.7203361371053363,
		-0.33354987334855213,
		-1.9007508218839446,
		0.0424
	],
	"velocity" : 
	[
		0.0030000000000000001,
		0.0,
		-0.029000000000000001,
		0.76800000000000002,
		0.16600000000000001,
		-0.51500000000000001,
		0.0
	]
}
