{
	"effort" : [ 0.0, 0.0, 0.0, 0.0, 0.0, 0.0, -0.035000000000000003 ],
	"position" : 
	[
		-0.41620866672298268,
		0.93577573174904338,
		-0.51424381080747938,
		1.857850628869935,
		-0.45193555651129758,
		-2.0211261803939631,
		0.0424
	],
	"velocity" : 
	[
		0.0,
		0.0,
		0.28000000000000003,
		-0.20999999999999999,
		-0.56299999999999994,
		0.0,
		0.0
	]
}
