{
	"effort" : [ 0.0, 0.0, 0.0, 0.0, 0.0, 0.0, 0.10199999999999999 ],
	"position" : 
	[
		-0.47699848456992983,
		1.6826719318473082,
		-0.51307444020864357,
		1.1043221776140935,
		-0.73064718476220181,
		-1.0947577733131668,
		0.0722
	],
	"velocity" : 
	[
		-0.47999999999999998,
		0.39900000000000002,
		-0.20499999999999999,
		-0.32400000000000001,
		-0.042000000000000003,
		0.95799999999999996,
		0.0
	]
}
