{
	"effort" : [ 0.0, 0.0, 0.0, 0.0, 0.0, 0.0, 0.112 ],
	"position" : 
	[
		-0.46397832835005542,
		1.6713098384168281,
		-0.50707050758178462,
		1.11098933535671,
		-0.72830844356452995,
		-1.1179008391946057,
		0.0722
	],
	"velocity" : 
	[
		-0.42799999999999999,
		0.39200000000000002,
		-0.125,
		-0.50600000000000001,
		-0.10100000000000001,
		1.175,
		0.0
	]
}
