{
	"effort" : [ 0.0, 0.0, 0.0, 0.0, 0.0, 0.0, -0.039 ],
	"position" : 
	[
		-0.41620866672298268,
		1.0843905175563231,
		-0.33541737564818558,
		1.5615111751738928,
		-0.48349110938734707,
		-1.8730698999473216,
		0.0424
	],
	"velocity" : 
	[
		0.0,
		0.74199999999999999,
		-0.017999999999999999,
		-0.65000000000000002,
		-0.182,
		1.2709999999999999,
		0.0
	]
}
