{
	"effort" : [ 0.0, 0.0, 0.0, 0.0, 0.0, 0.0, 0.108 ],
	"position" : 
	[
		-0.41620866672298268,
		1.3388769757895522,
		-0.44067818283593702,
		1.3897358701926541,
		-0.63339743884110211,
		-1.463755283769715,
		0.043400000000000001
	],
	"velocity" : 
	[
		0.0,
		0.80500000000000005,
		-0.48099999999999998,
		-0.073999999999999996,
		-0.65100000000000002,
		1.466,
		0.0
	]
}
