{
	"effort" : [ 0.0, 0.0, 0.0, 0.0, 0.0, 0.0, -1.0389999999999999 ],
	"position" : 
	[
		-0.48696431459881495,
		1.7745984235498267,
		-0.56084410183571631,
		1.1562282695683916,
		-0.92313954796460773,
		-0.56695275421769498,
		0.050700000000000002
	],
	"velocity" : [ 0.0, 0.0, -0.014, 0.0, 0.14299999999999999, 0.067000000000000004, 0.0 ]
}
