{
	"effort" : [ 0.0, 0.0, 0.0, 0.0, 0.0, 0.0, 0.14000000000000001 ],
	"position" : 
	[
		-0.61432099011680907,
		1.207296603481733,
		-0.36295867124464914,
		1.0459409141348976,
		-0.43751913688982808,
		-0.58180550615216287,
		0.0722
	],
	"velocity" : [ 0.0, -0.42999999999999999, 0.0, 0.0, 0.010999999999999999, 0.0, 0.0 ]
}
