{
	"effort" : [ 0.0, 0.0, 0.0, 0.0, 0.0, 0.0, 0.10299999999999999 ],
	"position" : 
	[
		-0.58793161182666143,
		1.7583843147988032,
		-0.62515948477169114,
		0.95708620191588889,
		-0.6749188217460369,
		-0.91928237031770121,
		0.0722
	],
	"velocity" : 
	[
		0.0,
		0.0,
		-0.16,
		-0.61899999999999999,
		0.30399999999999999,
		0.182,
		0.0
	]
}
