{
	"effort" : [ 0.0, 0.0, 0.0, 0.0, 0.0, 0.0, -1.0449999999999999 ],
	"position" : 
	[
		-0.59688515088938998,
		1.7809514220270841,
		-0.55251888130370541,
		0.8011759398352748,
		-0.80169953861087295,
		-0.47361254582106166,
		0.054100000000000002
	],
	"velocity" : [ 0.0, 0.0, 0.0, -0.19700000000000001, 0.13, 0.028000000000000001, 0.0 ]
}
