{
	"effort" : [ 0.0, 0.0, 0.0, 0.0, 0.0, 0.0, -0.055 ],
	"position" : 
	[
		-0.47041859328991287,
		1.7745984235498267,
		-0.57136843722523944,
		1.1840313645526543,
		-1.0385232648139238,
		-0.55196037594306735,
		0.061400000000000003
	],
	"velocity" : [ 0.17499999999999999, 0.0, 0.0, 0.042000000000000003, 0.0, -0.22, 0.0 ]
}
