{
	"effort" : [ 0.0, 0.0, 0.0, 0.0, 0.0, 0.0, -0.20300000000000001 ],
	"position" : 
	[
		-0.61432099011680907,
		0.0023212879051518723,
		-0.031974431896528044,
		0.63264694726274484,
		0.19193385784176797,
		-0.66521479110495074,
		-0.0028999999999999998
	],
	"velocity" : [ 0.0, 0.0, 0.58899999999999997, 0.0, -0.191, -0.001, 0.0 ]
}
