{
	"effort" : [ 0.0, 0.0, 0.0, 0.0, 0.0, 0.0, -0.039 ],
	"position" : 
	[
		-0.41620866672298268,
		1.156943854561709,
		-0.34707617505150473,
		1.5052941199671692,
		-0.50794317220778151,
		-1.7575116501728059,
		0.0424
	],
	"velocity" : 
	[
		0.0,
		0.81200000000000006,
		-0.29999999999999999,
		-0.56899999999999995,
		-0.17000000000000001,
		1.3440000000000001,
		0.0
	]
}
