{
	"effort" : [ 0.0, 0.0, 0.0, 0.0, 0.0, 0.0, -0.099000000000000005 ],
	"position" : 
	[
		-0.61432099011680907,
		0.0023212879051518723,
		-0.34606388408534827,
		0.61522856132784587,
		0.5755746807225447,
		-0.58180550615216287,
		0.067199999999999996
	],
	"velocity" : 
	[
		0.0,
		0.0,
		0.17499999999999999,
		-0.26600000000000001,
		0.61499999999999999,
		0.0,
		0.0
	]
}
