{
	"effort" : [ 0.0, 0.0, 0.0, 0.0, 0.0, 0.0, -0.035000000000000003 ],
	"position" : 
	[
		-0.41994367132224958,
		0.97834431220517437,
		-0.52248176487689058,
		1.5923336897641045,
		-0.3388731275671335,
		-1.8915180301408971,
		0.0424
	],
	"velocity" : 
	[
		0.0,
		0.89600000000000002,
		-0.54300000000000004,
		0.65300000000000002,
		-0.23200000000000001,
		-0.0030000000000000001,
		0.0
	]
}
