{
	"effort" : [ 0.0, 0.0, 0.0, 0.0, 0.0, 0.0, -0.19600000000000001 ],
	"position" : 
	[
		-0.61432099011680907,
		0.0023212879051518723,
		-0.27817057618278601,
		0.59130009728300958,
		0.68242373752961061,
		-0.58458057966283306,
		-0.0028999999999999998
	],
	"velocity" : [ 0.0, 0.0, 0.012, -0.052999999999999999, -0.185, -0.155, 0.0 ]
}
