{
	"effort" : [ 0.0, 0.0, 0.0, 0.0, 0.0, 0.0, -0.51300000000000001 ],
	"position" : 
	[
		-0.41994367132224958,
		0.0037175513067469832,
		-0.056985000077600476,
		1.6261581706677459,
		-0.031031954100451342,
		-1.8915180301408971,
		-0.0041999999999999997
	],
	"velocity" : 
	[
		0.0,
		0.0,
		-0.016,
		-0.049000000000000002,
		-0.17999999999999999,
		0.0,
		0.0
	]
}
