{
	"effort" : [ 0.0, 0.0, 0.0, 0.0, 0.0, 0.0, -0.055 ],
	"position" : 
	[
		-0.61432099011680907,
		0.0023212879051518723,
		-0.33077479983788183,
		0.6016848063323732,
		0.62847561035047939,
		-0.58180550615216287,
		0.0487
	],
	"velocity" : [ 0.0, 0.0, 0.183, -0.055, 0.57699999999999996, 0.0, 0.0 ]
}
