{
	"effort" : [ 0.0, 0.0, 0.0, 0.0, 0.0, 0.0, -1.04 ],
	"position" : 
	[
		-0.47376962545374113,
		1.7833774296873559,
		-0.57051322589176245,
		1.0543534011295084,
		-1.1469431179477843,
		-0.45493752282472705,
		0.043499999999999997
	],
	"velocity" : 
	[
		0.0080000000000000002,
		0.0,
		0.023,
		0.067000000000000004,
		-0.23200000000000001,
		0.10299999999999999,
		0.0
	]
}
