{
	"effort" : [ 0.0, 0.0, 0.0, 0.0, 0.0, 0.0, 0.112 ],
	"position" : 
	[
		-0.58184041273720277,
		1.744683480170651,
		-0.59342939897044211,
		1.0409492724741951,
		-0.73387604387839045,
		-0.94174475779086264,
		0.0722
	],
	"velocity" : 
	[
		-0.16300000000000001,
		0.18099999999999999,
		-0.224,
		-0.34699999999999998,
		0.13200000000000001,
		0.16200000000000001,
		0.0
	]
}
