{
	"effort" : [ 0.0, 0.0, 0.0, 0.0, 0.0, 0.0, -1.042 ],
	"position" : 
	[
		-0.53639203901528187,
		1.7769371647474981,
		-0.73124059670787966,
		0.76619954162531723,
		-0.45305256723257364,
		-0.6647435522069125,
		0.0436
	],
	"velocity" : [ 0.0, 0.0, 0.016, 0.56899999999999995, -0.60399999999999998, 0.0, 0.0 ]
}
