{
	"effort" : [ 0.0, 0.0, 0.0, 0.0, 0.0, 0.0, -1.0409999999999999 ],
	"position" : 
	[
		-0.48696431459881495,
		1.7745984235498267,
		-0.56264179096527001,
		1.1583750245483442,
		-0.90161963828752301,
		-0.55670767150849076,
		0.050700000000000002
	],
	"velocity" : 
	[
		0.0,
		0.0,
		-0.055,
		0.0,
		0.012999999999999999,
		0.037999999999999999,
		0.0
	]
}
