{
	"effort" : [ 0.0, 0.0, 0.0, 0.0, 0.0, 0.0, -1.048 ],
	"position" : 
	[
		-0.61432099011680907,
		1.6076402273040908,
		-0.41083305262684156,
		0.70083696113814609,
		-0.39631191325025239,
		-0.81714570249101892,
		0.054899999999999997
	],
	"velocity" : 
	[
		0.0,
		0.021000000000000001,
		0.050999999999999997,
		0.0,
		-0.34499999999999997,
		0.437,
		0.0
	]
}
