{
	"effort" : [ 0.0, 0.0, 0.0, 0.0, 0.0, 0.0, -1.0349999999999999 ],
	"position" : 
	[
		-0.58740801305106316,
		1.7602867236834763,
		-0.73303828583743336,
		0.82869978213921847,
		-0.41366048601507166,
		-0.6805562352299771,
		0.0436
	],
	"velocity" : 
	[
		0.027,
		0.0,
		0.010999999999999999,
		-0.377,
		0.001,
		0.55200000000000005,
		0.0
	]
}
