{
	"effort" : [ 0.0, 0.0, 0.0, 0.0, 0.0, 0.0, -0.65500000000000003 ],
	"position" : 
	[
		-0.50279445091439945,
		1.7018705536192411,
		-0.58259090431556015,
		0.6795963041413805,
		-0.52462851985684311,
		-0.40336304342830764,
		0.078
	],
	"velocity" : 
	[
		0.051999999999999998,
		0.0,
		0.0,
		-0.023,
		-0.22600000000000001,
		-0.001,
		0.0
	]
}
