{
	"effort" : [ 0.0, 0.0, 0.0, 0.0, 0.0, 0.0, -1.0429999999999999 ],
	"position" : 
	[
		-0.48466047998618295,
		1.7833774296873559,
		-0.56103608805343563,
		1.2159010766940626,
		-1.1259119004612579,
		-0.478970706624683,
		0.043499999999999997
	],
	"velocity" : [ 0.0, 0.0, 0.0, 0.0, 0.060999999999999999, 0.012999999999999999, 0.0 ]
}
