{
	"effort" : [ 0.0, 0.0, 0.0, 0.0, 0.0, 0.0, -1.0569999999999999 ],
	"position" : 
	[
		-0.58688441427546501,
		1.6979435628022546,
		-0.59068923204481172,
		0.65631361191978199,
		-0.48336893633970751,
		-0.63123323056862979,
		0.057599999999999998
	],
	"velocity" : 
	[
		-0.245,
		0.0,
		0.0,
		-0.14299999999999999,
		0.099000000000000005,
		-0.64800000000000002,
		0.0
	]
}
