{
	"effort" : [ 0.0, 0.0, 0.0, 0.0, 0.0, 0.0, -0.65500000000000003 ],
	"position" : 
	[
		-0.51296972045352385,
		1.7034937098235952,
		-0.58039178945804781,
		0.72310736239358797,
		-0.50104912166240567,
		-0.38604937724852828,
		0.078
	],
	"velocity" : 
	[
		0.014999999999999999,
		0.0,
		0.0,
		-0.037999999999999999,
		0.0,
		-0.0030000000000000001,
		0.0
	]
}
