{
	"effort" : [ 0.0, 0.0, 0.0, 0.0, 0.0, 0.0, -1.042 ],
	"position" : 
	[
		-0.48696431459881495,
		1.7745984235498267,
		-0.56522487825822088,
		1.1609930184263348,
		-0.89655818345674088,
		-0.55377551836514094,
		0.050700000000000002
	],
	"velocity" : 
	[
		0.0,
		0.0,
		-0.10299999999999999,
		0.17599999999999999,
		0.001,
		0.085999999999999993,
		0.0
	]
}
