{
	"effort" : [ 0.0, 0.0, 0.0, 0.0, 0.0, 0.0, -0.037999999999999999 ],
	"position" : 
	[
		-0.41620866672298268,
		0.99036963075141227,
		-0.57531288133474556,
		1.9020074589453801,
		-0.26982790235825527,
		-2.0052785907858586,
		0.0424
	],
	"velocity" : 
	[
		0.0,
		-0.35999999999999999,
		-0.021000000000000001,
		0.56499999999999995,
		0.085999999999999993,
		-0.17999999999999999,
		0.0
	]
}
