{
	"effort" : [ 0.0, 0.0, 0.0, 0.0, 0.0, 0.0, -0.034000000000000002 ],
	"position" : 
	[
		-0.41620866672298268,
		0.96661569963177563,
		-0.57531288133474556,
		1.929286955154045,
		-0.26136305548608485,
		-2.0161170854407406,
		0.0424
	],
	"velocity" : 
	[
		0.0,
		-0.30399999999999999,
		0.0,
		0.48999999999999999,
		0.13900000000000001,
		-0.0050000000000000001,
		0.0
	]
}
