{
	"effort" : [ 0.0, 0.0, 0.0, 0.0, 0.0, 0.0, -0.64600000000000002 ],
	"position" : 
	[
		-0.49408525794695002,
		1.7018705536192411,
		-0.58259090431556015,
		0.66303312953995841,
		-0.56142006048887427,
		-0.40938442934768654,
		0.078
	],
	"velocity" : 
	[
		0.0,
		0.0,
		0.0,
		-0.060999999999999999,
		0.047,
		-0.0030000000000000001,
		0.0
	]
}
