{
	"effort" : [ 0.0, 0.0, 0.0, 0.0, 0.0, 0.0, -0.032000000000000001 ],
	"position" : 
	[
		-0.48466047998618295,
		1.7833774296873559,
		-0.56103608805343563,
		1.2159010766940626,
		-1.121513670746233,
		-0.4762654462840924,
		0.044699999999999997
	],
	"velocity" : [ 0.0, 0.0, 0.0, 0.001, 0.001, 0.28899999999999998, 0.0 ]
}
