{
	"effort" : [ 0.0, 0.0, 0.0, 0.0, 0.0, 0.0, -0.19500000000000001 ],
	"position" : 
	[
		-0.61432099011680907,
		0.0023212879051518723,
		-0.08607963870833861,
		0.63264694726274484,
		0.21872466185987416,
		-0.66521479110495074,
		-0.0028999999999999998
	],
	"velocity" : 
	[
		0.0,
		0.0,
		0.79100000000000004,
		0.0,
		-0.222,
		-0.0050000000000000001,
		0.0
	]
}
