{
	"effort" : [ 0.0, 0.0, 0.0, 0.0, 0.0, 0.0, -1.05 ],
	"position" : 
	[
		-0.59688515088938998,
		1.7809514220270841,
		-0.56541686447594031,
		0.81131630278935918,
		-0.84144068567877373,
		-0.47532296848801575,
		0.054100000000000002
	],
	"velocity" : [ 0.0, 0.0, 0.082000000000000003, 0.0, 0.45400000000000001, 0.0, 0.0 ]
}
