{
	"effort" : [ 0.0, 0.0, 0.0, 0.0, 0.0, 0.0, -0.66100000000000003 ],
	"position" : 
	[
		-0.50029863008404818,
		1.7018705536192411,
		-0.58259090431556015,
		0.6758263929570737,
		-0.53405329781761002,
		-0.40336304342830764,
		0.078
	],
	"velocity" : 
	[
		0.028000000000000001,
		0.0,
		0.0,
		-0.13600000000000001,
		-0.26400000000000001,
		-0.001,
		0.0
	]
}
