{
	"effort" : [ 0.0, 0.0, 0.0, 0.0, 0.0, 0.0, 0.14599999999999999 ],
	"position" : 
	[
		-0.61432099011680907,
		1.2916658195231174,
		-0.40147808783615424,
		1.044178131590384,
		-0.34180528071048316,
		-0.58180550615216287,
		0.0722
	],
	"velocity" : [ 0.0, -0.377, 0.0, 0.0, 0.0, 0.0, 0.0 ]
}
