{
	"effort" : [ 0.0, 0.0, 0.0, 0.0, 0.0, 0.0, -0.088999999999999996 ],
	"position" : 
	[
		-0.43282420120196452,
		1.7745984235498267,
		-0.57136843722523944,
		1.2069649909238538,
		-1.0385232648139238,
		-0.55655059187581135,
		0.061400000000000003
	],
	"velocity" : [ 0.218, 0.0, 0.0, 0.255, -0.019, 0.0, 0.0 ]
}
