{
	"effort" : [ 0.0, 0.0, 0.0, 0.0, 0.0, 0.0, -1.0429999999999999 ],
	"position" : 
	[
		-0.48670251521101582,
		1.7833774296873559,
		-0.57540014779734538,
		0.84151049884885354,
		-1.1026292082396592,
		-0.48090802209439609,
		0.0436
	],
	"velocity" : 
	[
		0.0,
		0.0,
		0.044999999999999998,
		0.19900000000000001,
		-0.058999999999999997,
		0.16600000000000001,
		0.0
	]
}
