{
	"effort" : [ 0.0, 0.0, 0.0, 0.0, 0.0, 0.0, -0.51900000000000002 ],
	"position" : 
	[
		-0.41994367132224958,
		0.0037175513067469832,
		-0.035936329298554177,
		1.6711353054916285,
		0.055361843873246157,
		-1.8736982184780395,
		-0.0041999999999999997
	],
	"velocity" : [ 0.0, 0.0, -0.22800000000000001, 0.0, 0.0, -0.153, 0.0 ]
}
