{
	"effort" : [ 0.0, 0.0, 0.0, 0.0, 0.0, 0.0, -1.0469999999999999 ],
	"position" : 
	[
		-0.48851765763308952,
		1.7745984235498267,
		-0.58323667613879793,
		1.1421260092122809,
		-0.85695666272899951,
		-0.54757959952056268,
		0.051499999999999997
	],
	"velocity" : 
	[
		-0.002,
		0.0,
		0.0,
		-0.216,
		-0.14699999999999999,
		-0.071999999999999995,
		0.0
	]
}
