{
	"effort" : [ 0.0, 0.0, 0.0, 0.0, 0.0, 0.0, -0.037999999999999999 ],
	"position" : 
	[
		-0.41994367132224958,
		0.4108155993343216,
		-0.31777209691052738,
		1.4413801627591529,
		-0.11199777810044785,
		-1.8915180301408971,
		0.0424
	],
	"velocity" : 
	[
		0.0,
		1.8109999999999999,
		-0.504,
		0.35799999999999998,
		-0.60499999999999998,
		0.0,
		0.0
	]
}
