{
	"effort" : [ 0.0, 0.0, 0.0, 0.0, 0.0, 0.0, 0.28000000000000003 ],
	"position" : 
	[
		-0.41994367132224958,
		0.0037175513067469832,
		-0.085329147129981228,
		1.5814253819391426,
		-0.035377823937916129,
		-1.8915180301408971,
		0.010500000000000001
	],
	"velocity" : [ 0.0, 0.0, -0.31, -0.65700000000000003, 0.107, 0.0, 0.0 ]
}
