{
	"effort" : [ 0.0, 0.0, 0.0, 0.0, 0.0, 0.0, -1.042 ],
	"position" : 
	[
		-0.61432099011680907,
		1.603870316119784,
		-0.4173256774442588,
		0.70083696113814609,
		-0.35953782591074113,
		-0.83931138399134109,
		0.054899999999999997
	],
	"velocity" : [ 0.0, 0.021999999999999999, 0.016, 0.0, -0.249, 0.0, 0.0 ]
}
