{
	"effort" : [ 0.0, 0.0, 0.0, 0.0, 0.0, 0.0, -1.05 ],
	"position" : 
	[
		-0.49984484447852978,
		1.7723993086923142,
		-0.59369119835824125,
		1.0382789187186445,
		-0.87826713289584479,
		-0.55213490886826677,
		0.0516
	],
	"velocity" : 
	[
		0.0,
		0.001,
		-0.017000000000000001,
		-0.66500000000000004,
		-0.187,
		0.0030000000000000001,
		0.0
	]
}
