{
	"effort" : [ 0.0, 0.0, 0.0, 0.0, 0.0, 0.0, -0.037999999999999999 ],
	"position" : 
	[
		-0.41994367132224958,
		0.66303312953995841,
		-0.39533452886913578,
		1.4720805043017255,
		-0.21019000181762404,
		-1.8915180301408971,
		0.0424
	],
	"velocity" : 
	[
		0.0,
		1.911,
		-0.63300000000000001,
		0.47299999999999998,
		-0.749,
		0.0,
		0.0
	]
}
