{
	"effort" : [ 0.0, 0.0, 0.0, 0.0, 0.0, 0.0, -0.65300000000000002 ],
	"position" : 
	[
		-0.49562114768870463,
		1.7018705536192411,
		-0.58259090431556015,
		0.6712187237318098,
		-0.55522414164429601,
		-0.40697587497993504,
		0.078
	],
	"velocity" : [ 0.037999999999999999, 0.0, 0.0, 0.0, -0.047, -0.105, 0.0 ]
}
