{
	"effort" : [ 0.0, 0.0, 0.0, 0.0, 0.0, 0.0, -1.109 ],
	"position" : 
	[
		-0.58159606664192354,
		1.7602867236834763,
		-0.73303828583743336,
		0.95457292779301761,
		-0.44860197763998927,
		-0.78613120168308748,
		0.044600000000000001
	],
	"velocity" : [ 0.0, 0.0, 0.0, 0.0, 0.091999999999999998, 0.379, 0.0 ]
}
