{
	"effort" : [ 0.0, 0.0, 0.0, 0.0, 0.0, 0.0, -1.042 ],
	"position" : 
	[
		-0.61432099011680907,
		1.6083034524198487,
		-0.41083305262684156,
		0.70083696113814609,
		-0.40011673101959899,
		-0.81101959681652036,
		0.054899999999999997
	],
	"velocity" : 
	[
		0.0,
		0.088999999999999996,
		0.057000000000000002,
		0.157,
		-0.189,
		0.53400000000000003,
		0.0
	]
}
