{
	"effort" : [ 0.0, 0.0, 0.0, 0.0, 0.0, 0.0, 0.094 ],
	"position" : 
	[
		-0.41620866672298268,
		1.5294669301072847,
		-0.49720939730801911,
		1.2668821441448042,
		-0.7112216701875097,
		-1.3006891717559257,
		0.070300000000000001
	],
	"velocity" : 
	[
		0.0,
		0.59799999999999998,
		-0.10299999999999999,
		-0.58199999999999996,
		0.0,
		0.151,
		0.0
	]
}
