{
	"effort" : [ 0.0, 0.0, 0.0, 0.0, 0.0, 0.0, 0.152 ],
	"position" : 
	[
		-0.61432099011680907,
		1.5599927387246579,
		-0.4094891491028062,
		1.0422233628281508,
		-0.41476004344382778,
		-0.58180550615216287,
		0.0722
	],
	"velocity" : [ 0.0, -0.11700000000000001, 0.0, 0.0070000000000000001, 0.0, 0.0, 0.0 ]
}
