{
	"effort" : [ 0.0, 0.0, 0.0, 0.0, 0.0, 0.0, -0.19400000000000001 ],
	"position" : 
	[
		-0.61432099011680907,
		0.0023212879051518723,
		-0.35910149359774268,
		0.63702772368524951,
		0.51012483377277384,
		-0.58180550615216287,
		0.0722
	],
	"velocity" : [ 0.0, 0.0, 0.068000000000000005, -0.20100000000000001, 1.069, 0.0, 0.0 ]
}
