{
	"effort" : [ 0.0, 0.0, 0.0, 0.0, 0.0, 0.0, -1.048 ],
	"position" : 
	[
		-0.48696431459881495,
		1.7745984235498267,
		-0.57765162253241742,
		1.1546923798266371,
		-0.86140725232158377,
		-0.54216907883938159,
		0.051499999999999997
	],
	"velocity" : 
	[
		-0.021000000000000001,
		0.0,
		-0.052999999999999999,
		-0.001,
		0.0,
		0.0,
		0.0
	]
}
