{
	"effort" : [ 0.0, 0.0, 0.0, 0.0, 0.0, 0.0, 0.14099999999999999 ],
	"position" : 
	[
		-0.61432099011680907,
		0.56237999157747087,
		-0.36140532821037458,
		0.98077031986544594,
		-0.0455530934770405,
		-0.58180550615216287,
		0.0722
	],
	"velocity" : 
	[
		-0.002,
		-1.4530000000000001,
		0.0,
		-0.35799999999999998,
		0.24299999999999999,
		0.0,
		0.0
	]
}
