{
	"effort" : [ 0.0, 0.0, 0.0, 0.0, 0.0, 0.0, -1.032 ],
	"position" : 
	[
		-0.58204985224744199,
		1.7602867236834763,
		-0.73303828583743336,
		0.95457292779301761,
		-0.45326200674281292,
		-0.81766930126661697,
		0.045499999999999999
	],
	"velocity" : [ 0.002, 0.0, 0.0, 0.0, 0.0050000000000000001, 0.39100000000000001, 0.0 ]
}
