{
	"effort" : [ 0.0, 0.0, 0.0, 0.0, 0.0, 0.0, -1.046 ],
	"position" : 
	[
		-0.58597684306442821,
		1.7602867236834763,
		-0.73303828583743336,
		0.97839667208273418,
		-0.47041859328991287,
		-0.96394534587622471,
		0.045499999999999999
	],
	"velocity" : 
	[
		0.0,
		0.0,
		0.0,
		-0.19900000000000001,
		0.10100000000000001,
		0.72199999999999998,
		0.0
	]
}
