{
	"effort" : [ 0.0, 0.0, 0.0, 0.0, 0.0, 0.0, -0.372 ],
	"position" : 
	[
		-0.58110737445136529,
		1.7578083561456452,
		-0.58039178945804781,
		0.69947560432159084,
		-0.57719783692689897,
		-0.40231584587711133,
		0.077200000000000005
	],
	"velocity" : 
	[
		0.252,
		-0.23699999999999999,
		0.0,
		0.151,
		0.078,
		0.0089999999999999993,
		0.0
	]
}
