{
	"effort" : [ 0.0, 0.0, 0.0, 0.0, 0.0, 0.0, -0.034000000000000002 ],
	"position" : 
	[
		-0.41620866672298268,
		0.93499033358564609,
		-0.4715879638887488,
		1.8216350468910618,
		-0.46425758103037446,
		-2.0211261803939631,
		0.0424
	],
	"velocity" : [ 0.0, 0.0, 0.52100000000000002, -0.57999999999999996, 0.0, 0.0, 0.0 ]
}
