{
	"effort" : [ 0.0, 0.0, 0.0, 0.0, 0.0, 0.0, -0.071999999999999995 ],
	"position" : 
	[
		-0.41105994542960067,
		1.7745984235498267,
		-0.57136843722523944,
		1.2227253140693588,
		-1.0445970106108624,
		-0.55655059187581135,
		0.061400000000000003
	],
	"velocity" : 
	[
		0.252,
		0.0,
		0.0050000000000000001,
		0.080000000000000002,
		-0.13400000000000001,
		-0.001,
		0.0
	]
}
