{
	"effort" : [ 0.0, 0.0, 0.0, 0.0, 0.0, 0.0, -1.044 ],
	"position" : 
	[
		-0.48670251521101582,
		1.7833774296873559,
		-0.57407369756583004,
		0.85953975002195038,
		-1.1073241439275228,
		-0.478970706624683,
		0.0436
	],
	"velocity" : 
	[
		0.0,
		0.0,
		0.023,
		0.16600000000000001,
		-0.001,
		0.0089999999999999993,
		0.0
	]
}
