{
	"effort" : [ 0.0, 0.0, 0.0, 0.0, 0.0, 0.0, 0.14099999999999999 ],
	"position" : 
	[
		-0.61432099011680907,
		0.74625042827502708,
		-0.36140532821037458,
		1.0144202678438881,
		-0.1555088363526555,
		-0.58180550615216287,
		0.0722
	],
	"velocity" : 
	[
		0.0,
		-1.282,
		0.0,
		-0.105,
		1.2170000000000001,
		0.067000000000000004,
		0.0
	]
}
