{
	"effort" : [ 0.0, 0.0, 0.0, 0.0, 0.0, 0.0, -1.0389999999999999 ],
	"position" : 
	[
		-0.52749085983011301,
		1.7769371647474981,
		-0.7000341096822289,
		0.78962186018707525,
		-0.60178952608749281,
		-0.66289350319979889,
		0.0436
	],
	"velocity" : 
	[
		0.13,
		0.034000000000000002,
		0.35899999999999999,
		-0.109,
		-1.399,
		0.0030000000000000001,
		0.0
	]
}
