{
	"effort" : [ 0.0, 0.0, 0.0, 0.0, 0.0, 0.0, -1.0409999999999999 ],
	"position" : 
	[
		-0.48696431459881495,
		1.7745984235498267,
		-0.57543505438238518,
		1.1546923798266371,
		-0.86390307315193504,
		-0.54216907883938159,
		0.051499999999999997
	],
	"velocity" : 
	[
		-0.029000000000000001,
		0.0,
		-0.043999999999999997,
		0.0,
		0.001,
		0.0,
		0.0
	]
}
