{
	"effort" : [ 0.0, 0.0, 0.0, 0.0, 0.0, 0.0, -0.032000000000000001 ],
	"position" : 
	[
		-0.41620866672298268,
		1.0038261192842852,
		-0.57531288133474556,
		1.883245169486446,
		-0.27438321170595925,
		-1.9951731344168142,
		0.0424
	],
	"velocity" : 
	[
		0.0,
		-0.35199999999999998,
		0.0,
		0.66500000000000004,
		0.36599999999999999,
		-0.224,
		0.0
	]
}
