{
	"effort" : [ 0.0, 0.0, 0.0, 0.0, 0.0, 0.0, -1.046 ],
	"position" : 
	[
		-0.48670251521101582,
		1.7833774296873559,
		-0.57316612635479314,
		0.99073614989433101,
		-1.1073415972200427,
		-0.45493752282472705,
		0.0436
	],
	"velocity" : 
	[
		0.0030000000000000001,
		0.0,
		0.0,
		0.111,
		0.0,
		-0.042000000000000003,
		0.0
	]
}
