{
	"effort" : [ 0.0, 0.0, 0.0, 0.0, 0.0, 0.0, 0.104 ],
	"position" : 
	[
		-0.58793161182666143,
		1.7583843147988032,
		-0.67331311883420253,
		0.87233301343906566,
		-0.52152183378829398,
		-0.89947288330757058,
		0.0722
	],
	"velocity" : [ 0.0, 0.0, -0.14999999999999999, 0.0, 0.31, -0.39300000000000002, 0.0 ]
}
