{
	"effort" : [ 0.0, 0.0, 0.0, 0.0, 0.0, 0.0, -0.37 ],
	"position" : 
	[
		-0.58611646940458784,
		1.7645976869359012,
		-0.57873372666865364,
		0.6953915338719252,
		-0.58147389359428403,
		-0.40687115522481543,
		0.077200000000000005
	],
	"velocity" : 
	[
		0.16800000000000001,
		-0.22700000000000001,
		-0.001,
		0.26200000000000001,
		0.045999999999999999,
		0.078,
		0.0
	]
}
