{
	"effort" : [ 0.0, 0.0, 0.0, 0.0, 0.0, 0.0, 0.040000000000000001 ],
	"position" : 
	[
		-0.58793161182666143,
		1.7583843147988032,
		-0.72853533636728907,
		1.0129890978572531,
		-0.49151962394651899,
		-1.0531316706531126,
		0.0722
	],
	"velocity" : 
	[
		-0.016,
		0.0,
		-0.021000000000000001,
		0.28699999999999998,
		0.0,
		-0.39600000000000002,
		0.0
	]
}
