{
	"effort" : [ 0.0, 0.0, 0.0, 0.0, 0.0, 0.0, 0.14299999999999999 ],
	"position" : 
	[
		-0.61432099011680907,
		1.4155143832446035,
		-0.40168752734639351,
		1.044178131590384,
		-0.3435506099624771,
		-0.58180550615216287,
		0.0722
	],
	"velocity" : 
	[
		0.0,
		-0.46300000000000002,
		0.017000000000000001,
		0.0,
		0.037999999999999999,
		0.0,
		0.0
	]
}
