{
	"effort" : [ 0.0, 0.0, 0.0, 0.0, 0.0, 0.0, -1.0409999999999999 ],
	"position" : 
	[
		-0.48408452133302499,
		1.7833774296873559,
		-0.57072266540200178,
		1.1697720245638641,
		-1.1686375605500681,
		-0.47102945852811068,
		0.043499999999999997
	],
	"velocity" : [ 0.0, 0.0, 0.002, 0.17399999999999999, 0.065000000000000002, 0.0, 0.0 ]
}
