{
	"effort" : [ 0.0, 0.0, 0.0, 0.0, 0.0, 0.0, -0.033000000000000002 ],
	"position" : 
	[
		-0.41994367132224958,
		0.96535906257033988,
		-0.51504666226339657,
		1.5884590588246783,
		-0.33416073858674999,
		-1.8915180301408971,
		0.0424
	],
	"velocity" : 
	[
		0.0,
		0.94999999999999996,
		-0.501,
		0.32400000000000001,
		-0.222,
		-0.097000000000000003,
		0.0
	]
}
