{
	"effort" : [ 0.0, 0.0, 0.0, 0.0, 0.0, 0.0, -1.04 ],
	"position" : 
	[
		-0.47155305730370889,
		1.7833774296873559,
		-0.56897733615000778,
		1.0710212954860501,
		-1.1599109142900987,
		-0.45493752282472705,
		0.043499999999999997
	],
	"velocity" : 
	[
		0.0,
		0.0,
		-0.021000000000000001,
		0.185,
		-0.047,
		0.0070000000000000001,
		0.0
	]
}
