{
	"effort" : [ 0.0, 0.0, 0.0, 0.0, 0.0, 0.0, -0.088999999999999996 ],
	"position" : 
	[
		-0.4805065963664375,
		1.7745984235498267,
		-0.56953584151064574,
		1.1973482267453674,
		-0.99859013152830367,
		-0.58862974352745889,
		0.056000000000000001
	],
	"velocity" : 
	[
		-0.076999999999999999,
		0.0,
		0.0,
		-0.27600000000000002,
		0.043999999999999997,
		0.0,
		0.0
	]
}
