{
	"effort" : [ 0.0, 0.0, 0.0, 0.0, 0.0, 0.0, -1.0429999999999999 ],
	"position" : 
	[
		-0.5941449839637597,
		1.7809514220270841,
		-0.56981509419096488,
		0.83328999807196236,
		-0.91198689404436684,
		-0.4827057112239499,
		0.054100000000000002
	],
	"velocity" : [ 0.0, 0.0, 0.0, -0.122, 0.46899999999999997, 0.222, 0.0 ]
}
