{
	"effort" : [ 0.0, 0.0, 0.0, 0.0, 0.0, 0.0, -1.0669999999999999 ],
	"position" : 
	[
		-0.555206688351776,
		1.6979435628022546,
		-0.59068923204481172,
		0.66884507594909814,
		-0.49097857187840083,
		-0.57417841732094965,
		0.063200000000000006
	],
	"velocity" : 
	[
		-0.32500000000000001,
		0.0,
		0.0,
		-0.024,
		0.021000000000000001,
		-0.53100000000000003,
		0.0
	]
}
