{
	"effort" : [ 0.0, 0.0, 0.0, 0.0, 0.0, 0.0, -0.65700000000000003 ],
	"position" : 
	[
		-0.50029863008404818,
		1.7018705536192411,
		-0.58259090431556015,
		0.67785097488938661,
		-0.53092915845654098,
		-0.40336304342830764,
		0.078
	],
	"velocity" : [ 0.02, 0.0, 0.0, -0.095000000000000001, -0.35999999999999999, 0.0, 0.0 ]
}
