{
	"effort" : [ 0.0, 0.0, 0.0, 0.0, 0.0, 0.0, 0.109 ],
	"position" : 
	[
		-0.58793161182666143,
		1.7583843147988032,
		-0.67055549861605213,
		0.87233301343906566,
		-0.52506485216984156,
		-0.88809333658457046,
		0.0722
	],
	"velocity" : 
	[
		0.0,
		0.0,
		-0.18099999999999999,
		0.0,
		0.23200000000000001,
		-0.45600000000000002,
		0.0
	]
}
