{
	"effort" : [ 0.0, 0.0, 0.0, 0.0, 0.0, 0.0, 0.109 ],
	"position" : 
	[
		-0.58793161182666143,
		1.7583843147988032,
		-0.66868799631641873,
		0.87233301343906566,
		-0.53068481236126186,
		-0.88086767348131567,
		0.0722
	],
	"velocity" : 
	[
		0.0,
		0.0,
		-0.13400000000000001,
		0.0,
		0.16200000000000001,
		-0.27000000000000002,
		0.0
	]
}
