{
	"effort" : [ 0.0, 0.0, 0.0, 0.0, 0.0, 0.0, 0.11700000000000001 ],
	"position" : 
	[
		-0.57065285223192186,
		1.7384875613260728,
		-0.58187531932224257,
		1.0550340795377859,
		-0.73878041907649328,
		-0.94996525856775382,
		0.0722
	],
	"velocity" : 
	[
		-0.31900000000000001,
		0.22800000000000001,
		-0.318,
		-0.13800000000000001,
		0.14499999999999999,
		0.35999999999999999,
		0.0
	]
}
