{
	"effort" : [ 0.0, 0.0, 0.0, 0.0, 0.0, 0.0, 0.21199999999999999 ],
	"position" : 
	[
		-0.41620866672298268,
		1.4366154139012097,
		-0.48185049989047285,
		1.3442525898856932,
		-0.69837604689283472,
		-1.3304470355024216,
		0.055100000000000003
	],
	"velocity" : 
	[
		0.0,
		0.71899999999999997,
		-0.20599999999999999,
		-0.45400000000000001,
		-0.055,
		0.314,
		0.0
	]
}
