{
	"effort" : [ 0.0, 0.0, 0.0, 0.0, 0.0, 0.0, -0.113 ],
	"position" : 
	[
		-0.38575267127568935,
		1.7745984235498267,
		-0.56953584151064574,
		1.237525706126267,
		-1.0751053659357157,
		-0.5672843667755737,
		0.061400000000000003
	],
	"velocity" : 
	[
		0.19,
		0.0,
		0.0,
		0.089999999999999997,
		-0.24099999999999999,
		-0.073999999999999996,
		0.0
	]
}
