{
	"effort" : [ 0.0, 0.0, 0.0, 0.0, 0.0, 0.0, -0.039 ],
	"position" : 
	[
		-0.41994367132224958,
		0.74237579733560055,
		-0.42303290409827882,
		1.4967071000473593,
		-0.24200735408147264,
		-1.8915180301408971,
		0.0424
	],
	"velocity" : 
	[
		0.0,
		1.8680000000000001,
		-0.63800000000000001,
		0.38100000000000001,
		-0.80300000000000005,
		0.0,
		0.0
	]
}
