{
	"effort" : [ 0.0, 0.0, 0.0, 0.0, 0.0, 0.0, -1.042 ],
	"position" : 
	[
		-0.61432099011680907,
		1.6020202671126706,
		-0.4191059132812926,
		0.70083696113814609,
		-0.35121260537873028,
		-0.83931138399134109,
		0.054899999999999997
	],
	"velocity" : 
	[
		0.021999999999999999,
		0.016,
		0.0,
		0.0,
		-0.23699999999999999,
		-0.014999999999999999,
		0.0
	]
}
