{
	"effort" : [ 0.0, 0.0, 0.0, 0.0, 0.0, 0.0, -1.0469999999999999 ],
	"position" : 
	[
		-0.48670251521101582,
		1.7833774296873559,
		-0.5774421830221782,
		0.83013095212585342,
		-1.1015296508109031,
		-0.48335148304718756,
		0.0436
	],
	"velocity" : 
	[
		0.0,
		0.0,
		0.084000000000000005,
		0.46899999999999997,
		-0.055,
		0.055,
		0.0
	]
}
