{
	"effort" : [ 0.0, 0.0, 0.0, 0.0, 0.0, 0.0, -1.0369999999999999 ],
	"position" : 
	[
		-0.58386499466951569,
		1.7602867236834763,
		-0.73303828583743336,
		0.95457292779301761,
		-0.45511205574992647,
		-0.83009604554081351,
		0.045499999999999999
	],
	"velocity" : 
	[
		0.042000000000000003,
		0.0,
		0.0,
		-0.11799999999999999,
		0.16200000000000001,
		0.61099999999999999,
		0.0
	]
}
