{
	"effort" : [ 0.0, 0.0, 0.0, 0.0, 0.0, 0.0, -0.071999999999999995 ],
	"position" : 
	[
		-0.42455134054751348,
		1.7745984235498267,
		-0.57136843722523944,
		1.2122358852648756,
		-1.0403035006509573,
		-0.55655059187581135,
		0.061400000000000003
	],
	"velocity" : 
	[
		0.23499999999999999,
		0.0,
		0.019,
		0.17199999999999999,
		-0.001,
		0.014999999999999999,
		0.0
	]
}
