{
	"effort" : [ 0.0, 0.0, 0.0, 0.0, 0.0, 0.0, -0.20000000000000001 ],
	"position" : 
	[
		-0.61432099011680907,
		0.0023212879051518723,
		-0.16303120542874913,
		0.63264694726274484,
		0.23394393293726085,
		-0.66270151698207957,
		-0.0028999999999999998
	],
	"velocity" : 
	[
		0.0,
		0.0,
		0.89000000000000001,
		0.0,
		-0.187,
		-0.0050000000000000001,
		0.0
	]
}
