{
	"effort" : [ 0.0, 0.0, 0.0, 0.0, 0.0, 0.0, 0.11 ],
	"position" : 
	[
		-0.58793161182666143,
		1.7583843147988032,
		-0.6916390759801383,
		0.88055351421595673,
		-0.50768137281998249,
		-0.94616044079840711,
		0.0722
	],
	"velocity" : 
	[
		0.0,
		0.0,
		-0.20599999999999999,
		0.40600000000000003,
		0.023,
		-0.44400000000000001,
		0.0
	]
}
