{
	"effort" : [ 0.0, 0.0, 0.0, 0.0, 0.0, 0.0, 0.13700000000000001 ],
	"position" : 
	[
		-0.61432099011680907,
		1.1383037381504144,
		-0.36295867124464914,
		1.0459409141348976,
		-0.42645374943218683,
		-0.58180550615216287,
		0.0722
	],
	"velocity" : [ 0.0, -0.45200000000000001, 0.0, 0.0, 0.23000000000000001, 0.0, 0.0 ]
}
