{
	"effort" : [ 0.0, 0.0, 0.0, 0.0, 0.0, 0.0, -1.004 ],
	"position" : 
	[
		-0.5941449839637597,
		1.7809514220270841,
		-0.57042595942916274,
		0.85681703638883988,
		-0.93012086497258339,
		-0.49525462854578595,
		0.0533
	],
	"velocity" : [ 0.0, 0.0, 0.0, -0.435, 0.56299999999999994, 0.050999999999999997, 0.0 ]
}
