{
	"effort" : [ 0.0, 0.0, 0.0, 0.0, 0.0, 0.0, -1.046 ],
	"position" : 
	[
		-0.48436377401334396,
		1.7833774296873559,
		-0.56897733615000778,
		1.1286695206794082,
		-1.177189673884838,
		-0.45493752282472705,
		0.043499999999999997
	],
	"velocity" : 
	[
		-0.092999999999999999,
		0.0,
		0.0,
		0.40999999999999998,
		-0.13900000000000001,
		0.0,
		0.0
	]
}
