{
	"effort" : [ 0.0, 0.0, 0.0, 0.0, 0.0, 0.0, -0.189 ],
	"position" : 
	[
		-0.47261770814742515,
		1.7745984235498267,
		-0.56953584151064574,
		1.216319955714541,
		-1.0072469646181932,
		-0.58730329329594355,
		0.055300000000000002
	],
	"velocity" : 
	[
		-0.20100000000000001,
		0.0,
		0.0,
		-0.42699999999999999,
		0.17399999999999999,
		0.0,
		0.0
	]
}
