{
	"effort" : [ 0.0, 0.0, 0.0, 0.0, 0.0, 0.0, -1.0489999999999999 ],
	"position" : 
	[
		-0.63177428263674795,
		1.5999956851803578,
		-0.49361401904891167,
		0.73387604387839045,
		-0.28630381049707754,
		-0.8179136473618962,
		0.057000000000000002
	],
	"velocity" : 
	[
		0.021999999999999999,
		0.0,
		0.065000000000000002,
		-0.0089999999999999993,
		-0.33900000000000002,
		0.0,
		0.0
	]
}
