{
	"effort" : [ 0.0, 0.0, 0.0, 0.0, 0.0, 0.0, -1.042 ],
	"position" : 
	[
		-0.53670619828064081,
		1.7769371647474981,
		-0.73124059670787966,
		0.64770913870745206,
		-0.38917351660959726,
		-0.6647435522069125,
		0.0436
	],
	"velocity" : [ 0.0, 0.0, 0.0, 0.69199999999999995, -0.13900000000000001, 0.0, 0.0 ]
}
