{
	"effort" : [ 0.0, 0.0, 0.0, 0.0, 0.0, 0.0, 0.14199999999999999 ],
	"position" : 
	[
		-0.61432099011680907,
		0.83184137479280729,
		-0.36140532821037458,
		1.0391690366371613,
		-0.23849924228496491,
		-0.58180550615216287,
		0.0722
	],
	"velocity" : [ 0.0, -1.123, 0.0, -0.314, 1.008, 0.0, 0.0 ]
}
