{
	"effort" : [ 0.0, 0.0, 0.0, 0.0, 0.0, 0.0, -0.28000000000000003 ],
	"position" : 
	[
		-0.60432025350288399,
		1.7809514220270841,
		-0.57437040353866886,
		0.68825313723127013,
		-0.6100100268643841,
		-0.42034509705020817,
		0.076799999999999993
	],
	"velocity" : 
	[
		0.0,
		0.0,
		-0.056000000000000001,
		-0.107,
		0.193,
		0.32500000000000001,
		0.0
	]
}
