{
	"effort" : [ 0.0, 0.0, 0.0, 0.0, 0.0, 0.0, 0.113 ],
	"position" : 
	[
		-0.44785148606163189,
		1.6531584141960916,
		-0.50394636822071548,
		1.1314271408975582,
		-0.72080352778095624,
		-1.1648152894882016,
		0.0722
	],
	"velocity" : 
	[
		-0.35099999999999998,
		0.44,
		-0.085999999999999993,
		-0.53800000000000003,
		-0.23699999999999999,
		1.0980000000000001,
		0.0
	]
}
