{
	"effort" : [ 0.0, 0.0, 0.0, 0.0, 0.0, 0.0, -1.0409999999999999 ],
	"position" : 
	[
		-0.48696431459881495,
		1.7745984235498267,
		-0.56264179096527001,
		1.1583750245483442,
		-0.89917617733473165,
		-0.55592227334509348,
		0.050700000000000002
	],
	"velocity" : [ 0.0, 0.0, -0.055, 0.019, 0.16200000000000001, 0.115, 0.0 ]
}
