{
	"effort" : [ 0.0, 0.0, 0.0, 0.0, 0.0, 0.0, -1.04 ],
	"position" : 
	[
		-0.61432099011680907,
		1.614481917971907,
		-0.4095066023953261,
		0.94183202425346224,
		-0.42833870502434024,
		-0.63969807744080021,
		0.054899999999999997
	],
	"velocity" : [ 0.0, 0.0, 0.0, 0.29899999999999999, 0.0, 0.308, 0.0 ]
}
