{
	"effort" : [ 0.0, 0.0, 0.0, 0.0, 0.0, 0.0, -1.042 ],
	"position" : 
	[
		-0.55820865466520553,
		1.7699733010320426,
		-0.73124059670787966,
		0.69792226128731627,
		-0.36784559315023202,
		-0.6647435522069125,
		0.0436
	],
	"velocity" : 
	[
		0.19700000000000001,
		0.098000000000000004,
		0.023,
		-0.78000000000000003,
		0.010999999999999999,
		0.0,
		0.0
	]
}
