{
	"effort" : [ 0.0, 0.0, 0.0, 0.0, 0.0, 0.0, -0.051999999999999998 ],
	"position" : 
	[
		-0.48703412776889465,
		1.7761517665841009,
		-0.56749380628581292,
		1.1717267933260973,
		-1.1376056064496169,
		-0.46677085515324562,
		0.061199999999999997
	],
	"velocity" : 
	[
		0.0,
		0.0,
		-0.062,
		-0.085999999999999993,
		0.0,
		0.0030000000000000001,
		0.0
	]
}
