{
	"effort" : [ 0.0, 0.0, 0.0, 0.0, 0.0, 0.0, -1.038 ],
	"position" : 
	[
		-0.63210589519462668,
		1.6019679072351107,
		-0.52996922736794438,
		0.74700091985338446,
		-0.26640705702434719,
		-0.79998911594391886,
		0.057000000000000002
	],
	"velocity" : 
	[
		-0.025999999999999999,
		0.0,
		0.0,
		0.029999999999999999,
		0.10299999999999999,
		-0.44600000000000001,
		0.0
	]
}
