{
	"effort" : [ 0.0, 0.0, 0.0, 0.0, 0.0, 0.0, -0.19900000000000001 ],
	"position" : 
	[
		-0.61432099011680907,
		0.0023212879051518723,
		-0.27562239547487494,
		0.60824724431987032,
		0.35939819957058161,
		-0.6526833270756347,
		-0.0028999999999999998
	],
	"velocity" : 
	[
		0.0,
		0.0,
		0.041000000000000002,
		0.26600000000000001,
		-1.5069999999999999,
		-0.13,
		0.0
	]
}
