{
	"effort" : [ 0.0, 0.0, 0.0, 0.0, 0.0, 0.0, 0.052999999999999999 ],
	"position" : 
	[
		-0.48474774644878271,
		1.7745984235498267,
		-0.56953584151064574,
		1.1784637642387936,
		-0.98469731068243205,
		-0.58951986144597579,
		0.066400000000000001
	],
	"velocity" : [ 0.0, 0.0, 0.0, -0.084000000000000005, 0.312, 0.0, 0.0 ]
}
