{
	"effort" : [ 0.0, 0.0, 0.0, 0.0, 0.0, 0.0, -1.0409999999999999 ],
	"position" : 
	[
		-0.48696431459881495,
		1.7745984235498267,
		-0.56084410183571631,
		1.1583750245483442,
		-0.90174181133516262,
		-0.55911622587624221,
		0.050700000000000002
	],
	"velocity" : 
	[
		0.0,
		0.0,
		-0.062,
		0.012999999999999999,
		0.47899999999999998,
		0.047,
		0.0
	]
}
