{
	"effort" : [ 0.0, 0.0, 0.0, 0.0, 0.0, 0.0, 0.13900000000000001 ],
	"position" : 
	[
		-0.61432099011680907,
		1.2346284595679571,
		-0.36360444306788681,
		1.0459409141348976,
		-0.44722316753091407,
		-0.58180550615216287,
		0.0722
	],
	"velocity" : [ 0.0, -0.21299999999999999, 0.001, 0.0, 0.34999999999999998, 0.0, 0.0 ]
}
