{
	"effort" : [ 0.0, 0.0, 0.0, 0.0, 0.0, 0.0, -1.1120000000000001 ],
	"position" : 
	[
		-0.56217055206723165,
		1.6979435628022546,
		-0.59068923204481172,
		0.66647142816638649,
		-0.49090875870832112,
		-0.58709385378570433,
		0.060400000000000002
	],
	"velocity" : 
	[
		-0.33800000000000002,
		0.0,
		0.0,
		-0.14099999999999999,
		0.021000000000000001,
		-0.63800000000000001,
		0.0
	]
}
