{
	"effort" : [ 0.0, 0.0, 0.0, 0.0, 0.0, 0.0, -0.035999999999999997 ],
	"position" : 
	[
		-0.41620866672298268,
		0.98914790027501653,
		-0.33541737564818558,
		1.6000480450579175,
		-0.460958908744106,
		-1.9925027806612636,
		0.0424
	],
	"velocity" : 
	[
		0.0,
		0.56299999999999994,
		0.0,
		-0.040000000000000001,
		-0.065000000000000002,
		0.17199999999999999,
		0.0
	]
}
