{
	"effort" : [ 0.0, 0.0, 0.0, 0.0, 0.0, 0.0, -0.64400000000000002 ],
	"position" : 
	[
		-0.49408525794695002,
		1.7018705536192411,
		-0.58484237905063219,
		0.66313784929507802,
		-0.53848643411767461,
		-0.40938442934768654,
		0.078
	],
	"velocity" : [ 0.0, 0.0, -0.029999999999999999, 0.0, 0.33300000000000002, 0.0, 0.0 ]
}
