{
	"effort" : [ 0.0, 0.0, 0.0, 0.0, 0.0, 0.0, -1.0389999999999999 ],
	"position" : 
	[
		-0.48408452133302499,
		1.7833774296873559,
		-0.57072266540200178,
		1.1542560475136385,
		-1.1829841670014578,
		-0.45493752282472705,
		0.043499999999999997
	],
	"velocity" : [ 0.0, 0.0, 0.0, 0.13800000000000001, 0.037999999999999999, 0.0, 0.0 ]
}
