{
	"effort" : [ 0.0, 0.0, 0.0, 0.0, 0.0, 0.0, -1.036 ],
	"position" : 
	[
		-0.63210589519462668,
		1.6019679072351107,
		-0.52996922736794438,
		0.75298739918772351,
		-0.26228807998964165,
		-0.80440479895146333,
		0.057000000000000002
	],
	"velocity" : [ 0.0, 0.0, 0.0, 0.014999999999999999, 0.021000000000000001, 0.0, 0.0 ]
}
