{
	"effort" : [ 0.0, 0.0, 0.0, 0.0, 0.0, 0.0, -1.0389999999999999 ],
	"position" : 
	[
		-0.47733009712780866,
		1.7833774296873559,
		-0.57051322589176245,
		1.0521542862719959,
		-1.1313747810199986,
		-0.45493752282472705,
		0.043499999999999997
	],
	"velocity" : 
	[
		0.041000000000000002,
		0.0,
		0.0060000000000000001,
		0.12,
		-0.17000000000000001,
		0.0,
		0.0
	]
}
