{
	"effort" : [ 0.0, 0.0, 0.0, 0.0, 0.0, 0.0, 0.109 ],
	"position" : 
	[
		-0.53571136060700419,
		1.7193936593092596,
		-0.55204764240566706,
		1.0722604792549655,
		-0.73878041907649328,
		-0.98408644544423429,
		0.0722
	],
	"velocity" : 
	[
		-0.47199999999999998,
		0.27200000000000002,
		-0.33300000000000002,
		-0.049000000000000002,
		0.0,
		0.54800000000000004,
		0.0
	]
}
