{
	"effort" : [ 0.0, 0.0, 0.0, 0.0, 0.0, 0.0, -1.046 ],
	"position" : 
	[
		-0.63367669152142125,
		1.6019679072351107,
		-0.50630256271090723,
		0.7427946763560791,
		-0.27314402793704362,
		-0.81557490616422434,
		0.057000000000000002
	],
	"velocity" : 
	[
		0.0030000000000000001,
		-0.001,
		0.13500000000000001,
		-0.111,
		-0.0030000000000000001,
		-0.010999999999999999,
		0.0
	]
}
