{
	"effort" : [ 0.0, 0.0, 0.0, 0.0, 0.0, 0.0, -1.048 ],
	"position" : 
	[
		-0.6156474403483243,
		1.6979435628022546,
		-0.59068923204481172,
		0.63612015247421272,
		-0.46493825943865202,
		-0.68020716937957826,
		0.056399999999999999
	],
	"velocity" : 
	[
		-0.14099999999999999,
		0.0,
		-0.002,
		-0.095000000000000001,
		0.0089999999999999993,
		-0.35399999999999998,
		0.0
	]
}
