{
	"effort" : [ 0.0, 0.0, 0.0, 0.0, 0.0, 0.0, -0.039 ],
	"position" : 
	[
		-0.41620866672298268,
		0.93345444384389153,
		-0.40331068355074789,
		1.7291500498279055,
		-0.44739770045611349,
		-2.0211261803939631,
		0.0424
	],
	"velocity" : [ 0.0, 0.0, 0.441, -0.91600000000000004, 0.109, 0.0, 0.0 ]
}
