{
	"effort" : [ 0.0, 0.0, 0.0, 0.0, 0.0, 0.0, -1.046 ],
	"position" : 
	[
		-0.48670251521101582,
		1.7808816088570043,
		-0.60704296713599448,
		0.75895642522954254,
		-0.96764544389045193,
		-0.55702183077384959,
		0.0436
	],
	"velocity" : 
	[
		0.025000000000000001,
		0.0,
		0.33100000000000002,
		-0.045999999999999999,
		-1.4530000000000001,
		0.79100000000000004,
		0.0
	]
}
