{
	"effort" : [ 0.0, 0.0, 0.0, 0.0, 0.0, 0.0, -0.45800000000000002 ],
	"position" : 
	[
		-0.48689450142873514,
		1.7745984235498267,
		-0.56953584151064574,
		1.1727216309997337,
		-0.97171206104759766,
		-0.58951986144597579,
		0.063899999999999998
	],
	"velocity" : [ -0.085000000000000006, 0.0, 0.0, 0.0, 0.0, 0.012999999999999999, 0.0 ]
}
