{
	"effort" : [ 0.0, 0.0, 0.0, 0.0, 0.0, 0.0, -0.035000000000000003 ],
	"position" : 
	[
		-0.41620866672298268,
		0.93577573174904338,
		-0.50789081233022171,
		1.8537141985427092,
		-0.45984189802282993,
		-2.0211261803939631,
		0.0424
	],
	"velocity" : 
	[
		0.0,
		0.0,
		0.29999999999999999,
		-0.28699999999999998,
		-0.38500000000000001,
		0.0,
		0.0
	]
}
