{
	"effort" : [ 0.0, 0.0, 0.0, 0.0, 0.0, 0.0, 0.114 ],
	"position" : 
	[
		-0.4345520771614384,
		1.6339248858391191,
		-0.5004906163017675,
		1.1570136677317888,
		-0.71282737309934407,
		-1.2089721195636469,
		0.0722
	],
	"velocity" : 
	[
		-0.318,
		0.44600000000000001,
		-0.031,
		-0.72599999999999998,
		-0.035999999999999997,
		1.1559999999999999,
		0.0
	]
}
