{
	"effort" : [ 0.0, 0.0, 0.0, 0.0, 0.0, 0.0, -1.0429999999999999 ],
	"position" : 
	[
		-0.58887408962273813,
		1.7723993086923142,
		-0.58236401151280082,
		0.95108226928902995,
		-0.95733054801116801,
		-0.518956199787863,
		0.050900000000000001
	],
	"velocity" : 
	[
		-0.050999999999999997,
		0.0,
		0.0040000000000000001,
		-0.065000000000000002,
		0.0,
		0.0050000000000000001,
		0.0
	]
}
