{
	"effort" : [ 0.0, 0.0, 0.0, 0.0, 0.0, 0.0, -1.038 ],
	"position" : 
	[
		-0.61432099011680907,
		1.614481917971907,
		-0.4095066023953261,
		0.79157662894930825,
		-0.41750021036945817,
		-0.73673838385166035,
		0.054899999999999997
	],
	"velocity" : [ 0.0, 0.0, 0.0, 0.57899999999999996, -0.092999999999999999, 0.047, 0.0 ]
}
