{
	"effort" : [ 0.0, 0.0, 0.0, 0.0, 0.0, 0.0, -1.042 ],
	"position" : 
	[
		-0.58597684306442821,
		1.7602867236834763,
		-0.73303828583743336,
		0.97364937651731087,
		-0.46769587965680237,
		-0.947033105424404,
		0.045499999999999999
	],
	"velocity" : 
	[
		0.014999999999999999,
		0.0,
		0.0,
		-0.20100000000000001,
		0.14699999999999999,
		0.80900000000000005,
		0.0
	]
}
