{
	"effort" : [ 0.0, 0.0, 0.0, 0.0, 0.0, 0.0, -1.038 ],
	"position" : 
	[
		-0.61432099011680907,
		1.6061566974398962,
		-0.41491712307650719,
		0.70083696113814609,
		-0.38456584738433347,
		-0.83349943758220157,
		0.054899999999999997
	],
	"velocity" : 
	[
		0.0,
		0.016,
		0.075999999999999998,
		0.0,
		-0.28299999999999997,
		0.13200000000000001,
		0.0
	]
}
