{
	"effort" : [ 0.0, 0.0, 0.0, 0.0, 0.0, 0.0, -0.032000000000000001 ],
	"position" : 
	[
		-0.41760493012457783,
		1.0276847701590415,
		-0.57531288133474556,
		1.8302046135183518,
		-0.29305823470229392,
		-1.9569504237981479,
		0.0424
	],
	"velocity" : 
	[
		0.017999999999999999,
		-0.26200000000000001,
		0.0,
		0.73999999999999999,
		0.0070000000000000001,
		-0.45000000000000001,
		0.0
	]
}
