{
	"effort" : [ 0.0, 0.0, 0.0, 0.0, 0.0, 0.0, 0.108 ],
	"position" : 
	[
		-0.42554617822114998,
		1.6172395381900575,
		-0.49974012472341017,
		1.1853578147841697,
		-0.7112216701875097,
		-1.2414177903582133,
		0.0722
	],
	"velocity" : 
	[
		-0.16600000000000001,
		0.48599999999999999,
		0.0,
		-0.745,
		0.0,
		0.95599999999999996,
		0.0
	]
}
