{
	"effort" : [ 0.0, 0.0, 0.0, 0.0, 0.0, 0.0, -1.079 ],
	"position" : 
	[
		-0.5941449839637597,
		1.7809514220270841,
		-0.57042595942916274,
		0.85887652490619282,
		-0.93287848519073369,
		-0.49427724416466934,
		0.053100000000000001
	],
	"velocity" : 
	[
		0.0,
		0.0,
		0.0,
		-0.38100000000000001,
		0.46400000000000002,
		0.10299999999999999,
		0.0
	]
}
