{
	"effort" : [ 0.0, 0.0, 0.0, 0.0, 0.0, 0.0, -1.0589999999999999 ],
	"position" : 
	[
		-0.54443800686697363,
		1.6979435628022546,
		-0.59068923204481172,
		0.67079984471133125,
		-0.49317768673591322,
		-0.55112261790211037,
		0.066299999999999998
	],
	"velocity" : [ -0.33800000000000002, 0.0, 0.0, 0.0, 0.0, -0.61099999999999999, 0.0 ]
}
