{
	"effort" : [ 0.0, 0.0, 0.0, 0.0, 0.0, 0.0, -0.017000000000000001 ],
	"position" : 
	[
		-0.41620866672298268,
		1.2688543661995573,
		-0.40051815674755759,
		1.423682524143935,
		-0.58157861334940375,
		-1.5784408689182332,
		0.0424
	],
	"velocity" : 
	[
		0.0,
		0.84199999999999997,
		-0.48399999999999999,
		-0.46400000000000002,
		-0.71999999999999997,
		1.5700000000000001,
		0.0
	]
}
