{
	"effort" : [ 0.0, 0.0, 0.0, 0.0, 0.0, 0.0, -0.158 ],
	"position" : 
	[
		-0.41994367132224958,
		0.094108153267510486,
		-0.21813124991419622,
		1.3493140447164755,
		-0.058712876037074424,
		-1.8915180301408971,
		0.043099999999999999
	],
	"velocity" : 
	[
		0.0,
		0.98399999999999999,
		-0.41799999999999998,
		0.028000000000000001,
		-0.41599999999999998,
		0.0,
		0.0
	]
}
