{
	"effort" : [ 0.0, 0.0, 0.0, 0.0, 0.0, 0.0, -1.018 ],
	"position" : 
	[
		-0.58159606664192354,
		1.7602867236834763,
		-0.73303828583743336,
		0.95457292779301761,
		-0.44779912618407208,
		-0.7835306610976166,
		0.044499999999999998
	],
	"velocity" : [ 0.0, 0.0, 0.0, 0.001, 0.014999999999999999, 0.12, 0.0 ]
}
