{
	"effort" : [ 0.0, 0.0, 0.0, 0.0, 0.0, 0.0, -0.043999999999999997 ],
	"position" : 
	[
		-0.41620866672298268,
		1.1627208943858089,
		-0.3490658503987778,
		1.4964802072446004,
		-0.51000266072513423,
		-1.7399536378977476,
		0.0424
	],
	"velocity" : 
	[
		0.0,
		0.80600000000000005,
		-0.28999999999999998,
		-0.47899999999999998,
		-0.069000000000000006,
		1.3029999999999999,
		0.0
	]
}
