{
	"effort" : [ 0.0, 0.0, 0.0, 0.0, 0.0, 0.0, -0.19500000000000001 ],
	"position" : 
	[
		-0.61432099011680907,
		0.0023212879051518723,
		-0.26139796207112476,
		0.62268111723385977,
		0.27239353635868624,
		-0.65788440824657646,
		-0.0028999999999999998
	],
	"velocity" : 
	[
		0.0,
		0.0,
		0.36799999999999999,
		0.155,
		-0.63200000000000001,
		-0.037999999999999999,
		0.0
	]
}
