{
	"effort" : [ 0.0, 0.0, 0.0, 0.0, 0.0, 0.0, -0.034000000000000002 ],
	"position" : 
	[
		-0.41620866672298268,
		0.93345444384389153,
		-0.39985493163179997,
		1.7177355965198655,
		-0.44418629463244469,
		-2.0211261803939631,
		0.0424
	],
	"velocity" : [ 0.0, 0.0, 0.495, -0.88300000000000001, 0.316, 0.0, 0.0 ]
}
