{
	"effort" : [ 0.0, 0.0, 0.0, 0.0, 0.0, 0.0, -1.0409999999999999 ],
	"position" : 
	[
		-0.48466047998618295,
		1.7833774296873559,
		-0.56515506508814117,
		1.2123056984349552,
		-1.1475888897710218,
		-0.48113491489715537,
		0.043499999999999997
	],
	"velocity" : 
	[
		0.0089999999999999993,
		0.0,
		0.057000000000000002,
		0.0,
		0.0,
		0.023,
		0.0
	]
}
