{
	"effort" : [ 0.0, 0.0, 0.0, 0.0, 0.0, 0.0, -1.04 ],
	"position" : 
	[
		-0.63367669152142125,
		1.6019679072351107,
		-0.51124184449404997,
		0.74694855997582454,
		-0.26830946590902049,
		-0.81557490616422434,
		0.057000000000000002
	],
	"velocity" : 
	[
		0.0040000000000000001,
		0.0,
		0.126,
		-0.13400000000000001,
		-0.087999999999999995,
		0.0,
		0.0
	]
}
