{
	"effort" : [ 0.0, 0.0, 0.0, 0.0, 0.0, 0.0, -0.97799999999999998 ],
	"position" : 
	[
		-0.49590040036902361,
		1.6979435628022546,
		-0.59006091351409395,
		0.66313784929507802,
		-0.51511647543347638,
		-0.41737803732181861,
		0.078
	],
	"velocity" : 
	[
		0.0,
		-0.014,
		-0.017000000000000001,
		0.0,
		0.113,
		-0.46500000000000002,
		0.0
	]
}
