{
	"effort" : [ 0.0, 0.0, 0.0, 0.0, 0.0, 0.0, -1.0229999999999999 ],
	"position" : 
	[
		-0.62341415551969714,
		1.7409659288639041,
		-0.53990015081178955,
		0.59686769759687008,
		-0.53202871588529721,
		-0.67366218468460115,
		0.056800000000000003
	],
	"velocity" : 
	[
		0.035999999999999997,
		0.019,
		-0.070999999999999994,
		0.126,
		-0.085999999999999993,
		-0.58399999999999996,
		0.0
	]
}
