{
	"effort" : [ 0.0, 0.0, 0.0, 0.0, 0.0, 0.0, -0.40300000000000002 ],
	"position" : 
	[
		-0.55477035603877756,
		1.7306510329846203,
		-0.58039178945804781,
		0.71757466866476738,
		-0.57054813247680225,
		-0.3922976559706664,
		0.077200000000000005
	],
	"velocity" : 
	[
		0.23999999999999999,
		-0.20499999999999999,
		0.0,
		0.35999999999999999,
		0.0050000000000000001,
		0.014999999999999999,
		0.0
	]
}
