{
	"effort" : [ 0.0, 0.0, 0.0, 0.0, 0.0, 0.0, -0.29099999999999998 ],
	"position" : 
	[
		-0.60432025350288399,
		1.7809514220270841,
		-0.56396824119678535,
		0.70284408977793911,
		-0.65954247103597063,
		-0.45481534977708754,
		0.076700000000000004
	],
	"velocity" : 
	[
		-0.024,
		0.0,
		-0.055,
		-0.0030000000000000001,
		0.47699999999999998,
		0.001,
		0.0
	]
}
