{
	"effort" : [ 0.0, 0.0, 0.0, 0.0, 0.0, 0.0, -1.036 ],
	"position" : 
	[
		-0.58159606664192354,
		1.7602867236834763,
		-0.73303828583743336,
		0.95457292779301761,
		-0.44580945083679907,
		-0.78096502709718563,
		0.044400000000000002
	],
	"velocity" : [ 0.0, 0.0, 0.0, 0.0, 0.069000000000000006, 0.12, 0.0 ]
}
