{
	"effort" : [ 0.0, 0.0, 0.0, 0.0, 0.0, 0.0, -1.032 ],
	"position" : 
	[
		-0.62208770528818191,
		1.6979435628022546,
		-0.59068923204481172,
		0.62723642658156387,
		-0.45844563462123483,
		-0.68952722758522556,
		0.056300000000000003
	],
	"velocity" : 
	[
		-0.042999999999999997,
		0.0,
		0.0030000000000000001,
		0.0,
		0.115,
		-0.001,
		0.0
	]
}
