{
	"effort" : [ 0.0, 0.0, 0.0, 0.0, 0.0, 0.0, -1.0469999999999999 ],
	"position" : 
	[
		-0.62158155980510355,
		1.7300925276239822,
		-0.53990015081178955,
		0.6359281662564934,
		-0.52509975875488135,
		-0.72483523835306207,
		0.0574
	],
	"velocity" : 
	[
		0.014,
		-0.27400000000000002,
		-0.014999999999999999,
		0.65100000000000002,
		0.40200000000000002,
		-0.84899999999999998,
		0.0
	]
}
