{
	"effort" : [ 0.0, 0.0, 0.0, 0.0, 0.0, 0.0, -0.037999999999999999 ],
	"position" : 
	[
		-0.41620866672298268,
		1.1977147458882862,
		-0.36294121795212919,
		1.4747683113497965,
		-0.53031829321834312,
		-1.6891471033722056,
		0.0424
	],
	"velocity" : 
	[
		0.0,
		0.82899999999999996,
		-0.38200000000000001,
		-0.69199999999999995,
		-0.63400000000000001,
		1.194,
		0.0
	]
}
