{
	"effort" : [ 0.0, 0.0, 0.0, 0.0, 0.0, 0.0, 0.10100000000000001 ],
	"position" : 
	[
		-0.58793161182666143,
		1.7546493101995364,
		-0.60917226882342701,
		1.0053096491484801,
		-0.7111693103099499,
		-0.93078409008834084,
		0.0722
	],
	"velocity" : 
	[
		-0.0050000000000000001,
		0.10100000000000001,
		-0.223,
		-0.39300000000000002,
		0.40400000000000003,
		0.0,
		0.0
	]
}
