{
	"effort" : [ 0.0, 0.0, 0.0, 0.0, 0.0, 0.0, -1.0409999999999999 ],
	"position" : 
	[
		-0.48408452133302499,
		1.7833774296873559,
		-0.57072266540200178,
		1.1785161241163535,
		-1.1648676493657613,
		-0.47342055960334234,
		0.043499999999999997
	],
	"velocity" : 
	[
		0.0,
		0.0,
		0.0080000000000000002,
		0.010999999999999999,
		0.071999999999999995,
		-0.0050000000000000001,
		0.0
	]
}
