{
	"effort" : [ 0.0, 0.0, 0.0, 0.0, 0.0, 0.0, 0.14000000000000001 ],
	"position" : 
	[
		-0.61432099011680907,
		1.4187781489458322,
		-0.40168752734639351,
		1.044178131590384,
		-0.3435506099624771,
		-0.58180550615216287,
		0.0722
	],
	"velocity" : [ 0.0, -0.437, 0.01, 0.0, 0.0, 0.0, 0.0 ]
}
