{
	"effort" : [ 0.0, 0.0, 0.0, 0.0, 0.0, 0.0, -0.625 ],
	"position" : 
	[
		-0.51543063469883521,
		1.7034937098235952,
		-0.58039178945804781,
		0.73488833484454685,
		-0.50265482457424004,
		-0.37800340939683647,
		0.078
	],
	"velocity" : [ 0.0, 0.0, 0.0, -0.12, 0.0, 0.14299999999999999, 0.0 ]
}
