{
	"effort" : [ 0.0, 0.0, 0.0, 0.0, 0.0, 0.0, 0.14499999999999999 ],
	"position" : 
	[
		-0.61432099011680907,
		1.5401832517145273,
		-0.40369465598618653,
		1.044178131590384,
		-0.43655920580123148,
		-0.58180550615216287,
		0.0722
	],
	"velocity" : 
	[
		0.0,
		-0.157,
		0.0050000000000000001,
		0.0,
		-0.084000000000000005,
		0.0,
		0.0
	]
}
