{
	"effort" : [ 0.0, 0.0, 0.0, 0.0, 0.0, 0.0, -0.55900000000000005 ],
	"position" : 
	[
		-0.52955034834746584,
		1.7126392351040434,
		-0.58039178945804781,
		0.73499305459966657,
		-0.56876789663976857,
		-0.38660788260916629,
		0.077600000000000002
	],
	"velocity" : 
	[
		0.14799999999999999,
		-0.17799999999999999,
		0.0,
		0.56299999999999994,
		0.019,
		0.085999999999999993,
		0.0
	]
}
