{
	"effort" : [ 0.0, 0.0, 0.0, 0.0, 0.0, 0.0, 0.151 ],
	"position" : 
	[
		-0.61432099011680907,
		1.4853450066168794,
		-0.40168752734639351,
		1.044178131590384,
		-0.40065778308771716,
		-0.58180550615216287,
		0.0722
	],
	"velocity" : [ 0.0, -0.19, 0.0, 0.0, 0.51300000000000001, 0.0, 0.0 ]
}
