{
	"effort" : [ 0.0, 0.0, 0.0, 0.0, 0.0, 0.0, -0.051999999999999998 ],
	"position" : 
	[
		-0.61432099011680907,
		0.0023212879051518723,
		-0.35910149359774268,
		0.64273495033926953,
		0.503213329934878,
		-0.58180550615216287,
		0.0722
	],
	"velocity" : [ 0.0, 0.0, 0.023, -0.504, 0.81799999999999995, 0.0, 0.0 ]
}
