{
	"effort" : [ 0.0, 0.0, 0.0, 0.0, 0.0, 0.0, 0.14000000000000001 ],
	"position" : 
	[
		-0.61432099011680907,
		0.79888955851516275,
		-0.36140532821037458,
		1.0296569922137946,
		-0.20603611819787859,
		-0.58180550615216287,
		0.0722
	],
	"velocity" : [ 0.0, -1.2230000000000001, 0.0, -0.64400000000000002, 1.208, 0.0, 0.0 ]
}
