{
	"effort" : [ 0.0, 0.0, 0.0, 0.0, 0.0, 0.0, 0.042999999999999997 ],
	"position" : 
	[
		-0.58793161182666143,
		1.7583843147988032,
		-0.73223543438151617,
		1.0113833949454187,
		-0.48874455043584875,
		-1.0538996155239899,
		0.0722
	],
	"velocity" : [ 0.0, 0.0, 0.0, -0.253, 0.043999999999999997, 0.159, 0.0 ]
}
