{
	"effort" : [ 0.0, 0.0, 0.0, 0.0, 0.0, 0.0, -0.039 ],
	"position" : 
	[
		-0.41620866672298268,
		0.93345444384389153,
		-0.33541737564818558,
		1.6021075335752701,
		-0.39786525628452696,
		-2.0095197408682037,
		0.0424
	],
	"velocity" : [ 0.0, 0.0, 0.0, -0.014999999999999999, 0.0, 0.26400000000000001, 0.0 ]
}
