{
	"effort" : [ 0.0, 0.0, 0.0, 0.0, 0.0, 0.0, 0.108 ],
	"position" : 
	[
		-0.61432099011680907,
		0.33667401270962116,
		-0.36140532821037458,
		0.91816535959642509,
		-0.023876104167276403,
		-0.58180550615216287,
		0.0722
	],
	"velocity" : [ 0.0, -1.179, 0.0, -0.56299999999999994, 0.24099999999999999, 0.0, 0.0 ]
}
