{
	"effort" : [ 0.0, 0.0, 0.0, 0.0, 0.0, 0.0, -1.0429999999999999 ],
	"position" : 
	[
		-0.62341415551969714,
		1.6956222748971028,
		-0.56635934227201701,
		0.61343087219829207,
		-0.45694465146452001,
		-0.6693861280172162,
		0.056000000000000001
	],
	"velocity" : 
	[
		0.0,
		-0.035000000000000003,
		0.20599999999999999,
		-0.084000000000000005,
		0.0,
		0.182,
		0.0
	]
}
