{
	"effort" : [ 0.0, 0.0, 0.0, 0.0, 0.0, 0.0, -1.0449999999999999 ],
	"position" : 
	[
		-0.48466047998618295,
		1.7833774296873559,
		-0.57072266540200178,
		1.1995473416028799,
		-1.1515507871730479,
		-0.47780133602584707,
		0.043499999999999997
	],
	"velocity" : [ 0.0, 0.0, 0.002, 0.095000000000000001, 0.042000000000000003, 0.0, 0.0 ]
}
