{
	"effort" : [ 0.0, 0.0, 0.0, 0.0, 0.0, 0.0, -0.629 ],
	"position" : 
	[
		-0.518083535161866,
		1.7034937098235952,
		-0.58039178945804781,
		0.74829246349986001,
		-0.51420890422243959,
		-0.37800340939683647,
		0.078
	],
	"velocity" : 
	[
		0.028000000000000001,
		0.023,
		0.0,
		-0.14299999999999999,
		0.13600000000000001,
		0.0,
		0.0
	]
}
