{
	"effort" : [ 0.0, 0.0, 0.0, 0.0, 0.0, 0.0, 0.14299999999999999 ],
	"position" : 
	[
		-0.61432099011680907,
		1.2634263922258562,
		-0.39971530529164045,
		1.044178131590384,
		-0.34180528071048316,
		-0.58180550615216287,
		0.0722
	],
	"velocity" : 
	[
		0.0,
		-0.23300000000000001,
		0.024,
		0.0,
		-0.0089999999999999993,
		0.0,
		0.0
	]
}
