{
	"effort" : [ 0.0, 0.0, 0.0, 0.0, 0.0, 0.0, -0.51500000000000001 ],
	"position" : 
	[
		-0.41994367132224958,
		0.0037175513067469832,
		-0.018919369091613757,
		1.6711353054916285,
		0.055361843873246157,
		-1.858339321060493,
		-0.0041999999999999997
	],
	"velocity" : [ 0.0, 0.0, -0.27300000000000002, 0.0, 0.0, -0.30399999999999999, 0.0 ]
}
