{
	"effort" : [ 0.0, 0.0, 0.0, 0.0, 0.0, 0.0, -0.036999999999999998 ],
	"position" : 
	[
		-0.41994367132224958,
		0.52754321970767282,
		-0.35295793463072417,
		1.4492865042706853,
		-0.15081390066479194,
		-1.8915180301408971,
		0.0424
	],
	"velocity" : 
	[
		0.0,
		1.897,
		-0.55800000000000005,
		0.0,
		-0.76500000000000001,
		0.034000000000000002,
		0.0
	]
}
