{
	"effort" : [ 0.0, 0.0, 0.0, 0.0, 0.0, 0.0, -0.025999999999999999 ],
	"position" : 
	[
		-0.48665015533345607,
		1.7797122382581685,
		-0.56616735605429769,
		1.1959170567587327,
		-1.1302752235912426,
		-0.46931903586115675,
		0.057000000000000002
	],
	"velocity" : 
	[
		-0.059999999999999998,
		-0.070999999999999994,
		-0.028000000000000001,
		-0.001,
		-0.014999999999999999,
		0.010999999999999999,
		0.0
	]
}
