{
	"effort" : [ 0.0, 0.0, 0.0, 0.0, 0.0, 0.0, 0.042999999999999997 ],
	"position" : 
	[
		-0.41620866672298268,
		1.5164991337649703,
		-0.49560369439618468,
		1.2823632146099899,
		-0.7112216701875097,
		-1.3041274703823538,
		0.0693
	],
	"velocity" : 
	[
		0.0,
		0.61699999999999999,
		-0.048000000000000001,
		-0.36799999999999999,
		0.0,
		0.024,
		0.0
	]
}
