{
	"effort" : [ 0.0, 0.0, 0.0, 0.0, 0.0, 0.0, -0.065000000000000002 ],
	"position" : 
	[
		-0.3927339882836649,
		1.7745984235498267,
		-0.56953584151064574,
		1.2581031380072749,
		-1.0796781285759396,
		-0.58168333310452336,
		0.061400000000000003
	],
	"velocity" : 
	[
		-0.29099999999999998,
		0.0,
		0.0,
		-0.16200000000000001,
		0.20699999999999999,
		0.0,
		0.0
	]
}
