{
	"effort" : [ 0.0, 0.0, 0.0, 0.0, 0.0, 0.0, -0.072999999999999995 ],
	"position" : 
	[
		-0.3993313328562017,
		1.7745984235498267,
		-0.56953584151064574,
		1.2284849006009386,
		-1.0571633812252184,
		-0.55972709111444019,
		0.061400000000000003
	],
	"velocity" : 
	[
		0.28699999999999998,
		0.001,
		0.0070000000000000001,
		0.12,
		-0.48299999999999998,
		-0.20899999999999999,
		0.0
	]
}
