{
	"effort" : [ 0.0, 0.0, 0.0, 0.0, 0.0, 0.0, -0.036999999999999998 ],
	"position" : 
	[
		-0.41620866672298268,
		0.93717199515063843,
		-0.5672320068980139,
		1.9502832660555312,
		-0.19870573533950425,
		-2.0228191497683974,
		0.0424
	],
	"velocity" : [ 0.0, 0.023, 0.12, 0.0, 0.59599999999999997, 0.0, 0.0 ]
}
