{
	"effort" : [ 0.0, 0.0, 0.0, 0.0, 0.0, 0.0, -0.032000000000000001 ],
	"position" : 
	[
		-0.41620866672298268,
		1.1178310260245259,
		-0.33793064977105675,
		1.5322594569104748,
		-0.49062950602800215,
		-1.8147409963456858,
		0.0424
	],
	"velocity" : 
	[
		0.0,
		0.73699999999999999,
		-0.090999999999999998,
		-0.51100000000000001,
		-0.13200000000000001,
		1.4399999999999999,
		0.0
	]
}
