{
	"effort" : [ 0.0, 0.0, 0.0, 0.0, 0.0, 0.0, 0.096000000000000002 ],
	"position" : 
	[
		-0.41994367132224958,
		0.0037175513067469832,
		-0.061784655520583667,
		1.6110785259305191,
		-0.035377823937916129,
		-1.8915180301408971,
		-0.0020999999999999999
	],
	"velocity" : 
	[
		0.0,
		0.0,
		-0.14000000000000001,
		-0.193,
		0.0,
		0.0030000000000000001,
		0.0
	]
}
