{
	"effort" : [ 0.0, 0.0, 0.0, 0.0, 0.0, 0.0, -0.035000000000000003 ],
	"position" : 
	[
		-0.48703412776889465,
		1.7761517665841009,
		-0.56674331470745554,
		1.1800869204431481,
		-1.1376056064496169,
		-0.46874307720799874,
		0.060199999999999997
	],
	"velocity" : 
	[
		0.0,
		-0.037999999999999999,
		-0.029000000000000001,
		-0.27900000000000003,
		-0.067000000000000004,
		0.0,
		0.0
	]
}
