{
	"effort" : [ 0.0, 0.0, 0.0, 0.0, 0.0, 0.0, -1.0449999999999999 ],
	"position" : 
	[
		-0.58473765929551258,
		1.7723993086923142,
		-0.58426642039747423,
		0.95198984050006663,
		-0.96146697833839356,
		-0.52434926717652408,
		0.050900000000000001
	],
	"velocity" : 
	[
		-0.13800000000000001,
		0.0,
		0.091999999999999998,
		-0.0030000000000000001,
		0.0050000000000000001,
		0.0030000000000000001,
		0.0
	]
}
