{
	"effort" : [ 0.0, 0.0, 0.0, 0.0, 0.0, 0.0, -1.046 ],
	"position" : 
	[
		-0.63367669152142125,
		1.6019679072351107,
		-0.51021210023537356,
		0.74502869779863135,
		-0.27040386101141323,
		-0.81557490616422434,
		0.057000000000000002
	],
	"velocity" : 
	[
		0.0040000000000000001,
		-0.001,
		0.14199999999999999,
		-0.089999999999999997,
		-0.052999999999999999,
		0.0,
		0.0
	]
}
