{
	"effort" : [ 0.0, 0.0, 0.0, 0.0, 0.0, 0.0, -0.65800000000000003 ],
	"position" : 
	[
		-0.50279445091439945,
		1.7018705536192411,
		-0.58259090431556015,
		0.67975338377405992,
		-0.52127748769301485,
		-0.40105920881567569,
		0.078
	],
	"velocity" : 
	[
		0.095000000000000001,
		0.0,
		0.0,
		-0.19700000000000001,
		-0.27000000000000002,
		-0.189,
		0.0
	]
}
