{
	"effort" : [ 0.0, 0.0, 0.0, 0.0, 0.0, 0.0, -0.032000000000000001 ],
	"position" : 
	[
		-0.48466047998618295,
		1.7833774296873559,
		-0.56103608805343563,
		1.2159010766940626,
		-1.121513670746233,
		-0.478970706624683,
		0.044699999999999997
	],
	"velocity" : 
	[
		0.0,
		0.0,
		0.021000000000000001,
		0.084000000000000005,
		0.045999999999999999,
		0.11600000000000001,
		0.0
	]
}
