{
	"effort" : [ 0.0, 0.0, 0.0, 0.0, 0.0, 0.0, -1.0429999999999999 ],
	"position" : 
	[
		-0.61775928874323704,
		1.6979435628022546,
		-0.59068923204481172,
		0.63163465629658844,
		-0.46303585055397872,
		-0.68867201625174868,
		0.056300000000000003
	],
	"velocity" : [ -0.11, 0.0, 0.0, -0.153, 0.0, -0.028000000000000001, 0.0 ]
}
