{
	"effort" : [ 0.0, 0.0, 0.0, 0.0, 0.0, 0.0, -0.033000000000000002 ],
	"position" : 
	[
		-0.41994367132224958,
		0.95054121722091178,
		-0.50747193330974316,
		1.5779870833127148,
		-0.3268129024358557,
		-1.8915180301408971,
		0.0424
	],
	"velocity" : 
	[
		0.0,
		1.0669999999999999,
		-0.54800000000000004,
		0.73799999999999999,
		-0.57999999999999996,
		-0.001,
		0.0
	]
}
