{
	"effort" : [ 0.0, 0.0, 0.0, 0.0, 0.0, 0.0, -0.51400000000000001 ],
	"position" : 
	[
		-0.41994367132224958,
		0.0037175513067469832,
		-0.040264745843499011,
		1.6711353054916285,
		0.055361843873246157,
		-1.8766129183288693,
		-0.0041999999999999997
	],
	"velocity" : [ 0.0, 0.0, -0.219, 0.0, 0.0, -0.0070000000000000001, 0.0 ]
}
