{
	"effort" : [ 0.0, 0.0, 0.0, 0.0, 0.0, 0.0, -0.032000000000000001 ],
	"position" : 
	[
		-0.41620866672298268,
		0.98296943472295828,
		-0.57531288133474556,
		1.9079066718171198,
		-0.26844909224918007,
		-2.0074253457658111,
		0.0424
	],
	"velocity" : 
	[
		0.0,
		-0.34000000000000002,
		-0.012,
		0.26800000000000002,
		0.0089999999999999993,
		-0.14299999999999999,
		0.0
	]
}
