{
	"effort" : [ 0.0, 0.0, 0.0, 0.0, 0.0, 0.0, -0.032000000000000001 ],
	"position" : 
	[
		-0.41620866672298268,
		1.174170254278889,
		-0.35499996985555698,
		1.4879106406173104,
		-0.51550044786891502,
		-1.7231810237860863,
		0.0424
	],
	"velocity" : 
	[
		0.0,
		0.79700000000000004,
		-0.309,
		-0.59799999999999998,
		-0.35399999999999998,
		1.2210000000000001,
		0.0
	]
}
