{
	"effort" : [ 0.0, 0.0, 0.0, 0.0, 0.0, 0.0, -0.032000000000000001 ],
	"position" : 
	[
		-0.41620866672298268,
		0.93345444384389153,
		-0.33541737564818558,
		1.6133823605431508,
		-0.40025635735975856,
		-2.0211261803939631,
		0.0424
	],
	"velocity" : 
	[
		0.0,
		0.0,
		0.010999999999999999,
		-0.28299999999999997,
		0.058999999999999997,
		0.0089999999999999993,
		0.0
	]
}
