{
	"effort" : [ 0.0, 0.0, 0.0, 0.0, 0.0, 0.0, -0.090999999999999998 ],
	"position" : 
	[
		-0.61432099011680907,
		0.0023212879051518723,
		-0.31744048435264849,
		0.59334213250784251,
		0.64852944345588925,
		-0.58180550615216287,
		0.024500000000000001
	],
	"velocity" : 
	[
		0.0,
		0.0,
		0.14299999999999999,
		-0.11799999999999999,
		0.13400000000000001,
		0.0,
		0.0
	]
}
