{
	"effort" : [ 0.0, 0.0, 0.0, 0.0, 0.0, 0.0, -1.0409999999999999 ],
	"position" : 
	[
		-0.58550560416638986,
		1.6979435628022546,
		-0.59068923204481172,
		0.65631361191978199,
		-0.48336893633970751,
		-0.63392103761670038,
		0.057500000000000002
	],
	"velocity" : 
	[
		-0.245,
		0.0,
		0.0,
		-0.105,
		0.099000000000000005,
		-0.43099999999999999,
		0.0
	]
}
