{
	"effort" : [ 0.0, 0.0, 0.0, 0.0, 0.0, 0.0, -0.158 ],
	"position" : 
	[
		-0.4595975519275507,
		1.7745984235498267,
		-0.56953584151064574,
		1.2336161686018006,
		-1.0119593535985767,
		-0.58531361794867065,
		0.057099999999999998
	],
	"velocity" : 
	[
		-0.215,
		0.0,
		0.0,
		-0.095000000000000001,
		0.20999999999999999,
		-0.001,
		0.0
	]
}
