{
	"effort" : [ 0.0, 0.0, 0.0, 0.0, 0.0, 0.0, -1.0489999999999999 ],
	"position" : 
	[
		-0.53859115387279421,
		1.7769371647474981,
		-0.73124059670787966,
		0.63877305293724329,
		-0.36770596681007256,
		-0.6647435522069125,
		0.0436
	],
	"velocity" : [ 0.113, 0.0, 0.0, -0.504, -0.012999999999999999, 0.0, 0.0 ]
}
