{
	"effort" : [ 0.0, 0.0, 0.0, 0.0, 0.0, 0.0, -1.0429999999999999 ],
	"position" : 
	[
		-0.58358574198919655,
		1.7602867236834763,
		-0.73303828583743336,
		0.93724180832071846,
		-0.43163737731060869,
		-0.75225436090188602,
		0.0436
	],
	"velocity" : 
	[
		-0.029000000000000001,
		0.0,
		0.0,
		-0.29899999999999999,
		0.087999999999999995,
		0.35799999999999998,
		0.0
	]
}
