{
	"effort" : [ 0.0, 0.0, 0.0, 0.0, 0.0, 0.0, -1.04 ],
	"position" : 
	[
		-0.61432099011680907,
		1.6121257234817152,
		-0.4095066023953261,
		0.70729467937052337,
		-0.4107806927492817,
		-0.76848592294542917,
		0.054899999999999997
	],
	"velocity" : 
	[
		0.0,
		0.053999999999999999,
		0.0,
		0.105,
		-0.115,
		0.10299999999999999,
		0.0
	]
}
