{
	"effort" : [ 0.0, 0.0, 0.0, 0.0, 0.0, 0.0, -1.0429999999999999 ],
	"position" : 
	[
		-0.48408452133302499,
		1.7833774296873559,
		-0.57072266540200178,
		1.1861083063625271,
		-1.1564202557861107,
		-0.47544514153565526,
		0.043499999999999997
	],
	"velocity" : 
	[
		-0.012,
		0.0,
		0.0060000000000000001,
		0.107,
		0.14099999999999999,
		-0.012999999999999999,
		0.0
	]
}
