{
	"effort" : [ 0.0, 0.0, 0.0, 0.0, 0.0, 0.0, -1.048 ],
	"position" : 
	[
		-0.62341415551969714,
		1.7277886930113504,
		-0.53794538204955644,
		0.59266145409956483,
		-0.51185270973224783,
		-0.64304910960462847,
		0.056000000000000001
	],
	"velocity" : 
	[
		0.0050000000000000001,
		0.32800000000000001,
		-0.01,
		-0.050999999999999997,
		-0.45200000000000001,
		-0.28100000000000003,
		0.0
	]
}
