{
	"effort" : [ 0.0, 0.0, 0.0, 0.0, 0.0, 0.0, -1.042 ],
	"position" : 
	[
		-0.58225929175768121,
		1.7723993086923142,
		-0.58646553525498646,
		0.95198984050006663,
		-0.96146697833839356,
		-0.52434926717652408,
		0.050900000000000001
	],
	"velocity" : 
	[
		-0.16300000000000001,
		0.0,
		0.091999999999999998,
		0.0,
		0.17399999999999999,
		0.0,
		0.0
	]
}
