{
	"effort" : [ 0.0, 0.0, 0.0, 0.0, 0.0, 0.0, -1.038 ],
	"position" : 
	[
		-0.49984484447852978,
		1.7723993086923142,
		-0.59262654751452493,
		1.0180854592730753,
		-0.89132219570075921,
		-0.55213490886826677,
		0.0516
	],
	"velocity" : [ 0.0, 0.0, 0.0, -0.29499999999999998, -0.45200000000000001, 0.0, 0.0 ]
}
