{
	"effort" : [ 0.0, 0.0, 0.0, 0.0, 0.0, 0.0, -0.17799999999999999 ],
	"position" : 
	[
		-0.61432099011680907,
		0.0023212879051518723,
		-0.28263861906789034,
		0.59299306665744367,
		0.67621036539251222,
		-0.58180550615216287,
		-0.0028
	],
	"velocity" : [ 0.0, 0.0, 0.157, -0.001, 0.247, 0.0, 0.0 ]
}
