{
	"effort" : [ 0.0, 0.0, 0.0, 0.0, 0.0, 0.0, -0.66500000000000004 ],
	"position" : 
	[
		-0.53216834222545661,
		1.7152048691044743,
		-0.58039178945804781,
		0.73232270084411588,
		-0.56876789663976857,
		-0.38638098980640717,
		0.077600000000000002
	],
	"velocity" : 
	[
		0.22700000000000001,
		-0.161,
		0.0,
		0.0070000000000000001,
		0.13200000000000001,
		0.20899999999999999,
		0.0
	]
}
