{
	"effort" : [ 0.0, 0.0, 0.0, 0.0, 0.0, 0.0, -0.51700000000000002 ],
	"position" : 
	[
		-0.41994367132224958,
		0.0037175513067469832,
		0.0,
		1.6711353054916285,
		0.059219021520152647,
		-1.7312269916377783,
		-0.0041999999999999997
	],
	"velocity" : [ 0.0, 0.0, 0.0, 0.0, -0.10100000000000001, -0.57499999999999996, 0.0 ]
}
