{
	"effort" : [ 0.0, 0.0, 0.0, 0.0, 0.0, 0.0, -1.04 ],
	"position" : 
	[
		-0.58159606664192354,
		1.7602867236834763,
		-0.73303828583743336,
		0.95132661538430896,
		-0.43587852739295385,
		-0.76009088924333856,
		0.0436
	],
	"velocity" : [ 0.0, 0.0, 0.0, -0.087999999999999995, 0.0, 0.0050000000000000001, 0.0 ]
}
