{
	"effort" : [ 0.0, 0.0, 0.0, 0.0, 0.0, 0.0, -0.032000000000000001 ],
	"position" : 
	[
		-0.41620866672298268,
		0.93924893696051126,
		-0.57149061027287895,
		1.9455359704901081,
		-0.21921335405043246,
		-2.0228191497683974,
		0.0424
	],
	"velocity" : 
	[
		0.0,
		-0.13900000000000001,
		0.11899999999999999,
		0.115,
		0.55000000000000004,
		0.0,
		0.0
	]
}
