{
	"effort" : [ 0.0, 0.0, 0.0, 0.0, 0.0, 0.0, -1.0429999999999999 ],
	"position" : 
	[
		-0.61610122595384276,
		1.6020202671126706,
		-0.42172390715928337,
		0.70083696113814609,
		-0.33726742465529913,
		-0.83931138399134109,
		0.054899999999999997
	],
	"velocity" : [ 0.034000000000000002, 0.0, 0.02, 0.0, -0.049000000000000002, 0.0, 0.0 ]
}
