{
	"effort" : [ 0.0, 0.0, 0.0, 0.0, 0.0, 0.0, -0.028000000000000001 ],
	"position" : 
	[
		-0.41620866672298268,
		1.2215384901780031,
		-0.3773925441586386,
		1.4552729836050244,
		-0.54576445709848909,
		-1.6548862901555654,
		0.0424
	],
	"velocity" : 
	[
		0.0,
		0.83499999999999996,
		-0.435,
		-0.52100000000000002,
		-0.65000000000000002,
		1.254,
		0.0
	]
}
