{
	"effort" : [ 0.0, 0.0, 0.0, 0.0, 0.0, 0.0, 0.111 ],
	"position" : 
	[
		-0.58793161182666143,
		1.7583843147988032,
		-0.65940284469581112,
		0.8737467301331806,
		-0.56128043414871465,
		-0.85456556165376785,
		0.0722
	],
	"velocity" : 
	[
		0.0,
		0.0,
		-0.11700000000000001,
		-0.087999999999999995,
		0.54800000000000004,
		-0.014999999999999999,
		0.0
	]
}
