{
	"effort" : [ 0.0, 0.0, 0.0, 0.0, 0.0, 0.0, -0.070999999999999994 ],
	"position" : 
	[
		-0.41994367132224958,
		0.0037175513067469832,
		-0.16339772457166787,
		1.3657550462702579,
		0.0,
		-1.8915180301408971,
		0.047899999999999998
	],
	"velocity" : 
	[
		0.0,
		0.152,
		-0.33000000000000002,
		-0.28100000000000003,
		-0.55000000000000004,
		0.0,
		0.0
	]
}
