{
	"effort" : [ 0.0, 0.0, 0.0, 0.0, 0.0, 0.0, -1.0429999999999999 ],
	"position" : 
	[
		-0.58679714781286541,
		1.7723993086923142,
		-0.58426642039747423,
		0.95198984050006663,
		-0.9590933305556818,
		-0.52194071280877252,
		0.050900000000000001
	],
	"velocity" : 
	[
		-0.0050000000000000001,
		0.0,
		0.017000000000000001,
		0.0,
		0.019,
		0.13,
		0.0
	]
}
