{
	"effort" : [ 0.0, 0.0, 0.0, 0.0, 0.0, 0.0, 0.14000000000000001 ],
	"position" : 
	[
		-0.61432099011680907,
		0.64125142047507466,
		-0.36140532821037458,
		0.99234185280616538,
		-0.078661989387364573,
		-0.58180550615216287,
		0.0722
	],
	"velocity" : 
	[
		0.0,
		-1.407,
		0.0,
		-0.014999999999999999,
		0.82199999999999995,
		-0.122,
		0.0
	]
}
