{
	"effort" : [ 0.0, 0.0, 0.0, 0.0, 0.0, 0.0, -0.039 ],
	"position" : 
	[
		-0.41620866672298268,
		0.93636914369472124,
		-0.33541737564818558,
		1.6000480450579175,
		-0.40966368202800563,
		-2.0018577454519506,
		0.0424
	],
	"velocity" : [ 0.0, 0.16600000000000001, 0.0, 0.0, -0.32500000000000001, 0.0, 0.0 ]
}
