{
	"effort" : [ 0.0, 0.0, 0.0, 0.0, 0.0, 0.0, 0.109 ],
	"position" : 
	[
		-0.47699848456992983,
		1.6827068384323485,
		-0.51579715384175395,
		1.1025244884845398,
		-0.73064718476220181,
		-1.0871830443595132,
		0.0722
	],
	"velocity" : 
	[
		-0.47999999999999998,
		0.39900000000000002,
		-0.249,
		-0.13400000000000001,
		-0.042000000000000003,
		1.0620000000000001,
		0.0
	]
}
