{
	"effort" : [ 0.0, 0.0, 0.0, 0.0, 0.0, 0.0, -0.035999999999999997 ],
	"position" : 
	[
		-0.41620866672298268,
		1.1175517733442071,
		-0.33793064977105675,
		1.536011914802262,
		-0.4902804401776033,
		-1.824689373082051,
		0.0424
	],
	"velocity" : 
	[
		0.0,
		0.73699999999999999,
		-0.107,
		-0.65900000000000003,
		-0.247,
		1.357,
		0.0
	]
}
