{
	"effort" : [ 0.0, 0.0, 0.0, 0.0, 0.0, 0.0, -1.036 ],
	"position" : 
	[
		-0.58444095332267354,
		1.7602867236834763,
		-0.73303828583743336,
		0.96144952504587355,
		-0.46322783677169804,
		-0.87681850961668995,
		0.045499999999999999
	],
	"velocity" : 
	[
		0.017999999999999999,
		0.0,
		0.0,
		-0.13600000000000001,
		0.10100000000000001,
		0.80900000000000005,
		0.0
	]
}
