{
	"effort" : [ 0.0, 0.0, 0.0, 0.0, 0.0, 0.0, -1.0429999999999999 ],
	"position" : 
	[
		-0.53670619828064081,
		1.7769371647474981,
		-0.73124059670787966,
		0.68279025667252935,
		-0.40606830376889819,
		-0.6647435522069125,
		0.0436
	],
	"velocity" : 
	[
		0.0080000000000000002,
		0.0,
		0.0,
		0.89100000000000001,
		-0.38900000000000001,
		0.0,
		0.0
	]
}
