{
	"effort" : [ 0.0, 0.0, 0.0, 0.0, 0.0, 0.0, -0.034000000000000002 ],
	"position" : 
	[
		-0.41620866672298268,
		0.93717199515063843,
		-0.54349552907089704,
		1.9570725968457876,
		-0.14278538610562003,
		-2.0251055310885091,
		0.0424
	],
	"velocity" : [ 0.0, 0.0, 0.02, 0.0, 0.128, 0.0, 0.0 ]
}
