{
	"effort" : [ 0.0, 0.0, 0.0, 0.0, 0.0, 0.0, -1.0469999999999999 ],
	"position" : 
	[
		-0.48670251521101582,
		1.7833774296873559,
		-0.57407369756583004,
		0.86142470561410378,
		-1.1073415972200427,
		-0.478970706624683,
		0.0436
	],
	"velocity" : 
	[
		0.0,
		0.0,
		0.049000000000000002,
		0.14699999999999999,
		-0.001,
		0.0089999999999999993,
		0.0
	]
}
