{
	"effort" : [ 0.0, 0.0, 0.0, 0.0, 0.0, 0.0, -1.048 ],
	"position" : 
	[
		-0.59688515088938998,
		1.7809514220270841,
		-0.56812212481653079,
		0.81192716802755704,
		-0.86111054634874495,
		-0.47532296848801575,
		0.054100000000000002
	],
	"velocity" : [ 0.0, 0.0, 0.012999999999999999, 0.0, 0.373, 0.0, 0.0 ]
}
