{
	"effort" : [ 0.0, 0.0, 0.0, 0.0, 0.0, 0.0, 0.0089999999999999993 ],
	"position" : 
	[
		-0.41994367132224958,
		0.0037175513067469832,
		-0.061662482472944091,
		1.6161050741762615,
		-0.035377823937916129,
		-1.8915180301408971,
		-0.0028
	],
	"velocity" : 
	[
		0.0,
		0.0,
		-0.125,
		-0.17399999999999999,
		-0.065000000000000002,
		-0.124,
		0.0
	]
}
