{
	"effort" : [ 0.0, 0.0, 0.0, 0.0, 0.0, 0.0, -1.044 ],
	"position" : 
	[
		-0.48007026405343911,
		1.7833774296873559,
		-0.56897733615000778,
		1.1113907610846685,
		-1.1759330368234027,
		-0.45493752282472705,
		0.043499999999999997
	],
	"velocity" : 
	[
		-0.095000000000000001,
		0.0,
		0.0,
		0.52100000000000002,
		-0.14499999999999999,
		0.0,
		0.0
	]
}
