{
	"effort" : [ 0.0, 0.0, 0.0, 0.0, 0.0, 0.0, -0.048000000000000001 ],
	"position" : 
	[
		-0.41620866672298268,
		0.93345444384389153,
		-0.33541737564818558,
		1.61074691337264,
		-0.39968039870660055,
		-2.0211261803939631,
		0.0424
	],
	"velocity" : 
	[
		0.0,
		0.0,
		0.0,
		-0.052999999999999999,
		0.0030000000000000001,
		-0.037999999999999999,
		0.0
	]
}
