{
	"effort" : [ 0.0, 0.0, 0.0, 0.0, 0.0, 0.0, -1.044 ],
	"position" : 
	[
		-0.58571504367662908,
		1.7602867236834763,
		-0.73303828583743336,
		0.88425361223018384,
		-0.42024037729508851,
		-0.72982688001376461,
		0.0436
	],
	"velocity" : [ -0.027, 0.0, 0.0, -0.75900000000000001, 0.107, 0.13, 0.0 ]
}
