{
	"effort" : [ 0.0, 0.0, 0.0, 0.0, 0.0, 0.0, 0.11799999999999999 ],
	"position" : 
	[
		-0.58793161182666143,
		1.7583843147988032,
		-0.62264621064881975,
		0.9637009997809457,
		-0.67980574365161983,
		-0.92235414980121044,
		0.0722
	],
	"velocity" : 
	[
		0.0,
		0.0,
		-0.13600000000000001,
		-0.11799999999999999,
		0.27800000000000002,
		0.122,
		0.0
	]
}
