{
	"effort" : [ 0.0, 0.0, 0.0, 0.0, 0.0, 0.0, 0.13700000000000001 ],
	"position" : 
	[
		-0.61432099011680907,
		0.95853482519504385,
		-0.36295867124464914,
		1.044178131590384,
		-0.33592352113126378,
		-0.58180550615216287,
		0.0722
	],
	"velocity" : [ 0.0, -0.74399999999999999, 0.0, 0.0, 0.078, 0.0, 0.0 ]
}
