{
	"effort" : [ 0.0, 0.0, 0.0, 0.0, 0.0, 0.0, -1.046 ],
	"position" : 
	[
		-0.5941449839637597,
		1.7809514220270841,
		-0.56981509419096488,
		0.8216311986686432,
		-0.89601713138862271,
		-0.47853437431168444,
		0.054100000000000002
	],
	"velocity" : 
	[
		0.0,
		0.0,
		0.0,
		-0.42899999999999999,
		0.32900000000000001,
		0.012999999999999999,
		0.0
	]
}
