{
	"effort" : [ 0.0, 0.0, 0.0, 0.0, 0.0, 0.0, -0.089999999999999997 ],
	"position" : 
	[
		-0.60086450158393612,
		1.7809514220270841,
		-0.55906386599868241,
		0.70464177890749269,
		-0.70418799330197435,
		-0.45481534977708754,
		0.076200000000000004
	],
	"velocity" : 
	[
		-0.042000000000000003,
		0.0,
		-0.0070000000000000001,
		-0.080000000000000002,
		0.34799999999999998,
		0.0,
		0.0
	]
}
