{
	"effort" : [ 0.0, 0.0, 0.0, 0.0, 0.0, 0.0, -0.048000000000000001 ],
	"position" : 
	[
		-0.41994367132224958,
		0.044313909708124842,
		-0.19561650256347507,
		1.3510593739684693,
		-0.036233035271393134,
		-1.8915180301408971,
		0.043900000000000002
	],
	"velocity" : 
	[
		0.0,
		0.70699999999999996,
		-0.44400000000000001,
		0.0,
		-0.60399999999999998,
		0.0050000000000000001,
		0.0
	]
}
