{
	"effort" : [ 0.0, 0.0, 0.0, 0.0, 0.0, 0.0, 0.13800000000000001 ],
	"position" : 
	[
		-0.61432099011680907,
		1.1977321991808063,
		-0.36295867124464914,
		1.0459409141348976,
		-0.43545964837247531,
		-0.58180550615216287,
		0.0722
	],
	"velocity" : [ 0.0, -0.47599999999999998, 0.0, 0.0, 0.050999999999999997, 0.0, 0.0 ]
}
