{
	"effort" : [ 0.0, 0.0, 0.0, 0.0, 0.0, 0.0, 0.11 ],
	"position" : 
	[
		-0.58793161182666143,
		1.7583843147988032,
		-0.68828804381631004,
		0.87788316046040615,
		-0.50954887511961588,
		-0.94279195534205895,
		0.0722
	],
	"velocity" : 
	[
		0.0,
		0.0,
		-0.156,
		0.34699999999999998,
		0.029999999999999999,
		-0.59799999999999998,
		0.0
	]
}
