{
	"effort" : [ 0.0, 0.0, 0.0, 0.0, 0.0, 0.0, -0.30399999999999999 ],
	"position" : 
	[
		-0.59857812026382407,
		1.7809514220270841,
		-0.55724872357660882,
		0.72321208214870769,
		-0.7465122276628261,
		-0.460958908744106,
		0.0717
	],
	"velocity" : 
	[
		0.001,
		-0.001,
		-0.068000000000000005,
		0.0,
		0.40999999999999998,
		0.34699999999999998,
		0.0
	]
}
