{
	"effort" : [ 0.0, 0.0, 0.0, 0.0, 0.0, 0.0, 0.050999999999999997 ],
	"position" : 
	[
		-0.58793161182666143,
		1.7583843147988032,
		-0.72853533636728907,
		1.0129192846871733,
		-0.49151962394651899,
		-1.0525382587074346,
		0.0722
	],
	"velocity" : [ -0.016, 0.0, -0.019, 0.28100000000000003, 0.0, -0.023, 0.0 ]
}
