{
	"effort" : [ 0.0, 0.0, 0.0, 0.0, 0.0, 0.0, -0.41999999999999998 ],
	"position" : 
	[
		-0.54349552907089704,
		1.7231461172010465,
		-0.58039178945804781,
		0.72459089225778284,
		-0.56876789663976857,
		-0.39172169731750839,
		0.077299999999999994
	],
	"velocity" : 
	[
		0.28499999999999998,
		-0.20300000000000001,
		0.0,
		0.14699999999999999,
		0.029999999999999999,
		0.0,
		0.0
	]
}
