{
	"effort" : [ 0.0, 0.0, 0.0, 0.0, 0.0, 0.0, -0.058999999999999997 ],
	"position" : 
	[
		-0.48703412776889465,
		1.7745984235498267,
		-0.57136843722523944,
		1.1760726631635621,
		-1.0546152005173073,
		-0.49567350756626438,
		0.061400000000000003
	],
	"velocity" : 
	[
		0.036999999999999998,
		0.0,
		0.0,
		0.047,
		0.19900000000000001,
		-0.627,
		0.0
	]
}
