{
	"effort" : [ 0.0, 0.0, 0.0, 0.0, 0.0, 0.0, 0.048000000000000001 ],
	"position" : 
	[
		-0.58793161182666143,
		1.7583843147988032,
		-0.71958179730456051,
		0.9684657486388889,
		-0.49373619209655123,
		-1.0206510932735062,
		0.0722
	],
	"velocity" : 
	[
		0.0,
		0.0,
		-0.14799999999999999,
		0.83599999999999997,
		0.089999999999999997,
		-0.69899999999999995,
		0.0
	]
}
