{
	"effort" : [ 0.0, 0.0, 0.0, 0.0, 0.0, 0.0, -0.63200000000000001 ],
	"position" : 
	[
		-0.51296972045352385,
		1.7034937098235952,
		-0.58039178945804781,
		0.73080426439488111,
		-0.50265482457424004,
		-0.38011525779174909,
		0.078
	],
	"velocity" : [ 0.0, 0.0, 0.0, 0.0, 0.0, 0.0, 0.0 ]
}
