{
	"effort" : [ 0.0, 0.0, 0.0, 0.0, 0.0, 0.0, -0.65900000000000003 ],
	"position" : 
	[
		-0.50459214004395325,
		1.7018705536192411,
		-0.58259090431556015,
		0.69221503463329626,
		-0.50850167756841957,
		-0.39852848140028457,
		0.078
	],
	"velocity" : 
	[
		0.031,
		0.0,
		0.0,
		-0.16600000000000001,
		-0.012999999999999999,
		0.0070000000000000001,
		0.0
	]
}
