{
	"effort" : [ 0.0, 0.0, 0.0, 0.0, 0.0, 0.0, -0.51200000000000001 ],
	"position" : 
	[
		-0.41994367132224958,
		0.0037175513067469832,
		-0.056985000077600476,
		1.650278620930302,
		-0.013107422682474106,
		-1.8915180301408971,
		-0.0041999999999999997
	],
	"velocity" : [ 0.0, 0.0, 0.0, -0.74299999999999999, -0.14899999999999999, 0.0, 0.0 ]
}
