{
	"effort" : [ 0.0, 0.0, 0.0, 0.0, 0.0, 0.0, -1.04 ],
	"position" : 
	[
		-0.62158155980510355,
		1.7198648982072979,
		-0.53990015081178955,
		0.65336400548391238,
		-0.51649528554255153,
		-0.73869315261389346,
		0.0574
	],
	"velocity" : 
	[
		0.0,
		-0.42599999999999999,
		0.0,
		0.55200000000000005,
		0.42099999999999999,
		-0.40000000000000002,
		0.0
	]
}
