{
	"effort" : [ 0.0, 0.0, 0.0, 0.0, 0.0, 0.0, -0.51500000000000001 ],
	"position" : 
	[
		-0.41994367132224958,
		0.0037175513067469832,
		-0.056985000077600476,
		1.6563698200197605,
		-0.010576695267082966,
		-1.8915180301408971,
		-0.0041999999999999997
	],
	"velocity" : [ 0.0, 0.0, 0.0, -0.41599999999999998, -0.187, 0.0, 0.0 ]
}
