{
	"effort" : [ 0.0, 0.0, 0.0, 0.0, 0.0, 0.0, -0.66000000000000003 ],
	"position" : 
	[
		-0.50717522733690423,
		1.7034937098235952,
		-0.58259090431556015,
		0.70069733479798657,
		-0.50295153054707897,
		-0.39631191325025239,
		0.078
	],
	"velocity" : 
	[
		0.045999999999999999,
		0.0,
		-0.0070000000000000001,
		-0.043999999999999997,
		-0.122,
		-0.14899999999999999,
		0.0
	]
}
