{
	"effort" : [ 0.0, 0.0, 0.0, 0.0, 0.0, 0.0, -1.0469999999999999 ],
	"position" : 
	[
		-0.58191022590728247,
		1.7602867236834763,
		-0.73124059670787966,
		0.78703877289412416,
		-0.39400807863762038,
		-0.67116636385424988,
		0.0436
	],
	"velocity" : 
	[
		0.187,
		0.001,
		0.024,
		-0.59799999999999998,
		0.34699999999999998,
		0.0089999999999999993,
		0.0
	]
}
