{
	"effort" : [ 0.0, 0.0, 0.0, 0.0, 0.0, 0.0, -1.0329999999999999 ],
	"position" : 
	[
		-0.5236162288906866,
		1.7723993086923142,
		-0.59262654751452493,
		0.95565503192925394,
		-0.97691314221853942,
		-0.55604444639273309,
		0.051299999999999998
	],
	"velocity" : 
	[
		-0.16200000000000001,
		0.0,
		0.0,
		-0.29099999999999998,
		0.13900000000000001,
		0.0,
		0.0
	]
}
