{
	"effort" : [ 0.0, 0.0, 0.0, 0.0, 0.0, 0.0, -0.044999999999999998 ],
	"position" : 
	[
		-0.61432099011680907,
		0.0023212879051518723,
		-0.31220449659666688,
		0.59353411872556172,
		0.65036203917048274,
		-0.58180550615216287,
		0.0092999999999999992
	],
	"velocity" : [ 0.0, 0.0, 0.121, 0.0, 0.0, 0.0, 0.0 ]
}
