{
	"effort" : [ 0.0, 0.0, 0.0, 0.0, 0.0, 0.0, -0.034000000000000002 ],
	"position" : 
	[
		-0.41620866672298268,
		1.1457039341788684,
		-0.34513885958179152,
		1.5096050832195942,
		-0.50317842334983809,
		-1.7672156808138924,
		0.0424
	],
	"velocity" : 
	[
		0.0,
		0.76300000000000001,
		-0.23699999999999999,
		-0.63600000000000001,
		-0.308,
		1.4179999999999999,
		0.0
	]
}
