{
	"effort" : [ 0.0, 0.0, 0.0, 0.0, 0.0, 0.0, 0.0050000000000000001 ],
	"position" : 
	[
		-0.47867400065184396,
		1.7745984235498267,
		-0.56953584151064574,
		1.2022875085285101,
		-1.0006670733381762,
		-0.58862974352745889,
		0.055599999999999997
	],
	"velocity" : [ -0.114, 0.0, 0.0, -0.249, 0.113, -0.025999999999999999, 0.0 ]
}
