{
	"effort" : [ 0.0, 0.0, 0.0, 0.0, 0.0, 0.0, -0.124 ],
	"position" : 
	[
		-0.41994367132224958,
		0.1415985622142642,
		-0.23532274304633605,
		1.3601176327863176,
		-0.066654124133646617,
		-1.8915180301408971,
		0.042799999999999998
	],
	"velocity" : 
	[
		0.0,
		1.224,
		-0.376,
		0.47299999999999998,
		-0.14299999999999999,
		0.0,
		0.0
	]
}
