{
	"effort" : [ 0.0, 0.0, 0.0, 0.0, 0.0, 0.0, -0.128 ],
	"position" : 
	[
		-0.48703412776889465,
		1.7761517665841009,
		-0.56674331470745554,
		1.1802265467833075,
		-1.1376056064496169,
		-0.46659632222804626,
		0.060600000000000001
	],
	"velocity" : [ 0.0, 0.0, -0.01, -0.155, 0.0, 0.055, 0.0 ]
}
