{
	"effort" : [ 0.0, 0.0, 0.0, 0.0, 0.0, 0.0, -1.0449999999999999 ],
	"position" : 
	[
		-0.58550560416638986,
		1.7602867236834763,
		-0.73303828583743336,
		0.80819216342829014,
		-0.40521309243542114,
		-0.67577403307951389,
		0.0436
	],
	"velocity" : 
	[
		0.10000000000000001,
		0.0,
		0.035999999999999997,
		-0.53400000000000003,
		0.40000000000000002,
		0.20100000000000001,
		0.0
	]
}
