{
	"effort" : [ 0.0, 0.0, 0.0, 0.0, 0.0, 0.0, -0.19800000000000001 ],
	"position" : 
	[
		-0.61432099011680907,
		0.0023212879051518723,
		-0.27748989777450839,
		0.5998696639102995,
		0.3950901827738566,
		-0.64966390746968528,
		-0.0028999999999999998
	],
	"velocity" : 
	[
		0.0,
		0.0,
		0.0,
		0.33900000000000002,
		-1.8120000000000001,
		-0.26600000000000001,
		0.0
	]
}
