{
	"effort" : [ 0.0, 0.0, 0.0, 0.0, 0.0, 0.0, 0.151 ],
	"position" : 
	[
		-0.41620866672298268,
		1.4711031199206088,
		-0.49277626100795463,
		1.3182471840309842,
		-0.70605549560160785,
		-1.3120338118938861,
		0.061899999999999997
	],
	"velocity" : 
	[
		0.0,
		0.67100000000000004,
		-0.10000000000000001,
		-0.72599999999999998,
		-0.14499999999999999,
		0.32400000000000001,
		0.0
	]
}
