{
	"effort" : [ 0.0, 0.0, 0.0, 0.0, 0.0, 0.0, 0.040000000000000001 ],
	"position" : 
	[
		-0.48474774644878271,
		1.7745984235498267,
		-0.56953584151064574,
		1.1745193201292874,
		-0.9776461805043769,
		-0.58951986144597579,
		0.068000000000000005
	],
	"velocity" : 
	[
		0.0,
		0.0,
		-0.028000000000000001,
		-0.0089999999999999993,
		0.092999999999999999,
		0.0,
		0.0
	]
}
