{
	"effort" : [ 0.0, 0.0, 0.0, 0.0, 0.0, 0.0, -0.19700000000000001 ],
	"position" : 
	[
		-0.61432099011680907,
		0.0023212879051518723,
		-0.00010471975511963332,
		0.63264694726274484,
		0.21317451483853359,
		-0.66521479110495074,
		-0.0028999999999999998
	],
	"velocity" : [ 0.0, 0.0, 0.0, 0.001, 0.157, 0.0, 0.0 ]
}
