{
	"effort" : [ 0.0, 0.0, 0.0, 0.0, 0.0, 0.0, -1.0429999999999999 ],
	"position" : 
	[
		-0.48670251521101582,
		1.7808816088570043,
		-0.59735638978742844,
		0.75895642522954254,
		-1.0083814286319892,
		-0.53045791955850263,
		0.0436
	],
	"velocity" : 
	[
		-0.001,
		0.0,
		0.254,
		0.099000000000000005,
		-0.98299999999999998,
		0.63600000000000001,
		0.0
	]
}
