{
	"effort" : [ 0.0, 0.0, 0.0, 0.0, 0.0, 0.0, -1.0369999999999999 ],
	"position" : 
	[
		-0.48466047998618295,
		1.7833774296873559,
		-0.57072266540200178,
		1.1945207933571376,
		-1.151864946438407,
		-0.47780133602584707,
		0.043499999999999997
	],
	"velocity" : [ 0.0, 0.0, 0.0, 0.107, 0.13200000000000001, -0.023, 0.0 ]
}
