{
	"effort" : [ 0.0, 0.0, 0.0, 0.0, 0.0, 0.0, -1.034 ],
	"position" : 
	[
		-0.53366932538217138,
		1.6979435628022546,
		-0.59068923204481172,
		0.67079984471133125,
		-0.49541170817846536,
		-0.52619931618363758,
		0.070199999999999999
	],
	"velocity" : [ -0.29199999999999998, 0.0, 0.0, 0.0, 0.0, -0.63800000000000001, 0.0 ]
}
