{
	"effort" : [ 0.0, 0.0, 0.0, 0.0, 0.0, 0.0, -0.091999999999999998 ],
	"position" : 
	[
		-0.38348374324809731,
		1.7745984235498267,
		-0.56953584151064574,
		1.2401960598818176,
		-1.081877243433452,
		-0.56904714932008749,
		0.061400000000000003
	],
	"velocity" : 
	[
		0.20699999999999999,
		0.0,
		0.0,
		0.13900000000000001,
		-0.067000000000000004,
		-0.082000000000000003,
		0.0
	]
}
