{
	"effort" : [ 0.0, 0.0, 0.0, 0.0, 0.0, 0.0, 0.13800000000000001 ],
	"position" : 
	[
		-0.61432099011680907,
		1.2011006846371544,
		-0.36295867124464914,
		1.0459409141348976,
		-0.43556436812759491,
		-0.58180550615216287,
		0.0722
	],
	"velocity" : [ 0.0, -0.44800000000000001, 0.0, 0.0, 0.057000000000000002, 0.0, 0.0 ]
}
