{
	"effort" : [ 0.0, 0.0, 0.0, 0.0, 0.0, 0.0, -0.034000000000000002 ],
	"position" : 
	[
		-0.41620866672298268,
		0.93717199515063843,
		-0.53871332692043372,
		1.8772586901521069,
		-0.36819465900063081,
		-2.0211261803939631,
		0.0424
	],
	"velocity" : [ 0.0, 0.0, 0.0, -0.058999999999999997, -0.53600000000000003, 0.0, 0.0 ]
}
