{
	"effort" : [ 0.0, 0.0, 0.0, 0.0, 0.0, 0.0, 0.154 ],
	"position" : 
	[
		-0.61432099011680907,
		1.614481917971907,
		-0.41126938493983994,
		1.0251016828660906,
		-0.43224824254880645,
		-0.58180550615216287,
		0.0659
	],
	"velocity" : [ -0.0070000000000000001, -0.001, 0.0, 0.253, 0.0, 0.0, 0.0 ]
}
