{
	"effort" : [ 0.0, 0.0, 0.0, 0.0, 0.0, 0.0, -0.060999999999999999 ],
	"position" : 
	[
		-0.4777140695632473,
		1.7745984235498267,
		-0.57136843722523944,
		1.181814796402622,
		-1.0385232648139238,
		-0.54333844943821752,
		0.061400000000000003
	],
	"velocity" : 
	[
		0.16400000000000001,
		0.0,
		0.0040000000000000001,
		0.078,
		0.0,
		-0.17799999999999999,
		0.0
	]
}
