{
	"effort" : [ 0.0, 0.0, 0.0, 0.0, 0.0, 0.0, -0.085000000000000006 ],
	"position" : 
	[
		-0.61432099011680907,
		0.0023212879051518723,
		-0.29431487176372945,
		0.59353411872556172,
		0.65982172371628967,
		-0.58180550615216287,
		-0.0023999999999999998
	],
	"velocity" : [ 0.0, 0.0, 0.16300000000000001, 0.010999999999999999, 0.182, 0.0, 0.0 ]
}
