{
	"effort" : [ 0.0, 0.0, 0.0, 0.0, 0.0, 0.0, -1.048 ],
	"position" : 
	[
		-0.62341415551969714,
		1.6979435628022546,
		-0.59068923204481172,
		0.62547364403705008,
		-0.45694465146452001,
		-0.68952722758522556,
		0.056000000000000001
	],
	"velocity" : 
	[
		-0.071999999999999995,
		0.0,
		0.092999999999999999,
		0.0,
		0.0,
		0.085999999999999993,
		0.0
	]
}
