{
	"effort" : [ 0.0, 0.0, 0.0, 0.0, 0.0, 0.0, -1.0469999999999999 ],
	"position" : 
	[
		-0.49984484447852978,
		1.7723993086923142,
		-0.59177133618104794,
		1.0382963720111644,
		-0.87826713289584479,
		-0.55213490886826677,
		0.0516
	],
	"velocity" : 
	[
		0.0,
		0.0,
		-0.032000000000000001,
		-0.66500000000000004,
		-0.187,
		0.0030000000000000001,
		0.0
	]
}
