{
	"effort" : [ 0.0, 0.0, 0.0, 0.0, 0.0, 0.0, 0.13400000000000001 ],
	"position" : 
	[
		-0.61432099011680907,
		0.62193062565550239,
		-0.36140532821037458,
		0.98796107638366082,
		-0.068172560582881306,
		-0.58180550615216287,
		0.0722
	],
	"velocity" : 
	[
		0.035999999999999997,
		-1.3999999999999999,
		0.0,
		-0.14099999999999999,
		0.67400000000000004,
		0.12,
		0.0
	]
}
