{
	"effort" : [ 0.0, 0.0, 0.0, 0.0, 0.0, 0.0, 0.13 ],
	"position" : 
	[
		-0.61432099011680907,
		0.9478883167578811,
		-0.36295867124464914,
		1.044178131590384,
		-0.32998940167448459,
		-0.58180550615216287,
		0.0722
	],
	"velocity" : [ 0.0, -0.78900000000000003, 0.0, 0.0, 0.24099999999999999, 0.111, 0.0 ]
}
