{
	"effort" : [ 0.0, 0.0, 0.0, 0.0, 0.0, 0.0, -0.036999999999999998 ],
	"position" : 
	[
		-0.41994367132224958,
		0.46137778776458449,
		-0.33304372786547393,
		1.4445043021202222,
		-0.12562879955852013,
		-1.8915180301408971,
		0.0424
	],
	"velocity" : 
	[
		0.0,
		1.837,
		-0.55600000000000005,
		0.10100000000000001,
		-0.60699999999999998,
		0.0,
		0.0
	]
}
