{
	"effort" : [ 0.0, 0.0, 0.0, 0.0, 0.0, 0.0, -1.0349999999999999 ],
	"position" : 
	[
		-0.6313728569087893,
		1.6019679072351107,
		-0.52996922736794438,
		0.74666930729550562,
		-0.26837927907910031,
		-0.79358375758910138,
		0.057000000000000002
	],
	"velocity" : [ -0.01, 0.0, 0.0, 0.13, 0.001, -0.35199999999999998, 0.0 ]
}
