{
	"effort" : [ 0.0, 0.0, 0.0, 0.0, 0.0, 0.0, 0.115 ],
	"position" : 
	[
		-0.58793161182666143,
		1.7583843147988032,
		-0.65725608971585869,
		0.87653925693637091,
		-0.56932640200040652,
		-0.84990553255094403,
		0.0722
	],
	"velocity" : 
	[
		0.0,
		0.0,
		-0.113,
		-0.001,
		0.42699999999999999,
		-0.20499999999999999,
		0.0
	]
}
