{
	"effort" : [ 0.0, 0.0, 0.0, 0.0, 0.0, 0.0, -1.046 ],
	"position" : 
	[
		-0.62341415551969714,
		1.6957269946522227,
		-0.56862827029960894,
		0.61519365474280596,
		-0.45694465146452001,
		-0.67598347258975311,
		0.056000000000000001
	],
	"velocity" : 
	[
		0.0,
		-0.099000000000000005,
		0.14699999999999999,
		-0.153,
		-0.019,
		0.53800000000000003,
		0.0
	]
}
