{
	"effort" : [ 0.0, 0.0, 0.0, 0.0, 0.0, 0.0, -1.04 ],
	"position" : 
	[
		-0.54513613856777121,
		1.7769371647474981,
		-0.73124059670787966,
		0.65903632555289238,
		-0.36573374475531939,
		-0.6647435522069125,
		0.0436
	],
	"velocity" : 
	[
		0.188,
		0.072999999999999995,
		0.0,
		-0.39600000000000002,
		-0.001,
		0.0,
		0.0
	]
}
