{
	"effort" : [ 0.0, 0.0, 0.0, 0.0, 0.0, 0.0, 0.105 ],
	"position" : 
	[
		-0.55604444639273309,
		1.7290976899503454,
		-0.56840137749684971,
		1.0601129876610882,
		-0.73878041907649328,
		-0.96162405797107298,
		0.0722
	],
	"velocity" : 
	[
		-0.41699999999999998,
		0.23999999999999999,
		-0.34699999999999998,
		-0.33100000000000002,
		0.0,
		0.56499999999999995,
		0.0
	]
}
