{
	"effort" : [ 0.0, 0.0, 0.0, 0.0, 0.0, 0.0, -0.035000000000000003 ],
	"position" : 
	[
		-0.41620866672298268,
		0.93539175931360474,
		-0.53871332692043372,
		1.8753562812674336,
		-0.37950439255355117,
		-2.0211261803939631,
		0.0424
	],
	"velocity" : 
	[
		0.0,
		0.0,
		0.010999999999999999,
		-0.087999999999999995,
		-0.59999999999999998,
		0.0,
		0.0
	]
}
