{
	"effort" : [ 0.0, 0.0, 0.0, 0.0, 0.0, 0.0, 0.045999999999999999 ],
	"position" : 
	[
		-0.58793161182666143,
		1.7583843147988032,
		-0.71987850327739944,
		0.96385807941362522,
		-0.49565605427374454,
		-1.0122211529863758,
		0.0722
	],
	"velocity" : 
	[
		0.0,
		0.0,
		-0.222,
		0.86199999999999999,
		0.151,
		-0.67800000000000005,
		0.0
	]
}
