{
	"effort" : [ 0.0, 0.0, 0.0, 0.0, 0.0, 0.0, -1.0389999999999999 ],
	"position" : 
	[
		-0.62341415551969714,
		1.7379814158429945,
		-0.53990015081178955,
		0.61751494264795781,
		-0.53202871588529721,
		-0.70809753082644067,
		0.0574
	],
	"velocity" : 
	[
		0.002,
		-0.20699999999999999,
		-0.016,
		0.68999999999999995,
		0.17199999999999999,
		-0.68600000000000005,
		0.0
	]
}
