{
	"effort" : [ 0.0, 0.0, 0.0, 0.0, 0.0, 0.0, -1.036 ],
	"position" : 
	[
		-0.4767715917671706,
		1.7833774296873559,
		-0.57051322589176245,
		1.0494315726388854,
		-1.1290360398223267,
		-0.45493752282472705,
		0.043499999999999997
	],
	"velocity" : [ 0.080000000000000002, 0.0, 0.0, 0.151, -0.13200000000000001, 0.0, 0.0 ]
}
