{
	"effort" : [ 0.0, 0.0, 0.0, 0.0, 0.0, 0.0, -0.029000000000000001 ],
	"position" : 
	[
		-0.41854740792065454,
		1.0357132847182136,
		-0.57531288133474556,
		1.8083181846983483,
		-0.29792770331535684,
		-1.9457803165853869,
		0.0424
	],
	"velocity" : 
	[
		0.002,
		-0.23400000000000001,
		0.0,
		0.91000000000000003,
		0.052999999999999999,
		-0.216,
		0.0
	]
}
