{
	"effort" : [ 0.0, 0.0, 0.0, 0.0, 0.0, 0.0, -1.0449999999999999 ],
	"position" : 
	[
		-0.48408452133302499,
		1.7833774296873559,
		-0.57072266540200178,
		1.1886215804853981,
		-1.1568914946841491,
		-0.4777140695632473,
		0.043499999999999997
	],
	"velocity" : 
	[
		-0.031,
		0.0,
		0.0040000000000000001,
		0.060999999999999999,
		0.014999999999999999,
		-0.085999999999999993,
		0.0
	]
}
