{
	"effort" : [ 0.0, 0.0, 0.0, 0.0, 0.0, 0.0, -0.037999999999999999 ],
	"position" : 
	[
		-0.41994367132224958,
		1.0286097946625985,
		-0.55456091652853823,
		1.6349371768052754,
		-0.35177111073936829,
		-1.8931586396377713,
		0.0424
	],
	"velocity" : 
	[
		0.017000000000000001,
		0.41099999999999998,
		-0.35999999999999999,
		0.59999999999999998,
		0.0,
		0.019,
		0.0
	]
}
