{
	"effort" : [ 0.0, 0.0, 0.0, 0.0, 0.0, 0.0, 0.13800000000000001 ],
	"position" : 
	[
		-0.61432099011680907,
		0.90551172251946943,
		-0.36295867124464914,
		1.044178131590384,
		-0.30162780132958389,
		-0.58180550615216287,
		0.0722
	],
	"velocity" : 
	[
		-0.0030000000000000001,
		-0.92900000000000005,
		0.0,
		0.0,
		0.71099999999999997,
		0.0,
		0.0
	]
}
