{
	"effort" : [ 0.0, 0.0, 0.0, 0.0, 0.0, 0.0, -0.27800000000000002 ],
	"position" : 
	[
		-0.60432025350288399,
		1.7809514220270841,
		-0.57047831930672244,
		0.70284408977793911,
		-0.63346725201118204,
		-0.44369760244188644,
		0.076799999999999993
	],
	"velocity" : [ 0.0, 0.0, -0.017999999999999999, 0.0, 0.001, 0.001, 0.0 ]
}
