{
	"effort" : [ 0.0, 0.0, 0.0, 0.0, 0.0, 0.0, 0.114 ],
	"position" : 
	[
		-0.58793161182666143,
		1.7583843147988032,
		-0.70783573143864154,
		0.91985832897085928,
		-0.50249774494156052,
		-0.97794288647721572,
		0.0722
	],
	"velocity" : 
	[
		0.031,
		0.0,
		-0.23899999999999999,
		0.61099999999999999,
		0.060999999999999999,
		-0.56699999999999995,
		0.0
	]
}
