{
	"effort" : [ 0.0, 0.0, 0.0, 0.0, 0.0, 0.0, -0.037999999999999999 ],
	"position" : 
	[
		-0.41620866672298268,
		1.1919027994791467,
		-0.36021850431901875,
		1.4747508580572763,
		-0.52600732996591826,
		-1.6971058047612975,
		0.0424
	],
	"velocity" : 
	[
		0.0,
		0.83299999999999996,
		-0.38200000000000001,
		-0.69199999999999995,
		-0.45800000000000002,
		1.298,
		0.0
	]
}
