{
	"effort" : [ 0.0, 0.0, 0.0, 0.0, 0.0, 0.0, -0.39100000000000001 ],
	"position" : 
	[
		-0.59800216161066611,
		1.7766230054821395,
		-0.57812286143045577,
		0.68827059052379014,
		-0.59679788442679038,
		-0.41376520577019127,
		0.077100000000000002
	],
	"velocity" : 
	[
		0.091999999999999998,
		-0.13400000000000001,
		-0.035999999999999997,
		0.014999999999999999,
		0.124,
		0.11799999999999999,
		0.0
	]
}
