{
	"effort" : [ 0.0, 0.0, 0.0, 0.0, 0.0, 0.0, -1.046 ],
	"position" : 
	[
		-0.53639203901528187,
		1.7769371647474981,
		-0.73124059670787966,
		0.77960367028063027,
		-0.46820202513988057,
		-0.6647435522069125,
		0.0436
	],
	"velocity" : [ 0.0, 0.0, 0.072999999999999995, 0.433, -0.72199999999999998, 0.0, 0.0 ]
}
