{
	"effort" : [ 0.0, 0.0, 0.0, 0.0, 0.0, 0.0, -1.046 ],
	"position" : 
	[
		-0.62500240513901162,
		1.6091761170458454,
		-0.52996922736794438,
		0.72773248491137188,
		-0.31684707240697058,
		-0.77133080962617939,
		0.057000000000000002
	],
	"velocity" : 
	[
		-0.010999999999999999,
		-0.158,
		0.0,
		0.111,
		0.53600000000000003,
		0.0030000000000000001,
		0.0
	]
}
