{
	"effort" : [ 0.0, 0.0, 0.0, 0.0, 0.0, 0.0, -1.046 ],
	"position" : 
	[
		-0.61432099011680907,
		1.6020202671126706,
		-0.42172390715928337,
		0.70083696113814609,
		-0.33948399280533131,
		-0.83931138399134109,
		0.054899999999999997
	],
	"velocity" : [ 0.025999999999999999, 0.0, 0.01, 0.0, -0.128, 0.0, 0.0 ]
}
