{
	"effort" : [ 0.0, 0.0, 0.0, 0.0, 0.0, 0.0, -1.0469999999999999 ],
	"position" : 
	[
		-0.47406633142658006,
		1.7833774296873559,
		-0.56897733615000778,
		1.0864500060736759,
		-1.1678172558016309,
		-0.45493752282472705,
		0.043499999999999997
	],
	"velocity" : [ -0.184, 0.0, -0.023, 0.59399999999999997, -0.247, 0.0, 0.0 ]
}
