{
	"effort" : [ 0.0, 0.0, 0.0, 0.0, 0.0, 0.0, 0.045999999999999999 ],
	"position" : 
	[
		-0.58793161182666143,
		1.7583843147988032,
		-0.72438145274754362,
		0.98295198143043827,
		-0.49151962394651899,
		-1.0294475527035554,
		0.0722
	],
	"velocity" : 
	[
		0.0,
		0.0,
		-0.13500000000000001,
		0.59199999999999997,
		0.010999999999999999,
		-0.54600000000000004,
		0.0
	]
}
