{
	"effort" : [ 0.0, 0.0, 0.0, 0.0, 0.0, 0.0, -0.50800000000000001 ],
	"position" : 
	[
		-0.41994367132224958,
		0.0037175513067469832,
		0.0,
		1.6711353054916285,
		0.064315382935974802,
		-1.7178403162749851,
		-0.0041999999999999997
	],
	"velocity" : [ 0.0, 0.0, 0.0, 0.0, -0.023, -0.185, 0.0 ]
}
