{
	"effort" : [ 0.0, 0.0, 0.0, 0.0, 0.0, 0.0, -1.0509999999999999 ],
	"position" : 
	[
		-0.48696431459881495,
		1.7745984235498267,
		-0.57178731624571799,
		1.1608708453786953,
		-0.87276934575206411,
		-0.54599134990124831,
		0.0511
	],
	"velocity" : [ 0.0, 0.0, -0.001, 0.0, 0.27800000000000002, 0.014999999999999999, 0.0 ]
}
