{
	"effort" : [ 0.0, 0.0, 0.0, 0.0, 0.0, 0.0, -0.51700000000000002 ],
	"position" : 
	[
		-0.41994367132224958,
		0.0037175513067469832,
		0.0,
		1.6711353054916285,
		0.073181655536103757,
		-1.7134071799749206,
		-0.0041999999999999997
	],
	"velocity" : [ 0.0, 0.0, 0.0, 0.0, -0.34799999999999998, -0.019, 0.0 ]
}
