{
	"effort" : [ 0.0, 0.0, 0.0, 0.0, 0.0, 0.0, 0.155 ],
	"position" : 
	[
		-0.61432099011680907,
		1.6126667755498334,
		-0.41126938493983994,
		1.0283130886897593,
		-0.43224824254880645,
		-0.58180550615216287,
		0.0722
	],
	"velocity" : [ 0.0, -0.070999999999999994, 0.0, 0.0, 0.0089999999999999993, 0.0, 0.0 ]
}
