{
	"effort" : [ 0.0, 0.0, 0.0, 0.0, 0.0, 0.0, -1.048 ],
	"position" : 
	[
		-0.58444095332267354,
		1.7602867236834763,
		-0.73303828583743336,
		0.96146697833839356,
		-0.45989425790038974,
		-0.8652469766759705,
		0.045499999999999999
	],
	"velocity" : 
	[
		0.002,
		0.0,
		0.0,
		-0.42899999999999999,
		0.049000000000000002,
		0.87,
		0.0
	]
}
