{
	"effort" : [ 0.0, 0.0, 0.0, 0.0, 0.0, 0.0, -1.044 ],
	"position" : 
	[
		-0.48670251521101582,
		1.7833774296873559,
		-0.57316612635479314,
		0.87680105632416994,
		-1.1073415972200427,
		-0.45650831915152157,
		0.0436
	],
	"velocity" : [ 0.0, 0.0, 0.0, 0.161, 0.0, 0.070000000000000007, 0.0 ]
}
