{
	"effort" : [ 0.0, 0.0, 0.0, 0.0, 0.0, 0.0, -0.20100000000000001 ],
	"position" : 
	[
		-0.61432099011680907,
		0.0023212879051518723,
		-0.25614452102262314,
		0.62559581708468959,
		0.26803021322870152,
		-0.65788440824657646,
		-0.0028999999999999998
	],
	"velocity" : 
	[
		0.0,
		0.0,
		0.40300000000000002,
		0.23000000000000001,
		-0.55600000000000005,
		-0.057000000000000002,
		0.0
	]
}
