{
	"effort" : [ 0.0, 0.0, 0.0, 0.0, 0.0, 0.0, -1.0369999999999999 ],
	"position" : 
	[
		-0.62341415551969714,
		1.6935278797947102,
		-0.56101863476091562,
		0.61021946637462332,
		-0.45694465146452001,
		-0.66411523367619474,
		0.056000000000000001
	],
	"velocity" : 
	[
		0.0,
		-0.01,
		0.16800000000000001,
		-0.082000000000000003,
		0.0,
		0.30599999999999999,
		0.0
	]
}
