{
	"effort" : [ 0.0, 0.0, 0.0, 0.0, 0.0, 0.0, -0.66000000000000003 ],
	"position" : 
	[
		-0.50499356577191179,
		1.7018705536192411,
		-0.58259090431556015,
		0.68991120002066442,
		-0.51094513852121093,
		-0.39943605261132137,
		0.078
	],
	"velocity" : [ 0.023, 0.0, 0.0, -0.159, -0.182, -0.025999999999999999, 0.0 ]
}
