{
	"effort" : [ 0.0, 0.0, 0.0, 0.0, 0.0, 0.0, 0.081000000000000003 ],
	"position" : 
	[
		-0.48474774644878271,
		1.7745984235498267,
		-0.56953584151064574,
		1.1727216309997337,
		-0.97316068432675262,
		-0.58951986144597579,
		0.0688
	],
	"velocity" : [ 0.0, 0.0, -0.01, 0.0, 0.0, 0.0, 0.0 ]
}
