{
	"effort" : [ 0.0, 0.0, 0.0, 0.0, 0.0, 0.0, -1.0369999999999999 ],
	"position" : 
	[
		-0.62500240513901162,
		1.6088270511954468,
		-0.52996922736794438,
		0.73003631952400383,
		-0.31347858695062236,
		-0.77133080962617939,
		0.057000000000000002
	],
	"velocity" : 
	[
		-0.035999999999999997,
		-0.10000000000000001,
		0.0,
		0.19500000000000001,
		0.51300000000000001,
		0.0,
		0.0
	]
}
