{
	"effort" : [ 0.0, 0.0, 0.0, 0.0, 0.0, 0.0, -0.057000000000000002 ],
	"position" : 
	[
		-0.61432099011680907,
		0.0023212879051518723,
		-0.35910149359774268,
		0.64275240363178943,
		0.49699995779777983,
		-0.58180550615216287,
		0.0722
	],
	"velocity" : [ 0.0, 0.0, 0.095000000000000001, -0.504, 0.81799999999999995, 0.0, 0.0 ]
}
