{
	"effort" : [ 0.0, 0.0, 0.0, 0.0, 0.0, 0.0, 0.032000000000000001 ],
	"position" : 
	[
		-0.61432099011680907,
		0.31140164514074964,
		-0.36140532821037458,
		0.89978704257292952,
		-0.021799162357403676,
		-0.58180550615216287,
		0.0722
	],
	"velocity" : 
	[
		0.0,
		-1.141,
		0.0030000000000000001,
		-0.55000000000000004,
		0.084000000000000005,
		0.0,
		0.0
	]
}
