{
	"effort" : [ 0.0, 0.0, 0.0, 0.0, 0.0, 0.0, -1.034 ],
	"position" : 
	[
		-0.59362138518816154,
		1.6979435628022546,
		-0.59068923204481172,
		0.65083327806852109,
		-0.47638761933173196,
		-0.64545766397238002,
		0.057299999999999997
	],
	"velocity" : 
	[
		-0.19400000000000001,
		0.0,
		0.0,
		-0.30599999999999999,
		0.22800000000000001,
		-0.20899999999999999,
		0.0
	]
}
