{
	"effort" : [ 0.0, 0.0, 0.0, 0.0, 0.0, 0.0, -0.0089999999999999993 ],
	"position" : 
	[
		-0.61432099011680907,
		0.0023212879051518723,
		-0.29946359305711151,
		0.59353411872556172,
		0.65559802692646452,
		-0.58180550615216287,
		-0.002
	],
	"velocity" : [ 0.0, 0.0, 0.16700000000000001, 0.0, 0.19900000000000001, 0.0, 0.0 ]
}
