{
	"effort" : [ 0.0, 0.0, 0.0, 0.0, 0.0, 0.0, -0.086999999999999994 ],
	"position" : 
	[
		-0.48703412776889465,
		1.7761517665841009,
		-0.56749380628581292,
		1.1717267933260973,
		-1.1376056064496169,
		-0.46455428700321338,
		0.061400000000000003
	],
	"velocity" : 
	[
		0.0,
		0.0,
		-0.0030000000000000001,
		0.0,
		0.091999999999999998,
		0.055,
		0.0
	]
}
