{
	"effort" : [ 0.0, 0.0, 0.0, 0.0, 0.0, 0.0, -1.0429999999999999 ],
	"position" : 
	[
		-0.58740801305106316,
		1.7602867236834763,
		-0.73303828583743336,
		0.82095052026036541,
		-0.41161845079023873,
		-0.67826985390986516,
		0.0436
	],
	"velocity" : 
	[
		0.019,
		0.0,
		0.002,
		-0.29099999999999998,
		0.113,
		0.049000000000000002,
		0.0
	]
}
