{
	"effort" : [ 0.0, 0.0, 0.0, 0.0, 0.0, 0.0, -1.042 ],
	"position" : 
	[
		-0.61432099011680907,
		1.614481917971907,
		-0.4095066023953261,
		0.89287553873503367,
		-0.42428954115971435,
		-0.70464177890749269,
		0.054899999999999997
	],
	"velocity" : 
	[
		0.0,
		0.0,
		-0.002,
		0.60399999999999998,
		-0.047,
		0.29699999999999999,
		0.0
	]
}
