{
	"effort" : [ 0.0, 0.0, 0.0, 0.0, 0.0, 0.0, -1.04 ],
	"position" : 
	[
		-0.61432099011680907,
		1.614481917971907,
		-0.4095066023953261,
		0.95673713606549016,
		-0.42833870502434024,
		-0.58590702989434851,
		0.054899999999999997
	],
	"velocity" : [ 0.0, 0.0, 0.0, 0.10299999999999999, 0.0, 0.0030000000000000001, 0.0 ]
}
