{
	"effort" : [ 0.0, 0.0, 0.0, 0.0, 0.0, 0.0, 0.14799999999999999 ],
	"position" : 
	[
		-0.61432099011680907,
		1.47651364060179,
		-0.40168752734639351,
		1.044178131590384,
		-0.38179077387366323,
		-0.58180550615216287,
		0.0722
	],
	"velocity" : [ 0.0, -0.27900000000000003, 0.0, 0.0, 0.55700000000000005, 0.0, 0.0 ]
}
