{
	"effort" : [ 0.0, 0.0, 0.0, 0.0, 0.0, 0.0, -1.044 ],
	"position" : 
	[
		-0.63210589519462668,
		1.6019679072351107,
		-0.52996922736794438,
		0.75298739918772351,
		-0.26031585793488848,
		-0.80440479895146333,
		0.057000000000000002
	],
	"velocity" : 
	[
		0.0,
		0.001,
		0.0,
		0.019,
		0.11799999999999999,
		-0.040000000000000001,
		0.0
	]
}
