{
	"effort" : [ 0.0, 0.0, 0.0, 0.0, 0.0, 0.0, -1.0409999999999999 ],
	"position" : 
	[
		-0.49754100986589794,
		1.7723993086923142,
		-0.58871700999005872,
		1.0890330933666268,
		-0.86819658311184011,
		-0.55213490886826677,
		0.0516
	],
	"velocity" : 
	[
		-0.0030000000000000001,
		0.0,
		-0.045999999999999999,
		-0.81799999999999995,
		-0.20899999999999999,
		0.0,
		0.0
	]
}
