{
	"effort" : [ 0.0, 0.0, 0.0, 0.0, 0.0, 0.0, 0.0030000000000000001 ],
	"position" : 
	[
		-0.48474774644878271,
		1.7745984235498267,
		-0.56953584151064574,
		1.1768755146194794,
		-0.98197459704932177,
		-0.58951986144597579,
		0.066699999999999995
	],
	"velocity" : 
	[
		0.0,
		0.0,
		-0.001,
		-0.20300000000000001,
		0.075999999999999998,
		0.0,
		0.0
	]
}
