{
	"effort" : [ 0.0, 0.0, 0.0, 0.0, 0.0, 0.0, -0.55000000000000004 ],
	"position" : 
	[
		-0.52434926717652408,
		1.7105971998792104,
		-0.58039178945804781,
		0.73705254311701918,
		-0.56393333461174544,
		-0.3839549821461356,
		0.077700000000000005
	],
	"velocity" : 
	[
		0.11600000000000001,
		-0.128,
		0.0,
		0.13,
		0.10100000000000001,
		0.0030000000000000001,
		0.0
	]
}
