{
	"effort" : [ 0.0, 0.0, 0.0, 0.0, 0.0, 0.0, -1.044 ],
	"position" : 
	[
		-0.48696431459881495,
		1.7745984235498267,
		-0.56084410183571631,
		1.1562282695683916,
		-0.95788905337180608,
		-0.57559213401506459,
		0.050700000000000002
	],
	"velocity" : 
	[
		0.0,
		0.0,
		0.012999999999999999,
		0.084000000000000005,
		0.30099999999999999,
		0.0,
		0.0
	]
}
