{
	"effort" : [ 0.0, 0.0, 0.0, 0.0, 0.0, 0.0, -0.24299999999999999 ],
	"position" : 
	[
		-0.61432099011680907,
		0.0023212879051518723,
		-0.35704200508038991,
		0.63701027039272951,
		0.51630329932483221,
		-0.58180550615216287,
		0.0722
	],
	"velocity" : 
	[
		0.0,
		0.0,
		0.068000000000000005,
		-0.20100000000000001,
		0.96799999999999997,
		0.0,
		0.0
	]
}
