{
	"effort" : [ 0.0, 0.0, 0.0, 0.0, 0.0, 0.0, -1.04 ],
	"position" : 
	[
		-0.62341415551969714,
		1.691573111032477,
		-0.53588589353220373,
		0.5988399196516232,
		-0.46525241870401096,
		-0.64777895187753187,
		0.056000000000000001
	],
	"velocity" : 
	[
		0.0,
		0.035999999999999997,
		0.029000000000000001,
		0.0,
		-0.10299999999999999,
		0.012999999999999999,
		0.0
	]
}
