{
	"effort" : [ 0.0, 0.0, 0.0, 0.0, 0.0, 0.0, -1.0469999999999999 ],
	"position" : 
	[
		-0.48696431459881495,
		1.7745984235498267,
		-0.57674405132138062,
		1.1546923798266371,
		-0.86140725232158377,
		-0.54216907883938159,
		0.051499999999999997
	],
	"velocity" : [ -0.001, 0.0, -0.023, 0.0, 0.0, 0.0, 0.0 ]
}
