{
	"effort" : [ 0.0, 0.0, 0.0, 0.0, 0.0, 0.0, -0.086999999999999994 ],
	"position" : 
	[
		-0.37351791321921218,
		1.7745984235498267,
		-0.56953584151064574,
		1.2592725086061107,
		-1.0926633782107742,
		-0.57583648011034383,
		0.061400000000000003
	],
	"velocity" : [ 0.0, 0.0, 0.0, 0.045999999999999999, 0.0, -0.001, 0.0 ]
}
