{
	"effort" : [ 0.0, 0.0, 0.0, 0.0, 0.0, 0.0, 0.13200000000000001 ],
	"position" : 
	[
		-0.41620866672298268,
		1.4942112792170081,
		-0.49516736208318618,
		1.3021377950350805,
		-0.70856876972447891,
		-1.3084733402198185,
		0.066199999999999995
	],
	"velocity" : 
	[
		0.0,
		0.63800000000000001,
		-0.10000000000000001,
		-0.38700000000000001,
		-0.075999999999999998,
		0.019,
		0.0
	]
}
