{
	"effort" : [ 0.0, 0.0, 0.0, 0.0, 0.0, 0.0, -1.0409999999999999 ],
	"position" : 
	[
		-0.59688515088938998,
		1.7809514220270841,
		-0.56337482925110749,
		0.81131630278935918,
		-0.83726934876650838,
		-0.47532296848801575,
		0.054100000000000002
	],
	"velocity" : [ 0.0, 0.0, 0.084000000000000005, 0.0, 0.107, 0.0, 0.0 ]
}
