{
	"effort" : [ 0.0, 0.0, 0.0, 0.0, 0.0, 0.0, -0.055 ],
	"position" : 
	[
		-0.48703412776889465,
		1.7745984235498267,
		-0.57136843722523944,
		1.1732277764828121,
		-1.1376056064496169,
		-0.46300094396893882,
		0.061400000000000003
	],
	"velocity" : [ 0.021999999999999999, 0.0, 0.0, 0.087999999999999995, 0.0, 0.0, 0.0 ]
}
