{
	"effort" : [ 0.0, 0.0, 0.0, 0.0, 0.0, 0.0, -1.0489999999999999 ],
	"position" : 
	[
		-0.58597684306442821,
		1.7602867236834763,
		-0.73223543438151617,
		0.99811889263026521,
		-0.47691121810733011,
		-1.0548246400275465,
		0.045499999999999999
	],
	"velocity" : [ 0.0, 0.0, 0.0, -0.071999999999999995, 0.0, -0.13600000000000001, 0.0 ]
}
