{
	"effort" : [ 0.0, 0.0, 0.0, 0.0, 0.0, 0.0, -1.0409999999999999 ],
	"position" : 
	[
		-0.48466047998618295,
		1.7833774296873559,
		-0.57072266540200178,
		1.2040153844879842,
		-1.1495785651182948,
		-0.47780133602584707,
		0.043499999999999997
	],
	"velocity" : [ 0.0, 0.0, 0.0, 0.16400000000000001, 0.078, 0.0, 0.0 ]
}
