{
	"effort" : [ 0.0, 0.0, 0.0, 0.0, 0.0, 0.0, -0.26400000000000001 ],
	"position" : 
	[
		-0.59688515088938998,
		1.7809514220270841,
		-0.55251888130370541,
		0.79227476065010594,
		-0.79679516341277012,
		-0.47082001901787146,
		0.054600000000000003
	],
	"velocity" : 
	[
		-0.002,
		0.0,
		0.0,
		-0.37,
		0.29099999999999998,
		-0.13800000000000001,
		0.0
	]
}
