{
	"effort" : [ 0.0, 0.0, 0.0, 0.0, 0.0, 0.0, 0.0070000000000000001 ],
	"position" : 
	[
		-0.48703412776889465,
		1.7761517665841009,
		-0.56674331470745554,
		1.1717267933260973,
		-1.1376056064496169,
		-0.46677085515324562,
		0.061100000000000002
	],
	"velocity" : 
	[
		0.0,
		0.0,
		-0.041000000000000002,
		-0.085999999999999993,
		0.0,
		0.0030000000000000001,
		0.0
	]
}
