{
	"effort" : [ 0.0, 0.0, 0.0, 0.0, 0.0, 0.0, -0.372 ],
	"position" : 
	[
		-0.57787851533517653,
		1.7547016700770961,
		-0.58039178945804781,
		0.70137801320626414,
		-0.57719783692689897,
		-0.40231584587711133,
		0.077200000000000005
	],
	"velocity" : 
	[
		0.26300000000000001,
		-0.248,
		0.0,
		0.371,
		0.021000000000000001,
		0.16600000000000001,
		0.0
	]
}
