{
	"effort" : [ 0.0, 0.0, 0.0, 0.0, 0.0, 0.0, -0.20200000000000001 ],
	"position" : 
	[
		-0.59857812026382407,
		1.7809514220270841,
		-0.55733599003920853,
		0.70872584935715843,
		-0.72497486469322148,
		-0.45736353048499856,
		0.075999999999999998
	],
	"velocity" : 
	[
		-0.0030000000000000001,
		0.0,
		-0.027,
		-0.13900000000000001,
		0.0,
		0.071999999999999995,
		0.0
	]
}
