{
	"effort" : [ 0.0, 0.0, 0.0, 0.0, 0.0, 0.0, -1.093 ],
	"position" : 
	[
		-0.5941449839637597,
		1.7809514220270841,
		-0.57042595942916274,
		0.86451393839013302,
		-0.94095935962746524,
		-0.49616219975682274,
		0.052900000000000003
	],
	"velocity" : 
	[
		0.0,
		0.0,
		0.0,
		-0.17000000000000001,
		0.35599999999999998,
		0.082000000000000003,
		0.0
	]
}
