{
	"effort" : [ 0.0, 0.0, 0.0, 0.0, 0.0, 0.0, -0.037999999999999999 ],
	"position" : 
	[
		-0.41620866672298268,
		0.93345444384389153,
		-0.39067449976631213,
		1.7060593438240264,
		-0.43779838957014705,
		-2.0211261803939631,
		0.0424
	],
	"velocity" : 
	[
		0.0,
		0.0,
		0.41299999999999998,
		-0.79100000000000004,
		0.34799999999999998,
		0.0,
		0.0
	]
}
