{
	"effort" : [ 0.0, 0.0, 0.0, 0.0, 0.0, 0.0, -0.20300000000000001 ],
	"position" : 
	[
		-0.61432099011680907,
		0.0023212879051518723,
		-0.27748989777450839,
		0.59765309576026737,
		0.42114794850612541,
		-0.64697610042161469,
		-0.0028999999999999998
	],
	"velocity" : 
	[
		0.0,
		0.0,
		0.0,
		0.14099999999999999,
		-1.9359999999999999,
		-0.012999999999999999,
		0.0
	]
}
