{
	"effort" : [ 0.0, 0.0, 0.0, 0.0, 0.0, 0.0, -1.046 ],
	"position" : 
	[
		-0.62341415551969714,
		1.6894787159300844,
		-0.5404237495873877,
		0.6007074219512567,
		-0.46067965606378691,
		-0.6517233959870381,
		0.056000000000000001
	],
	"velocity" : 
	[
		0.0,
		0.0,
		0.094,
		-0.057000000000000002,
		-0.12,
		0.11799999999999999,
		0.0
	]
}
