{
	"effort" : [ 0.0, 0.0, 0.0, 0.0, 0.0, 0.0, -1.04 ],
	"position" : 
	[
		-0.48670251521101582,
		1.7833774296873559,
		-0.57316612635479314,
		0.93394313603444989,
		-1.1073415972200427,
		-0.45493752282472705,
		0.0436
	],
	"velocity" : [ 0.001, 0.0, 0.0, 0.63400000000000001, 0.0, -0.10299999999999999, 0.0 ]
}
