{
	"effort" : [ 0.0, 0.0, 0.0, 0.0, 0.0, 0.0, -0.51300000000000001 ],
	"position" : 
	[
		-0.41994367132224958,
		0.0037175513067469832,
		-0.056985000077600476,
		1.6711353054916285,
		0.034644785652078694,
		-1.8890396626030657,
		-0.0041999999999999997
	],
	"velocity" : 
	[
		0.0,
		0.0,
		-0.048000000000000001,
		0.0,
		-0.087999999999999995,
		-0.10100000000000001,
		0.0
	]
}
