{
	"effort" : [ 0.0, 0.0, 0.0, 0.0, 0.0, 0.0, -1.0149999999999999 ],
	"position" : 
	[
		-0.59065432545977181,
		1.7767626318222989,
		-0.57536524121230548,
		0.90134038560720409,
		-0.95733054801116801,
		-0.5022883054313213,
		0.051400000000000001
	],
	"velocity" : 
	[
		-0.055,
		0.021999999999999999,
		0.109,
		-0.46899999999999997,
		0.029999999999999999,
		0.13900000000000001,
		0.0
	]
}
