{
	"effort" : [ 0.0, 0.0, 0.0, 0.0, 0.0, 0.0, -1.012 ],
	"position" : 
	[
		-0.51958451831858066,
		1.6979435628022546,
		-0.59068923204481172,
		0.67079984471133125,
		-0.49972267143089028,
		-0.49043751981028283,
		0.073899999999999993
	],
	"velocity" : 
	[
		-0.18099999999999999,
		0.0,
		0.0,
		0.0,
		0.095000000000000001,
		-0.44400000000000001,
		0.0
	]
}
