{
	"effort" : [ 0.0, 0.0, 0.0, 0.0, 0.0, 0.0, -1.0429999999999999 ],
	"position" : 
	[
		-0.61432099011680907,
		1.603870316119784,
		-0.41741294390685851,
		0.70083696113814609,
		-0.36512287951712152,
		-0.83931138399134109,
		0.054899999999999997
	],
	"velocity" : 
	[
		0.0,
		0.066000000000000003,
		0.021999999999999999,
		0.0,
		-0.13900000000000001,
		0.0,
		0.0
	]
}
