{
	"effort" : [ 0.0, 0.0, 0.0, 0.0, 0.0, 0.0, -1.05 ],
	"position" : 
	[
		-0.62158155980510355,
		1.6761793070298909,
		-0.53792792875703654,
		0.69015554611594354,
		-0.44942228238842635,
		-0.76436694591072363,
		0.057000000000000002
	],
	"velocity" : 
	[
		-0.012,
		-0.56699999999999995,
		0.052999999999999999,
		0.191,
		1.089,
		-0.010999999999999999,
		0.0
	]
}
