{
	"effort" : [ 0.0, 0.0, 0.0, 0.0, 0.0, 0.0, 0.14399999999999999 ],
	"position" : 
	[
		-0.61432099011680907,
		1.2278042221926611,
		-0.36295867124464914,
		1.0459409141348976,
		-0.44477970657812266,
		-0.58180550615216287,
		0.0722
	],
	"velocity" : [ 0.0, -0.32600000000000001, 0.0, 0.0, 0.34999999999999998, 0.0, 0.0 ]
}
