{
	"effort" : [ 0.0, 0.0, 0.0, 0.0, 0.0, 0.0, -1.0429999999999999 ],
	"position" : 
	[
		-0.48466047998618295,
		1.7833774296873559,
		-0.57072266540200178,
		1.2037884916852248,
		-1.1475888897710218,
		-0.47780133602584707,
		0.043499999999999997
	],
	"velocity" : [ 0.0, 0.0, 0.012, 0.080000000000000002, 0.0, 0.0, 0.0 ]
}
