{
	"effort" : [ 0.0, 0.0, 0.0, 0.0, 0.0, 0.0, -0.035999999999999997 ],
	"position" : 
	[
		-0.41994367132224958,
		0.39816196225736589,
		-0.3142814384065396,
		1.43937303411936,
		-0.10414379646647534,
		-1.8915180301408971,
		0.0424
	],
	"velocity" : 
	[
		0.0,
		1.7490000000000001,
		-0.53600000000000003,
		0.33300000000000002,
		-0.54200000000000004,
		0.0,
		0.0
	]
}
