{
	"effort" : [ 0.0, 0.0, 0.0, 0.0, 0.0, 0.0, -0.059999999999999998 ],
	"position" : 
	[
		-0.48703412776889465,
		1.7745984235498267,
		-0.57136843722523944,
		1.177224580469878,
		-1.0402162341883578,
		-0.52592006350331855,
		0.061400000000000003
	],
	"velocity" : 
	[
		0.082000000000000003,
		0.0,
		0.0,
		0.021000000000000001,
		0.155,
		-0.17399999999999999,
		0.0
	]
}
