{
	"effort" : [ 0.0, 0.0, 0.0, 0.0, 0.0, 0.0, -0.039 ],
	"position" : 
	[
		-0.41620866672298268,
		0.93577573174904338,
		-0.53672365157316071,
		1.8734713256752802,
		-0.39395571876006058,
		-2.0211261803939631,
		0.0424
	],
	"velocity" : 
	[
		0.0,
		0.0,
		0.043999999999999997,
		-0.20899999999999999,
		-0.54800000000000004,
		0.0,
		0.0
	]
}
