{
	"effort" : [ 0.0, 0.0, 0.0, 0.0, 0.0, 0.0, 0.112 ],
	"position" : 
	[
		-0.58793161182666143,
		1.7583843147988032,
		-0.63999478341363902,
		0.93369878993917077,
		-0.6499780667350441,
		-0.86870272859491837,
		0.0722
	],
	"velocity" : 
	[
		0.0,
		0.0,
		-0.11899999999999999,
		-0.073999999999999996,
		0.040000000000000001,
		0.51300000000000001,
		0.0
	]
}
