{
	"effort" : [ 0.0, 0.0, 0.0, 0.0, 0.0, 0.0, 0.049000000000000002 ],
	"position" : 
	[
		-0.4805065963664375,
		1.7745984235498267,
		-0.56953584151064574,
		1.1950967520102955,
		-0.99583251131015327,
		-0.58862974352745889,
		0.056099999999999997
	],
	"velocity" : 
	[
		-0.123,
		0.0,
		0.0,
		-0.014999999999999999,
		0.097000000000000003,
		0.0,
		0.0
	]
}
