{
	"effort" : [ 0.0, 0.0, 0.0, 0.0, 0.0, 0.0, -1.0389999999999999 ],
	"position" : 
	[
		-0.48670251521101582,
		1.7833774296873559,
		-0.5774421830221782,
		0.81775656772921668,
		-1.0962762097624015,
		-0.48521898534682101,
		0.0436
	],
	"velocity" : 
	[
		0.0,
		0.0,
		0.029000000000000001,
		0.57899999999999996,
		-0.28299999999999997,
		0.30599999999999999,
		0.0
	]
}
