{
	"effort" : [ 0.0, 0.0, 0.0, 0.0, 0.0, 0.0, -0.085000000000000006 ],
	"position" : 
	[
		-0.60086450158393612,
		1.7809514220270841,
		-0.55974454440696009,
		0.70464177890749269,
		-0.69532172070184539,
		-0.45481534977708754,
		0.076200000000000004
	],
	"velocity" : 
	[
		-0.0089999999999999993,
		0.0,
		-0.067000000000000004,
		0.0,
		0.161,
		0.0,
		0.0
	]
}
