{
	"effort" : [ 0.0, 0.0, 0.0, 0.0, 0.0, 0.0, -1.04 ],
	"position" : 
	[
		-0.61432099011680907,
		1.6121257234817152,
		-0.4095066023953261,
		0.7055318968260097,
		-0.4107806927492817,
		-0.76862554928558879,
		0.054899999999999997
	],
	"velocity" : 
	[
		0.0,
		0.02,
		0.0060000000000000001,
		0.14299999999999999,
		-0.091999999999999998,
		0.38300000000000001,
		0.0
	]
}
