{
	"effort" : [ 0.0, 0.0, 0.0, 0.0, 0.0, 0.0, -1.0469999999999999 ],
	"position" : 
	[
		-0.48670251521101582,
		1.7808816088570043,
		-0.59370865165076125,
		0.75895642522954254,
		-1.0229200213010983,
		-0.52309263011508844,
		0.0436
	],
	"velocity" : 
	[
		0.0,
		0.0,
		0.22700000000000001,
		0.063,
		-0.96199999999999997,
		0.379,
		0.0
	]
}
