{
	"effort" : [ 0.0, 0.0, 0.0, 0.0, 0.0, 0.0, 0.014999999999999999 ],
	"position" : 
	[
		-0.61432099011680907,
		0.14341370463633785,
		-0.36140532821037458,
		0.80402082651602469,
		0.070127329345114453,
		-0.58180550615216287,
		0.0722
	],
	"velocity" : [ 0.0, -1.0089999999999999, 0.0, -0.65100000000000002, 1.052, 0.0, 0.0 ]
}
