{
	"effort" : [ 0.0, 0.0, 0.0, 0.0, 0.0, 0.0, -0.033000000000000002 ],
	"position" : 
	[
		-0.41620866672298268,
		0.93919657708295146,
		-0.56930894870788662,
		1.9477699919326599,
		-0.20984093596722528,
		-2.0228191497683974,
		0.0424
	],
	"velocity" : 
	[
		0.0,
		-0.085999999999999993,
		0.113,
		0.070000000000000007,
		0.30099999999999999,
		0.0,
		0.0
	]
}
