{
	"effort" : [ 0.0, 0.0, 0.0, 0.0, 0.0, 0.0, 0.070000000000000007 ],
	"position" : 
	[
		-0.48474774644878271,
		1.7745984235498267,
		-0.56953584151064574,
		1.1791269893545513,
		-0.98895591405729721,
		-0.58951986144597579,
		0.064899999999999999
	],
	"velocity" : 
	[
		0.017000000000000001,
		0.0,
		0.0,
		-0.012999999999999999,
		0.085999999999999993,
		0.0,
		0.0
	]
}
