{
	"effort" : [ 0.0, 0.0, 0.0, 0.0, 0.0, 0.0, -0.043999999999999997 ],
	"position" : 
	[
		-0.41620866672298268,
		1.2331100231187224,
		-0.38044687034962787,
		1.4511714598628389,
		-0.55033721973871308,
		-1.6460374708479568,
		0.0424
	],
	"velocity" : 
	[
		0.0,
		0.79500000000000004,
		-0.442,
		-0.52300000000000002,
		-0.71699999999999997,
		1.2090000000000001,
		0.0
	]
}
