{
	"effort" : [ 0.0, 0.0, 0.0, 0.0, 0.0, 0.0, -0.024 ],
	"position" : 
	[
		-0.41994367132224958,
		0.25867524843801426,
		-0.2725157094063258,
		1.4052518472428797,
		-0.077440258910968854,
		-1.8915180301408971,
		0.0424
	],
	"velocity" : 
	[
		0.0,
		1.5089999999999999,
		-0.45500000000000002,
		0.66700000000000004,
		-0.44600000000000001,
		0.0,
		0.0
	]
}
