{
	"effort" : [ 0.0, 0.0, 0.0, 0.0, 0.0, 0.0, -0.19500000000000001 ],
	"position" : 
	[
		-0.61432099011680907,
		0.0023212879051518723,
		-0.27576202181503445,
		0.61072561185770158,
		0.33807027611121626,
		-0.65284040670831411,
		-0.0028999999999999998
	],
	"velocity" : 
	[
		0.0,
		0.0,
		0.114,
		0.26600000000000001,
		-1.524,
		-0.075999999999999998,
		0.0
	]
}
