{
	"effort" : [ 0.0, 0.0, 0.0, 0.0, 0.0, 0.0, 0.106 ],
	"position" : 
	[
		-0.52934090883722651,
		1.7157982810501522,
		-0.54981362096311481,
		1.0744770474049978,
		-0.73878041907649328,
		-0.99225458634356567,
		0.0722
	],
	"velocity" : 
	[
		-0.48399999999999999,
		0.26500000000000001,
		-0.34799999999999998,
		-0.23499999999999999,
		-0.001,
		0.59999999999999998,
		0.0
	]
}
