{
	"effort" : [ 0.0, 0.0, 0.0, 0.0, 0.0, 0.0, -1.0389999999999999 ],
	"position" : 
	[
		-0.54450782003705345,
		1.7723993086923142,
		-0.59262654751452493,
		0.95198984050006663,
		-0.96808177620345026,
		-0.54569464392840927,
		0.050999999999999997
	],
	"velocity" : [ -0.248, 0.0, 0.0, 0.0, 0.012999999999999999, 0.17999999999999999, 0.0 ]
}
