{
	"effort" : [ 0.0, 0.0, 0.0, 0.0, 0.0, 0.0, -1.0429999999999999 ],
	"position" : 
	[
		-0.58740801305106316,
		1.7602867236834763,
		-0.73303828583743336,
		0.81480696129334707,
		-0.41195006334811762,
		-0.67577403307951389,
		0.0436
	],
	"velocity" : 
	[
		0.021000000000000001,
		0.0,
		0.035000000000000003,
		-0.54000000000000004,
		0.13800000000000001,
		0.0050000000000000001,
		0.0
	]
}
