{
	"effort" : [ 0.0, 0.0, 0.0, 0.0, 0.0, 0.0, -0.036999999999999998 ],
	"position" : 
	[
		-0.41620866672298268,
		0.93345444384389153,
		-0.33541737564818558,
		1.6021075335752701,
		-0.39786525628452696,
		-2.0047200854252205,
		0.0424
	],
	"velocity" : 
	[
		0.0,
		0.0040000000000000001,
		0.0,
		-0.023,
		-0.11600000000000001,
		0.057000000000000002,
		0.0
	]
}
