{
	"effort" : [ 0.0, 0.0, 0.0, 0.0, 0.0, 0.0, -1.044 ],
	"position" : 
	[
		-0.57089719832720109,
		1.7625032918335086,
		-0.73124059670787966,
		0.74799575752702097,
		-0.37243580908297597,
		-0.66463883245179289,
		0.0436
	],
	"velocity" : 
	[
		0.193,
		0.084000000000000005,
		-0.02,
		-0.68600000000000005,
		0.193,
		0.058999999999999997,
		0.0
	]
}
