{
	"effort" : [ 0.0, 0.0, 0.0, 0.0, 0.0, 0.0, 0.044999999999999998 ],
	"position" : 
	[
		-0.58793161182666143,
		1.7583843147988032,
		-0.72853533636728907,
		1.0092366399654664,
		-0.49151962394651899,
		-1.0507929294554408,
		0.0722
	],
	"velocity" : 
	[
		-0.0080000000000000002,
		0.0,
		-0.049000000000000002,
		0.032000000000000001,
		-0.0070000000000000001,
		-0.23499999999999999,
		0.0
	]
}
