{
	"effort" : [ 0.0, 0.0, 0.0, 0.0, 0.0, 0.0, -1.044 ],
	"position" : 
	[
		-0.62236695796850072,
		1.6020202671126706,
		-0.45224971577665646,
		0.71013956605127349,
		-0.30283207851345961,
		-0.83308055856172303,
		0.054899999999999997
	],
	"velocity" : 
	[
		0.037999999999999999,
		0.0,
		0.28599999999999998,
		-0.099000000000000005,
		0.017000000000000001,
		-0.153,
		0.0
	]
}
