{
	"effort" : [ 0.0, 0.0, 0.0, 0.0, 0.0, 0.0, 0.014 ],
	"position" : 
	[
		-0.61432099011680907,
		0.043336525327008261,
		-0.36140532821037458,
		0.7427946763560791,
		0.21607176139684345,
		-0.58180550615216287,
		0.0722
	],
	"velocity" : 
	[
		0.0,
		-0.74099999999999999,
		0.0,
		-0.54600000000000004,
		1.5349999999999999,
		0.0,
		0.0
	]
}
