{
	"effort" : [ 0.0, 0.0, 0.0, 0.0, 0.0, 0.0, 0.11600000000000001 ],
	"position" : 
	[
		-0.58793161182666143,
		1.7583843147988032,
		-0.67310367932396331,
		0.87233301343906566,
		-0.52506485216984156,
		-0.89229958008187571,
		0.0722
	],
	"velocity" : [ 0.0, 0.0, -0.188, 0.0, 0.23200000000000001, -0.51900000000000002, 0.0 ]
}
