{
	"effort" : [ 0.0, 0.0, 0.0, 0.0, 0.0, 0.0, -1.04 ],
	"position" : 
	[
		-0.57772143570249712,
		1.7723993086923142,
		-0.587757078901462,
		0.95198984050006663,
		-0.96600483439357765,
		-0.52434926717652408,
		0.050900000000000001
	],
	"velocity" : 
	[
		-0.076999999999999999,
		0.0080000000000000002,
		0.10000000000000001,
		0.0,
		0.10299999999999999,
		0.0089999999999999993,
		0.0
	]
}
