{
	"effort" : [ 0.0, 0.0, 0.0, 0.0, 0.0, 0.0, 0.13800000000000001 ],
	"position" : 
	[
		-0.61432099011680907,
		1.2473693631075125,
		-0.36360444306788681,
		1.0459409141348976,
		-0.46830674489500029,
		-0.58180550615216287,
		0.0722
	],
	"velocity" : [ 0.014999999999999999, 0.0, 0.0, 0.0, -0.017000000000000001, 0.0, 0.0 ]
}
