{
	"effort" : [ 0.0, 0.0, 0.0, 0.0, 0.0, 0.0, -1.071 ],
	"position" : 
	[
		-0.59065432545977181,
		1.7748253163525856,
		-0.57817522130801557,
		0.90807735651990051,
		-0.95733054801116801,
		-0.50494120589435199,
		0.051200000000000002
	],
	"velocity" : 
	[
		-0.039,
		0.073999999999999996,
		0.083000000000000004,
		-0.28499999999999998,
		0.0,
		0.0030000000000000001,
		0.0
	]
}
