{
	"effort" : [ 0.0, 0.0, 0.0, 0.0, 0.0, 0.0, -1.034 ],
	"position" : 
	[
		-0.62341415551969714,
		1.6979435628022546,
		-0.58428387368999413,
		0.62156410651258365,
		-0.45694465146452001,
		-0.68952722758522556,
		0.056000000000000001
	],
	"velocity" : 
	[
		0.0,
		0.0,
		0.16200000000000001,
		-0.0030000000000000001,
		0.0,
		-0.23499999999999999,
		0.0
	]
}
