{
	"effort" : [ 0.0, 0.0, 0.0, 0.0, 0.0, 0.0, -1.046 ],
	"position" : 
	[
		-0.61653755826684131,
		1.6020202671126706,
		-0.42437680762231411,
		0.70263465026769978,
		-0.32487558696614249,
		-0.83931138399134109,
		0.054899999999999997
	],
	"velocity" : 
	[
		0.014999999999999999,
		0.0,
		0.095000000000000001,
		-0.082000000000000003,
		-0.060999999999999999,
		0.0,
		0.0
	]
}
