{
	"effort" : [ 0.0, 0.0, 0.0, 0.0, 0.0, 0.0, -1.046 ],
	"position" : 
	[
		-0.48670251521101582,
		1.7833774296873559,
		-0.57316612635479314,
		0.99291781145932334,
		-1.1073415972200427,
		-0.45493752282472705,
		0.0436
	],
	"velocity" : 
	[
		0.010999999999999999,
		0.0,
		0.0,
		0.13200000000000001,
		0.0,
		0.040000000000000001,
		0.0
	]
}
