{
	"effort" : [ 0.0, 0.0, 0.0, 0.0, 0.0, 0.0, -1.04 ],
	"position" : 
	[
		-0.58740801305106316,
		1.7602867236834763,
		-0.73303828583743336,
		0.81152574229959862,
		-0.40915753654492742,
		-0.67577403307951389,
		0.0436
	],
	"velocity" : 
	[
		0.021000000000000001,
		0.0,
		0.017000000000000001,
		-0.42099999999999999,
		0.22800000000000001,
		0.035999999999999997,
		0.0
	]
}
