{
	"effort" : [ 0.0, 0.0, 0.0, 0.0, 0.0, 0.0, -1.0429999999999999 ],
	"position" : 
	[
		-0.48670251521101582,
		1.7833774296873559,
		-0.57923987215173189,
		0.79676025682773033,
		-1.0890505466591469,
		-0.4925668214977153,
		0.0436
	],
	"velocity" : 
	[
		0.0,
		0.0,
		0.083000000000000004,
		0.621,
		-0.20699999999999999,
		0.375,
		0.0
	]
}
