{
	"effort" : [ 0.0, 0.0, 0.0, 0.0, 0.0, 0.0, -1.044 ],
	"position" : 
	[
		-0.59473839590943756,
		1.7809514220270841,
		-0.56981509419096488,
		0.81583670555202337,
		-0.88002991544035858,
		-0.47607346006637308,
		0.054100000000000002
	],
	"velocity" : 
	[
		-0.033000000000000002,
		0.0,
		0.0,
		-0.0050000000000000001,
		0.065000000000000002,
		0.10299999999999999,
		0.0
	]
}
