{
	"effort" : [ 0.0, 0.0, 0.0, 0.0, 0.0, 0.0, -0.043999999999999997 ],
	"position" : 
	[
		-0.41994367132224958,
		0.72935564111572626,
		-0.41851250133561463,
		1.4932862547134513,
		-0.23657938010777163,
		-1.8915180301408971,
		0.0424
	],
	"velocity" : 
	[
		0.0,
		1.8280000000000001,
		-0.71799999999999997,
		0.749,
		-0.72599999999999998,
		0.0,
		0.0
	]
}
