{
	"effort" : [ 0.0, 0.0, 0.0, 0.0, 0.0, 0.0, -0.58799999999999997 ],
	"position" : 
	[
		-0.51881657344770338,
		1.7054135720007884,
		-0.58039178945804781,
		0.74693110668330465,
		-0.55101789814699065,
		-0.37988836498898981,
		0.077799999999999994
	],
	"velocity" : 
	[
		0.048000000000000001,
		-0.028000000000000001,
		0.0,
		0.161,
		0.161,
		0.0,
		0.0
	]
}
