{
	"effort" : [ 0.0, 0.0, 0.0, 0.0, 0.0, 0.0, -0.51900000000000002 ],
	"position" : 
	[
		-0.41994367132224958,
		0.0037175513067469832,
		-0.013962634015951114,
		1.6711353054916285,
		0.055361843873246157,
		-1.8496301280930436,
		-0.0041999999999999997
	],
	"velocity" : [ 0.0, 0.0, -0.20399999999999999, 0.0, 0.0, -0.60199999999999998, 0.0 ]
}
