{
	"effort" : [ 0.0, 0.0, 0.0, 0.0, 0.0, 0.0, -0.081000000000000003 ],
	"position" : 
	[
		-0.47661451213449119,
		1.7745984235498267,
		-0.56953584151064574,
		1.2072093370191332,
		-1.0032327073386074,
		-0.58862974352745889,
		0.055399999999999998
	],
	"velocity" : 
	[
		-0.11600000000000001,
		0.0,
		0.0,
		-0.34799999999999998,
		0.187,
		-0.10100000000000001,
		0.0
	]
}
