{
	"effort" : [ 0.0, 0.0, 0.0, 0.0, 0.0, 0.0, 0.109 ],
	"position" : 
	[
		-0.42308526397583857,
		1.6067850159706139,
		-0.49974012472341017,
		1.1943288071394182,
		-0.7112216701875097,
		-1.2581729511773545,
		0.072300000000000003
	],
	"velocity" : 
	[
		-0.182,
		0.505,
		0.0,
		-0.82199999999999995,
		0.0,
		0.74199999999999999,
		0.0
	]
}
