{
	"effort" : [ 0.0, 0.0, 0.0, 0.0, 0.0, 0.0, -1.042 ],
	"position" : 
	[
		-0.62158155980510355,
		1.7135817129001201,
		-0.53990015081178955,
		0.6609736410226057,
		-0.50583132381286888,
		-0.74401640683247483,
		0.0574
	],
	"velocity" : 
	[
		0.0,
		-0.45500000000000002,
		0.027,
		0.41599999999999998,
		0.437,
		-0.29499999999999998,
		0.0
	]
}
