{
	"effort" : [ 0.0, 0.0, 0.0, 0.0, 0.0, 0.0, -0.41499999999999998 ],
	"position" : 
	[
		-0.61432099011680907,
		0.0023212879051518723,
		-0.3462907768881075,
		0.6118251692864578,
		0.58072340201592665,
		-0.58180550615216287,
		0.065199999999999994
	],
	"velocity" : [ 0.0, 0.0, 0.161, -0.30199999999999999, 0.78400000000000003, 0.0, 0.0 ]
}
