{
	"effort" : [ 0.0, 0.0, 0.0, 0.0, 0.0, 0.0, 0.048000000000000001 ],
	"position" : 
	[
		-0.58793161182666143,
		1.7583843147988032,
		-0.72980942672124449,
		1.0228327548384988,
		-0.49385836514419079,
		-1.055522771728344,
		0.0722
	],
	"velocity" : 
	[
		0.0,
		0.0,
		-0.034000000000000002,
		0.23899999999999999,
		0.0,
		-0.010999999999999999,
		0.0
	]
}
