{
	"effort" : [ 0.0, 0.0, 0.0, 0.0, 0.0, 0.0, -1.0449999999999999 ],
	"position" : 
	[
		-0.62341415551969714,
		1.6894787159300844,
		-0.5412615076283448,
		0.6007074219512567,
		-0.46067965606378691,
		-0.6517233959870381,
		0.056000000000000001
	],
	"velocity" : 
	[
		0.0,
		0.0,
		0.109,
		-0.057000000000000002,
		-0.010999999999999999,
		0.0,
		0.0
	]
}
