{
	"effort" : [ 0.0, 0.0, 0.0, 0.0, 0.0, 0.0, -1.0429999999999999 ],
	"position" : 
	[
		-0.48696431459881495,
		1.7745984235498267,
		-0.57337556586503236,
		1.1546923798266371,
		-0.86390307315193504,
		-0.54206435908426198,
		0.051499999999999997
	],
	"velocity" : 
	[
		0.0,
		0.0,
		-0.035999999999999997,
		-0.065000000000000002,
		0.0089999999999999993,
		0.025999999999999999,
		0.0
	]
}
