{
	"effort" : [ 0.0, 0.0, 0.0, 0.0, 0.0, 0.0, 0.055 ],
	"position" : 
	[
		-0.41620866672298268,
		1.4265274108246853,
		-0.47924995930500197,
		1.3532584888259815,
		-0.69430942973568888,
		-1.3372014597076378,
		0.0533
	],
	"velocity" : 
	[
		0.0,
		0.73499999999999999,
		-0.246,
		-0.187,
		-0.30399999999999999,
		0.69199999999999995,
		0.0
	]
}
