{
	"effort" : [ 0.0, 0.0, 0.0, 0.0, 0.0, 0.0, -1.0469999999999999 ],
	"position" : 
	[
		-0.49984484447852978,
		1.7723993086923142,
		-0.59262654751452493,
		0.98995075173093372,
		-0.93724180832071846,
		-0.55213490886826677,
		0.0516
	],
	"velocity" : 
	[
		0.0,
		0.0,
		0.027,
		-0.065000000000000002,
		-0.48099999999999998,
		0.0,
		0.0
	]
}
