{
	"effort" : [ 0.0, 0.0, 0.0, 0.0, 0.0, 0.0, -0.065000000000000002 ],
	"position" : 
	[
		-0.47342055960334234,
		1.7745984235498267,
		-0.57136843722523944,
		1.1840313645526543,
		-1.0385232648139238,
		-0.54897586292215783,
		0.061400000000000003
	],
	"velocity" : 
	[
		0.17199999999999999,
		0.0,
		0.0,
		0.010999999999999999,
		0.0,
		-0.084000000000000005,
		0.0
	]
}
