{
	"effort" : [ 0.0, 0.0, 0.0, 0.0, 0.0, 0.0, -1.04 ],
	"position" : 
	[
		-0.62037728262122782,
		1.6020202671126706,
		-0.44114942173397531,
		0.70818479728904038,
		-0.29508281663460678,
		-0.83767077449446692,
		0.054899999999999997
	],
	"velocity" : 
	[
		0.037999999999999999,
		0.0,
		0.23100000000000001,
		-0.012999999999999999,
		0.185,
		-0.151,
		0.0
	]
}
