{
	"effort" : [ 0.0, 0.0, 0.0, 0.0, 0.0, 0.0, 0.049000000000000002 ],
	"position" : 
	[
		-0.58793161182666143,
		1.7583843147988032,
		-0.73068209134724171,
		1.0227978482534588,
		-0.49385836514419079,
		-1.0574775404905772,
		0.0722
	],
	"velocity" : [ 0.0, 0.0, -0.016, 0.0, 0.0, -0.071999999999999995, 0.0 ]
}
