{
	"effort" : [ 0.0, 0.0, 0.0, 0.0, 0.0, 0.0, -1.042 ],
	"position" : 
	[
		-0.58754763939122279,
		1.7602867236834763,
		-0.73303828583743336,
		0.87022116504415292,
		-0.41774455646473729,
		-0.71959925059708041,
		0.0436
	],
	"velocity" : 
	[
		-0.017000000000000001,
		0.0,
		0.0040000000000000001,
		-0.58399999999999996,
		0.159,
		0.55200000000000005,
		0.0
	]
}
