{
	"effort" : [ 0.0, 0.0, 0.0, 0.0, 0.0, 0.0, -0.48399999999999999 ],
	"position" : 
	[
		-0.41994367132224958,
		0.0037175513067469832,
		-0.056985000077600476,
		1.6261581706677459,
		-0.033423055175682968,
		-1.8915180301408971,
		-0.0041999999999999997
	],
	"velocity" : [ 0.0, 0.0, 0.0, -0.23899999999999999, -0.021000000000000001, 0.0, 0.0 ]
}
