{
	"effort" : [ 0.0, 0.0, 0.0, 0.0, 0.0, 0.0, -0.035000000000000003 ],
	"position" : 
	[
		-0.41620866672298268,
		0.93717199515063843,
		-0.54070300226770673,
		1.9570725968457876,
		-0.13194689145073799,
		-2.0251055310885091,
		0.0424
	],
	"velocity" : [ 0.0, 0.0, 0.035999999999999997, 0.0, 0.084000000000000005, 0.0, 0.0 ]
}
