{
	"effort" : [ 0.0, 0.0, 0.0, 0.0, 0.0, 0.0, 0.050999999999999997 ],
	"position" : 
	[
		-0.58793161182666143,
		1.7583843147988032,
		-0.72642348797237655,
		0.99208005341836636,
		-0.49151962394651899,
		-1.037022281657209,
		0.0722
	],
	"velocity" : 
	[
		0.0,
		0.0,
		-0.076999999999999999,
		0.52300000000000002,
		0.055,
		-0.33700000000000002,
		0.0
	]
}
