{
	"effort" : [ 0.0, 0.0, 0.0, 0.0, 0.0, 0.0, -0.20100000000000001 ],
	"position" : 
	[
		-0.61432099011680907,
		0.0023212879051518723,
		-0.27817057618278601,
		0.58920570218061696,
		0.66353927502303667,
		-0.59669316467167077,
		-0.0028999999999999998
	],
	"velocity" : 
	[
		0.0,
		0.0,
		0.027,
		-0.070000000000000007,
		-0.627,
		-0.28499999999999998,
		0.0
	]
}
