{
	"effort" : [ 0.0, 0.0, 0.0, 0.0, 0.0, 0.0, -1.04 ],
	"position" : 
	[
		-0.48696431459881495,
		1.7745984235498267,
		-0.56173421975423321,
		1.1562282695683916,
		-0.96776761693809144,
		-0.57733746326705848,
		0.050700000000000002
	],
	"velocity" : 
	[
		0.0,
		0.0,
		0.0030000000000000001,
		-0.058999999999999997,
		0.019,
		0.012999999999999999,
		0.0
	]
}
