{
	"effort" : [ 0.0, 0.0, 0.0, 0.0, 0.0, 0.0, -0.031 ],
	"position" : 
	[
		-0.41620866672298268,
		0.93717199515063843,
		-0.54026666995470829,
		1.8867183746979139,
		-0.27855454861822471,
		-2.0211261803939631,
		0.0424
	],
	"velocity" : [ 0.0, 0.0, 0.0, -0.19900000000000001, -1.01, 0.0, 0.0 ]
}
