{
	"effort" : [ 0.0, 0.0, 0.0, 0.0, 0.0, 0.0, -0.085999999999999993 ],
	"position" : 
	[
		-0.37351791321921218,
		1.7745984235498267,
		-0.56953584151064574,
		1.2588361762931124,
		-1.0926633782107742,
		-0.57583648011034383,
		0.061400000000000003
	],
	"velocity" : 
	[
		0.0050000000000000001,
		0.0,
		0.0,
		0.017000000000000001,
		0.0,
		-0.025999999999999999,
		0.0
	]
}
