{
	"effort" : [ 0.0, 0.0, 0.0, 0.0, 0.0, 0.0, -1.0409999999999999 ],
	"position" : 
	[
		-0.50172980007068324,
		1.7723993086923142,
		-0.59262654751452493,
		0.98007218816464847,
		-0.96965257253024484,
		-0.55381042495018085,
		0.051400000000000001
	],
	"velocity" : 
	[
		-0.059999999999999998,
		0.0,
		0.0,
		-0.312,
		-0.34799999999999998,
		0.089999999999999997,
		0.0
	]
}
