{
	"effort" : [ 0.0, 0.0, 0.0, 0.0, 0.0, 0.0, -0.028000000000000001 ],
	"position" : 
	[
		-0.41620866672298268,
		1.2569861272859988,
		-0.39374627924982131,
		1.4354634965948938,
		-0.57215383538863662,
		-1.5992626468945201,
		0.0424
	],
	"velocity" : 
	[
		0.0,
		0.84699999999999998,
		-0.496,
		-0.59199999999999997,
		-0.51700000000000002,
		1.2749999999999999,
		0.0
	]
}
