{
	"effort" : [ 0.0, 0.0, 0.0, 0.0, 0.0, 0.0, -1.0580000000000001 ],
	"position" : 
	[
		-0.62158155980510355,
		1.6839634754937836,
		-0.53792792875703654,
		0.68572240981587906,
		-0.46259951824098022,
		-0.76215037776069139,
		0.057099999999999998
	],
	"velocity" : 
	[
		-0.001,
		-0.56899999999999995,
		0.095000000000000001,
		0.38500000000000001,
		0.88300000000000001,
		-0.067000000000000004,
		0.0
	]
}
