{
	"effort" : [ 0.0, 0.0, 0.0, 0.0, 0.0, 0.0, -0.65000000000000002 ],
	"position" : 
	[
		-0.49602257341666323,
		1.7018705536192411,
		-0.58259090431556015,
		0.6712710836093696,
		-0.55045939278635259,
		-0.40725512766025407,
		0.078
	],
	"velocity" : 
	[
		0.058999999999999997,
		0.0,
		0.0,
		-0.037999999999999999,
		-0.216,
		-0.122,
		0.0
	]
}
