{
	"effort" : [ 0.0, 0.0, 0.0, 0.0, 0.0, 0.0, -0.089999999999999997 ],
	"position" : 
	[
		-0.60086450158393612,
		1.7809514220270841,
		-0.55906386599868241,
		0.70464177890749269,
		-0.70216341136966143,
		-0.45481534977708754,
		0.076200000000000004
	],
	"velocity" : 
	[
		-0.024,
		0.0,
		-0.0050000000000000001,
		-0.035999999999999997,
		0.251,
		0.0,
		0.0
	]
}
