{
	"effort" : [ 0.0, 0.0, 0.0, 0.0, 0.0, 0.0, 0.105 ],
	"position" : 
	[
		-0.4428772976934493,
		1.6468752288889135,
		-0.50211377250612188,
		1.1400316141098883,
		-0.718586959630924,
		-1.1801043737356678,
		0.0722
	],
	"velocity" : 
	[
		-0.34799999999999998,
		0.45900000000000002,
		-0.050000000000000003,
		-0.53600000000000003,
		-0.27400000000000002,
		1.0369999999999999,
		0.0
	]
}
