{
	"effort" : [ 0.0, 0.0, 0.0, 0.0, 0.0, 0.0, -0.28899999999999998 ],
	"position" : 
	[
		-0.41994367132224958,
		0.0037175513067469832,
		-0.057822758118557534,
		1.6217948475377613,
		-0.033423055175682968,
		-1.8915180301408971,
		-0.0038999999999999998
	],
	"velocity" : [ 0.0, 0.0, -0.027, -0.111, -0.028000000000000001, 0.0, 0.0 ]
}
