{
	"effort" : [ 0.0, 0.0, 0.0, 0.0, 0.0, 0.0, -1.038 ],
	"position" : 
	[
		-0.55943038514160115,
		1.7723993086923142,
		-0.59262654751452493,
		0.95198984050006663,
		-0.96600483439357765,
		-0.52841588433366982,
		0.050900000000000001
	],
	"velocity" : [ -0.249, 0.0, 0.0, 0.0, -0.024, 0.26000000000000001, 0.0 ]
}
