{
	"effort" : [ 0.0, 0.0, 0.0, 0.0, 0.0, 0.0, 0.114 ],
	"position" : 
	[
		-0.58793161182666143,
		1.7583843147988032,
		-0.63735933624312835,
		0.93549647906872446,
		-0.65008278649016371,
		-0.87701049583440915,
		0.0722
	],
	"velocity" : 
	[
		0.0,
		0.0,
		-0.095000000000000001,
		-0.17399999999999999,
		0.19700000000000001,
		0.56899999999999995,
		0.0
	]
}
