{
	"effort" : [ 0.0, 0.0, 0.0, 0.0, 0.0, 0.0, -0.034000000000000002 ],
	"position" : 
	[
		-0.41620866672298268,
		0.93717199515063843,
		-0.54274503749253966,
		1.9570725968457876,
		-0.13543754995472576,
		-2.0251055310885091,
		0.0424
	],
	"velocity" : [ 0.0, 0.0, 0.017999999999999999, 0.0, 0.055, 0.0, 0.0 ]
}
