{
	"effort" : [ 0.0, 0.0, 0.0, 0.0, 0.0, 0.0, -0.52000000000000002 ],
	"position" : 
	[
		-0.41994367132224958,
		0.0037175513067469832,
		-0.011117747335201073,
		1.6711353054916285,
		0.055361843873246157,
		-1.8451271786228993,
		-0.0041999999999999997
	],
	"velocity" : 
	[
		0.0,
		0.0,
		-0.20699999999999999,
		0.0,
		-0.0050000000000000001,
		-0.39300000000000002,
		0.0
	]
}
