{
	"effort" : [ 0.0, 0.0, 0.0, 0.0, 0.0, 0.0, -0.64000000000000001 ],
	"position" : 
	[
		-0.49408525794695002,
		1.6997063453467687,
		-0.58850757047981939,
		0.66313784929507802,
		-0.52279592414224951,
		-0.40938442934768654,
		0.078
	],
	"velocity" : 
	[
		-0.0050000000000000001,
		-0.0080000000000000002,
		-0.017999999999999999,
		0.0,
		0.159,
		0.0,
		0.0
	]
}
