{
	"effort" : [ 0.0, 0.0, 0.0, 0.0, 0.0, 0.0, -0.034000000000000002 ],
	"position" : 
	[
		-0.41620866672298268,
		1.0120466200611764,
		-0.33541737564818558,
		1.6000480450579175,
		-0.46574111089456927,
		-1.9787844927405915,
		0.0424
	],
	"velocity" : 
	[
		0.0,
		0.65400000000000003,
		0.021999999999999999,
		-0.058999999999999997,
		-0.185,
		0.71499999999999997,
		0.0
	]
}
