{
	"effort" : [ 0.0, 0.0, 0.0, 0.0, 0.0, 0.0, -0.317 ],
	"position" : 
	[
		-0.61432099011680907,
		0.0023212879051518723,
		-0.35690237874023034,
		0.62987187375207454,
		0.52757812629271272,
		-0.58180550615216287,
		0.071800000000000003
	],
	"velocity" : 
	[
		0.0,
		0.0,
		0.097000000000000003,
		-0.24299999999999999,
		0.77600000000000002,
		0.0,
		0.0
	]
}
