{
	"effort" : [ 0.0, 0.0, 0.0, 0.0, 0.0, 0.0, -0.042999999999999997 ],
	"position" : 
	[
		-0.41994367132224958,
		0.93453654798012786,
		-0.49984484447852978,
		1.5692953436377852,
		-0.32271137869367,
		-1.8915180301408971,
		0.0424
	],
	"velocity" : 
	[
		0.0,
		1.1819999999999999,
		-0.58699999999999997,
		0.60499999999999998,
		-0.50600000000000001,
		-0.109,
		0.0
	]
}
