{
	"effort" : [ 0.0, 0.0, 0.0, 0.0, 0.0, 0.0, -1.046 ],
	"position" : 
	[
		-0.61432099011680907,
		1.614481917971907,
		-0.4095066023953261,
		0.74663440071046572,
		-0.41582469428754404,
		-0.73928656455957131,
		0.054899999999999997
	],
	"velocity" : [ 0.0, 0.0, -0.001, 0.27900000000000003, 0.0, 0.0, 0.0 ]
}
