{
	"effort" : [ 0.0, 0.0, 0.0, 0.0, 0.0, 0.0, 0.13700000000000001 ],
	"position" : 
	[
		-0.61432099011680907,
		1.0374411606776877,
		-0.36295867124464914,
		1.0459409141348976,
		-0.35040975392281309,
		-0.58180550615216287,
		0.0722
	],
	"velocity" : [ 0.0, -0.374, 0.0, 0.0, 0.024, 0.0, 0.0 ]
}
