{
	"effort" : [ 0.0, 0.0, 0.0, 0.0, 0.0, 0.0, -1.0429999999999999 ],
	"position" : 
	[
		-0.62341415551969714,
		1.7186431677309024,
		-0.53613023962748274,
		0.59486056895707717,
		-0.4957433207363442,
		-0.64104198096483545,
		0.056000000000000001
	],
	"velocity" : 
	[
		0.028000000000000001,
		0.314,
		-0.017000000000000001,
		-0.115,
		-0.46899999999999997,
		-0.0070000000000000001,
		0.0
	]
}
