{
	"effort" : [ 0.0, 0.0, 0.0, 0.0, 0.0, 0.0, -0.42599999999999999 ],
	"position" : 
	[
		-0.61432099011680907,
		0.0023212879051518723,
		-0.31744048435264849,
		0.59334213250784251,
		0.64650486152357634,
		-0.58180550615216287,
		0.026700000000000002
	],
	"velocity" : 
	[
		0.0,
		0.0,
		0.14299999999999999,
		-0.042000000000000003,
		0.13400000000000001,
		0.0,
		0.0
	]
}
