{
	"effort" : [ 0.0, 0.0, 0.0, 0.0, 0.0, 0.0, -0.037999999999999999 ],
	"position" : 
	[
		-0.41620866672298268,
		0.93717199515063843,
		-0.54026666995470829,
		1.8803130163430963,
		-0.31953487945504117,
		-2.0211261803939631,
		0.0424
	],
	"velocity" : 
	[
		-0.016,
		0.0,
		0.002,
		-0.16200000000000001,
		-0.66300000000000003,
		0.0,
		0.0
	]
}
