{
	"effort" : [ 0.0, 0.0, 0.0, 0.0, 0.0, 0.0, 0.13900000000000001 ],
	"position" : 
	[
		-0.61432099011680907,
		1.0094460794757056,
		-0.36295867124464914,
		1.0459409141348976,
		-0.3457846314050293,
		-0.58180550615216287,
		0.0722
	],
	"velocity" : [ 0.0, -0.51100000000000001, 0.0, 0.0, 0.0, 0.0, 0.0 ]
}
