{
	"effort" : [ 0.0, 0.0, 0.0, 0.0, 0.0, 0.0, -0.28000000000000003 ],
	"position" : 
	[
		-0.60432025350288399,
		1.7809514220270841,
		-0.57447512329378847,
		0.69064423830650179,
		-0.61041145259234264,
		-0.42270129154039993,
		0.076799999999999993
	],
	"velocity" : 
	[
		0.0,
		0.0,
		-0.034000000000000002,
		-0.055,
		0.107,
		0.0070000000000000001,
		0.0
	]
}
