{
	"effort" : [ 0.0, 0.0, 0.0, 0.0, 0.0, 0.0, -0.034000000000000002 ],
	"position" : 
	[
		-0.41994367132224958,
		0.38611919041860804,
		-0.31035444758955333,
		1.4375055318197265,
		-0.10414379646647534,
		-1.8915180301408971,
		0.0424
	],
	"velocity" : 
	[
		0.0,
		1.6990000000000001,
		-0.51400000000000001,
		0.46700000000000003,
		-0.54200000000000004,
		0.0,
		0.0
	]
}
