{
	"effort" : [ 0.0, 0.0, 0.0, 0.0, 0.0, 0.0, -0.071999999999999995 ],
	"position" : 
	[
		-0.59857812026382407,
		1.7809514220270841,
		-0.55906386599868241,
		0.70659654766972591,
		-0.71558499331749437,
		-0.45481534977708754,
		0.076200000000000004
	],
	"velocity" : [ 0.0, 0.0, 0.0, 0.0, 0.10100000000000001, 0.0, 0.0 ]
}
