{
	"effort" : [ 0.0, 0.0, 0.0, 0.0, 0.0, 0.0, -1.046 ],
	"position" : 
	[
		-0.61432099011680907,
		1.614481917971907,
		-0.4095066023953261,
		0.88016954178051809,
		-0.42428954115971435,
		-0.71101223067727048,
		0.054899999999999997
	],
	"velocity" : [ 0.0, 0.0, 0.0, 0.70299999999999996, -0.001, 0.28299999999999997, 0.0 ]
}
