{
	"effort" : [ 0.0, 0.0, 0.0, 0.0, 0.0, 0.0, 0.14299999999999999 ],
	"position" : 
	[
		-0.61432099011680907,
		1.2473693631075125,
		-0.36360444306788681,
		1.0459409141348976,
		-0.43968334516230045,
		-0.58180550615216287,
		0.0722
	],
	"velocity" : [ 0.0, 0.0, 0.0, -0.035999999999999997, -0.625, 0.0, 0.0 ]
}
