{
	"effort" : [ 0.0, 0.0, 0.0, 0.0, 0.0, 0.0, -0.123 ],
	"position" : 
	[
		-0.41994367132224958,
		0.061086523819786111,
		-0.2039766296805258,
		1.3493140447164755,
		-0.047560222116833473,
		-1.8915180301408971,
		0.043400000000000001
	],
	"velocity" : 
	[
		0.0,
		0.82999999999999996,
		-0.38400000000000001,
		0.0,
		-0.27900000000000003,
		0.113,
		0.0
	]
}
