{
	"effort" : [ 0.0, 0.0, 0.0, 0.0, 0.0, 0.0, -0.254 ],
	"position" : 
	[
		-0.43933427931190172,
		1.7745984235498267,
		-0.56953584151064574,
		1.2386776234325829,
		-1.0315419478059482,
		-0.58351592881911685,
		0.060499999999999998
	],
	"velocity" : 
	[
		-0.34100000000000003,
		0.0,
		0.0,
		-0.040000000000000001,
		0.35199999999999998,
		0.0,
		0.0
	]
}
