{
	"effort" : [ 0.0, 0.0, 0.0, 0.0, 0.0, 0.0, -1.0389999999999999 ],
	"position" : 
	[
		-0.52977724115022506,
		1.7769371647474981,
		-0.7000341096822289,
		0.79171625528946787,
		-0.59206804215388698,
		-0.6629284097848388,
		0.0436
	],
	"velocity" : 
	[
		0.20300000000000001,
		0.021000000000000001,
		0.35899999999999999,
		-0.017000000000000001,
		-1.3049999999999999,
		0.067000000000000004,
		0.0
	]
}
