{
	"effort" : [ 0.0, 0.0, 0.0, 0.0, 0.0, 0.0, -1.042 ],
	"position" : 
	[
		-0.61610122595384276,
		1.6020202671126706,
		-0.42172390715928337,
		0.70083696113814609,
		-0.3347366972399079,
		-0.83931138399134109,
		0.054899999999999997
	],
	"velocity" : 
	[
		0.0,
		0.0,
		0.0050000000000000001,
		-0.069000000000000006,
		-0.099000000000000005,
		0.0,
		0.0
	]
}
