{
	"effort" : [ 0.0, 0.0, 0.0, 0.0, 0.0, 0.0, -0.13200000000000001 ],
	"position" : 
	[
		-0.59857812026382407,
		1.7809514220270841,
		-0.55733599003920853,
		0.71080279116703116,
		-0.72481778506054217,
		-0.45670030536924094,
		0.075600000000000001
	],
	"velocity" : 
	[
		-0.017999999999999999,
		0.0,
		0.0,
		0.0,
		0.14299999999999999,
		0.11600000000000001,
		0.0
	]
}
