{
	"effort" : [ 0.0, 0.0, 0.0, 0.0, 0.0, 0.0, -1.044 ],
	"position" : 
	[
		-0.48670251521101582,
		1.7833774296873559,
		-0.57316612635479314,
		0.98914790027501653,
		-1.1073415972200427,
		-0.45493752282472705,
		0.0436
	],
	"velocity" : [ 0.0, 0.0, 0.0, 0.13, 0.0, -0.085999999999999993, 0.0 ]
}
