{
	"effort" : [ 0.0, 0.0, 0.0, 0.0, 0.0, 0.0, -1.0409999999999999 ],
	"position" : 
	[
		-0.61882393958695325,
		1.6020202671126706,
		-0.43086943243973136,
		0.70533991060829027,
		-0.3045250478878937,
		-0.83931138399134109,
		0.054899999999999997
	],
	"velocity" : 
	[
		0.032000000000000001,
		0.0,
		0.036999999999999998,
		-0.012999999999999999,
		-0.26000000000000001,
		0.0,
		0.0
	]
}
