{
	"effort" : [ 0.0, 0.0, 0.0, 0.0, 0.0, 0.0, -0.26600000000000001 ],
	"position" : 
	[
		-0.41994367132224958,
		0.0037175513067469832,
		-0.057822758118557534,
		1.6238194294700745,
		-0.033423055175682968,
		-1.8915180301408971,
		-0.0041999999999999997
	],
	"velocity" : 
	[
		0.0,
		0.0,
		-0.028000000000000001,
		-0.126,
		0.0,
		-0.035999999999999997,
		0.0
	]
}
