{
	"effort" : [ 0.0, 0.0, 0.0, 0.0, 0.0, 0.0, 0.14000000000000001 ],
	"position" : 
	[
		-0.61432099011680907,
		0.68043406218233748,
		-0.36140532821037458,
		0.99738585434442784,
		-0.10281734623495999,
		-0.58180550615216287,
		0.0722
	],
	"velocity" : 
	[
		0.0,
		-1.351,
		0.0,
		-0.082000000000000003,
		0.96399999999999997,
		-0.019,
		0.0
	]
}
