{
	"effort" : [ 0.0, 0.0, 0.0, 0.0, 0.0, 0.0, 0.13900000000000001 ],
	"position" : 
	[
		-0.61432099011680907,
		1.4421306543375105,
		-0.40168752734639351,
		1.044178131590384,
		-0.34590680445266886,
		-0.58180550615216287,
		0.0722
	],
	"velocity" : [ 0.0, -0.378, 0.021000000000000001, 0.0, 0.17999999999999999, 0.0, 0.0 ]
}
