{
	"effort" : [ 0.0, 0.0, 0.0, 0.0, 0.0, 0.0, 0.151 ],
	"position" : 
	[
		-0.41620866672298268,
		1.4710507600430491,
		-0.49045497310280267,
		1.3225406939908892,
		-0.70605549560160785,
		-1.3150706847923554,
		0.061899999999999997
	],
	"velocity" : 
	[
		0.0,
		0.67100000000000004,
		-0.13,
		-0.59599999999999997,
		-0.045999999999999999,
		0.23499999999999999,
		0.0
	]
}
