{
	"effort" : [ 0.0, 0.0, 0.0, 0.0, 0.0, 0.0, 0.11 ],
	"position" : 
	[
		-0.58793161182666143,
		1.7583843147988032,
		-0.67085220458889105,
		0.87233301343906566,
		-0.52817153823839058,
		-0.88809333658457046,
		0.0722
	],
	"velocity" : [ 0.0, 0.0, -0.153, 0.0, 0.19900000000000001, -0.45600000000000002, 0.0 ]
}
