{
	"effort" : [ 0.0, 0.0, 0.0, 0.0, 0.0, 0.0, -1.04 ],
	"position" : 
	[
		-0.47389179850138069,
		1.7833774296873559,
		-0.57051322589176245,
		1.0596941086406095,
		-1.1549541792144362,
		-0.45493752282472705,
		0.043499999999999997
	],
	"velocity" : [ 0.0, 0.0, 0.0, 0.092999999999999999, -0.14899999999999999, 0.0, 0.0 ]
}
