{
	"effort" : [ 0.0, 0.0, 0.0, 0.0, 0.0, 0.0, -0.63800000000000001 ],
	"position" : 
	[
		-0.49408525794695002,
		1.7018705536192411,
		-0.5830272366285586,
		0.66313784929507802,
		-0.53848643411767461,
		-0.40938442934768654,
		0.078
	],
	"velocity" : [ 0.0, 0.0, -0.042999999999999997, 0.0, 0.33300000000000002, 0.0, 0.0 ]
}
