{
	"effort" : [ 0.0, 0.0, 0.0, 0.0, 0.0, 0.0, -0.035000000000000003 ],
	"position" : 
	[
		-0.41620866672298268,
		0.93345444384389153,
		-0.35082863294329159,
		1.6347626438800762,
		-0.40854667130672956,
		-2.0211261803939631,
		0.0424
	],
	"velocity" : [ 0.0, 0.0, 0.254, -0.12, 0.157, 0.0, 0.0 ]
}
