{
	"effort" : [ 0.0, 0.0, 0.0, 0.0, 0.0, 0.0, -1.032 ],
	"position" : 
	[
		-0.6239028477102555,
		1.6979435628022546,
		-0.59068923204481172,
		0.62533401769689045,
		-0.45659558561412134,
		-0.68952722758522556,
		0.056300000000000003
	],
	"velocity" : 
	[
		-0.069000000000000006,
		0.0,
		0.047,
		-0.023,
		0.012999999999999999,
		0.010999999999999999,
		0.0
	]
}
