{
	"effort" : [ 0.0, 0.0, 0.0, 0.0, 0.0, 0.0, -0.39600000000000002 ],
	"position" : 
	[
		-0.60016636988313854,
		1.7774956701081364,
		-0.5784195674032947,
		0.68827059052379014,
		-0.5988224663591033,
		-0.41383501894027092,
		0.076999999999999999
	],
	"velocity" : 
	[
		0.186,
		-0.129,
		-0.041000000000000002,
		0.001,
		0.058999999999999997,
		0.028000000000000001,
		0.0
	]
}
