{
	"effort" : [ 0.0, 0.0, 0.0, 0.0, 0.0, 0.0, -0.065000000000000002 ],
	"position" : 
	[
		-0.43545964837247531,
		1.7745984235498267,
		-0.57136843722523944,
		1.2055163676446989,
		-1.0385232648139238,
		-0.55655059187581135,
		0.061400000000000003
	],
	"velocity" : 
	[
		0.18099999999999999,
		0.0,
		0.0,
		0.19500000000000001,
		-0.075999999999999998,
		0.0,
		0.0
	]
}
