{
	"effort" : [ 0.0, 0.0, 0.0, 0.0, 0.0, 0.0, -1.0629999999999999 ],
	"position" : 
	[
		-0.51265556118816502,
		1.6979435628022546,
		-0.59068923204481172,
		0.66931631484713638,
		-0.50202650604352217,
		-0.47417105118169972,
		0.075200000000000003
	],
	"velocity" : 
	[
		-0.14999999999999999,
		-0.001,
		0.0,
		0.0,
		0.032000000000000001,
		-0.59399999999999997,
		0.0
	]
}
