{
	"effort" : [ 0.0, 0.0, 0.0, 0.0, 0.0, 0.0, -1.0389999999999999 ],
	"position" : 
	[
		-0.4711516315757503,
		1.7833774296873559,
		-0.56897733615000778,
		1.0641446982331939,
		-1.1592825957593809,
		-0.45493752282472705,
		0.043499999999999997
	],
	"velocity" : 
	[
		0.089999999999999997,
		0.0,
		0.0,
		0.34100000000000003,
		-0.0030000000000000001,
		0.109,
		0.0
	]
}
