{
	"effort" : [ 0.0, 0.0, 0.0, 0.0, 0.0, 0.0, -0.028000000000000001 ],
	"position" : 
	[
		-0.41620866672298268,
		1.2156043707212236,
		-0.37440803113772908,
		1.4589730816192517,
		-0.54134877409094451,
		-1.6639270956808938,
		0.0424
	],
	"velocity" : 
	[
		0.0,
		0.85599999999999998,
		-0.438,
		-0.54400000000000004,
		-0.51500000000000001,
		1.181,
		0.0
	]
}
