{
	"effort" : [ 0.0, 0.0, 0.0, 0.0, 0.0, 0.0, 0.045999999999999999 ],
	"position" : 
	[
		-0.41620866672298268,
		1.5663806437869554,
		-0.49974012472341017,
		1.2372639067384679,
		-0.7112216701875097,
		-1.2907058884345206,
		0.071900000000000006
	],
	"velocity" : 
	[
		-0.025000000000000001,
		0.54700000000000004,
		-0.002,
		-0.36799999999999999,
		0.0,
		0.10299999999999999,
		0.0
	]
}
