{
	"effort" : [ 0.0, 0.0, 0.0, 0.0, 0.0, 0.0, -0.18099999999999999 ],
	"position" : 
	[
		-0.41994367132224958,
		0.086987209919375419,
		-0.21523400335588638,
		1.3493140447164755,
		-0.058712876037074424,
		-1.8915180301408971,
		0.043099999999999999
	],
	"velocity" : 
	[
		0.0,
		0.92700000000000005,
		-0.39500000000000002,
		0.032000000000000001,
		-0.41599999999999998,
		0.0,
		0.0
	]
}
