{
	"effort" : [ 0.0, 0.0, 0.0, 0.0, 0.0, 0.0, -1.044 ],
	"position" : 
	[
		-0.55412458421553978,
		1.7723993086923142,
		-0.59262654751452493,
		0.95198984050006663,
		-0.96600483439357765,
		-0.53630477255268216,
		0.050900000000000001
	],
	"velocity" : [ -0.25600000000000001, 0.0, 0.0, 0.0, 0.0, 0.30099999999999999, 0.0 ]
}
