{
	"effort" : [ 0.0, 0.0, 0.0, 0.0, 0.0, 0.0, 0.107 ],
	"position" : 
	[
		-0.58793161182666143,
		1.7583843147988032,
		-0.6462256088432573,
		0.91748468118814752,
		-0.64352034850266682,
		-0.83604761829011265,
		0.0722
	],
	"velocity" : 
	[
		0.0,
		0.0,
		-0.0080000000000000002,
		-0.32700000000000001,
		0.17000000000000001,
		0.034000000000000002,
		0.0
	]
}
