{
	"effort" : [ 0.0, 0.0, 0.0, 0.0, 0.0, 0.0, -0.65600000000000003 ],
	"position" : 
	[
		-0.50928707573181675,
		1.7034937098235952,
		-0.58259090431556015,
		0.70069733479798657,
		-0.50295153054707897,
		-0.39751619043412811,
		0.078
	],
	"velocity" : 
	[
		0.059999999999999998,
		0.0,
		0.0,
		-0.043999999999999997,
		-0.122,
		-0.14899999999999999,
		0.0
	]
}
