{
	"effort" : [ 0.0, 0.0, 0.0, 0.0, 0.0, 0.0, -0.27600000000000002 ],
	"position" : 
	[
		-0.60432025350288399,
		1.7809514220270841,
		-0.57213638209611672,
		0.69563587996720422,
		-0.6201154832334288,
		-0.43385394546064088,
		0.076799999999999993
	],
	"velocity" : 
	[
		0.0089999999999999993,
		-0.0030000000000000001,
		0.0,
		-0.13,
		0.001,
		0.071999999999999995,
		0.0
	]
}
