{
	"effort" : [ 0.0, 0.0, 0.0, 0.0, 0.0, 0.0, -0.075999999999999998 ],
	"position" : 
	[
		-0.37819539561455578,
		1.7745984235498267,
		-0.56953584151064574,
		1.2603371594498269,
		-1.0926633782107742,
		-0.57960639129465064,
		0.061400000000000003
	],
	"velocity" : 
	[
		-0.092999999999999999,
		0.0,
		0.0,
		-0.001,
		0.0,
		-0.069000000000000006,
		0.0
	]
}
