{
	"effort" : [ 0.0, 0.0, 0.0, 0.0, 0.0, 0.0, -0.034000000000000002 ],
	"position" : 
	[
		-0.41620866672298268,
		0.93577573174904338,
		-0.49738393023321847,
		1.8426139045000283,
		-0.46207591946538207,
		-2.0211261803939631,
		0.0424
	],
	"velocity" : 
	[
		0.0,
		0.0,
		0.38100000000000001,
		-0.47299999999999998,
		-0.29499999999999998,
		-0.001,
		0.0
	]
}
