{
	"effort" : [ 0.0, 0.0, 0.0, 0.0, 0.0, 0.0, -1.0389999999999999 ],
	"position" : 
	[
		-0.5941449839637597,
		1.7810561417822037,
		-0.57042595942916274,
		0.875614232432814,
		-0.95733054801116801,
		-0.50047316300924771,
		0.051999999999999998
	],
	"velocity" : 
	[
		-0.002,
		0.044999999999999998,
		0.031,
		-0.22800000000000001,
		0.105,
		0.021000000000000001,
		0.0
	]
}
