{
	"effort" : [ 0.0, 0.0, 0.0, 0.0, 0.0, 0.0, 0.13800000000000001 ],
	"position" : 
	[
		-0.61432099011680907,
		1.2042073707057035,
		-0.36295867124464914,
		1.0459409141348976,
		-0.43769366981502744,
		-0.58180550615216287,
		0.0722
	],
	"velocity" : [ 0.0, -0.42899999999999999, 0.0, 0.0, 0.057000000000000002, 0.0, 0.0 ]
}
