{
	"effort" : [ 0.0, 0.0, 0.0, 0.0, 0.0, 0.0, 0.12 ],
	"position" : 
	[
		-0.58609901611206794,
		1.7511237451105084,
		-0.60332541582924748,
		1.0197958819400292,
		-0.72305500251602817,
		-0.93478089407540688,
		0.0722
	],
	"velocity" : 
	[
		-0.042999999999999997,
		0.13900000000000001,
		-0.20000000000000001,
		-0.371,
		0.222,
		0.40200000000000002,
		0.0
	]
}
