{
	"effort" : [ 0.0, 0.0, 0.0, 0.0, 0.0, 0.0, -0.19900000000000001 ],
	"position" : 
	[
		-0.61432099011680907,
		0.0023212879051518723,
		-0.27748989777450839,
		0.60175461950245301,
		0.39507272948133665,
		-0.65093799782364081,
		-0.0028999999999999998
	],
	"velocity" : 
	[
		0.0,
		0.0,
		0.010999999999999999,
		0.32000000000000001,
		-1.8120000000000001,
		-0.067000000000000004,
		0.0
	]
}
