{
	"effort" : [ 0.0, 0.0, 0.0, 0.0, 0.0, 0.0, -1.0389999999999999 ],
	"position" : 
	[
		-0.53670619828064081,
		1.7769371647474981,
		-0.73124059670787966,
		0.65156631635435858,
		-0.39152971109978907,
		-0.6647435522069125,
		0.0436
	],
	"velocity" : [ 0.0, 0.0, 0.0, 0.55200000000000005, -0.159, 0.0, 0.0 ]
}
