{
	"effort" : [ 0.0, 0.0, 0.0, 0.0, 0.0, 0.0, 0.14000000000000001 ],
	"position" : 
	[
		-0.61432099011680907,
		0.8847597577132621,
		-0.36140532821037458,
		1.044178131590384,
		-0.28675759610259594,
		-0.58180550615216287,
		0.0722
	],
	"velocity" : [ 0.0, -1.03, 0.0, 0.0, 0.87, 0.0, 0.0 ]
}
