{
	"effort" : [ 0.0, 0.0, 0.0, 0.0, 0.0, 0.0, 0.14299999999999999 ],
	"position" : 
	[
		-0.61432099011680907,
		0.406679169007096,
		-0.36140532821037458,
		0.94904023406419702,
		-0.030298915814613914,
		-0.58180550615216287,
		0.0722
	],
	"velocity" : [ 0.0, -1.2, 0.0, -0.56299999999999994, 0.017000000000000001, 0.0, 0.0 ]
}
