{
	"effort" : [ 0.0, 0.0, 0.0, 0.0, 0.0, 0.0, -0.090999999999999998 ],
	"position" : 
	[
		-0.61432099011680907,
		0.0023212879051518723,
		-0.3171437783798095,
		0.59353411872556172,
		0.64975117393228499,
		-0.58180550615216287,
		0.024500000000000001
	],
	"velocity" : 
	[
		0.0,
		0.0,
		0.14299999999999999,
		-0.11799999999999999,
		0.17599999999999999,
		0.0,
		0.0
	]
}
