{
	"effort" : [ 0.0, 0.0, 0.0, 0.0, 0.0, 0.0, -0.035000000000000003 ],
	"position" : 
	[
		-0.41620866672298268,
		0.93717199515063843,
		-0.54162802677126354,
		1.9570725968457876,
		-0.1355422697098454,
		-2.0251055310885091,
		0.0424
	],
	"velocity" : [ 0.0, 0.0, 0.02, 0.0, 0.17599999999999999, 0.0, 0.0 ]
}
