{
	"effort" : [ 0.0, 0.0, 0.0, 0.0, 0.0, 0.0, -1.0409999999999999 ],
	"position" : 
	[
		-0.63367669152142125,
		1.6019679072351107,
		-0.52996922736794438,
		0.75515160746019605,
		-0.25785494368957712,
		-0.81128139620431927,
		0.057000000000000002
	],
	"velocity" : [ 0.0, 0.0, 0.0, -0.001, 0.0, -0.067000000000000004, 0.0 ]
}
