{
	"effort" : [ 0.0, 0.0, 0.0, 0.0, 0.0, 0.0, -0.626 ],
	"position" : 
	[
		-0.51543063469883521,
		1.7034937098235952,
		-0.58039178945804781,
		0.73684310360678007,
		-0.50459214004395325,
		-0.37800340939683647,
		0.078
	],
	"velocity" : [ 0.0, 0.0, 0.0, -0.080000000000000002, 0.017000000000000001, 0.0, 0.0 ]
}
