{
	"effort" : [ 0.0, 0.0, 0.0, 0.0, 0.0, 0.0, -0.034000000000000002 ],
	"position" : 
	[
		-0.41620866672298268,
		0.99785709324246608,
		-0.33541737564818558,
		1.6000480450579175,
		-0.46582837735716892,
		-1.9893262814226347,
		0.0424
	],
	"velocity" : 
	[
		0.0,
		0.60699999999999998,
		0.0,
		-0.001,
		-0.55900000000000005,
		0.441,
		0.0
	]
}
