{
	"effort" : [ 0.0, 0.0, 0.0, 0.0, 0.0, 0.0, -0.20000000000000001 ],
	"position" : 
	[
		-0.61432099011680907,
		0.0023212879051518723,
		-0.27748989777450839,
		0.59243456129680572,
		0.46314057030909839,
		-0.64451518617630321,
		-0.0028999999999999998
	],
	"velocity" : 
	[
		0.0,
		0.0,
		-0.0040000000000000001,
		0.060999999999999999,
		-1.921,
		-0.17999999999999999,
		0.0
	]
}
