{
	"effort" : [ 0.0, 0.0, 0.0, 0.0, 0.0, 0.0, -0.060999999999999999 ],
	"position" : 
	[
		-0.46794022575208155,
		1.7745984235498267,
		-0.57136843722523944,
		1.1859337734373274,
		-1.0385232648139238,
		-0.55210000228322686,
		0.061400000000000003
	],
	"velocity" : [ 0.19, 0.0, 0.0, 0.042000000000000003, 0.0, -0.001, 0.0 ]
}
