{
	"effort" : [ 0.0, 0.0, 0.0, 0.0, 0.0, 0.0, -1.038 ],
	"position" : 
	[
		-0.57618554596074245,
		1.7602867236834763,
		-0.73124059670787966,
		0.77443749569472842,
		-0.3857701245682093,
		-0.66870544960893852,
		0.0436
	],
	"velocity" : 
	[
		0.193,
		0.0070000000000000001,
		0.0,
		-0.69599999999999995,
		0.435,
		0.128,
		0.0
	]
}
