{
	"effort" : [ 0.0, 0.0, 0.0, 0.0, 0.0, 0.0, -0.192 ],
	"position" : 
	[
		-0.44649012924507664,
		1.7745984235498267,
		-0.56953584151064574,
		1.2368101211329494,
		-1.0239672188522946,
		-0.58351592881911685,
		0.059700000000000003
	],
	"velocity" : 
	[
		-0.33000000000000002,
		0.0,
		0.0,
		-0.042000000000000003,
		0.36799999999999999,
		0.0,
		0.0
	]
}
