{
	"effort" : [ 0.0, 0.0, 0.0, 0.0, 0.0, 0.0, -0.042999999999999997 ],
	"position" : 
	[
		-0.48703412776889465,
		1.7761517665841009,
		-0.56927404212284671,
		1.1717267933260973,
		-1.1376056064496169,
		-0.46455428700321338,
		0.061400000000000003
	],
	"velocity" : 
	[
		0.0,
		0.0,
		-0.0050000000000000001,
		-0.010999999999999999,
		0.001,
		0.0,
		0.0
	]
}
