{
	"effort" : [ 0.0, 0.0, 0.0, 0.0, 0.0, 0.0, -0.036999999999999998 ],
	"position" : 
	[
		-0.41620866672298268,
		0.93499033358564609,
		-0.46069710935630687,
		1.8101333271204219,
		-0.46425758103037446,
		-2.0211261803939631,
		0.0424
	],
	"velocity" : [ 0.0, 0.0, 0.50600000000000001, -0.66100000000000003, 0.019, 0.0, 0.0 ]
}
