{
	"effort" : [ 0.0, 0.0, 0.0, 0.0, 0.0, 0.0, 0.01 ],
	"position" : 
	[
		-0.61432099011680907,
		0.018779742751454245,
		-0.36140532821037458,
		0.72207761813491167,
		0.28614673086439807,
		-0.58180550615216287,
		0.0722
	],
	"velocity" : [ 0.0, -0.47499999999999998, 0.0, -0.47499999999999998, 1.401, 0.0, 0.0 ]
}
