{
	"effort" : [ 0.0, 0.0, 0.0, 0.0, 0.0, 0.0, 0.019 ],
	"position" : 
	[
		-0.61432099011680907,
		0.0023212879051518723,
		-0.36140532821037458,
		0.6638010744108358,
		0.44902085666046782,
		-0.58180550615216287,
		0.0722
	],
	"velocity" : 
	[
		0.0,
		0.0,
		0.021999999999999999,
		-0.50600000000000001,
		0.91600000000000004,
		0.0,
		0.0
	]
}
