{
	"effort" : [ 0.0, 0.0, 0.0, 0.0, 0.0, 0.0, -0.057000000000000002 ],
	"position" : 
	[
		-0.48703412776889465,
		1.7761517665841009,
		-0.57136843722523944,
		1.1708541287001002,
		-1.1376056064496169,
		-0.46300094396893882,
		0.061400000000000003
	],
	"velocity" : [ 0.0, 0.0, 0.029999999999999999, 0.0, 0.0, 0.0, 0.0 ]
}
