{
	"effort" : [ 0.0, 0.0, 0.0, 0.0, 0.0, 0.0, -1.044 ],
	"position" : 
	[
		-0.62159901309762355,
		1.7319774832161356,
		-0.53990015081178955,
		0.63146012337138901,
		-0.52930600225218671,
		-0.72019266254275827,
		0.0574
	],
	"velocity" : 
	[
		0.012999999999999999,
		-0.30399999999999999,
		0.0,
		0.65000000000000002,
		0.29899999999999999,
		-0.53600000000000003,
		0.0
	]
}
