{
	"effort" : [ 0.0, 0.0, 0.0, 0.0, 0.0, 0.0, -0.032000000000000001 ],
	"position" : 
	[
		-0.41620866672298268,
		0.93345444384389153,
		-0.33974579219313039,
		1.6205905703538854,
		-0.40406117512910517,
		-2.0211261803939631,
		0.0424
	],
	"velocity" : 
	[
		0.0,
		0.0,
		0.13600000000000001,
		-0.089999999999999997,
		0.14299999999999999,
		0.0,
		0.0
	]
}
