{
	"effort" : [ 0.0, 0.0, 0.0, 0.0, 0.0, 0.0, -0.028000000000000001 ],
	"position" : 
	[
		-0.41620866672298268,
		0.93717199515063843,
		-0.54026666995470829,
		1.8841876472825225,
		-0.29736919795471878,
		-2.0211261803939631,
		0.0424
	],
	"velocity" : [ 0.0, 0.0, 0.0, -0.049000000000000002, -0.995, 0.0, 0.0 ]
}
