{
	"effort" : [ 0.0, 0.0, 0.0, 0.0, 0.0, 0.0, -1.04 ],
	"position" : 
	[
		-0.63367669152142125,
		1.6019679072351107,
		-0.5134060527665224,
		0.74694855997582454,
		-0.26830946590902049,
		-0.81557490616422434,
		0.057000000000000002
	],
	"velocity" : [ 0.0, 0.0, 0.13700000000000001, -0.115, -0.13600000000000001, 0.0, 0.0 ]
}
