{
	"effort" : [ 0.0, 0.0, 0.0, 0.0, 0.0, 0.0, 0.21199999999999999 ],
	"position" : 
	[
		-0.48466047998618295,
		1.7833774296873559,
		-0.56103608805343563,
		1.2159010766940626,
		-1.121513670746233,
		-0.47293186741278403,
		0.047100000000000003
	],
	"velocity" : [ -0.083000000000000004, 0.0, -0.024, -0.109, -0.107, 0.157, 0.0 ]
}
