{
	"effort" : [ 0.0, 0.0, 0.0, 0.0, 0.0, 0.0, -0.035000000000000003 ],
	"position" : 
	[
		-0.41620866672298268,
		0.93499033358564609,
		-0.49453904355246842,
		1.8426139045000283,
		-0.46437975407801402,
		-2.0211261803939631,
		0.0424
	],
	"velocity" : 
	[
		0.0,
		0.0,
		0.42099999999999999,
		-0.47299999999999998,
		-0.13800000000000001,
		-0.001,
		0.0
	]
}
