{
	"effort" : [ 0.0, 0.0, 0.0, 0.0, 0.0, 0.0, -0.078 ],
	"position" : 
	[
		-0.37351791321921218,
		1.7745984235498267,
		-0.56953584151064574,
		1.2603371594498269,
		-1.0926633782107742,
		-0.57775634228753703,
		0.061400000000000003
	],
	"velocity" : [ 0.0, 0.0, 0.0, 0.0, 0.0, -0.084000000000000005, 0.0 ]
}
