{
	"effort" : [ 0.0, 0.0, 0.0, 0.0, 0.0, 0.0, -0.374 ],
	"position" : 
	[
		-0.57787851533517653,
		1.7529039809475424,
		-0.58039178945804781,
		0.70228558441730105,
		-0.57719783692689897,
		-0.39995965138691958,
		0.077200000000000005
	],
	"velocity" : 
	[
		0.26300000000000001,
		-0.23899999999999999,
		0.0,
		0.10299999999999999,
		0.021000000000000001,
		0.10100000000000001,
		0.0
	]
}
