{
	"effort" : [ 0.0, 0.0, 0.0, 0.0, 0.0, 0.0, 0.155 ],
	"position" : 
	[
		-0.61432099011680907,
		1.5512486391721685,
		-0.40564942474841964,
		1.044178131590384,
		-0.42497021956799197,
		-0.58180550615216287,
		0.0722
	],
	"velocity" : [ 0.0, -0.121, 0.094, 0.0, -0.38500000000000001, 0.0, 0.0 ]
}
