{
	"effort" : [ 0.0, 0.0, 0.0, 0.0, 0.0, 0.0, -1.0589999999999999 ],
	"position" : 
	[
		-0.5941449839637597,
		1.7809514220270841,
		-0.57042595942916274,
		0.85404196287816958,
		-0.92537356940715998,
		-0.493509299293792,
		0.053400000000000003
	],
	"velocity" : [ 0.0, 0.0, 0.0, -0.042000000000000003, 0.45600000000000002, 0.151, 0.0 ]
}
