{
	"effort" : [ 0.0, 0.0, 0.0, 0.0, 0.0, 0.0, 0.043999999999999997 ],
	"position" : 
	[
		-0.48474774644878271,
		1.7745984235498267,
		-0.56953584151064574,
		1.1861781195326067,
		-0.99424426169083879,
		-0.58951986144597579,
		0.059400000000000001
	],
	"velocity" : 
	[
		-0.014999999999999999,
		0.0,
		0.0,
		-0.024,
		0.028000000000000001,
		0.0,
		0.0
	]
}
