{
	"effort" : [ 0.0, 0.0, 0.0, 0.0, 0.0, 0.0, -1.048 ],
	"position" : 
	[
		-0.50689597465658509,
		1.6979435628022546,
		-0.59068923204481172,
		0.66931631484713638,
		-0.50473176638411277,
		-0.46040040338346794,
		0.075800000000000006
	],
	"velocity" : 
	[
		-0.10299999999999999,
		0.0,
		0.0,
		0.0,
		0.084000000000000005,
		-0.39600000000000002,
		0.0
	]
}
