{
	"effort" : [ 0.0, 0.0, 0.0, 0.0, 0.0, 0.0, -1.016 ],
	"position" : 
	[
		-0.5941449839637597,
		1.7809514220270841,
		-0.56981509419096488,
		0.83552401951451449,
		-0.91596624473891286,
		-0.48706903435393456,
		0.054100000000000002
	],
	"velocity" : 
	[
		0.0,
		0.0,
		0.027,
		-0.115,
		0.17199999999999999,
		0.095000000000000001,
		0.0
	]
}
