{
	"effort" : [ 0.0, 0.0, 0.0, 0.0, 0.0, 0.0, 0.025999999999999999 ],
	"position" : 
	[
		-0.41994367132224958,
		0.0037175513067469832,
		-0.13306390217201408,
		1.4280109406888799,
		0.010821041362362111,
		-1.8915180301408971,
		0.047
	],
	"velocity" : 
	[
		0.0,
		0.0,
		-0.26300000000000001,
		-1.0429999999999999,
		0.16600000000000001,
		-0.0030000000000000001,
		0.0
	]
}
