{
	"effort" : [ 0.0, 0.0, 0.0, 0.0, 0.0, 0.0, 0.057000000000000002 ],
	"position" : 
	[
		-0.58793161182666143,
		1.7583843147988032,
		-0.72647584784993624,
		1.0030232678283679,
		-0.49151962394651899,
		-1.0462725266927766,
		0.0722
	],
	"velocity" : [ 0.0, 0.0, -0.031, 0.26600000000000001, 0.0, -0.20100000000000001, 0.0 ]
}
