{
	"effort" : [ 0.0, 0.0, 0.0, 0.0, 0.0, 0.0, 0.13900000000000001 ],
	"position" : 
	[
		-0.61432099011680907,
		1.0488032541081675,
		-0.36295867124464914,
		1.0459409141348976,
		-0.35301029450828397,
		-0.58180550615216287,
		0.0722
	],
	"velocity" : 
	[
		0.0,
		-0.36299999999999999,
		0.0,
		-0.13600000000000001,
		0.40200000000000002,
		0.0,
		0.0
	]
}
