{
	"effort" : [ 0.0, 0.0, 0.0, 0.0, 0.0, 0.0, 0.016 ],
	"position" : 
	[
		-0.61432099011680907,
		0.090163709158004299,
		-0.36140532821037458,
		0.77227328742225598,
		0.14168582867686388,
		-0.58180550615216287,
		0.0722
	],
	"velocity" : [ 0.0, -0.90300000000000002, 0.0, -0.435, 1.4590000000000001, 0.0, 0.0 ]
}
