{
	"effort" : [ 0.0, 0.0, 0.0, 0.0, 0.0, 0.0, 0.13600000000000001 ],
	"position" : 
	[
		-0.61432099011680907,
		0.52136475415561445,
		-0.36140532821037458,
		0.97590085125238302,
		-0.036425021489112461,
		-0.58180550615216287,
		0.0722
	],
	"velocity" : 
	[
		-0.001,
		-1.3899999999999999,
		0.0,
		-0.012999999999999999,
		0.38900000000000001,
		0.0,
		0.0
	]
}
