{
	"effort" : [ 0.0, 0.0, 0.0, 0.0, 0.0, 0.0, -0.21099999999999999 ],
	"position" : 
	[
		-0.60316833619656807,
		1.7809514220270841,
		-0.56161204670659359,
		0.70464177890749269,
		-0.67998027657681903,
		-0.45481534977708754,
		0.076399999999999996
	],
	"velocity" : 
	[
		-0.074999999999999997,
		0.0,
		-0.023,
		0.0,
		0.47699999999999998,
		0.0,
		0.0
	]
}
