{
	"effort" : [ 0.0, 0.0, 0.0, 0.0, 0.0, 0.0, -1.0389999999999999 ],
	"position" : 
	[
		-0.55595717993013338,
		1.7723993086923142,
		-0.59262654751452493,
		0.95198984050006663,
		-0.96600483439357765,
		-0.53288392721877409,
		0.050900000000000001
	],
	"velocity" : [ -0.251, 0.0, 0.0, 0.0, -0.0050000000000000001, 0.159, 0.0 ]
}
