{
	"effort" : [ 0.0, 0.0, 0.0, 0.0, 0.0, 0.0, -0.067000000000000004 ],
	"position" : 
	[
		-0.4479212992317117,
		1.7745984235498267,
		-0.57136843722523944,
		1.1962661226091313,
		-1.0385232648139238,
		-0.55655059187581135,
		0.061400000000000003
	],
	"velocity" : 
	[
		0.20699999999999999,
		0.0,
		0.034000000000000002,
		0.052999999999999999,
		0.0,
		0.0,
		0.0
	]
}
