{
	"effort" : [ 0.0, 0.0, 0.0, 0.0, 0.0, 0.0, 0.14399999999999999 ],
	"position" : 
	[
		-0.61432099011680907,
		0.84760169793831208,
		-0.36140532821037458,
		1.0415077778348332,
		-0.25357888702219211,
		-0.58180550615216287,
		0.0722
	],
	"velocity" : 
	[
		0.014999999999999999,
		-1.1060000000000001,
		0.0,
		-0.069000000000000006,
		1.0249999999999999,
		0.0,
		0.0
	]
}
