{
	"effort" : [ 0.0, 0.0, 0.0, 0.0, 0.0, 0.0, -1.05 ],
	"position" : 
	[
		-0.53791047546451654,
		1.6979435628022546,
		-0.59068923204481172,
		0.67079984471133125,
		-0.49487065611034725,
		-0.53604297316488314,
		0.069000000000000006
	],
	"velocity" : 
	[
		-0.29899999999999999,
		0.0,
		0.0,
		-0.060999999999999999,
		0.025999999999999999,
		-0.60899999999999999,
		0.0
	]
}
