{
	"effort" : [ 0.0, 0.0, 0.0, 0.0, 0.0, 0.0, -1.044 ],
	"position" : 
	[
		-0.58204985224744199,
		1.7602867236834763,
		-0.73303828583743336,
		0.95457292779301761,
		-0.45057419969474233,
		-0.80539963662509995,
		0.0453
	],
	"velocity" : 
	[
		0.028000000000000001,
		0.0,
		0.0,
		-0.021000000000000001,
		0.010999999999999999,
		0.26000000000000001,
		0.0
	]
}
