{
	"effort" : [ 0.0, 0.0, 0.0, 0.0, 0.0, 0.0, -1.0429999999999999 ],
	"position" : 
	[
		-0.59688515088938998,
		1.7809514220270841,
		-0.56320029632590796,
		0.81131630278935918,
		-0.8375311481543074,
		-0.47532296848801575,
		0.054100000000000002
	],
	"velocity" : [ 0.0, 0.0, 0.10199999999999999, 0.0, 0.40400000000000003, 0.0, 0.0 ]
}
