{
	"effort" : [ 0.0, 0.0, 0.0, 0.0, 0.0, 0.0, -1.042 ],
	"position" : 
	[
		-0.48670251521101582,
		1.7833774296873559,
		-0.57407369756583004,
		0.85714864894671872,
		-1.10521229553261,
		-0.478970706624683,
		0.0436
	],
	"velocity" : 
	[
		0.0,
		0.0,
		0.050999999999999997,
		0.17799999999999999,
		-0.14099999999999999,
		0.0,
		0.0
	]
}
