{
	"effort" : [ 0.0, 0.0, 0.0, 0.0, 0.0, 0.0, -1.044 ],
	"position" : 
	[
		-0.48670251521101582,
		1.7833774296873559,
		-0.57540014779734538,
		0.84918994755762656,
		-1.103589139328256,
		-0.48078584904675659,
		0.0436
	],
	"velocity" : 
	[
		0.0,
		0.0,
		0.063,
		0.42699999999999999,
		-0.11600000000000001,
		0.045999999999999999,
		0.0
	]
}
