{
	"effort" : [ 0.0, 0.0, 0.0, 0.0, 0.0, 0.0, -1.0429999999999999 ],
	"position" : 
	[
		-0.62341415551969714,
		1.7210866286836939,
		-0.53613023962748274,
		0.59486056895707717,
		-0.50188687970336265,
		-0.64104198096483545,
		0.056000000000000001
	],
	"velocity" : 
	[
		0.025000000000000001,
		0.33400000000000002,
		-0.017000000000000001,
		-0.12,
		-0.32000000000000001,
		-0.151,
		0.0
	]
}
