{
	"effort" : [ 0.0, 0.0, 0.0, 0.0, 0.0, 0.0, -1.0429999999999999 ],
	"position" : 
	[
		-0.48408452133302499,
		1.7833774296873559,
		-0.57072266540200178,
		1.1763344625513612,
		-1.1648676493657613,
		-0.47336819972578253,
		0.043499999999999997
	],
	"velocity" : 
	[
		0.0,
		0.0,
		0.023,
		0.39100000000000001,
		0.071999999999999995,
		-0.122,
		0.0
	]
}
