{
	"effort" : [ 0.0, 0.0, 0.0, 0.0, 0.0, 0.0, -1.0409999999999999 ],
	"position" : 
	[
		-0.62341415551969714,
		1.6979435628022546,
		-0.58857738364989909,
		0.62325707588701773,
		-0.45694465146452001,
		-0.68952722758522556,
		0.056000000000000001
	],
	"velocity" : [ -0.017000000000000001, 0.0, 0.094, -0.115, 0.0, -0.184, 0.0 ]
}
