{
	"effort" : [ 0.0, 0.0, 0.0, 0.0, 0.0, 0.0, -1.042 ],
	"position" : 
	[
		-0.63177428263674795,
		1.5999956851803578,
		-0.49518481537570613,
		0.73635441141622171,
		-0.2813470754214149,
		-0.81814054016465532,
		0.057000000000000002
	],
	"velocity" : 
	[
		0.012999999999999999,
		0.01,
		0.096000000000000002,
		-0.014999999999999999,
		-0.19500000000000001,
		-0.065000000000000002,
		0.0
	]
}
