{
	"effort" : [ 0.0, 0.0, 0.0, 0.0, 0.0, 0.0, -1.0429999999999999 ],
	"position" : 
	[
		-0.48466047998618295,
		1.7833774296873559,
		-0.57072266540200178,
		1.2060050598352574,
		-1.1475888897710218,
		-0.48499209254406189,
		0.043499999999999997
	],
	"velocity" : [ 0.0, 0.0, 0.0, 0.0, 0.0, -0.17199999999999999, 0.0 ]
}
