{
	"effort" : [ 0.0, 0.0, 0.0, 0.0, 0.0, 0.0, -1.0449999999999999 ],
	"position" : 
	[
		-0.61432099011680907,
		1.614481917971907,
		-0.4095066023953261,
		0.82431900571671357,
		-0.42188098679196284,
		-0.73462653545674783,
		0.054899999999999997
	],
	"velocity" : 
	[
		0.0,
		0.0,
		-0.0030000000000000001,
		0.54600000000000004,
		-0.10299999999999999,
		0.124,
		0.0
	]
}
