{
	"effort" : [ 0.0, 0.0, 0.0, 0.0, 0.0, 0.0, 0.068000000000000005 ],
	"position" : 
	[
		-0.48474774644878271,
		1.7745984235498267,
		-0.56953584151064574,
		1.1784637642387936,
		-0.98441805800211313,
		-0.58951986144597579,
		0.066000000000000003
	],
	"velocity" : 
	[
		0.025999999999999999,
		0.0,
		0.0,
		-0.084000000000000005,
		0.20699999999999999,
		0.0,
		0.0
	]
}
