{
	"effort" : [ 0.0, 0.0, 0.0, 0.0, 0.0, 0.0, -0.14899999999999999 ],
	"position" : 
	[
		-0.47446775715453865,
		1.7745984235498267,
		-0.56953584151064574,
		1.213544882203871,
		-1.0033897869712867,
		-0.58911843571801714,
		0.055300000000000002
	],
	"velocity" : 
	[
		-0.14199999999999999,
		0.0,
		0.0,
		-0.316,
		0.25800000000000001,
		-0.019,
		0.0
	]
}
