{
	"effort" : [ 0.0, 0.0, 0.0, 0.0, 0.0, 0.0, -0.54700000000000004 ],
	"position" : 
	[
		-0.52195816610129242,
		1.70782212636854,
		-0.58039178945804781,
		0.74164275904976318,
		-0.56117571439359504,
		-0.38254126545202055,
		0.077700000000000005
	],
	"velocity" : 
	[
		0.10299999999999999,
		-0.122,
		0.0,
		0.33700000000000002,
		0.13,
		0.0070000000000000001,
		0.0
	]
}
