{
	"effort" : [ 0.0, 0.0, 0.0, 0.0, 0.0, 0.0, 0.047 ],
	"position" : 
	[
		-0.58793161182666143,
		1.7583843147988032,
		-0.73223543438151617,
		1.0227978482534588,
		-0.49525462854578595,
		-1.0573553674429379,
		0.0722
	],
	"velocity" : [ 0.0, 0.0, -0.002, 0.0, 0.0, 0.0030000000000000001, 0.0 ]
}
