{
	"effort" : [ 0.0, 0.0, 0.0, 0.0, 0.0, 0.0, 0.063 ],
	"position" : 
	[
		-0.42025783058760846,
		1.5961385075334511,
		-0.49974012472341017,
		1.2075758561620515,
		-0.7112216701875097,
		-1.2704251625263518,
		0.0722
	],
	"velocity" : 
	[
		-0.121,
		0.51000000000000001,
		0.0,
		-0.61099999999999999,
		0.0,
		0.71299999999999997,
		0.0
	]
}
