{
	"effort" : [ 0.0, 0.0, 0.0, 0.0, 0.0, 0.0, -0.51400000000000001 ],
	"position" : 
	[
		-0.41994367132224958,
		0.0037175513067469832,
		0.0,
		1.6711353054916285,
		0.0568628270299609,
		-1.7634108630445455,
		-0.0041999999999999997
	],
	"velocity" : [ 0.0, 0.0, -0.012, 0.0, 0.0, -0.46200000000000002, 0.0 ]
}
