{
	"effort" : [ 0.0, 0.0, 0.0, 0.0, 0.0, 0.0, -1.0449999999999999 ],
	"position" : 
	[
		-0.48408452133302499,
		1.7833774296873559,
		-0.56897733615000778,
		1.1424750750626798,
		-1.182914353831378,
		-0.45493752282472705,
		0.043499999999999997
	],
	"velocity" : 
	[
		0.0,
		0.0,
		0.001,
		0.25600000000000001,
		-0.080000000000000002,
		-0.113,
		0.0
	]
}
