{
	"effort" : [ 0.0, 0.0, 0.0, 0.0, 0.0, 0.0, -0.035000000000000003 ],
	"position" : 
	[
		-0.41620866672298268,
		1.0118895404284969,
		-0.57531288133474556,
		1.8662282092795057,
		-0.27799604325758664,
		-1.9839855739115333,
		0.0424
	],
	"velocity" : 
	[
		0.0,
		-0.32600000000000001,
		0.0,
		0.61099999999999999,
		0.31,
		-0.83399999999999996,
		0.0
	]
}
