{
	"effort" : [ 0.0, 0.0, 0.0, 0.0, 0.0, 0.0, -1.0469999999999999 ],
	"position" : 
	[
		-0.62341415551969714,
		1.7058848108988269,
		-0.53613023962748274,
		0.59667571137915076,
		-0.48246136512867072,
		-0.64315382935974807,
		0.056000000000000001
	],
	"velocity" : 
	[
		0.0,
		0.29099999999999998,
		-0.031,
		-0.075999999999999998,
		-0.191,
		-0.109,
		0.0
	]
}
