{
	"effort" : [ 0.0, 0.0, 0.0, 0.0, 0.0, 0.0, -0.54000000000000004 ],
	"position" : 
	[
		-0.52651347544899652,
		1.7107368262193701,
		-0.58039178945804781,
		0.73499305459966657,
		-0.56590555666649855,
		-0.38405970190125527,
		0.077600000000000002
	],
	"velocity" : 
	[
		0.14999999999999999,
		-0.13600000000000001,
		0.0,
		0.078,
		0.124,
		0.084000000000000005,
		0.0
	]
}
