{
	"effort" : [ 0.0, 0.0, 0.0, 0.0, 0.0, 0.0, -0.41699999999999998 ],
	"position" : 
	[
		-0.59857812026382407,
		1.7809514220270841,
		-0.5552765015218557,
		0.72764521844877217,
		-0.75988144973309935,
		-0.47345546618838225,
		0.069000000000000006
	],
	"velocity" : 
	[
		-0.025000000000000001,
		0.0,
		-0.16500000000000001,
		-0.107,
		0.64400000000000002,
		0.17000000000000001,
		0.0
	]
}
