{
	"effort" : [ 0.0, 0.0, 0.0, 0.0, 0.0, 0.0, 0.088999999999999996 ],
	"position" : 
	[
		-0.58793161182666143,
		1.7583843147988032,
		-0.70926690142527649,
		0.92457071795124268,
		-0.50061278934940712,
		-0.98014200133472806,
		0.0722
	],
	"velocity" : 
	[
		0.032000000000000001,
		0.0,
		-0.20200000000000001,
		0.63200000000000001,
		0.070000000000000007,
		-0.151,
		0.0
	]
}
