{
	"effort" : [ 0.0, 0.0, 0.0, 0.0, 0.0, 0.0, -1.0409999999999999 ],
	"position" : 
	[
		-0.6313728569087893,
		1.6019679072351107,
		-0.52996922736794438,
		0.73879787236901318,
		-0.27272514891656507,
		-0.77496109447032657,
		0.057000000000000002
	],
	"velocity" : 
	[
		-0.012,
		0.0,
		-0.01,
		0.13800000000000001,
		0.214,
		-0.33900000000000002,
		0.0
	]
}
