{
	"effort" : [ 0.0, 0.0, 0.0, 0.0, 0.0, 0.0, -1.042 ],
	"position" : 
	[
		-0.61432099011680907,
		1.6100836882568825,
		-0.4095066023953261,
		0.70335023526101725,
		-0.40873865752444888,
		-0.78302451561453823,
		0.054899999999999997
	],
	"velocity" : 
	[
		0.0,
		0.023,
		0.0,
		0.19900000000000001,
		-0.089999999999999997,
		0.23300000000000001,
		0.0
	]
}
