{
	"effort" : [ 0.0, 0.0, 0.0, 0.0, 0.0, 0.0, -1.0549999999999999 ],
	"position" : 
	[
		-0.59643136528387164,
		1.6979435628022546,
		-0.59068923204481172,
		0.65083327806852109,
		-0.47616072652897273,
		-0.64484679873418216,
		0.057200000000000001
	],
	"velocity" : 
	[
		-0.21199999999999999,
		0.0,
		0.0,
		-0.30599999999999999,
		0.23699999999999999,
		-0.20899999999999999,
		0.0
	]
}
