{
	"effort" : [ 0.0, 0.0, 0.0, 0.0, 0.0, 0.0, -0.036999999999999998 ],
	"position" : 
	[
		-0.41620866672298268,
		0.93717199515063843,
		-0.54098225494802576,
		1.9570725968457876,
		-0.1309695070696214,
		-2.0251055310885091,
		0.0424
	],
	"velocity" : [ 0.0, 0.0, 0.014999999999999999, 0.0, 0.012999999999999999, 0.0, 0.0 ]
}
