{
	"effort" : [ 0.0, 0.0, 0.0, 0.0, 0.0, 0.0, 0.14699999999999999 ],
	"position" : 
	[
		-0.61432099011680907,
		1.494228732509528,
		-0.40346776318342731,
		1.044178131590384,
		-0.42332961007111775,
		-0.58180550615216287,
		0.0722
	],
	"velocity" : 
	[
		0.0,
		-0.045999999999999999,
		0.0030000000000000001,
		0.0,
		0.55600000000000005,
		0.0,
		0.0
	]
}
