{
	"effort" : [ 0.0, 0.0, 0.0, 0.0, 0.0, 0.0, -0.031 ],
	"position" : 
	[
		-0.41620866672298268,
		0.98042125401504721,
		-0.57531288133474556,
		1.9118511159266258,
		-0.26508060679283185,
		-2.0075649721059707,
		0.0424
	],
	"velocity" : 
	[
		0.0,
		-0.34100000000000003,
		0.0,
		0.57499999999999996,
		0.032000000000000001,
		-0.13600000000000001,
		0.0
	]
}
