{
	"effort" : [ 0.0, 0.0, 0.0, 0.0, 0.0, 0.0, -0.16900000000000001 ],
	"position" : 
	[
		-0.61432099011680907,
		0.0023212879051518723,
		-0.29181905093337818,
		0.59353411872556172,
		0.66654124133646608,
		-0.58180550615216287,
		-0.0025999999999999999
	],
	"velocity" : [ 0.0, 0.0, 0.21099999999999999, 0.0, 0.113, 0.0, 0.0 ]
}
