{
	"effort" : [ 0.0, 0.0, 0.0, 0.0, 0.0, 0.0, -1.0489999999999999 ],
	"position" : 
	[
		-0.58887408962273813,
		1.7723993086923142,
		-0.58236401151280082,
		0.94839446224095925,
		-0.95733054801116801,
		-0.51703633761066969,
		0.050900000000000001
	],
	"velocity" : [ 0.0, 0.0, 0.019, -0.126, 0.0, 0.251, 0.0 ]
}
