{
	"effort" : [ 0.0, 0.0, 0.0, 0.0, 0.0, 0.0, -0.040000000000000001 ],
	"position" : 
	[
		-0.41994367132224958,
		0.56796504518385138,
		-0.36514033280964148,
		1.4511365532777991,
		-0.17297958216511433,
		-1.8915180301408971,
		0.0424
	],
	"velocity" : 
	[
		0.0,
		1.921,
		-0.57399999999999995,
		0.30099999999999999,
		-0.76500000000000001,
		0.0,
		0.0
	]
}
