{
	"effort" : [ 0.0, 0.0, 0.0, 0.0, 0.0, 0.0, 0.108 ],
	"position" : 
	[
		-0.58793161182666143,
		1.7583843147988032,
		-0.70062752162790687,
		0.89889692465441251,
		-0.50457468675143324,
		-0.96200803040651151,
		0.0722
	],
	"velocity" : [ 0.0, 0.0, -0.193, 0.755, 0.111, -0.41199999999999998, 0.0 ]
}
