{
	"effort" : [ 0.0, 0.0, 0.0, 0.0, 0.0, 0.0, -0.372 ],
	"position" : 
	[
		-0.58728584000342365,
		1.7614735475748322,
		-0.57873372666865364,
		0.69499010814396656,
		-0.58147389359428403,
		-0.40687115522481543,
		0.077200000000000005
	],
	"velocity" : 
	[
		0.16800000000000001,
		-0.24399999999999999,
		-0.001,
		0.025999999999999999,
		0.045999999999999999,
		0.16200000000000001,
		0.0
	]
}
