{
	"effort" : [ 0.0, 0.0, 0.0, 0.0, 0.0, 0.0, 0.023 ],
	"position" : 
	[
		-0.61432099011680907,
		0.0023212879051518723,
		-0.36140532821037458,
		0.68560023676823945,
		0.4015828075912739,
		-0.58180550615216287,
		0.0722
	],
	"velocity" : 
	[
		-0.0060000000000000001,
		-0.0050000000000000001,
		0.021000000000000001,
		-0.39300000000000002,
		0.94699999999999995,
		0.0,
		0.0
	]
}
