{
	"effort" : [ 0.0, 0.0, 0.0, 0.0, 0.0, 0.0, -1.036 ],
	"position" : 
	[
		-0.53639203901528187,
		1.7769371647474981,
		-0.72907638843540734,
		0.78483965803661193,
		-0.47902306650224274,
		-0.6647435522069125,
		0.0436
	],
	"velocity" : [ 0.0, 0.0, 0.14599999999999999, 0.26400000000000001, -0.872, 0.0, 0.0 ]
}
