{
	"effort" : [ 0.0, 0.0, 0.0, 0.0, 0.0, 0.0, -1.042 ],
	"position" : 
	[
		-0.62788219840480153,
		1.5999956851803578,
		-0.48268825793142983,
		0.73005377281652384,
		-0.30616565738476798,
		-0.8179136473618962,
		0.057099999999999998
	],
	"velocity" : 
	[
		0.028000000000000001,
		0.0,
		0.064000000000000001,
		-0.12,
		-0.40600000000000003,
		0.0,
		0.0
	]
}
