{
	"effort" : [ 0.0, 0.0, 0.0, 0.0, 0.0, 0.0, 0.047 ],
	"position" : 
	[
		-0.61432099011680907,
		1.614481917971907,
		-0.41126938493983994,
		1.0253460289613696,
		-0.43224824254880645,
		-0.58180550615216287,
		0.066600000000000006
	],
	"velocity" : [ 0.0, 0.0, 0.0, 0.001, -0.13400000000000001, 0.0, 0.0 ]
}
