{
	"effort" : [ 0.0, 0.0, 0.0, 0.0, 0.0, 0.0, 0.14399999999999999 ],
	"position" : 
	[
		-0.61432099011680907,
		1.2299509771726134,
		-0.36295867124464914,
		1.0459409141348976,
		-0.44477970657812266,
		-0.58180550615216287,
		0.0722
	],
	"velocity" : 
	[
		0.0,
		-0.29999999999999999,
		0.0030000000000000001,
		0.0,
		0.32000000000000001,
		0.0,
		0.0
	]
}
