{
	"effort" : [ 0.0, 0.0, 0.0, 0.0, 0.0, 0.0, -1.038 ],
	"position" : 
	[
		-0.58679714781286541,
		1.7723993086923142,
		-0.58426642039747423,
		0.95198984050006663,
		-0.95912823714072171,
		-0.52206288585641203,
		0.050900000000000001
	],
	"velocity" : 
	[
		-0.035000000000000003,
		0.0,
		0.025999999999999999,
		-0.0070000000000000001,
		0.017000000000000001,
		0.10100000000000001,
		0.0
	]
}
