{
	"effort" : [ 0.0, 0.0, 0.0, 0.0, 0.0, 0.0, -0.032000000000000001 ],
	"position" : 
	[
		-0.41620866672298268,
		0.93345444384389153,
		-0.34229397290104147,
		1.6224755259460391,
		-0.40406117512910517,
		-2.0211261803939631,
		0.0424
	],
	"velocity" : 
	[
		0.0,
		0.0,
		0.107,
		-0.092999999999999999,
		0.045999999999999999,
		0.0,
		0.0
	]
}
