{
	"effort" : [ 0.0, 0.0, 0.0, 0.0, 0.0, 0.0, -1.0489999999999999 ],
	"position" : 
	[
		-0.49984484447852978,
		1.7723993086923142,
		-0.59262654751452493,
		0.98015945462724796,
		-0.96448639794434299,
		-0.55381042495018085,
		0.051400000000000001
	],
	"velocity" : 
	[
		-0.041000000000000002,
		0.0,
		0.0,
		-0.216,
		-0.65000000000000002,
		0.0,
		0.0
	]
}
