{
	"effort" : [ 0.0, 0.0, 0.0, 0.0, 0.0, 0.0, -1.0329999999999999 ],
	"position" : 
	[
		-0.61432099011680907,
		1.614481917971907,
		-0.4095066023953261,
		0.95057612380595158,
		-0.42833870502434024,
		-0.61786400849835665,
		0.054899999999999997
	],
	"velocity" : [ 0.0, 0.0, 0.0, 0.13200000000000001, -0.084000000000000005, 0.504, 0.0 ]
}
