{
	"effort" : [ 0.0, 0.0, 0.0, 0.0, 0.0, 0.0, -1.0409999999999999 ],
	"position" : 
	[
		-0.48408452133302499,
		1.7833774296873559,
		-0.57072266540200178,
		1.1561235498132718,
		-1.1829841670014578,
		-0.45677011853932065,
		0.043499999999999997
	],
	"velocity" : [ 0.0, 0.0, 0.0, 0.032000000000000001, 0.0, -0.010999999999999999, 0.0 ]
}
