{
	"effort" : [ 0.0, 0.0, 0.0, 0.0, 0.0, 0.0, -0.19800000000000001 ],
	"position" : 
	[
		-0.61432099011680907,
		0.0023212879051518723,
		-0.18718656227634456,
		0.63264694726274484,
		0.23739968485620874,
		-0.66270151698207957,
		-0.0028999999999999998
	],
	"velocity" : 
	[
		0.0,
		0.0,
		0.86799999999999999,
		0.0,
		-0.082000000000000003,
		-0.105,
		0.0
	]
}
