{
	"effort" : [ 0.0, 0.0, 0.0, 0.0, 0.0, 0.0, -0.68600000000000005 ],
	"position" : 
	[
		-0.48696431459881495,
		1.7745984235498267,
		-0.56953584151064574,
		1.1706621424823811,
		-0.97171206104759766,
		-0.58951986144597579,
		0.060699999999999997
	],
	"velocity" : 
	[
		-0.048000000000000001,
		0.0,
		0.025999999999999999,
		-0.19900000000000001,
		0.0,
		-0.012999999999999999,
		0.0
	]
}
