{
	"effort" : [ 0.0, 0.0, 0.0, 0.0, 0.0, 0.0, -1.036 ],
	"position" : 
	[
		-0.53119095784434001,
		1.7723993086923142,
		-0.59262654751452493,
		0.95349082365678139,
		-0.97249745921099495,
		-0.55604444639273309,
		0.051299999999999998
	],
	"velocity" : 
	[
		-0.218,
		0.0,
		0.0,
		-0.021000000000000001,
		0.0,
		0.080000000000000002,
		0.0
	]
}
