{
	"effort" : [ 0.0, 0.0, 0.0, 0.0, 0.0, 0.0, -1.0429999999999999 ],
	"position" : 
	[
		-0.62158155980510355,
		1.7253975919361189,
		-0.53990015081178955,
		0.64418357361842449,
		-0.51981141112133999,
		-0.73216562121143636,
		0.0574
	],
	"velocity" : 
	[
		0.0,
		-0.34200000000000003,
		0.0,
		0.56899999999999995,
		0.35199999999999998,
		-0.63,
		0.0
	]
}
