{
	"effort" : [ 0.0, 0.0, 0.0, 0.0, 0.0, 0.0, -1.04 ],
	"position" : 
	[
		-0.61432099011680907,
		1.614481917971907,
		-0.4095066023953261,
		0.95043649746579228,
		-0.42833870502434024,
		-0.62381558124765568,
		0.054899999999999997
	],
	"velocity" : [ 0.0, 0.0, 0.0, 0.189, -0.019, 0.23499999999999999, 0.0 ]
}
