{
	"effort" : [ 0.0, 0.0, 0.0, 0.0, 0.0, 0.0, -0.034000000000000002 ],
	"position" : 
	[
		-0.41620866672298268,
		0.93345444384389153,
		-0.33541737564818558,
		1.6021075335752701,
		-0.39786525628452696,
		-2.0144415693588269,
		0.0424
	],
	"velocity" : [ 0.0, 0.0, 0.0, -0.087999999999999995, 0.0, 0.45800000000000002, 0.0 ]
}
