{
	"effort" : [ 0.0, 0.0, 0.0, 0.0, 0.0, 0.0, -1.044 ],
	"position" : 
	[
		-0.59688515088938998,
		1.7809514220270841,
		-0.55251888130370541,
		0.80758129819009239,
		-0.80423026602626413,
		-0.47532296848801575,
		0.054100000000000002
	],
	"velocity" : [ 0.0, 0.0, 0.0, -0.153, 0.034000000000000002, 0.0, 0.0 ]
}
