{
	"effort" : [ 0.0, 0.0, 0.0, 0.0, 0.0, 0.0, -1.0409999999999999 ],
	"position" : 
	[
		-0.48696431459881495,
		1.7745984235498267,
		-0.56705747397281459,
		1.162912880603528,
		-0.89046698436728222,
		-0.55173348314030812,
		0.050700000000000002
	],
	"velocity" : 
	[
		0.0,
		0.0,
		-0.155,
		0.091999999999999998,
		0.23300000000000001,
		0.105,
		0.0
	]
}
