{
	"effort" : [ 0.0, 0.0, 0.0, 0.0, 0.0, 0.0, -1.107 ],
	"position" : 
	[
		-0.57320103293983293,
		1.6979435628022546,
		-0.59068923204481172,
		0.66127034699544462,
		-0.48872709714332879,
		-0.60641464860527661,
		0.058299999999999998
	],
	"velocity" : 
	[
		-0.309,
		0.0,
		-0.001,
		-0.0089999999999999993,
		0.078,
		-0.38900000000000001,
		0.0
	]
}
