{
	"effort" : [ 0.0, 0.0, 0.0, 0.0, 0.0, 0.0, -0.036999999999999998 ],
	"position" : 
	[
		-0.41620866672298268,
		0.98467985738991215,
		-0.33541737564818558,
		1.6000480450579175,
		-0.45860271425391425,
		-1.9953651206345333,
		0.0424
	],
	"velocity" : 
	[
		-0.001,
		0.57299999999999995,
		0.0,
		0.0,
		-0.021000000000000001,
		0.058999999999999997,
		0.0
	]
}
