{
	"effort" : [ 0.0, 0.0, 0.0, 0.0, 0.0, 0.0, -0.34399999999999997 ],
	"position" : 
	[
		-0.58793161182666143,
		1.7583843147988032,
		-0.73223543438151617,
		0.99974204883461948,
		-0.47970374491052031,
		-1.0538996155239899,
		0.057299999999999997
	],
	"velocity" : [ 0.0, 0.0, 0.0, -0.010999999999999999, 0.0, -0.19900000000000001, 0.0 ]
}
