{
	"effort" : [ 0.0, 0.0, 0.0, 0.0, 0.0, 0.0, -0.085000000000000006 ],
	"position" : 
	[
		-0.37351791321921218,
		1.7745984235498267,
		-0.56953584151064574,
		1.2587314565379928,
		-1.0926633782107742,
		-0.57583648011034383,
		0.061400000000000003
	],
	"velocity" : 
	[
		0.002,
		0.0,
		0.0,
		0.029999999999999999,
		0.0,
		-0.095000000000000001,
		0.0
	]
}
