{
	"effort" : [ 0.0, 0.0, 0.0, 0.0, 0.0, 0.0, -1.046 ],
	"position" : 
	[
		-0.63210589519462668,
		1.6019679072351107,
		-0.52996922736794438,
		0.75298739918772351,
		-0.25794221015217683,
		-0.80852377598616898,
		0.057000000000000002
	],
	"velocity" : 
	[
		0.0,
		0.01,
		0.0,
		0.0070000000000000001,
		0.109,
		-0.0070000000000000001,
		0.0
	]
}
