{
	"effort" : [ 0.0, 0.0, 0.0, 0.0, 0.0, 0.0, 0.14899999999999999 ],
	"position" : 
	[
		-0.61432099011680907,
		1.5531859546418816,
		-0.40598103730629848,
		1.044178131590384,
		-0.42252675861520061,
		-0.58180550615216287,
		0.0722
	],
	"velocity" : 
	[
		0.0,
		-0.072999999999999995,
		0.040000000000000001,
		0.0,
		-0.222,
		0.0,
		0.0
	]
}
