{
	"effort" : [ 0.0, 0.0, 0.0, 0.0, 0.0, 0.0, 0.050000000000000003 ],
	"position" : 
	[
		-0.58793161182666143,
		1.7583843147988032,
		-0.73223543438151617,
		1.0066360993799952,
		-0.48106510172707556,
		-1.0538996155239899,
		0.0722
	],
	"velocity" : 
	[
		0.0,
		0.0,
		0.0,
		-0.017000000000000001,
		0.092999999999999999,
		0.052999999999999999,
		0.0
	]
}
