{
	"effort" : [ 0.0, 0.0, 0.0, 0.0, 0.0, 0.0, -1.046 ],
	"position" : 
	[
		-0.48408452133302499,
		1.7833774296873559,
		-0.56897733615000778,
		1.1377452327897764,
		-1.1798949342254286,
		-0.45493752282472705,
		0.043499999999999997
	],
	"velocity" : 
	[
		-0.042000000000000003,
		0.0,
		0.0,
		0.40400000000000003,
		-0.128,
		0.0,
		0.0
	]
}
