{
	"effort" : [ 0.0, 0.0, 0.0, 0.0, 0.0, 0.0, 0.107 ],
	"position" : 
	[
		-0.58793161182666143,
		1.7583843147988032,
		-0.64875633625864837,
		0.88303188175378822,
		-0.61960933775035043,
		-0.8299389659081341,
		0.0722
	],
	"velocity" : 
	[
		0.0,
		0.0,
		-0.056000000000000001,
		-0.42099999999999999,
		0.11600000000000001,
		-0.22600000000000001,
		0.0
	]
}
