{
	"effort" : [ 0.0, 0.0, 0.0, 0.0, 0.0, 0.0, -1.0429999999999999 ],
	"position" : 
	[
		-0.63367669152142125,
		1.6019679072351107,
		-0.51937507880834144,
		0.75080573762273117,
		-0.26241025303728116,
		-0.81557490616422434,
		0.057000000000000002
	],
	"velocity" : 
	[
		0.0050000000000000001,
		0.0,
		0.13800000000000001,
		-0.017000000000000001,
		-0.14499999999999999,
		0.0,
		0.0
	]
}
