{
	"effort" : [ 0.0, 0.0, 0.0, 0.0, 0.0, 0.0, 0.036999999999999998 ],
	"position" : 
	[
		-0.41994367132224958,
		0.0037175513067469832,
		-0.12801990063375174,
		1.4511190999852792,
		0.0062133721370982433,
		-1.8915180301408971,
		0.044600000000000001
	],
	"velocity" : [ 0.0, 0.0, -0.221, -1.0680000000000001, 0.52500000000000002, 0.0, 0.0 ]
}
