{
	"effort" : [ 0.0, 0.0, 0.0, 0.0, 0.0, 0.0, -0.51400000000000001 ],
	"position" : 
	[
		-0.41994367132224958,
		0.0037175513067469832,
		0.00020943951023926665,
		1.6711353054916285,
		0.0568628270299609,
		-1.7876709396472608,
		-0.0041999999999999997
	],
	"velocity" : 
	[
		0.0,
		0.0,
		-0.041000000000000002,
		0.0,
		-0.001,
		-0.74199999999999999,
		0.0
	]
}
