{
	"effort" : [ 0.0, 0.0, 0.0, 0.0, 0.0, 0.0, 0.20499999999999999 ],
	"position" : 
	[
		-0.41994367132224958,
		0.0037175513067469832,
		-0.10733774899762417,
		1.5340571460400285,
		-0.02385865087475646,
		-1.8915180301408971,
		0.027699999999999999
	],
	"velocity" : 
	[
		0.0,
		0.0,
		-0.29499999999999998,
		-0.95799999999999996,
		0.095000000000000001,
		0.0,
		0.0
	]
}
