{
	"effort" : [ 0.0, 0.0, 0.0, 0.0, 0.0, 0.0, 0.053999999999999999 ],
	"position" : 
	[
		-0.41994367132224958,
		0.23701571242077013,
		-0.26607544446646836,
		1.3970487997585084,
		-0.07241371066522645,
		-1.8915180301408971,
		0.042500000000000003
	],
	"velocity" : 
	[
		0.0,
		1.47,
		-0.48899999999999999,
		0.61699999999999999,
		-0.251,
		0.0,
		0.0
	]
}
