{
	"effort" : [ 0.0, 0.0, 0.0, 0.0, 0.0, 0.0, -1.1100000000000001 ],
	"position" : 
	[
		-0.58159606664192354,
		1.7602867236834763,
		-0.73303828583743336,
		0.95457292779301761,
		-0.44697882143563489,
		-0.78086030734206591,
		0.044299999999999999
	],
	"velocity" : 
	[
		0.0,
		0.0,
		0.0,
		0.0030000000000000001,
		0.069000000000000006,
		0.070000000000000007,
		0.0
	]
}
