{
	"effort" : [ 0.0, 0.0, 0.0, 0.0, 0.0, 0.0, -1.034 ],
	"position" : 
	[
		-0.62341415551969714,
		1.7390809732717507,
		-0.53995251068934946,
		0.59266145409956483,
		-0.53167965003489837,
		-0.66226518466908113,
		0.056399999999999999
	],
	"velocity" : 
	[
		0.021000000000000001,
		0.096000000000000002,
		-0.017999999999999999,
		0.189,
		-0.25600000000000001,
		-0.504,
		0.0
	]
}
