{
	"effort" : [ 0.0, 0.0, 0.0, 0.0, 0.0, 0.0, -0.035000000000000003 ],
	"position" : 
	[
		-0.41620866672298268,
		0.93345444384389153,
		-0.40969858861304542,
		1.7355728614752433,
		-0.44968408177622549,
		-2.0211261803939631,
		0.0424
	],
	"velocity" : 
	[
		0.0,
		0.0,
		0.50900000000000001,
		-0.81299999999999994,
		0.0030000000000000001,
		0.0,
		0.0
	]
}
