{
	"effort" : [ 0.0, 0.0, 0.0, 0.0, 0.0, 0.0, -1.0369999999999999 ],
	"position" : 
	[
		-0.47389179850138069,
		1.7833774296873559,
		-0.57051322589176245,
		1.0596417487630498,
		-1.1520045727785664,
		-0.45493752282472705,
		0.043499999999999997
	],
	"velocity" : [ 0.0, 0.0, 0.0, 0.14499999999999999, -0.249, 0.0, 0.0 ]
}
