{
	"effort" : [ 0.0, 0.0, 0.0, 0.0, 0.0, 0.0, -1.042 ],
	"position" : 
	[
		-0.62158155980510355,
		1.695674634774663,
		-0.53990015081178955,
		0.67751936233150778,
		-0.48019243710107867,
		-0.75726345585510857,
		0.057299999999999997
	],
	"velocity" : 
	[
		-0.021999999999999999,
		-0.52100000000000002,
		0.060999999999999999,
		0.55400000000000005,
		0.86199999999999999,
		-0.40400000000000003,
		0.0
	]
}
