{
	"effort" : [ 0.0, 0.0, 0.0, 0.0, 0.0, 0.0, -0.29599999999999999 ],
	"position" : 
	[
		-0.60432025350288399,
		1.7809514220270841,
		-0.56662114165981603,
		0.70284408977793911,
		-0.65449846949770829,
		-0.45481534977708754,
		0.076799999999999993
	],
	"velocity" : 
	[
		-0.01,
		0.0,
		-0.069000000000000006,
		0.0,
		0.017000000000000001,
		0.0030000000000000001,
		0.0
	]
}
