{
	"effort" : [ 0.0, 0.0, 0.0, 0.0, 0.0, 0.0, -1.0389999999999999 ],
	"position" : 
	[
		-0.55037212632375287,
		1.7747031433049463,
		-0.73124059670787966,
		0.67408106370507981,
		-0.36573374475531939,
		-0.6647435522069125,
		0.0436
	],
	"velocity" : 
	[
		0.17799999999999999,
		0.161,
		0.0050000000000000001,
		-0.52700000000000002,
		0.0,
		0.0,
		0.0
	]
}
