{
	"effort" : [ 0.0, 0.0, 0.0, 0.0, 0.0, 0.0, -0.13 ],
	"position" : 
	[
		-0.61432099011680907,
		0.0023212879051518723,
		-0.32841860534769007,
		0.60000929025045913,
		0.63231533470486601,
		-0.58180550615216287,
		0.044999999999999998
	],
	"velocity" : [ 0.0, 0.0, 0.14699999999999999, -0.001, 0.35199999999999998, 0.0, 0.0 ]
}
