{
	"effort" : [ 0.0, 0.0, 0.0, 0.0, 0.0, 0.0, -1.1439999999999999 ],
	"position" : 
	[
		-0.57747708960721811,
		1.6979435628022546,
		-0.59068923204481172,
		0.66154959967576366,
		-0.48872709714332879,
		-0.6136752182935713,
		0.058099999999999999
	],
	"velocity" : 
	[
		-0.27900000000000003,
		0.0,
		-0.0070000000000000001,
		-0.050999999999999997,
		0.082000000000000003,
		-0.73799999999999999,
		0.0
	]
}
