{
	"effort" : [ 0.0, 0.0, 0.0, 0.0, 0.0, 0.0, -1.0429999999999999 ],
	"position" : 
	[
		-0.48696431459881495,
		1.7745984235498267,
		-0.56084410183571631,
		1.1562282695683916,
		-0.93547902577620445,
		-0.572031662340997,
		0.050700000000000002
	],
	"velocity" : 
	[
		0.0,
		0.0,
		-0.028000000000000001,
		0.071999999999999995,
		0.26200000000000001,
		0.089999999999999997,
		0.0
	]
}
