{
	"effort" : [ 0.0, 0.0, 0.0, 0.0, 0.0, 0.0, -0.378 ],
	"position" : 
	[
		-0.5998522106177796,
		1.7770942443801776,
		-0.57655206510366119,
		0.68827059052379014,
		-0.60133574048197447,
		-0.4158945074576238,
		0.076999999999999999
	],
	"velocity" : 
	[
		0.16300000000000001,
		-0.14099999999999999,
		-0.044999999999999998,
		0.050999999999999997,
		0.47099999999999997,
		0.14899999999999999,
		0.0
	]
}
