{
	"effort" : [ 0.0, 0.0, 0.0, 0.0, 0.0, 0.0, -0.041000000000000002 ],
	"position" : 
	[
		-0.41994367132224958,
		0.90699525238366419,
		-0.487505366666933,
		1.5579681567923451,
		-0.30846949199739987,
		-1.8915180301408971,
		0.0424
	],
	"velocity" : 
	[
		0.0,
		1.3240000000000001,
		-0.64700000000000002,
		0.65300000000000002,
		-0.79300000000000004,
		0.0,
		0.0
	]
}
