{
	"effort" : [ 0.0, 0.0, 0.0, 0.0, 0.0, 0.0, -0.033000000000000002 ],
	"position" : 
	[
		-0.41994367132224958,
		0.7937757438068207,
		-0.44235369891785115,
		1.5148061643905359,
		-0.26357962363611709,
		-1.8915180301408971,
		0.0424
	],
	"velocity" : 
	[
		0.0,
		1.681,
		-0.70699999999999996,
		0.56499999999999995,
		-0.73999999999999999,
		0.0,
		0.0
	]
}
