{
	"effort" : [ 0.0, 0.0, 0.0, 0.0, 0.0, 0.0, -1.042 ],
	"position" : 
	[
		-0.58508672514591142,
		1.7602867236834763,
		-0.73303828583743336,
		0.90912455407109671,
		-0.42683772186762542,
		-0.74090972076392581,
		0.0436
	],
	"velocity" : 
	[
		-0.014999999999999999,
		0.0,
		0.021999999999999999,
		-0.57499999999999996,
		0.19900000000000001,
		0.019,
		0.0
	]
}
