{
	"effort" : [ 0.0, 0.0, 0.0, 0.0, 0.0, 0.0, -1.0409999999999999 ],
	"position" : 
	[
		-0.63210589519462668,
		1.6019679072351107,
		-0.52996922736794438,
		0.74897314190813757,
		-0.26441738167707418,
		-0.80251984335931015,
		0.057000000000000002
	],
	"velocity" : 
	[
		0.0,
		0.023,
		0.0,
		0.042000000000000003,
		0.034000000000000002,
		-0.13400000000000001,
		0.0
	]
}
