{
	"effort" : [ 0.0, 0.0, 0.0, 0.0, 0.0, 0.0, 0.14199999999999999 ],
	"position" : 
	[
		-0.61432099011680907,
		0.98803088955374041,
		-0.36295867124464914,
		1.0459409141348976,
		-0.34414402190815502,
		-0.58180550615216287,
		0.0722
	],
	"velocity" : [ 0.0, -0.60999999999999999, 0.0, 0.0, 0.10100000000000001, 0.0, 0.0 ]
}
