{
	"effort" : [ 0.0, 0.0, 0.0, 0.0, 0.0, 0.0, -0.033000000000000002 ],
	"position" : 
	[
		-0.41994367132224958,
		0.59480820907951726,
		-0.37372735272945146,
		1.4554649698227438,
		-0.17868680881913435,
		-1.8915180301408971,
		0.0424
	],
	"velocity" : 
	[
		0.0,
		1.9359999999999999,
		-0.59999999999999998,
		0.35199999999999998,
		-0.79700000000000004,
		0.0,
		0.0
	]
}
