{
	"effort" : [ 0.0, 0.0, 0.0, 0.0, 0.0, 0.0, 0.016 ],
	"position" : 
	[
		-0.61432099011680907,
		0.0091978851580077955,
		-0.36140532821037458,
		0.71186744201074736,
		0.31309461451518372,
		-0.58180550615216287,
		0.0722
	],
	"velocity" : [ 0.0, -0.27400000000000002, 0.0, -0.52500000000000002, 1.298, 0.0, 0.0 ]
}
