{
	"effort" : [ 0.0, 0.0, 0.0, 0.0, 0.0, 0.0, -1.0489999999999999 ],
	"position" : 
	[
		-0.56477109265270253,
		1.7723993086923142,
		-0.59262654751452493,
		0.95198984050006663,
		-0.96600483439357765,
		-0.5254837311903201,
		0.050900000000000001
	],
	"velocity" : 
	[
		-0.25600000000000001,
		0.0,
		0.0,
		0.0050000000000000001,
		-0.0030000000000000001,
		0.17999999999999999,
		0.0
	]
}
