{
	"effort" : [ 0.0, 0.0, 0.0, 0.0, 0.0, 0.0, -0.037999999999999999 ],
	"position" : 
	[
		-0.41620866672298268,
		0.95087282977879062,
		-0.57531288133474556,
		1.9410853808975235,
		-0.24986133571544514,
		-2.0201313427203269,
		0.0424
	],
	"velocity" : 
	[
		0.0,
		-0.183,
		0.016,
		0.010999999999999999,
		0.187,
		-0.0030000000000000001,
		0.0
	]
}
