{
	"effort" : [ 0.0, 0.0, 0.0, 0.0, 0.0, 0.0, -0.182 ],
	"position" : 
	[
		-0.41994367132224958,
		0.0037175513067469832,
		-0.15437437233885948,
		1.3763142882448209,
		0.011187560505280827,
		-1.8915180301408971,
		0.048899999999999999
	],
	"velocity" : 
	[
		0.0,
		0.027,
		-0.25900000000000001,
		-0.35399999999999998,
		-0.27900000000000003,
		0.0,
		0.0
	]
}
