{
	"effort" : [ 0.0, 0.0, 0.0, 0.0, 0.0, 0.0, -1.0469999999999999 ],
	"position" : 
	[
		-0.48884927019096835,
		1.7745984235498267,
		-0.58323667613879793,
		1.1422307289674005,
		-0.85695666272899951,
		-0.5468116546496854,
		0.051499999999999997
	],
	"velocity" : [ -0.024, 0.0, -0.024, -0.191, 0.0, -0.20699999999999999, 0.0 ]
}
