{
	"effort" : [ 0.0, 0.0, 0.0, 0.0, 0.0, 0.0, 0.223 ],
	"position" : 
	[
		-0.41620866672298268,
		1.3671862162568931,
		-0.45553093477040502,
		1.3766109942176599,
		-0.655458400586305,
		-1.4164219544556407,
		0.0453
	],
	"velocity" : 
	[
		0.0,
		0.79000000000000004,
		-0.38600000000000001,
		-0.222,
		-0.47099999999999997,
		1.2629999999999999,
		0.0
	]
}
