{
	"effort" : [ 0.0, 0.0, 0.0, 0.0, 0.0, 0.0, -0.19600000000000001 ],
	"position" : 
	[
		-0.61432099011680907,
		0.0023212879051518723,
		-0.2388483081353637,
		0.63018603301743348,
		0.2516590248449988,
		-0.65788440824657646,
		-0.0028999999999999998
	],
	"velocity" : 
	[
		0.0,
		0.0,
		0.56699999999999995,
		0.14099999999999999,
		-0.46899999999999997,
		0.0,
		0.0
	]
}
