{
	"effort" : [ 0.0, 0.0, 0.0, 0.0, 0.0, 0.0, 0.14599999999999999 ],
	"position" : 
	[
		-0.61432099011680907,
		1.1318460199180367,
		-0.36295867124464914,
		1.0459409141348976,
		-0.42310271726835852,
		-0.58180550615216287,
		0.0722
	],
	"velocity" : [ 0.0, -0.434, 0.029000000000000001, 0.0, 0.33500000000000002, 0.0, 0.0 ]
}
