{
	"effort" : [ 0.0, 0.0, 0.0, 0.0, 0.0, 0.0, -1.044 ],
	"position" : 
	[
		-0.48670251521101582,
		1.7808816088570043,
		-0.60936425504114644,
		0.75878189230434323,
		-0.94745198444488254,
		-0.5700070804086842,
		0.0436
	],
	"velocity" : 
	[
		0.080000000000000002,
		0.0,
		0.34599999999999997,
		-0.067000000000000004,
		-1.4379999999999999,
		0.90500000000000003,
		0.0
	]
}
