{
	"effort" : [ 0.0, 0.0, 0.0, 0.0, 0.0, 0.0, -1.036 ],
	"position" : 
	[
		-0.49984484447852978,
		1.7723993086923142,
		-0.59262654751452493,
		0.98253310240995972,
		-0.95870935812024327,
		-0.55391514470530057,
		0.051499999999999997
	],
	"velocity" : 
	[
		-0.024,
		0.0,
		0.0,
		-0.070000000000000007,
		-0.375,
		-0.0070000000000000001,
		0.0
	]
}
