{
	"effort" : [ 0.0, 0.0, 0.0, 0.0, 0.0, 0.0, 0.108 ],
	"position" : 
	[
		-0.58793161182666143,
		1.7583843147988032,
		-0.706561641084686,
		0.91987578226337918,
		-0.50061278934940712,
		-0.98014200133472806,
		0.0722
	],
	"velocity" : 
	[
		0.014999999999999999,
		0.0,
		-0.23899999999999999,
		0.61099999999999999,
		0.070000000000000007,
		-0.151,
		0.0
	]
}
