{
	"effort" : [ 0.0, 0.0, 0.0, 0.0, 0.0, 0.0, 0.14899999999999999 ],
	"position" : 
	[
		-0.61432099011680907,
		1.5982852625134039,
		-0.4094891491028062,
		1.0378949462832059,
		-0.42100832216596584,
		-0.58180550615216287,
		0.0722
	],
	"velocity" : 
	[
		0.0,
		-0.161,
		0.001,
		0.058999999999999997,
		0.092999999999999999,
		0.0,
		0.0
	]
}
