{
	"effort" : [ 0.0, 0.0, 0.0, 0.0, 0.0, 0.0, -0.059999999999999998 ],
	"position" : 
	[
		-0.45497242940976695,
		1.7745984235498267,
		-0.57136843722523944,
		1.1939448347039796,
		-1.0385232648139238,
		-0.55646332541321153,
		0.061400000000000003
	],
	"velocity" : 
	[
		0.24399999999999999,
		0.0,
		0.0050000000000000001,
		0.312,
		0.0,
		-0.224,
		0.0
	]
}
