{
	"effort" : [ 0.0, 0.0, 0.0, 0.0, 0.0, 0.0, -0.372 ],
	"position" : 
	[
		-0.59341194567792221,
		1.7669364281335731,
		-0.57873372666865364,
		0.69155180951753858,
		-0.58550560416638986,
		-0.40903536349728781,
		0.077200000000000005
	],
	"velocity" : 
	[
		0.109,
		-0.20999999999999999,
		-0.02,
		0.128,
		0.021000000000000001,
		0.082000000000000003,
		0.0
	]
}
