{
	"effort" : [ 0.0, 0.0, 0.0, 0.0, 0.0, 0.0, -1.044 ],
	"position" : 
	[
		-0.58597684306442821,
		1.7602867236834763,
		-0.73303828583743336,
		0.98857194162185857,
		-0.47277478778010462,
		-1.0009288727259753,
		0.045499999999999999
	],
	"velocity" : 
	[
		0.0,
		0.0,
		0.0,
		-0.11799999999999999,
		0.0030000000000000001,
		0.68200000000000005,
		0.0
	]
}
