{
	"effort" : [ 0.0, 0.0, 0.0, 0.0, 0.0, 0.0, -1.042 ],
	"position" : 
	[
		-0.61432099011680907,
		1.6061566974398962,
		-0.41741294390685851,
		0.70083696113814609,
		-0.37458256406292839,
		-0.83931138399134109,
		0.054899999999999997
	],
	"velocity" : [ 0.0, 0.0, 0.041000000000000002, 0.0, -0.51500000000000001, 0.078, 0.0 ]
}
