{
	"effort" : [ 0.0, 0.0, 0.0, 0.0, 0.0, 0.0, 0.016 ],
	"position" : 
	[
		-0.61432099011680907,
		0.002024581932312911,
		-0.36140532821037458,
		0.69401272376285006,
		0.38772489333044241,
		-0.58180550615216287,
		0.0722
	],
	"velocity" : 
	[
		0.0,
		-0.072999999999999995,
		0.0,
		-0.30199999999999999,
		1.069,
		0.0,
		0.0
	]
}
