{
	"effort" : [ 0.0, 0.0, 0.0, 0.0, 0.0, 0.0, -0.032000000000000001 ],
	"position" : 
	[
		-0.41994367132224958,
		1.0011557655287346,
		-0.53557173426684479,
		1.6063486836576155,
		-0.34730306785426396,
		-1.8915180301408971,
		0.0424
	],
	"velocity" : 
	[
		0.0,
		0.70999999999999996,
		-0.45400000000000001,
		0.437,
		-0.095000000000000001,
		0.0,
		0.0
	]
}
