{
	"effort" : [ 0.0, 0.0, 0.0, 0.0, 0.0, 0.0, 0.14499999999999999 ],
	"position" : 
	[
		-0.41620866672298268,
		1.4662511046000661,
		-0.49045497310280267,
		1.3265200446854355,
		-0.70619512194176737,
		-1.3151754045474748,
		0.060999999999999999
	],
	"velocity" : 
	[
		0.0,
		0.70799999999999996,
		-0.076999999999999999,
		-0.502,
		-0.045999999999999999,
		0.58399999999999996,
		0.0
	]
}
