{
	"effort" : [ 0.0, 0.0, 0.0, 0.0, 0.0, 0.0, -1.0429999999999999 ],
	"position" : 
	[
		-0.48408452133302499,
		1.7833774296873559,
		-0.57072266540200178,
		1.1619704028074513,
		-1.1742051608639286,
		-0.47102945852811068,
		0.043499999999999997
	],
	"velocity" : 
	[
		0.0,
		0.0,
		0.0,
		0.050999999999999997,
		0.089999999999999997,
		-0.111,
		0.0
	]
}
