{
	"effort" : [ 0.0, 0.0, 0.0, 0.0, 0.0, 0.0, 0.034000000000000002 ],
	"position" : 
	[
		-0.48466047998618295,
		1.7812655812924432,
		-0.56436966692474388,
		1.1978892788134856,
		-1.1277095895908114,
		-0.47094219206551102,
		0.054399999999999997
	],
	"velocity" : 
	[
		-0.002,
		-0.032000000000000001,
		-0.050999999999999997,
		-0.187,
		-0.084000000000000005,
		0.0,
		0.0
	]
}
