{
	"effort" : [ 0.0, 0.0, 0.0, 0.0, 0.0, 0.0, -1.01 ],
	"position" : 
	[
		-0.50940924877945637,
		1.6979435628022546,
		-0.59068923204481172,
		0.66931631484713638,
		-0.50520300528215112,
		-0.46708501441860456,
		0.075399999999999995
	],
	"velocity" : 
	[
		-0.16900000000000001,
		-0.001,
		0.0,
		0.0,
		0.099000000000000005,
		-0.65300000000000002,
		0.0
	]
}
