{
	"effort" : [ 0.0, 0.0, 0.0, 0.0, 0.0, 0.0, -1.0449999999999999 ],
	"position" : 
	[
		-0.50953142182709599,
		1.7723993086923142,
		-0.59262654751452493,
		0.96827376242116969,
		-0.97865847147053331,
		-0.55597463322265328,
		0.051400000000000001
	],
	"velocity" : 
	[
		-0.126,
		0.0,
		-0.021000000000000001,
		-0.155,
		-0.010999999999999999,
		-0.105,
		0.0
	]
}
