{
	"effort" : [ 0.0, 0.0, 0.0, 0.0, 0.0, 0.0, -0.152 ],
	"position" : 
	[
		-0.41994367132224958,
		0.0037175513067469832,
		-0.059341194567792223,
		1.6189848674420511,
		-0.035377823937916129,
		-1.8915180301408971,
		-0.0035999999999999999
	],
	"velocity" : 
	[
		0.0,
		0.0,
		-0.043999999999999997,
		-0.191,
		-0.0050000000000000001,
		0.0,
		0.0
	]
}
