{
	"effort" : [ 0.0, 0.0, 0.0, 0.0, 0.0, 0.0, -0.063 ],
	"position" : 
	[
		-0.41994367132224958,
		0.039322268047422317,
		-0.19270180271264528,
		1.3510593739684693,
		-0.036233035271393134,
		-1.8915180301408971,
		0.0441
	],
	"velocity" : 
	[
		0.0,
		0.71799999999999997,
		-0.40300000000000002,
		-0.023,
		-0.60399999999999998,
		0.0,
		0.0
	]
}
