{
	"effort" : [ 0.0, 0.0, 0.0, 0.0, 0.0, 0.0, 0.151 ],
	"position" : 
	[
		-0.61432099011680907,
		1.4554824231152639,
		-0.40168752734639351,
		1.044178131590384,
		-0.3532371873110432,
		-0.58180550615216287,
		0.0722
	],
	"velocity" : [ 0.0, -0.34999999999999998, 0.0, 0.0, 0.57999999999999996, 0.0, 0.0 ]
}
