{
	"effort" : [ 0.0, 0.0, 0.0, 0.0, 0.0, 0.0, -0.033000000000000002 ],
	"position" : 
	[
		-0.41854740792065454,
		1.0466041392506553,
		-0.57115899771500012,
		1.6923759624883941,
		-0.34459780751367342,
		-1.8951832215700841,
		0.0424
	],
	"velocity" : 
	[
		0.0,
		0.035000000000000003,
		-0.096000000000000002,
		0.84299999999999997,
		0.48699999999999999,
		-0.155,
		0.0
	]
}
