{
	"effort" : [ 0.0, 0.0, 0.0, 0.0, 0.0, 0.0, -0.035000000000000003 ],
	"position" : 
	[
		-0.41620866672298268,
		0.93345444384389153,
		-0.41662754574346123,
		1.7475109135588813,
		-0.45251151516445554,
		-2.0211261803939631,
		0.0424
	],
	"velocity" : [ 0.0, 0.0, 0.48699999999999999, -0.76100000000000001, 0.019, 0.0, 0.0 ]
}
