{
	"effort" : [ 0.0, 0.0, 0.0, 0.0, 0.0, 0.0, 0.108 ],
	"position" : 
	[
		-0.58793161182666143,
		1.7583843147988032,
		-0.62493259196893181,
		0.96059431371239645,
		-0.6749188217460369,
		-0.92263340248152947,
		0.0722
	],
	"velocity" : 
	[
		0.0,
		0.0,
		-0.17799999999999999,
		-0.39100000000000001,
		0.30399999999999999,
		0.092999999999999999,
		0.0
	]
}
