{
	"effort" : [ 0.0, 0.0, 0.0, 0.0, 0.0, 0.0, -0.995 ],
	"position" : 
	[
		-0.49590040036902361,
		1.6979435628022546,
		-0.59006091351409395,
		0.66313784929507802,
		-0.51511647543347638,
		-0.41751766366197812,
		0.077799999999999994
	],
	"velocity" : 
	[
		-0.035000000000000003,
		0.0,
		0.0,
		0.0,
		0.097000000000000003,
		-0.13800000000000001,
		0.0
	]
}
