{
	"effort" : [ 0.0, 0.0, 0.0, 0.0, 0.0, 0.0, -1.028 ],
	"position" : 
	[
		-0.62341415551969714,
		1.7389238936390712,
		-0.53794538204955644,
		0.59266145409956483,
		-0.52890457652422807,
		-0.65863489982493384,
		0.056399999999999999
	],
	"velocity" : 
	[
		0.021000000000000001,
		0.151,
		-0.045999999999999999,
		0.0,
		-0.092999999999999999,
		-0.32200000000000001,
		0.0
	]
}
