{
	"effort" : [ 0.0, 0.0, 0.0, 0.0, 0.0, 0.0, -0.377 ],
	"position" : 
	[
		-0.5682966577417301,
		1.7457481310143672,
		-0.58039178945804781,
		0.70959851398315532,
		-0.57304395330715352,
		-0.39599775398489351,
		0.077200000000000005
	],
	"velocity" : 
	[
		0.27400000000000002,
		-0.23799999999999999,
		0.0,
		0.12,
		0.071999999999999995,
		0.36199999999999999,
		0.0
	]
}
