{
	"effort" : [ 0.0, 0.0, 0.0, 0.0, 0.0, 0.0, -0.036999999999999998 ],
	"position" : 
	[
		-0.41620866672298268,
		0.93499033358564609,
		-0.4531049271101335,
		1.8024364251191289,
		-0.4624075320232609,
		-2.0211261803939631,
		0.0424
	],
	"velocity" : 
	[
		0.0,
		0.0,
		0.55300000000000005,
		-0.67400000000000004,
		0.16400000000000001,
		-0.0030000000000000001,
		0.0
	]
}
