{
	"effort" : [ 0.0, 0.0, 0.0, 0.0, 0.0, 0.0, -0.193 ],
	"position" : 
	[
		-0.61432099011680907,
		0.0023212879051518723,
		-0.054890604975207806,
		0.63264694726274484,
		0.20390681651044601,
		-0.66521479110495074,
		-0.0028999999999999998
	],
	"velocity" : [ 0.0, 0.0, 0.68000000000000005, 0.0, -0.54600000000000004, 0.0, 0.0 ]
}
