{
	"effort" : [ 0.0, 0.0, 0.0, 0.0, 0.0, 0.0, -0.64600000000000002 ],
	"position" : 
	[
		-0.49408525794695002,
		1.7018705536192411,
		-0.58259090431556015,
		0.66313784929507802,
		-0.55915113246128223,
		-0.40938442934768654,
		0.078
	],
	"velocity" : [ 0.0, 0.0, 0.0, 0.0, 0.069000000000000006, -0.035999999999999997, 0.0 ]
}
