{
	"effort" : [ 0.0, 0.0, 0.0, 0.0, 0.0, 0.0, 0.106 ],
	"position" : 
	[
		-0.41620866672298268,
		1.5029728320620175,
		-0.49665089194738099,
		1.2897983172234839,
		-0.710279192391433,
		-1.3041100170898337,
		0.068199999999999997
	],
	"velocity" : 
	[
		0.0,
		0.63100000000000001,
		-0.057000000000000002,
		-0.38700000000000001,
		-0.032000000000000001,
		0.30399999999999999,
		0.0
	]
}
