{
	"effort" : [ 0.0, 0.0, 0.0, 0.0, 0.0, 0.0, 0.14299999999999999 ],
	"position" : 
	[
		-0.61432099011680907,
		1.2630947796679775,
		-0.39777798982192725,
		1.044178131590384,
		-0.34180528071048316,
		-0.58180550615216287,
		0.0722
	],
	"velocity" : 
	[
		0.0,
		-0.26400000000000001,
		0.067000000000000004,
		0.0,
		-0.0089999999999999993,
		0.0,
		0.0
	]
}
