{
	"effort" : [ 0.0, 0.0, 0.0, 0.0, 0.0, 0.0, -1.048 ],
	"position" : 
	[
		-0.62865014327567881,
		1.601915547357551,
		-0.52996922736794438,
		0.73691291677685977,
		-0.28297023162576923,
		-0.77133080962617939,
		0.057000000000000002
	],
	"velocity" : 
	[
		-0.029000000000000001,
		-0.071999999999999995,
		0.0,
		0.070000000000000007,
		0.191,
		0.0,
		0.0
	]
}
