{
	"effort" : [ 0.0, 0.0, 0.0, 0.0, 0.0, 0.0, -0.50600000000000001 ],
	"position" : 
	[
		-0.41994367132224958,
		0.0037175513067469832,
		-0.054105206811810559,
		1.6711353054916285,
		0.05241223743737649,
		-1.8855140975140381,
		-0.0041999999999999997
	],
	"velocity" : [ 0.0, 0.0, -0.086999999999999994, 0.0, -0.023, 0.0, 0.0 ]
}
