{
	"effort" : [ 0.0, 0.0, 0.0, 0.0, 0.0, 0.0, 0.109 ],
	"position" : 
	[
		-0.58793161182666143,
		1.7583843147988032,
		-0.6462256088432573,
		0.89458596140198776,
		-0.63589325967145349,
		-0.82650066728170613,
		0.0722
	],
	"velocity" : 
	[
		0.0,
		0.0,
		-0.014,
		-0.33300000000000002,
		0.14099999999999999,
		0.001,
		0.0
	]
}
