{
	"effort" : [ 0.0, 0.0, 0.0, 0.0, 0.0, 0.0, -1.0409999999999999 ],
	"position" : 
	[
		-0.48582985058501887,
		1.7833774296873559,
		-0.57072266540200178,
		1.1909777749755899,
		-1.1538720750781997,
		-0.47780133602584707,
		0.043499999999999997
	],
	"velocity" : 
	[
		-0.029000000000000001,
		0.0,
		0.0,
		0.10299999999999999,
		0.128,
		-0.0030000000000000001,
		0.0
	]
}
