{
	"effort" : [ 0.0, 0.0, 0.0, 0.0, 0.0, 0.0, -1.042 ],
	"position" : 
	[
		-0.62730623975164346,
		1.6041670220926234,
		-0.52996922736794438,
		0.73460908216422793,
		-0.29352947360033227,
		-0.77133080962617939,
		0.057000000000000002
	],
	"velocity" : 
	[
		-0.064000000000000001,
		-0.081000000000000003,
		0.0,
		0.17199999999999999,
		0.33900000000000002,
		0.0,
		0.0
	]
}
