{
	"effort" : [ 0.0, 0.0, 0.0, 0.0, 0.0, 0.0, -0.065000000000000002 ],
	"position" : 
	[
		-0.42355650287387697,
		1.7745984235498267,
		-0.57136843722523944,
		1.2148538791428662,
		-1.0403035006509573,
		-0.55655059187581135,
		0.061400000000000003
	],
	"velocity" : [ 0.23200000000000001, 0.0, 0.0, 0.255, -0.122, 0.0, 0.0 ]
}
