{
	"effort" : [ 0.0, 0.0, 0.0, 0.0, 0.0, 0.0, -1.04 ],
	"position" : 
	[
		-0.47376962545374113,
		1.7833774296873559,
		-0.57051322589176245,
		1.0543534011295084,
		-1.1437491654166352,
		-0.45493752282472705,
		0.043499999999999997
	],
	"velocity" : 
	[
		0.0080000000000000002,
		0.0,
		0.001,
		0.001,
		-0.29299999999999998,
		-0.0030000000000000001,
		0.0
	]
}
