{
	"effort" : [ 0.0, 0.0, 0.0, 0.0, 0.0, 0.0, -1.0429999999999999 ],
	"position" : 
	[
		-0.58887408962273813,
		1.7723993086923142,
		-0.58236401151280082,
		0.94331555411765722,
		-0.95733054801116801,
		-0.51480231616811745,
		0.050900000000000001
	],
	"velocity" : 
	[
		0.0,
		0.0,
		0.029000000000000001,
		-0.12,
		-0.126,
		0.082000000000000003,
		0.0
	]
}
