{
	"effort" : [ 0.0, 0.0, 0.0, 0.0, 0.0, 0.0, -1.0489999999999999 ],
	"position" : 
	[
		-0.48696431459881495,
		1.7745984235498267,
		-0.57089719832720109,
		1.1649200092433212,
		-0.88516118344122074,
		-0.54867915694931879,
		0.050700000000000002
	],
	"velocity" : 
	[
		0.0,
		0.0,
		-0.085999999999999993,
		0.0,
		0.41599999999999998,
		0.092999999999999999,
		0.0
	]
}
