{
	"effort" : [ 0.0, 0.0, 0.0, 0.0, 0.0, 0.0, -1.04 ],
	"position" : 
	[
		-0.47155305730370889,
		1.7833774296873559,
		-0.56897733615000778,
		1.0683858483155393,
		-1.1592825957593809,
		-0.45493752282472705,
		0.043499999999999997
	],
	"velocity" : 
	[
		0.0050000000000000001,
		0.0,
		-0.042999999999999997,
		0.42699999999999999,
		-0.078,
		0.0,
		0.0
	]
}
