{
	"effort" : [ 0.0, 0.0, 0.0, 0.0, 0.0, 0.0, -1.044 ],
	"position" : 
	[
		-0.59688515088938998,
		1.7809514220270841,
		-0.55731853674668852,
		0.81131630278935918,
		-0.82718134568998369,
		-0.47532296848801575,
		0.054100000000000002
	],
	"velocity" : [ 0.0, 0.0, 0.067000000000000004, 0.0, 0.13600000000000001, 0.0, 0.0 ]
}
