{
	"effort" : [ 0.0, 0.0, 0.0, 0.0, 0.0, 0.0, 0.13900000000000001 ],
	"position" : 
	[
		-0.61432099011680907,
		1.4447835548005412,
		-0.40168752734639351,
		1.044178131590384,
		-0.34852479833065969,
		-0.58180550615216287,
		0.0722
	],
	"velocity" : 
	[
		0.0,
		-0.40000000000000002,
		0.029999999999999999,
		0.0,
		0.025999999999999999,
		0.0,
		0.0
	]
}
