{
	"effort" : [ 0.0, 0.0, 0.0, 0.0, 0.0, 0.0, -1.042 ],
	"position" : 
	[
		-0.58550560416638986,
		1.7602867236834763,
		-0.73303828583743336,
		0.80485858455698189,
		-0.40521309243542114,
		-0.67373199785468085,
		0.0436
	],
	"velocity" : 
	[
		0.10000000000000001,
		0.0,
		0.021999999999999999,
		-0.42099999999999999,
		0.40000000000000002,
		0.17399999999999999,
		0.0
	]
}
