{
	"effort" : [ 0.0, 0.0, 0.0, 0.0, 0.0, 0.0, -0.091999999999999998 ],
	"position" : 
	[
		-0.38348374324809731,
		1.7745984235498267,
		-0.56953584151064574,
		1.2404054993920568,
		-1.078386584929464,
		-0.56904714932008749,
		0.061400000000000003
	],
	"velocity" : 
	[
		0.17000000000000001,
		0.0,
		0.0,
		0.161,
		-0.017000000000000001,
		-0.071999999999999995,
		0.0
	]
}
