{
	"effort" : [ 0.0, 0.0, 0.0, 0.0, 0.0, 0.0, -1.042 ],
	"position" : 
	[
		-0.58597684306442821,
		1.7602867236834763,
		-0.73303828583743336,
		0.97373664297991047,
		-0.46525241870401096,
		-0.94115134584518467,
		0.045499999999999999
	],
	"velocity" : 
	[
		0.0,
		0.0,
		0.0,
		-0.0030000000000000001,
		0.107,
		0.88300000000000001,
		0.0
	]
}
