{
	"effort" : [ 0.0, 0.0, 0.0, 0.0, 0.0, 0.0, 0.044999999999999998 ],
	"position" : 
	[
		-0.58793161182666143,
		1.7583843147988032,
		-0.73223543438151617,
		1.0207034531510661,
		-0.49525462854578595,
		-1.055522771728344,
		0.0722
	],
	"velocity" : [ 0.0, 0.0, 0.0, -0.052999999999999999, 0.017000000000000001, 0.0, 0.0 ]
}
