{
	"effort" : [ 0.0, 0.0, 0.0, 0.0, 0.0, 0.0, 0.442 ],
	"position" : 
	[
		-0.61432099011680907,
		1.614481917971907,
		-0.41126938493983994,
		1.0205638268109065,
		-0.43224824254880645,
		-0.58180550615216287,
		0.056399999999999999
	],
	"velocity" : [ 0.0, 0.010999999999999999, 0.0, 0.0, 0.0, 0.0, 0.0 ]
}
