{
	"effort" : [ 0.0, 0.0, 0.0, 0.0, 0.0, 0.0, -0.23699999999999999 ],
	"position" : 
	[
		-0.61432099011680907,
		0.0023212879051518723,
		-0.28747318109591347,
		0.59353411872556172,
		0.67387162419484048,
		-0.58180550615216287,
		-0.0027000000000000001
	],
	"velocity" : 
	[
		0.0,
		0.0,
		0.20399999999999999,
		-0.057000000000000002,
		0.042000000000000003,
		0.0,
		0.0
	]
}
