{
	"effort" : [ 0.0, 0.0, 0.0, 0.0, 0.0, 0.0, -1.0429999999999999 ],
	"position" : 
	[
		-0.48670251521101582,
		1.7833774296873559,
		-0.57316612635479314,
		0.86776025079884167,
		-1.1073415972200427,
		-0.478970706624683,
		0.0436
	],
	"velocity" : [ 0.0, 0.0, 0.0089999999999999993, 0.023, 0.0, 0.024, 0.0 ]
}
