{
	"effort" : [ 0.0, 0.0, 0.0, 0.0, 0.0, 0.0, -1.0449999999999999 ],
	"position" : 
	[
		-0.58159606664192354,
		1.7602867236834763,
		-0.73303828583743336,
		0.95457292779301761,
		-0.44275512464580974,
		-0.76913169476866694,
		0.043700000000000003
	],
	"velocity" : [ -0.014999999999999999, 0.0, 0.0, 0.0, 0.0, 0.17599999999999999, 0.0 ]
}
