{
	"effort" : [ 0.0, 0.0, 0.0, 0.0, 0.0, 0.0, -1.046 ],
	"position" : 
	[
		-0.48696431459881495,
		1.7745984235498267,
		-0.56084410183571631,
		1.1562282695683916,
		-0.9256702753799988,
		-0.56710983385037439,
		0.050700000000000002
	],
	"velocity" : 
	[
		0.0,
		0.0,
		-0.0060000000000000001,
		0.001,
		0.54400000000000004,
		0.095000000000000001,
		0.0
	]
}
