{
	"effort" : [ 0.0, 0.0, 0.0, 0.0, 0.0, 0.0, 0.155 ],
	"position" : 
	[
		-0.41994367132224958,
		0.0037175513067469832,
		-0.071418872991589916,
		1.600135311520517,
		-0.035377823937916129,
		-1.8915180301408971,
		0.002
	],
	"velocity" : [ 0.0, 0.0, -0.183, -0.39300000000000002, 0.0, 0.0, 0.0 ]
}
