{
	"effort" : [ 0.0, 0.0, 0.0, 0.0, 0.0, 0.0, -0.033000000000000002 ],
	"position" : 
	[
		-0.41620866672298268,
		0.93717199515063843,
		-0.53871332692043372,
		1.8772586901521069,
		-0.36081191626469661,
		-2.0211261803939631,
		0.0424
	],
	"velocity" : [ 0.0, 0.0, 0.0, -0.0030000000000000001, -0.54000000000000004, 0.0, 0.0 ]
}
