{
	"effort" : [ 0.0, 0.0, 0.0, 0.0, 0.0, 0.0, 0.13800000000000001 ],
	"position" : 
	[
		-0.61432099011680907,
		1.3513909865263483,
		-0.40147808783615424,
		1.044178131590384,
		-0.3435506099624771,
		-0.58180550615216287,
		0.0722
	],
	"velocity" : [ -0.0030000000000000001, -0.51200000000000001, 0.0, 0.0, 0.0, 0.0, 0.0 ]
}
