{
	"effort" : [ 0.0, 0.0, 0.0, 0.0, 0.0, 0.0, -1.044 ],
	"position" : 
	[
		-0.62988932704459455,
		1.5999956851803578,
		-0.4893030557964867,
		0.73237506072167569,
		-0.29560641541020494,
		-0.8179136473618962,
		0.057099999999999998
	],
	"velocity" : 
	[
		0.090999999999999998,
		0.0,
		0.048000000000000001,
		-0.058999999999999997,
		-0.14299999999999999,
		0.0,
		0.0
	]
}
