{
	"effort" : [ 0.0, 0.0, 0.0, 0.0, 0.0, 0.0, -1.044 ],
	"position" : 
	[
		-0.63367669152142125,
		1.6019679072351107,
		-0.52117276793789513,
		0.75178312200384767,
		-0.26040312439748825,
		-0.81557490616422434,
		0.057000000000000002
	],
	"velocity" : 
	[
		0.0,
		0.0,
		0.071999999999999995,
		-0.073999999999999996,
		-0.0050000000000000001,
		0.0,
		0.0
	]
}
