{
	"effort" : [ 0.0, 0.0, 0.0, 0.0, 0.0, 0.0, 0.13600000000000001 ],
	"position" : 
	[
		-0.61432099011680907,
		1.2256400139201886,
		-0.36295867124464914,
		1.0459409141348976,
		-0.44238860550289105,
		-0.58180550615216287,
		0.0722
	],
	"velocity" : [ 0.0, -0.30199999999999999, 0.0, 0.0, 0.070000000000000007, 0.0, 0.0 ]
}
