{
	"effort" : [ 0.0, 0.0, 0.0, 0.0, 0.0, 0.0, -1.0429999999999999 ],
	"position" : 
	[
		-0.61432099011680907,
		1.614481917971907,
		-0.4095066023953261,
		0.71574207295017389,
		-0.41533600209698579,
		-0.74956655385381543,
		0.054899999999999997
	],
	"velocity" : 
	[
		0.0,
		0.0,
		0.0,
		0.058999999999999997,
		-0.012999999999999999,
		0.23300000000000001,
		0.0
	]
}
