{
	"effort" : [ 0.0, 0.0, 0.0, 0.0, 0.0, 0.0, 0.14099999999999999 ],
	"position" : 
	[
		-0.61432099011680907,
		1.1908905085129902,
		-0.36295867124464914,
		1.0459409141348976,
		-0.43545964837247531,
		-0.58180550615216287,
		0.0722
	],
	"velocity" : [ 0.0, -0.46500000000000002, 0.0, 0.0, 0.0, 0.0, 0.0 ]
}
