{
	"effort" : [ 0.0, 0.0, 0.0, 0.0, 0.0, 0.0, 0.096000000000000002 ],
	"position" : 
	[
		-0.41994367132224958,
		0.0037175513067469832,
		-0.1177224580469878,
		1.4909824201008197,
		-0.011187560505280827,
		-1.8915180301408971,
		0.036600000000000001
	],
	"velocity" : [ 0.0, 0.0, -0.25900000000000001, -1.133, 0.30399999999999999, 0.0, 0.0 ]
}
