{
	"effort" : [ 0.0, 0.0, 0.0, 0.0, 0.0, 0.0, -0.035999999999999997 ],
	"position" : 
	[
		-0.41620866672298268,
		0.99317961084712247,
		-0.57531288133474556,
		1.8954450209578833,
		-0.26993262211337482,
		-2.002643143615348,
		0.0424
	],
	"velocity" : 
	[
		0.0,
		-0.38,
		0.0,
		0.67100000000000004,
		0.193,
		-0.58999999999999997,
		0.0
	]
}
