{
	"effort" : [ 0.0, 0.0, 0.0, 0.0, 0.0, 0.0, -1.044 ],
	"position" : 
	[
		-0.63367669152142125,
		1.6019679072351107,
		-0.52326716304028786,
		0.7531095722353629,
		-0.25785494368957712,
		-0.81557490616422434,
		0.057000000000000002
	],
	"velocity" : [ 0.0, 0.0, 0.049000000000000002, -0.0070000000000000001, 0.0, 0.0, 0.0 ]
}
