{
	"effort" : [ 0.0, 0.0, 0.0, 0.0, 0.0, 0.0, -0.35899999999999999 ],
	"position" : 
	[
		-0.60432025350288399,
		1.7809514220270841,
		-0.56396824119678535,
		0.70284408977793911,
		-0.65674994423278044,
		-0.45481534977708754,
		0.076700000000000004
	],
	"velocity" : 
	[
		-0.024,
		-0.0050000000000000001,
		-0.055,
		0.0,
		0.51500000000000001,
		0.0,
		0.0
	]
}
