{
	"effort" : [ 0.0, 0.0, 0.0, 0.0, 0.0, 0.0, 0.16300000000000001 ],
	"position" : 
	[
		-0.48466047998618295,
		1.7814401142176426,
		-0.56300831010818864,
		1.2055861808147788,
		-1.1240618514541441,
		-0.47094219206551102,
		0.051200000000000002
	],
	"velocity" : 
	[
		0.0,
		-0.095000000000000001,
		-0.085000000000000006,
		-0.312,
		-0.13,
		0.032000000000000001,
		0.0
	]
}
