{
	"effort" : [ 0.0, 0.0, 0.0, 0.0, 0.0, 0.0, 0.106 ],
	"position" : 
	[
		-0.58793161182666143,
		1.7583843147988032,
		-0.67998027657681903,
		0.87233301343906566,
		-0.51591932688939346,
		-0.91954416970550024,
		0.0722
	],
	"velocity" : 
	[
		-0.027,
		0.0,
		-0.19700000000000001,
		0.0,
		0.115,
		-0.47699999999999998,
		0.0
	]
}
