{
	"effort" : [ 0.0, 0.0, 0.0, 0.0, 0.0, 0.0, -1.044 ],
	"position" : 
	[
		-0.61432099011680907,
		1.614481917971907,
		-0.4095066023953261,
		0.93949328305579038,
		-0.42833870502434024,
		-0.6424556976589505,
		0.054899999999999997
	],
	"velocity" : [ 0.0, 0.0, 0.0, 0.442, -0.001, 0.625, 0.0 ]
}
