{
	"effort" : [ 0.0, 0.0, 0.0, 0.0, 0.0, 0.0, -1.0469999999999999 ],
	"position" : 
	[
		-0.48696431459881495,
		1.7745984235498267,
		-0.58154370676436384,
		1.1520743859486462,
		-0.8597666428247096,
		-0.54216907883938159,
		0.051499999999999997
	],
	"velocity" : 
	[
		0.0,
		0.0,
		-0.098000000000000004,
		-0.034000000000000002,
		0.040000000000000001,
		0.0,
		0.0
	]
}
