{
	"effort" : [ 0.0, 0.0, 0.0, 0.0, 0.0, 0.0, -1.048 ],
	"position" : 
	[
		-0.53867842033539393,
		1.7723993086923142,
		-0.59262654751452493,
		0.95198984050006663,
		-0.97045542398616202,
		-0.55119243107219007,
		0.0511
	],
	"velocity" : 
	[
		-0.216,
		0.0,
		0.0050000000000000001,
		0.0,
		0.0,
		0.0050000000000000001,
		0.0
	]
}
