{
	"effort" : [ 0.0, 0.0, 0.0, 0.0, 0.0, 0.0, -0.27200000000000002 ],
	"position" : 
	[
		-0.60432025350288399,
		1.7809514220270841,
		-0.57224110185123633,
		0.69713686312391898,
		-0.62538637757445026,
		-0.43538983520239555,
		0.076799999999999993
	],
	"velocity" : 
	[
		0.0,
		-0.0030000000000000001,
		-0.0080000000000000002,
		-0.025999999999999999,
		0.075999999999999998,
		0.023,
		0.0
	]
}
