{
	"effort" : [ 0.0, 0.0, 0.0, 0.0, 0.0, 0.0, -0.032000000000000001 ],
	"position" : 
	[
		-0.41620866672298268,
		0.93717199515063843,
		-0.55229198850094618,
		1.9552400011311937,
		-0.16474162809570317,
		-2.0251055310885091,
		0.0424
	],
	"velocity" : 
	[
		0.0,
		0.0,
		0.222,
		0.089999999999999997,
		0.38900000000000001,
		-0.001,
		0.0
	]
}
