{
	"effort" : [ 0.0, 0.0, 0.0, 0.0, 0.0, 0.0, -0.034000000000000002 ],
	"position" : 
	[
		-0.41994367132224958,
		0.37405896528733024,
		-0.3068463357930456,
		1.4354111367173339,
		-0.100530964914848,
		-1.8915180301408971,
		0.0424
	],
	"velocity" : 
	[
		0.001,
		1.716,
		-0.495,
		0.39800000000000002,
		-0.45400000000000001,
		0.0,
		0.0
	]
}
