{
	"effort" : [ 0.0, 0.0, 0.0, 0.0, 0.0, 0.0, -1.046 ],
	"position" : 
	[
		-0.62208770528818191,
		1.6979435628022546,
		-0.59068923204481172,
		0.62723642658156387,
		-0.45774750292043725,
		-0.68952722758522556,
		0.056300000000000003
	],
	"velocity" : 
	[
		-0.062,
		0.0,
		0.002,
		-0.0050000000000000001,
		0.058999999999999997,
		-0.021000000000000001,
		0.0
	]
}
