{
	"effort" : [ 0.0, 0.0, 0.0, 0.0, 0.0, 0.0, -0.51300000000000001 ],
	"position" : 
	[
		-0.41994367132224958,
		0.0037175513067469832,
		-0.05209807817201758,
		1.6711353054916285,
		0.054628805587408721,
		-1.8855140975140381,
		-0.0041999999999999997
	],
	"velocity" : 
	[
		0.0,
		0.0,
		-0.13600000000000001,
		0.0,
		-0.0030000000000000001,
		-0.014999999999999999,
		0.0
	]
}
