{
	"effort" : [ 0.0, 0.0, 0.0, 0.0, 0.0, 0.0, -1.0389999999999999 ],
	"position" : 
	[
		-0.61432099011680907,
		1.614481917971907,
		-0.4095066023953261,
		0.78189005160074221,
		-0.41750021036945817,
		-0.73673838385166035,
		0.054899999999999997
	],
	"velocity" : 
	[
		0.0,
		0.0,
		0.0,
		0.61699999999999999,
		-0.0089999999999999993,
		0.019,
		0.0
	]
}
