{
	"effort" : [ 0.0, 0.0, 0.0, 0.0, 0.0, 0.0, -1.046 ],
	"position" : 
	[
		-0.62341415551969714,
		1.6979435628022546,
		-0.57480673585166731,
		0.61727059655267869,
		-0.45694465146452001,
		-0.68579222298595865,
		0.056000000000000001
	],
	"velocity" : 
	[
		0.0,
		-0.014999999999999999,
		0.16400000000000001,
		-0.0050000000000000001,
		0.0,
		0.12,
		0.0
	]
}
