{
	"effort" : [ 0.0, 0.0, 0.0, 0.0, 0.0, 0.0, -0.031 ],
	"position" : 
	[
		-0.41620866672298268,
		0.97799524635477553,
		-0.57531288133474556,
		1.9151148816278543,
		-0.2655169391058303,
		-2.0102178725690014,
		0.0424
	],
	"velocity" : 
	[
		0.0,
		-0.32200000000000001,
		-0.0080000000000000002,
		0.504,
		0.032000000000000001,
		-0.32400000000000001,
		0.0
	]
}
