{
	"effort" : [ 0.0, 0.0, 0.0, 0.0, 0.0, 0.0, -0.040000000000000001 ],
	"position" : 
	[
		-0.41620866672298268,
		0.93717199515063843,
		-0.55522414164429601,
		1.9552225478386738,
		-0.16814502013709126,
		-2.0251055310885091,
		0.0424
	],
	"velocity" : 
	[
		0.0,
		0.0,
		0.13200000000000001,
		0.042000000000000003,
		0.069000000000000006,
		0.0,
		0.0
	]
}
