{
	"effort" : [ 0.0, 0.0, 0.0, 0.0, 0.0, 0.0, -0.035000000000000003 ],
	"position" : 
	[
		-0.41994367132224958,
		0.92554810233235918,
		-0.49565605427374454,
		1.5652461797731594,
		-0.31574751497821446,
		-1.8915180301408971,
		0.0424
	],
	"velocity" : 
	[
		-0.0060000000000000001,
		1.2070000000000001,
		-0.58399999999999996,
		0.44400000000000001,
		-0.58599999999999997,
		-0.115,
		0.0
	]
}
