{
	"effort" : [ 0.0, 0.0, 0.0, 0.0, 0.0, 0.0, -1.0580000000000001 ],
	"position" : 
	[
		-0.59442423664407862,
		1.7787697604620916,
		-0.57199675575595732,
		0.88088512677383557,
		-0.95733054801116801,
		-0.5023057587238412,
		0.051799999999999999
	],
	"velocity" : 
	[
		-0.014,
		0.058000000000000003,
		0.094,
		-0.33900000000000002,
		0.001,
		0.0,
		0.0
	]
}
