{
	"effort" : [ 0.0, 0.0, 0.0, 0.0, 0.0, 0.0, 0.153 ],
	"position" : 
	[
		-0.61432099011680907,
		1.6062090573174559,
		-0.4095066023953261,
		1.0332698237654221,
		-0.42690753503770523,
		-0.58180550615216287,
		0.0722
	],
	"velocity" : 
	[
		0.0,
		-0.154,
		0.025999999999999999,
		0.32400000000000001,
		0.080000000000000002,
		0.0,
		0.0
	]
}
