{
	"effort" : [ 0.0, 0.0, 0.0, 0.0, 0.0, 0.0, 0.11799999999999999 ],
	"position" : 
	[
		-0.56848864395944954,
		1.7368644051217186,
		-0.57946676495449101,
		1.0550340795377859,
		-0.73878041907649328,
		-0.94996525856775382,
		0.0722
	],
	"velocity" : 
	[
		-0.33700000000000002,
		0.16900000000000001,
		-0.315,
		-0.13800000000000001,
		0.0,
		0.35999999999999999,
		0.0
	]
}
