{
	"effort" : [ 0.0, 0.0, 0.0, 0.0, 0.0, 0.0, 0.14099999999999999 ],
	"position" : 
	[
		-0.61432099011680907,
		1.2473693631075125,
		-0.3658908243879988,
		1.0459409141348976,
		-0.35493015668547723,
		-0.58180550615216287,
		0.0722
	],
	"velocity" : [ 0.0, 0.0, 0.025000000000000001, 0.0, -0.185, 0.0, 0.0 ]
}
