{
	"effort" : [ 0.0, 0.0, 0.0, 0.0, 0.0, 0.0, -1.04 ],
	"position" : 
	[
		-0.48408452133302499,
		1.7833774296873559,
		-0.56897733615000778,
		1.14812994183914,
		-1.1829841670014578,
		-0.45493752282472705,
		0.043499999999999997
	],
	"velocity" : [ 0.0, 0.0, 0.0, 0.20499999999999999, 0.159, -0.111, 0.0 ]
}
