{
	"effort" : [ 0.0, 0.0, 0.0, 0.0, 0.0, 0.0, -0.057000000000000002 ],
	"position" : 
	[
		-0.40067523638023711,
		1.7745984235498267,
		-0.56953584151064574,
		1.2537223615847701,
		-1.0722604792549655,
		-0.58168333310452336,
		0.061400000000000003
	],
	"velocity" : 
	[
		-0.313,
		0.0,
		-0.028000000000000001,
		-0.14699999999999999,
		0.023,
		0.0,
		0.0
	]
}
