{
	"effort" : [ 0.0, 0.0, 0.0, 0.0, 0.0, 0.0, -1.0469999999999999 ],
	"position" : 
	[
		-0.48696431459881495,
		1.7745984235498267,
		-0.58323667613879793,
		1.1443251240697934,
		-0.85695666272899951,
		-0.54469980625477277,
		0.051499999999999997
	],
	"velocity" : 
	[
		-0.010999999999999999,
		0.0,
		-0.014999999999999999,
		-0.105,
		0.0050000000000000001,
		-0.010999999999999999,
		0.0
	]
}
