{
	"effort" : [ 0.0, 0.0, 0.0, 0.0, 0.0, 0.0, 0.085999999999999993 ],
	"position" : 
	[
		-0.41620866672298268,
		1.5463093573890256,
		-0.49792498230133658,
		1.2563927153403209,
		-0.7112216701875097,
		-1.2990136556740117,
		0.071199999999999999
	],
	"velocity" : 
	[
		0.0,
		0.58299999999999996,
		-0.065000000000000002,
		-0.56899999999999995,
		0.0,
		0.20100000000000001,
		0.0
	]
}
