{
	"effort" : [ 0.0, 0.0, 0.0, 0.0, 0.0, 0.0, -1.0449999999999999 ],
	"position" : 
	[
		-0.54277994407757957,
		1.7769371647474981,
		-0.73124059670787966,
		0.6527007803681546,
		-0.36573374475531939,
		-0.6647435522069125,
		0.0436
	],
	"velocity" : 
	[
		0.085999999999999993,
		0.014,
		-0.034000000000000002,
		-0.45400000000000001,
		-0.012999999999999999,
		0.0,
		0.0
	]
}
