{
	"effort" : [ 0.0, 0.0, 0.0, 0.0, 0.0, 0.0, -0.51600000000000001 ],
	"position" : 
	[
		-0.41994367132224958,
		0.0037175513067469832,
		-0.0018325957145935831,
		1.6711353054916285,
		0.055361843873246157,
		-1.8071488140995124,
		-0.0041999999999999997
	],
	"velocity" : 
	[
		0.0,
		0.0,
		-0.095000000000000001,
		0.0,
		-0.0070000000000000001,
		-0.84899999999999998,
		0.0
	]
}
