{
	"effort" : [ 0.0, 0.0, 0.0, 0.0, 0.0, 0.0, -1.0469999999999999 ],
	"position" : 
	[
		-0.48408452133302499,
		1.7833774296873559,
		-0.57072266540200178,
		1.1743273339115683,
		-1.1662115528897965,
		-0.47102945852811068,
		0.043499999999999997
	],
	"velocity" : 
	[
		0.0,
		0.0,
		0.016,
		0.29899999999999999,
		0.113,
		-0.057000000000000002,
		0.0
	]
}
