{
	"effort" : [ 0.0, 0.0, 0.0, 0.0, 0.0, 0.0, -1.044 ],
	"position" : 
	[
		-0.48466047998618295,
		1.7833774296873559,
		-0.57072266540200178,
		1.2029332803517481,
		-1.1495785651182948,
		-0.47780133602584707,
		0.043499999999999997
	],
	"velocity" : [ 0.0, 0.0, 0.0, 0.082000000000000003, 0.071999999999999995, 0.0, 0.0 ]
}
