{
	"effort" : [ 0.0, 0.0, 0.0, 0.0, 0.0, 0.0, 0.13500000000000001 ],
	"position" : 
	[
		-0.61432099011680907,
		1.2409116448751352,
		-0.36360444306788681,
		1.0459409141348976,
		-0.45235443553177612,
		-0.58180550615216287,
		0.0722
	],
	"velocity" : 
	[
		0.0,
		-0.161,
		0.0089999999999999993,
		0.0,
		0.40600000000000003,
		0.12,
		0.0
	]
}
