{
	"effort" : [ 0.0, 0.0, 0.0, 0.0, 0.0, 0.0, 0.032000000000000001 ],
	"position" : 
	[
		-0.41994367132224958,
		0.0037175513067469832,
		-0.13103932023970119,
		1.4353762301322941,
		0.008133234314291523,
		-1.8915180301408971,
		0.046300000000000001
	],
	"velocity" : [ 0.0, 0.0, -0.249, -0.999, 0.38500000000000001, 0.0, 0.0 ]
}
