{
	"effort" : [ 0.0, 0.0, 0.0, 0.0, 0.0, 0.0, -1.04 ],
	"position" : 
	[
		-0.47561967446085468,
		1.7833774296873559,
		-0.57051322589176245,
		1.0543359478369883,
		-1.1391240428988514,
		-0.45493752282472705,
		0.043499999999999997
	],
	"velocity" : 
	[
		0.040000000000000001,
		0.0,
		0.0,
		0.080000000000000002,
		-0.085999999999999993,
		0.0,
		0.0
	]
}
