{
	"effort" : [ 0.0, 0.0, 0.0, 0.0, 0.0, 0.0, 0.14000000000000001 ],
	"position" : 
	[
		-0.61432099011680907,
		1.2473693631075125,
		-0.36360444306788681,
		1.0459409141348976,
		-0.47082001901787146,
		-0.58180550615216287,
		0.0722
	],
	"velocity" : [ 0.0, 0.0, 0.0, 0.0, -0.012999999999999999, 0.0, 0.0 ]
}
