{
	"effort" : [ 0.0, 0.0, 0.0, 0.0, 0.0, 0.0, 0.11700000000000001 ],
	"position" : 
	[
		-0.58370791503683617,
		1.7470745812458828,
		-0.59671061796419067,
		1.0304947502547517,
		-0.72956508062596548,
		-0.93958054951839032,
		0.0722
	],
	"velocity" : 
	[
		-0.16800000000000001,
		0.159,
		-0.219,
		-0.78400000000000003,
		0.26400000000000001,
		0.14099999999999999,
		0.0
	]
}
