{
	"effort" : [ 0.0, 0.0, 0.0, 0.0, 0.0, 0.0, 0.13800000000000001 ],
	"position" : 
	[
		-0.61432099011680907,
		1.040478033576157,
		-0.36295867124464914,
		1.0459409141348976,
		-0.35292302804568426,
		-0.58180550615216287,
		0.0722
	],
	"velocity" : [ 0.0, -0.372, 0.0, 0.0, 0.13800000000000001, 0.0, 0.0 ]
}
