{
	"effort" : [ 0.0, 0.0, 0.0, 0.0, 0.0, 0.0, -1.04 ],
	"position" : 
	[
		-0.62341415551969714,
		1.6894787159300844,
		-0.54082517531534635,
		0.60260983083593,
		-0.46054002972362745,
		-0.6517233959870381,
		0.056000000000000001
	],
	"velocity" : 
	[
		0.0,
		-0.0040000000000000001,
		0.095000000000000001,
		-0.0030000000000000001,
		-0.063,
		0.012999999999999999,
		0.0
	]
}
