{
	"effort" : [ 0.0, 0.0, 0.0, 0.0, 0.0, 0.0, -0.042000000000000003 ],
	"position" : 
	[
		-0.41620866672298268,
		1.0092889998430261,
		-0.57531288133474556,
		1.8708707850898094,
		-0.27801349655010654,
		-1.9867082875446436,
		0.0424
	],
	"velocity" : 
	[
		0.001,
		-0.35399999999999998,
		0.0,
		0.61699999999999999,
		0.31,
		-0.54800000000000004,
		0.0
	]
}
