{
	"effort" : [ 0.0, 0.0, 0.0, 0.0, 0.0, 0.0, -0.058000000000000003 ],
	"position" : 
	[
		-0.48703412776889465,
		1.7745984235498267,
		-0.57136843722523944,
		1.1760726631635621,
		-1.0571459279326985,
		-0.49179887662683802,
		0.061400000000000003
	],
	"velocity" : 
	[
		0.0,
		0.0,
		0.0,
		0.0030000000000000001,
		0.23200000000000001,
		-0.29899999999999999,
		0.0
	]
}
