{
	"effort" : [ 0.0, 0.0, 0.0, 0.0, 0.0, 0.0, -1.046 ],
	"position" : 
	[
		-0.62788219840480153,
		1.5999956851803578,
		-0.48736574032677354,
		0.7317292888984378,
		-0.29918434037679242,
		-0.8179136473618962,
		0.057099999999999998
	],
	"velocity" : 
	[
		0.002,
		0.0,
		0.050999999999999997,
		-0.0030000000000000001,
		-0.045999999999999999,
		0.0,
		0.0
	]
}
