{
	"effort" : [ 0.0, 0.0, 0.0, 0.0, 0.0, 0.0, -0.44500000000000001 ],
	"position" : 
	[
		-0.41994367132224958,
		0.0037175513067469832,
		-0.056985000077600476,
		1.6238368827625942,
		-0.033423055175682968,
		-1.8915180301408971,
		-0.0041999999999999997
	],
	"velocity" : [ 0.0, 0.0, 0.0, -0.058999999999999997, -0.021000000000000001, 0.0, 0.0 ]
}
