{
	"effort" : [ 0.0, 0.0, 0.0, 0.0, 0.0, 0.0, -1.042 ],
	"position" : 
	[
		-0.63177428263674795,
		1.5999956851803578,
		-0.49518481537570613,
		0.7363195048311818,
		-0.28398252259192569,
		-0.8179136473618962,
		0.057000000000000002
	],
	"velocity" : 
	[
		0.002,
		0.0,
		0.126,
		-0.069000000000000006,
		-0.13900000000000001,
		-0.082000000000000003,
		0.0
	]
}
