{
	"effort" : [ 0.0, 0.0, 0.0, 0.0, 0.0, 0.0, -0.034000000000000002 ],
	"position" : 
	[
		-0.41620866672298268,
		1.0792243429704211,
		-0.33541737564818558,
		1.5615111751738928,
		-0.48370054889758635,
		-1.8822328785202895,
		0.0424
	],
	"velocity" : 
	[
		0.0,
		0.69799999999999995,
		-0.033000000000000002,
		-0.65000000000000002,
		-0.187,
		1.2549999999999999,
		0.0
	]
}
