{
	"effort" : [ 0.0, 0.0, 0.0, 0.0, 0.0, 0.0, 0.14199999999999999 ],
	"position" : 
	[
		-0.61432099011680907,
		1.0995748820486699,
		-0.36295867124464914,
		1.0459409141348976,
		-0.39594539410733365,
		-0.58180550615216287,
		0.0722
	],
	"velocity" : [ 0.0, -0.35499999999999998, 0.0, 0.0, 0.35999999999999999, 0.0, 0.0 ]
}
