{
	"effort" : [ 0.0, 0.0, 0.0, 0.0, 0.0, 0.0, 0.108 ],
	"position" : 
	[
		-0.58793161182666143,
		1.7583843147988032,
		-0.66587801622070841,
		0.87233301343906566,
		-0.53358205891957167,
		-0.87308350501742304,
		0.0722
	],
	"velocity" : 
	[
		0.0,
		0.0,
		-0.071999999999999995,
		0.0,
		0.34699999999999998,
		-0.47699999999999998,
		0.0
	]
}
