{
	"effort" : [ 0.0, 0.0, 0.0, 0.0, 0.0, 0.0, -1.0429999999999999 ],
	"position" : 
	[
		-0.61432099011680907,
		1.614481917971907,
		-0.4095066023953261,
		0.72453853238022314,
		-0.41533600209698579,
		-0.74672166717306543,
		0.054899999999999997
	],
	"velocity" : [ 0.0, 0.0, 0.0, 0.30199999999999999, 0.0, 0.017000000000000001, 0.0 ]
}
