{
	"effort" : [ 0.0, 0.0, 0.0, 0.0, 0.0, 0.0, -1.048 ],
	"position" : 
	[
		-0.55778977564472698,
		1.7699733010320426,
		-0.73124059670787966,
		0.7028789963629789,
		-0.36784559315023202,
		-0.6647435522069125,
		0.0436
	],
	"velocity" : 
	[
		0.17399999999999999,
		0.122,
		0.0,
		-0.67600000000000005,
		0.0,
		0.001,
		0.0
	]
}
