{
	"effort" : [ 0.0, 0.0, 0.0, 0.0, 0.0, 0.0, -0.036999999999999998 ],
	"position" : 
	[
		-0.41620866672298268,
		0.94821992931575982,
		-0.57531288133474556,
		1.9427085371018777,
		-0.24795892683077178,
		-2.0201313427203269,
		0.0424
	],
	"velocity" : 
	[
		0.0,
		-0.17499999999999999,
		0.029000000000000001,
		0.0070000000000000001,
		0.23300000000000001,
		-0.001,
		0.0
	]
}
