{
	"effort" : [ 0.0, 0.0, 0.0, 0.0, 0.0, 0.0, 0.13800000000000001 ],
	"position" : 
	[
		-0.61432099011680907,
		1.2473693631075125,
		-0.36634460999351726,
		1.0459409141348976,
		-0.34587189786762895,
		-0.58180550615216287,
		0.0722
	],
	"velocity" : [ 0.0, -0.001, 0.028000000000000001, 0.0, -0.22, 0.0, 0.0 ]
}
