{
	"effort" : [ 0.0, 0.0, 0.0, 0.0, 0.0, 0.0, 0.11700000000000001 ],
	"position" : 
	[
		-0.58793161182666143,
		1.7583843147988032,
		-0.6462256088432573,
		0.90350459387967652,
		-0.64350289521014681,
		-0.82868232884669846,
		0.0722
	],
	"velocity" : [ -0.0030000000000000001, 0.0, 0.0, -0.13, 0.107, 0.435, 0.0 ]
}
