{
	"effort" : [ 0.0, 0.0, 0.0, 0.0, 0.0, 0.0, -1.04 ],
	"position" : 
	[
		-0.47406633142658006,
		1.7833774296873559,
		-0.56897733615000778,
		1.089818491530024,
		-1.1678172558016309,
		-0.45493752282472705,
		0.043499999999999997
	],
	"velocity" : [ -0.126, 0.0, -0.023, 0.61699999999999999, -0.153, 0.0, 0.0 ]
}
