{
	"effort" : [ 0.0, 0.0, 0.0, 0.0, 0.0, 0.0, -1.048 ],
	"position" : 
	[
		-0.55299012020174376,
		1.772067696134435,
		-0.73124059670787966,
		0.68806115101355081,
		-0.36573374475531939,
		-0.6647435522069125,
		0.0436
	],
	"velocity" : 
	[
		0.152,
		0.040000000000000001,
		0.0040000000000000001,
		-0.76300000000000001,
		0.069000000000000006,
		0.0,
		0.0
	]
}
