{
	"effort" : [ 0.0, 0.0, 0.0, 0.0, 0.0, 0.0, -0.50600000000000001 ],
	"position" : 
	[
		-0.41994367132224958,
		0.0037175513067469832,
		0.0,
		1.6711353054916285,
		0.080494585101958158,
		-1.7115222243827675,
		-0.0041999999999999997
	],
	"velocity" : [ 0.0, 0.0, 0.0, 0.0, -0.124, -0.024, 0.0 ]
}
