{
	"effort" : [ 0.0, 0.0, 0.0, 0.0, 0.0, 0.0, 0.11600000000000001 ],
	"position" : 
	[
		-0.54178510640394295,
		1.7225003453778087,
		-0.55684729784865028,
		1.0669023184513442,
		-0.73878041907649328,
		-0.97537725247678475,
		0.0722
	],
	"velocity" : 
	[
		-0.40300000000000002,
		0.19600000000000001,
		-0.39600000000000002,
		-0.13800000000000001,
		-0.085999999999999993,
		0.745,
		0.0
	]
}
