{
	"effort" : [ 0.0, 0.0, 0.0, 0.0, 0.0, 0.0, -1.0389999999999999 ],
	"position" : 
	[
		-0.49984484447852978,
		1.7723993086923142,
		-0.59262654751452493,
		0.98761201053326186,
		-0.94404859240349448,
		-0.55213490886826677,
		0.0516
	],
	"velocity" : 
	[
		0.002,
		0.0,
		0.025999999999999999,
		-0.157,
		-0.45800000000000002,
		-0.0030000000000000001,
		0.0
	]
}
