{
	"effort" : [ 0.0, 0.0, 0.0, 0.0, 0.0, 0.0, -0.51100000000000001 ],
	"position" : 
	[
		-0.41994367132224958,
		0.0037175513067469832,
		0.0,
		1.6711353054916285,
		0.078016217564126827,
		-1.7115222243827675,
		-0.0041999999999999997
	],
	"velocity" : [ 0.0, 0.0, 0.0, 0.0, -0.33100000000000002, -0.024, 0.0 ]
}
