{
	"effort" : [ 0.0, 0.0, 0.0, 0.0, 0.0, 0.0, -0.035000000000000003 ],
	"position" : 
	[
		-0.41994367132224958,
		0.32719687487129434,
		-0.29281388860701474,
		1.4261434383892464,
		-0.08826130027333097,
		-1.8915180301408971,
		0.0424
	],
	"velocity" : 
	[
		0.0,
		1.5760000000000001,
		-0.48199999999999998,
		0.48699999999999999,
		-0.20300000000000001,
		0.0,
		0.0
	]
}
