{
	"effort" : [ 0.0, 0.0, 0.0, 0.0, 0.0, 0.0, 0.105 ],
	"position" : 
	[
		-0.58793161182666143,
		1.7583843147988032,
		-0.6462256088432573,
		0.89893183123945264,
		-0.64081508816207622,
		-0.82868232884669846,
		0.0722
	],
	"velocity" : 
	[
		0.0,
		0.0,
		-0.014999999999999999,
		-0.435,
		0.11799999999999999,
		0.071999999999999995,
		0.0
	]
}
