{
	"effort" : [ 0.0, 0.0, 0.0, 0.0, 0.0, 0.0, 0.14799999999999999 ],
	"position" : 
	[
		-0.61432099011680907,
		1.5311424461891989,
		-0.40346776318342731,
		1.044178131590384,
		-0.44430846768008431,
		-0.58180550615216287,
		0.0722
	],
	"velocity" : [ 0.0, -0.188, 0.0, 0.0, -0.157, 0.0, 0.0 ]
}
