{
	"effort" : [ 0.0, 0.0, 0.0, 0.0, 0.0, 0.0, -0.031 ],
	"position" : 
	[
		-0.41620866672298268,
		0.93717199515063843,
		-0.54026666995470829,
		1.9450298250070297,
		-0.13871876894847429,
		-2.0211261803939631,
		0.0424
	],
	"velocity" : 
	[
		0.028000000000000001,
		0.0,
		0.0,
		-0.069000000000000006,
		-0.47899999999999998,
		0.001,
		0.0
	]
}
