{
	"effort" : [ 0.0, 0.0, 0.0, 0.0, 0.0, 0.0, -0.087999999999999995 ],
	"position" : 
	[
		-0.46481608639101252,
		1.7745984235498267,
		-0.56953584151064574,
		1.2287292466962176,
		-1.0097776920335844,
		-0.58531361794867065,
		0.056099999999999997
	],
	"velocity" : 
	[
		-0.23100000000000001,
		0.0,
		0.0,
		-0.23000000000000001,
		0.11600000000000001,
		-0.0070000000000000001,
		0.0
	]
}
