{
	"effort" : [ 0.0, 0.0, 0.0, 0.0, 0.0, 0.0, 0.151 ],
	"position" : 
	[
		-0.61432099011680907,
		1.533411374216791,
		-0.40346776318342731,
		1.044178131590384,
		-0.44200463306745236,
		-0.58180550615216287,
		0.0722
	],
	"velocity" : [ 0.0, -0.20599999999999999, 0.0, 0.0, -0.012999999999999999, 0.0, 0.0 ]
}
