{
	"effort" : [ 0.0, 0.0, 0.0, 0.0, 0.0, 0.0, -1.0529999999999999 ],
	"position" : 
	[
		-0.61432099011680907,
		1.6061217908548564,
		-0.41741294390685851,
		0.70083696113814609,
		-0.36990508166758479,
		-0.83931138399134109,
		0.054899999999999997
	],
	"velocity" : 
	[
		0.0,
		0.090999999999999998,
		0.042999999999999997,
		0.0,
		-0.39800000000000002,
		0.0,
		0.0
	]
}
