{
	"effort" : [ 0.0, 0.0, 0.0, 0.0, 0.0, 0.0, 0.042000000000000003 ],
	"position" : 
	[
		-0.58793161182666143,
		1.7583843147988032,
		-0.71733032256948837,
		0.95916314372576161,
		-0.49565605427374454,
		-1.0072818712032332,
		0.0722
	],
	"velocity" : 
	[
		0.0,
		0.0,
		-0.20699999999999999,
		0.79300000000000004,
		0.151,
		-0.33900000000000002,
		0.0
	]
}
