{
	"effort" : [ 0.0, 0.0, 0.0, 0.0, 0.0, 0.0, -0.65100000000000002 ],
	"position" : 
	[
		-0.51296972045352385,
		1.7034937098235952,
		-0.58039178945804781,
		0.71605623221553283,
		-0.50104912166240567,
		-0.39173915061002834,
		0.078
	],
	"velocity" : [ 0.0, 0.0, -0.031, -0.187, 0.0, -0.034000000000000002, 0.0 ]
}
