{
	"effort" : [ 0.0, 0.0, 0.0, 0.0, 0.0, 0.0, -1.04 ],
	"position" : 
	[
		-0.62037728262122782,
		1.6020202671126706,
		-0.4414461277068143,
		0.70818479728904038,
		-0.29508281663460678,
		-0.83767077449446692,
		0.054899999999999997
	],
	"velocity" : 
	[
		0.043999999999999997,
		0.0,
		0.20699999999999999,
		0.0,
		0.0030000000000000001,
		0.045999999999999999,
		0.0
	]
}
