{
	"effort" : [ 0.0, 0.0, 0.0, 0.0, 0.0, 0.0, -1.05 ],
	"position" : 
	[
		-0.54473471283981256,
		1.7768324449923787,
		-0.73124059670787966,
		0.65903632555289238,
		-0.36573374475531939,
		-0.6647435522069125,
		0.0436
	],
	"velocity" : 
	[
		0.20699999999999999,
		0.056000000000000001,
		0.0,
		-0.39600000000000002,
		-0.043999999999999997,
		0.0,
		0.0
	]
}
