{
	"effort" : [ 0.0, 0.0, 0.0, 0.0, 0.0, 0.0, -1.0429999999999999 ],
	"position" : 
	[
		-0.63210589519462668,
		1.6019679072351107,
		-0.52996922736794438,
		0.74700091985338446,
		-0.26640705702434719,
		-0.7975980148686872,
		0.057000000000000002
	],
	"velocity" : 
	[
		-0.010999999999999999,
		0.0,
		0.0,
		0.113,
		0.128,
		-0.0089999999999999993,
		0.0
	]
}
