{
	"effort" : [ 0.0, 0.0, 0.0, 0.0, 0.0, 0.0, 0.098000000000000004 ],
	"position" : 
	[
		-0.58793161182666143,
		1.7583843147988032,
		-0.64461990593142282,
		0.92516412989692054,
		-0.64832000394564993,
		-0.84304638859060799,
		0.0722
	],
	"velocity" : 
	[
		0.0,
		0.0,
		-0.047,
		-0.312,
		0.010999999999999999,
		0.28100000000000003,
		0.0
	]
}
