{
	"effort" : [ 0.0, 0.0, 0.0, 0.0, 0.0, 0.0, -0.628 ],
	"position" : 
	[
		-0.518083535161866,
		1.7034937098235952,
		-0.58039178945804781,
		0.75103263042549029,
		-0.53276175417113458,
		-0.37800340939683647,
		0.078
	],
	"velocity" : [ 0.0, 0.0, 0.0, 0.037999999999999999, 0.33100000000000002, 0.0, 0.0 ]
}
