{
	"effort" : [ 0.0, 0.0, 0.0, 0.0, 0.0, 0.0, -1.0369999999999999 ],
	"position" : 
	[
		-0.63210589519462668,
		1.6019679072351107,
		-0.52996922736794438,
		0.75108499030305009,
		-0.26286403864279961,
		-0.80440479895146333,
		0.057000000000000002
	],
	"velocity" : 
	[
		0.0,
		0.0,
		0.0,
		0.13400000000000001,
		0.065000000000000002,
		-0.071999999999999995,
		0.0
	]
}
