{
	"effort" : [ 0.0, 0.0, 0.0, 0.0, 0.0, 0.0, -0.033000000000000002 ],
	"position" : 
	[
		-0.41994367132224958,
		0.79318233186114273,
		-0.44233624562533119,
		1.5148061643905359,
		-0.25851816880533485,
		-1.8915180301408971,
		0.0424
	],
	"velocity" : 
	[
		0.0,
		1.681,
		-0.70699999999999996,
		0.56499999999999995,
		-0.79700000000000004,
		0.0,
		0.0
	]
}
