{
	"effort" : [ 0.0, 0.0, 0.0, 0.0, 0.0, 0.0, 0.14599999999999999 ],
	"position" : 
	[
		-0.61432099011680907,
		1.5812508490139436,
		-0.4094891491028062,
		1.0402685940659175,
		-0.41486476319894738,
		-0.58180550615216287,
		0.0722
	],
	"velocity" : 
	[
		0.0,
		-0.23200000000000001,
		-0.001,
		0.001,
		0.16200000000000001,
		0.0,
		0.0
	]
}
