{
	"effort" : [ 0.0, 0.0, 0.0, 0.0, 0.0, 0.0, -0.034000000000000002 ],
	"position" : 
	[
		-0.41994367132224958,
		1.0185217915860738,
		-0.54712581391504433,
		1.6216203146125623,
		-0.34934510307909677,
		-1.8931586396377713,
		0.0424
	],
	"velocity" : 
	[
		0.0,
		0.52100000000000002,
		-0.40300000000000002,
		0.69699999999999995,
		-0.035999999999999997,
		-0.001,
		0.0
	]
}
