{
	"effort" : [ 0.0, 0.0, 0.0, 0.0, 0.0, 0.0, -1.0389999999999999 ],
	"position" : 
	[
		-0.59655353833151126,
		1.7809514220270841,
		-0.56981509419096488,
		0.81583670555202337,
		-0.87680105632416994,
		-0.47532296848801575,
		0.054100000000000002
	],
	"velocity" : 
	[
		-0.0040000000000000001,
		0.0,
		0.0,
		-0.050999999999999997,
		0.035999999999999997,
		0.095000000000000001,
		0.0
	]
}
