{
	"effort" : [ 0.0, 0.0, 0.0, 0.0, 0.0, 0.0, -0.66400000000000003 ],
	"position" : 
	[
		-0.50499356577191179,
		1.7018705536192411,
		-0.58259090431556015,
		0.69272118011637451,
		-0.50850167756841957,
		-0.39943605261132137,
		0.078
	],
	"velocity" : 
	[
		0.042000000000000003,
		0.0,
		0.0,
		-0.16600000000000001,
		-0.17799999999999999,
		-0.017000000000000001,
		0.0
	]
}
