{
	"effort" : [ 0.0, 0.0, 0.0, 0.0, 0.0, 0.0, -1.0580000000000001 ],
	"position" : 
	[
		-0.48696431459881495,
		1.7745984235498267,
		-0.5728519670894342,
		1.1649200092433212,
		-0.88109456628407479,
		-0.54604370977880812,
		0.050700000000000002
	],
	"velocity" : 
	[
		0.0,
		0.0,
		-0.032000000000000001,
		-0.047,
		0.13600000000000001,
		0.115,
		0.0
	]
}
