{
	"effort" : [ 0.0, 0.0, 0.0, 0.0, 0.0, 0.0, -0.058999999999999997 ],
	"position" : 
	[
		-0.40507346609526168,
		1.7745984235498267,
		-0.56953584151064574,
		1.2512789006319787,
		-1.0696948452545345,
		-0.58168333310452336,
		0.061400000000000003
	],
	"velocity" : 
	[
		-0.35799999999999998,
		0.0,
		0.0,
		-0.17399999999999999,
		0.069000000000000006,
		0.0,
		0.0
	]
}
