{
	"effort" : [ 0.0, 0.0, 0.0, 0.0, 0.0, 0.0, -0.035999999999999997 ],
	"position" : 
	[
		-0.41620866672298268,
		0.98892100747225742,
		-0.33541737564818558,
		1.6000480450579175,
		-0.45736353048499856,
		-1.9953302140494935,
		0.0424
	],
	"velocity" : 
	[
		0.0,
		0.56299999999999994,
		0.0,
		0.0,
		-0.021000000000000001,
		0.034000000000000002,
		0.0
	]
}
