{
	"effort" : [ 0.0, 0.0, 0.0, 0.0, 0.0, 0.0, -1.0409999999999999 ],
	"position" : 
	[
		-0.62988932704459455,
		1.5999956851803578,
		-0.4893030557964867,
		0.73237506072167569,
		-0.2934422071377325,
		-0.8179136473618962,
		0.057099999999999998
	],
	"velocity" : 
	[
		0.090999999999999998,
		0.0,
		0.085999999999999993,
		-0.0070000000000000001,
		-0.124,
		0.0,
		0.0
	]
}
