{
	"effort" : [ 0.0, 0.0, 0.0, 0.0, 0.0, 0.0, -0.32800000000000001 ],
	"position" : 
	[
		-0.48474774644878271,
		1.7745984235498267,
		-0.56953584151064574,
		1.1727216309997337,
		-0.97171206104759766,
		-0.58951986144597579,
		0.0659
	],
	"velocity" : [ -0.01, 0.0, 0.0, -0.023, -0.010999999999999999, 0.0, 0.0 ]
}
