{
	"effort" : [ 0.0, 0.0, 0.0, 0.0, 0.0, 0.0, 0.107 ],
	"position" : 
	[
		-0.58793161182666143,
		1.7583843147988032,
		-0.67507590137871631,
		0.87233301343906566,
		-0.51783918906658688,
		-0.90790282359470098,
		0.0722
	],
	"velocity" : [ 0.0, 0.0, -0.188, 0.0, 0.34699999999999998, -0.625, 0.0 ]
}
