{
	"effort" : [ 0.0, 0.0, 0.0, 0.0, 0.0, 0.0, -0.083000000000000004 ],
	"position" : 
	[
		-0.61432099011680907,
		0.0023212879051518723,
		-0.28930577681050706,
		0.59353411872556172,
		0.66837383705105979,
		-0.58180550615216287,
		-0.0025999999999999999
	],
	"velocity" : [ 0.0, 0.0, 0.16300000000000001, 0.0, 0.32000000000000001, -0.047, 0.0 ]
}
