{
	"effort" : [ 0.0, 0.0, 0.0, 0.0, 0.0, 0.0, -0.85099999999999998 ],
	"position" : 
	[
		-0.48696431459881495,
		1.7745984235498267,
		-0.56953584151064574,
		1.1706621424823811,
		-0.97171206104759766,
		-0.58951986144597579,
		0.059999999999999998
	],
	"velocity" : 
	[
		-0.010999999999999999,
		0.0,
		0.025999999999999999,
		-0.19900000000000001,
		-0.0070000000000000001,
		-0.012999999999999999,
		0.0
	]
}
