{
	"effort" : [ 0.0, 0.0, 0.0, 0.0, 0.0, 0.0, -1.0469999999999999 ],
	"position" : 
	[
		-0.48696431459881495,
		1.7745984235498267,
		-0.57089719832720109,
		1.1649200092433212,
		-0.8830667883388279,
		-0.54867915694931879,
		0.050700000000000002
	],
	"velocity" : 
	[
		0.002,
		0.0,
		-0.085999999999999993,
		0.0,
		0.017000000000000001,
		0.111,
		0.0
	]
}
