{
	"effort" : [ 0.0, 0.0, 0.0, 0.0, 0.0, 0.0, -0.070000000000000007 ],
	"position" : 
	[
		-0.59857812026382407,
		1.7809514220270841,
		-0.55733599003920853,
		0.70867348947959863,
		-0.72497486469322148,
		-0.45736353048499856,
		0.076100000000000001
	],
	"velocity" : 
	[
		-0.045999999999999999,
		0.0,
		-0.012,
		-0.0089999999999999993,
		0.0,
		0.0,
		0.0
	]
}
