{
	"effort" : [ 0.0, 0.0, 0.0, 0.0, 0.0, 0.0, -0.63100000000000001 ],
	"position" : 
	[
		-0.51543063469883521,
		1.7034937098235952,
		-0.58039178945804781,
		0.73940873760721104,
		-0.50679125490146548,
		-0.37800340939683647,
		0.078
	],
	"velocity" : [ 0.0, 0.0, 0.0, -0.075999999999999998, 0.0, 0.0, 0.0 ]
}
