{
	"effort" : [ 0.0, 0.0, 0.0, 0.0, 0.0, 0.0, -1.05 ],
	"position" : 
	[
		-0.53590334682472351,
		1.6979435628022546,
		-0.59068923204481172,
		0.67079984471133125,
		-0.49487065611034725,
		-0.53126077101441982,
		0.069000000000000006
	],
	"velocity" : 
	[
		-0.32500000000000001,
		0.0,
		0.0,
		0.0,
		0.014999999999999999,
		-0.70499999999999996,
		0.0
	]
}
