{
	"effort" : [ 0.0, 0.0, 0.0, 0.0, 0.0, 0.0, 0.108 ],
	"position" : 
	[
		-0.56614990276177768,
		1.7341765980736479,
		-0.57732000997453869,
		1.0580884057287752,
		-0.73878041907649328,
		-0.95427622182017868,
		0.0722
	],
	"velocity" : 
	[
		-0.32500000000000001,
		0.17399999999999999,
		-0.30599999999999999,
		-0.082000000000000003,
		0.0,
		0.316,
		0.0
	]
}
