{
	"effort" : [ 0.0, 0.0, 0.0, 0.0, 0.0, 0.0, 0.14399999999999999 ],
	"position" : 
	[
		-0.61432099011680907,
		1.1227004946375889,
		-0.36295867124464914,
		1.0459409141348976,
		-0.41753511695449802,
		-0.58180550615216287,
		0.0722
	],
	"velocity" : [ 0.0, -0.42199999999999999, 0.0, 0.0, 0.218, 0.0, 0.0 ]
}
