{
	"effort" : [ 0.0, 0.0, 0.0, 0.0, 0.0, 0.0, -0.035000000000000003 ],
	"position" : 
	[
		-0.41620866672298268,
		0.93345444384389153,
		-0.33541737564818558,
		1.6021075335752701,
		-0.39786525628452696,
		-2.0067621206500537,
		0.0424
	],
	"velocity" : [ 0.0, 0.01, 0.0, 0.0, -0.037999999999999999, 0.021000000000000001, 0.0 ]
}
