{
	"effort" : [ 0.0, 0.0, 0.0, 0.0, 0.0, 0.0, -1.0469999999999999 ],
	"position" : 
	[
		-0.48851765763308952,
		1.7745984235498267,
		-0.58323667613879793,
		1.1382164716878147,
		-0.85695666272899951,
		-0.54922020901743696,
		0.0516
	],
	"velocity" : 
	[
		-0.064000000000000001,
		0.0,
		0.0,
		-0.20899999999999999,
		-0.0070000000000000001,
		-0.16800000000000001,
		0.0
	]
}
