{
	"effort" : [ 0.0, 0.0, 0.0, 0.0, 0.0, 0.0, -0.51400000000000001 ],
	"position" : 
	[
		-0.41994367132224958,
		0.0037175513067469832,
		-0.0039269908169862503,
		1.6711353054916285,
		0.055361843873246157,
		-1.8156660208492428,
		-0.0041999999999999997
	],
	"velocity" : 
	[
		0.0,
		0.0,
		-0.10199999999999999,
		0.0,
		-0.0050000000000000001,
		-0.58399999999999996,
		0.0
	]
}
