{
	"effort" : [ 0.0, 0.0, 0.0, 0.0, 0.0, 0.0, -1.044 ],
	"position" : 
	[
		-0.59644881857639165,
		1.7809514220270841,
		-0.56981509419096488,
		0.81192716802755704,
		-0.86765553104372195,
		-0.47532296848801575,
		0.054100000000000002
	],
	"velocity" : [ -0.035999999999999997, 0.0, 0.0, 0.0, 0.115, 0.0, 0.0 ]
}
