{
	"effort" : [ 0.0, 0.0, 0.0, 0.0, 0.0, 0.0, -0.037999999999999999 ],
	"position" : 
	[
		-0.41994367132224958,
		0.87669633656905033,
		-0.47458993020217827,
		1.5492415105323754,
		-0.29862583501615436,
		-1.8915180301408971,
		0.0424
	],
	"velocity" : 
	[
		0.0,
		1.462,
		-0.64500000000000002,
		0.54600000000000004,
		-0.69399999999999995,
		0.0,
		0.0
	]
}
