{
	"effort" : [ 0.0, 0.0, 0.0, 0.0, 0.0, 0.0, -0.52000000000000002 ],
	"position" : 
	[
		-0.41994367132224958,
		0.0037175513067469832,
		0.0,
		1.6711353054916285,
		0.21263346277041548,
		-1.7087820574571371,
		-0.0041999999999999997
	],
	"velocity" : [ 0.0, 0.0, 0.0, 0.0, -0.42299999999999999, 0.0, 0.0 ]
}
