{
	"effort" : [ 0.0, 0.0, 0.0, 0.0, 0.0, 0.0, 0.087999999999999995 ],
	"position" : 
	[
		-0.41849504804309473,
		1.5924035029341843,
		-0.49974012472341017,
		1.2150982252381455,
		-0.7112216701875097,
		-1.2781220645276448,
		0.0722
	],
	"velocity" : 
	[
		-0.088999999999999996,
		0.54600000000000004,
		0.0,
		-0.65100000000000002,
		0.0,
		0.47499999999999998,
		0.0
	]
}
