{
	"effort" : [ 0.0, 0.0, 0.0, 0.0, 0.0, 0.0, -0.035000000000000003 ],
	"position" : 
	[
		-0.41620866672298268,
		0.93345444384389153,
		-0.33721506477773927,
		1.6131380144478717,
		-0.40025635735975856,
		-2.0211261803939631,
		0.0424
	],
	"velocity" : [ 0.0, 0.0, 0.063, -0.092999999999999999, 0.024, -0.107, 0.0 ]
}
