{
	"effort" : [ 0.0, 0.0, 0.0, 0.0, 0.0, 0.0, 0.032000000000000001 ],
	"position" : 
	[
		-0.48466047998618295,
		1.7833774296873559,
		-0.56283377718298921,
		1.2077329357947311,
		-1.1239571316990244,
		-0.47094219206551102,
		0.049599999999999998
	],
	"velocity" : 
	[
		-0.021000000000000001,
		-0.01,
		-0.058000000000000003,
		-0.247,
		-0.11600000000000001,
		0.0,
		0.0
	]
}
