{
	"effort" : [ 0.0, 0.0, 0.0, 0.0, 0.0, 0.0, -1.038 ],
	"position" : 
	[
		-0.62341415551969714,
		1.694138745032908,
		-0.53613023962748274,
		0.5988399196516232,
		-0.47085492560291137,
		-0.64598126274797818,
		0.056000000000000001
	],
	"velocity" : 
	[
		0.0,
		0.224,
		0.014999999999999999,
		0.0,
		-0.099000000000000005,
		0.014999999999999999,
		0.0
	]
}
