{
	"effort" : [ 0.0, 0.0, 0.0, 0.0, 0.0, 0.0, -1.0329999999999999 ],
	"position" : 
	[
		-0.48670251521101582,
		1.7833774296873559,
		-0.58330648930887752,
		0.77670642372232046,
		-1.0746515803301973,
		-0.49940851216553139,
		0.0436
	],
	"velocity" : 
	[
		-0.016,
		0.0,
		0.128,
		0.42699999999999999,
		-0.64400000000000002,
		0.037999999999999999,
		0.0
	]
}
