{
	"effort" : [ 0.0, 0.0, 0.0, 0.0, 0.0, 0.0, 0.219 ],
	"position" : 
	[
		-0.41620866672298268,
		1.3783563234696539,
		-0.46074946923386673,
		1.3742897063125079,
		-0.66420250013879434,
		-1.39950971400382,
		0.046399999999999997
	],
	"velocity" : 
	[
		0.0,
		0.77100000000000002,
		-0.36699999999999999,
		-0.28699999999999998,
		-0.53800000000000003,
		1.1519999999999999,
		0.0
	]
}
