{
	"effort" : [ 0.0, 0.0, 0.0, 0.0, 0.0, 0.0, -1.042 ],
	"position" : 
	[
		-0.49984484447852978,
		1.7723993086923142,
		-0.59262654751452493,
		0.99413954193571907,
		-0.92364569344768599,
		-0.55213490886826677,
		0.0516
	],
	"velocity" : 
	[
		0.035000000000000003,
		0.0,
		0.0030000000000000001,
		-0.058999999999999997,
		-0.38500000000000001,
		0.0,
		0.0
	]
}
