{
	"effort" : [ 0.0, 0.0, 0.0, 0.0, 0.0, 0.0, -0.0030000000000000001 ],
	"position" : 
	[
		-0.41620866672298268,
		1.2808447781607553,
		-0.4108854125044013,
		1.4167012071359597,
		-0.59011327339165376,
		-1.5578808903297452,
		0.0424
	],
	"velocity" : 
	[
		0.0,
		0.84599999999999997,
		-0.45500000000000002,
		-0.47099999999999997,
		-0.40600000000000003,
		1.6200000000000001,
		0.0
	]
}
