{
	"effort" : [ 0.0, 0.0, 0.0, 0.0, 0.0, 0.0, -1.012 ],
	"position" : 
	[
		-0.51167817680704841,
		1.6979435628022546,
		-0.59068923204481172,
		0.67111400397669019,
		-0.50202650604352217,
		-0.47738245700536852,
		0.074999999999999997
	],
	"velocity" : 
	[
		-0.14999999999999999,
		0.0,
		0.0,
		0.0089999999999999993,
		0.029999999999999999,
		-0.51100000000000001,
		0.0
	]
}
