{
	"effort" : [ 0.0, 0.0, 0.0, 0.0, 0.0, 0.0, -1.042 ],
	"position" : 
	[
		-0.48696431459881495,
		1.7745984235498267,
		-0.56470127948262272,
		1.1609930184263348,
		-0.89655818345674088,
		-0.55368825190254134,
		0.050700000000000002
	],
	"velocity" : 
	[
		0.0,
		0.0,
		-0.10000000000000001,
		0.012999999999999999,
		0.16200000000000001,
		0.097000000000000003,
		0.0
	]
}
