{
	"effort" : [ 0.0, 0.0, 0.0, 0.0, 0.0, 0.0, 0.113 ],
	"position" : 
	[
		-0.54476961942485258,
		1.7240362351195633,
		-0.55939547855656135,
		1.0669023184513442,
		-0.73878041907649328,
		-0.97537725247678475,
		0.0722
	],
	"velocity" : 
	[
		-0.44800000000000001,
		0.19900000000000001,
		-0.34599999999999997,
		-0.13800000000000001,
		-0.0030000000000000001,
		0.745,
		0.0
	]
}
