{
	"effort" : [ 0.0, 0.0, 0.0, 0.0, 0.0, 0.0, -1.044 ],
	"position" : 
	[
		-0.58597684306442821,
		1.7602867236834763,
		-0.73303828583743336,
		0.98907808710493683,
		-0.47277478778010462,
		-1.0059903275567577,
		0.045499999999999999
	],
	"velocity" : [ 0.0, 0.0, 0.0, -0.314, 0.10100000000000001, 0.51300000000000001, 0.0 ]
}
