{
	"effort" : [ 0.0, 0.0, 0.0, 0.0, 0.0, 0.0, -0.14899999999999999 ],
	"position" : 
	[
		-0.47652724567189153,
		1.7745984235498267,
		-0.56953584151064574,
		1.2096353446794046,
		-1.0032327073386074,
		-0.58862974352745889,
		0.055300000000000002
	],
	"velocity" : 
	[
		-0.155,
		0.0,
		0.0,
		-0.28699999999999998,
		0.161,
		-0.099000000000000005,
		0.0
	]
}
