{
	"effort" : [ 0.0, 0.0, 0.0, 0.0, 0.0, 0.0, -0.082000000000000003 ],
	"position" : 
	[
		-0.40324087038066808,
		1.7745984235498267,
		-0.56953584151064574,
		1.2257098270902682,
		-1.0522590060271155,
		-0.55972709111444019,
		0.061400000000000003
	],
	"velocity" : 
	[
		0.28000000000000003,
		0.0,
		0.023,
		0.087999999999999995,
		-0.26000000000000001,
		-0.025999999999999999,
		0.0
	]
}
