{
	"effort" : [ 0.0, 0.0, 0.0, 0.0, 0.0, 0.0, -1.034 ],
	"position" : 
	[
		-0.48909361628624742,
		1.7808816088570043,
		-0.61737531630779829,
		0.76092864728429566,
		-0.91556481901095421,
		-0.59014817997669367,
		0.0436
	],
	"velocity" : 
	[
		0.099000000000000005,
		0.0,
		0.36899999999999999,
		-0.105,
		-1.649,
		1.1000000000000001,
		0.0
	]
}
