{
	"effort" : [ 0.0, 0.0, 0.0, 0.0, 0.0, 0.0, -0.108 ],
	"position" : 
	[
		-0.58793161182666143,
		1.7583843147988032,
		-0.73223543438151617,
		0.99974204883461948,
		-0.47970374491052031,
		-1.0538996155239899,
		0.055899999999999998
	],
	"velocity" : [ 0.0, 0.0, 0.0, 0.0, -0.019, -0.113, 0.0 ]
}
