{
	"effort" : [ 0.0, 0.0, 0.0, 0.0, 0.0, 0.0, -1.0429999999999999 ],
	"position" : 
	[
		-0.63367669152142125,
		1.6019679072351107,
		-0.52761303287775263,
		0.7531095722353629,
		-0.25785494368957712,
		-0.81557490616422434,
		0.057000000000000002
	],
	"velocity" : 
	[
		0.0,
		0.0,
		0.092999999999999999,
		-0.017000000000000001,
		-0.0030000000000000001,
		-0.087999999999999995,
		0.0
	]
}
