{
	"effort" : [ 0.0, 0.0, 0.0, 0.0, 0.0, 0.0, -0.034000000000000002 ],
	"position" : 
	[
		-0.41620866672298268,
		0.93499033358564609,
		-0.47834238809396512,
		1.8285116441439178,
		-0.46425758103037446,
		-2.0211261803939631,
		0.0424
	],
	"velocity" : [ 0.0, 0.0, 0.48499999999999999, -0.45600000000000002, 0.023, 0.0, 0.0 ]
}
