{
	"effort" : [ 0.0, 0.0, 0.0, 0.0, 0.0, 0.0, -0.037999999999999999 ],
	"position" : 
	[
		-0.41620866672298268,
		0.93499033358564609,
		-0.44191736660485265,
		1.7890148431712958,
		-0.46034804350590819,
		-2.0211261803939631,
		0.0424
	],
	"velocity" : 
	[
		0.0,
		0.0,
		0.54600000000000004,
		-0.80900000000000005,
		0.034000000000000002,
		0.0,
		0.0
	]
}
