{
	"effort" : [ 0.0, 0.0, 0.0, 0.0, 0.0, 0.0, 0.14999999999999999 ],
	"position" : 
	[
		-0.61432099011680907,
		1.5555596024245935,
		-0.4094891491028062,
		1.0422233628281508,
		-0.41476004344382778,
		-0.58180550615216287,
		0.0722
	],
	"velocity" : [ 0.0, -0.112, 0.0, 0.0, 0.0, 0.0, 0.0 ]
}
