{
	"effort" : [ 0.0, 0.0, 0.0, 0.0, 0.0, 0.0, -1.034 ],
	"position" : 
	[
		-0.61432099011680907,
		1.6144644646793871,
		-0.4095066023953261,
		0.70979050020087475,
		-0.41277036809655471,
		-0.75974182339293983,
		0.054899999999999997
	],
	"velocity" : 
	[
		0.0,
		0.086999999999999994,
		0.0,
		0.16800000000000001,
		-0.047,
		0.155,
		0.0
	]
}
