{
	"effort" : [ 0.0, 0.0, 0.0, 0.0, 0.0, 0.0, -1.044 ],
	"position" : 
	[
		-0.61432099011680907,
		1.6095251828962442,
		-0.41083305262684156,
		0.70083696113814609,
		-0.3982666820124855,
		-0.81351541764687152,
		0.054899999999999997
	],
	"velocity" : 
	[
		0.0,
		0.088999999999999996,
		0.051999999999999998,
		0.157,
		-0.214,
		0.56899999999999995,
		0.0
	]
}
