{
	"effort" : [ 0.0, 0.0, 0.0, 0.0, 0.0, 0.0, -1.0469999999999999 ],
	"position" : 
	[
		-0.49984484447852978,
		1.7723993086923142,
		-0.59262654751452493,
		0.98577941481866849,
		-0.95593428460957286,
		-0.55213490886826677,
		0.051499999999999997
	],
	"velocity" : 
	[
		-0.021000000000000001,
		0.0,
		0.002,
		-0.023,
		-0.33700000000000002,
		-0.010999999999999999,
		0.0
	]
}
