{
	"effort" : [ 0.0, 0.0, 0.0, 0.0, 0.0, 0.0, -1.0429999999999999 ],
	"position" : 
	[
		-0.48670251521101582,
		1.7833774296873559,
		-0.57540014779734538,
		0.84442519869968324,
		-1.1026292082396592,
		-0.48031461014871818,
		0.0436
	],
	"velocity" : 
	[
		0.0,
		0.0,
		0.044999999999999998,
		0.34799999999999998,
		-0.021000000000000001,
		0.092999999999999999,
		0.0
	]
}
