{
	"effort" : [ 0.0, 0.0, 0.0, 0.0, 0.0, 0.0, -1.0429999999999999 ],
	"position" : 
	[
		-0.58695422744554482,
		1.7723993086923142,
		-0.58426642039747423,
		0.95198984050006663,
		-0.96146697833839356,
		-0.52377330852336612,
		0.050900000000000001
	],
	"velocity" : 
	[
		-0.104,
		0.0,
		0.028000000000000001,
		0.0,
		0.023,
		0.075999999999999998,
		0.0
	]
}
