{
	"effort" : [ 0.0, 0.0, 0.0, 0.0, 0.0, 0.0, -1.0409999999999999 ],
	"position" : 
	[
		-0.53639203901528187,
		1.7769371647474981,
		-0.73124059670787966,
		0.7307169979322814,
		-0.42748349369086319,
		-0.6647435522069125,
		0.0436
	],
	"velocity" : 
	[
		0.0040000000000000001,
		0.0,
		0.0,
		0.95199999999999996,
		-0.44800000000000001,
		0.0,
		0.0
	]
}
