{
	"effort" : [ 0.0, 0.0, 0.0, 0.0, 0.0, 0.0, 0.14599999999999999 ],
	"position" : 
	[
		-0.61432099011680907,
		1.5578808903297452,
		-0.4094891491028062,
		1.0422233628281508,
		-0.41476004344382778,
		-0.58180550615216287,
		0.0722
	],
	"velocity" : [ 0.0, -0.050000000000000003, 0.0, 0.067000000000000004, 0.0, 0.0, 0.0 ]
}
