{
	"effort" : [ 0.0, 0.0, 0.0, 0.0, 0.0, 0.0, 0.14399999999999999 ],
	"position" : 
	[
		-0.61432099011680907,
		1.1051773889475704,
		-0.36295867124464914,
		1.0459409141348976,
		-0.40357248293854692,
		-0.58180550615216287,
		0.0722
	],
	"velocity" : [ 0.0, -0.39900000000000002, 0.0, 0.0, 0.504, 0.0, 0.0 ]
}
