{
	"effort" : [ 0.0, 0.0, 0.0, 0.0, 0.0, 0.0, 0.107 ],
	"position" : 
	[
		-0.58793161182666143,
		1.7583843147988032,
		-0.63980279719591981,
		0.9358629982116432,
		-0.64959409429960546,
		-0.87701049583440915,
		0.0722
	],
	"velocity" : 
	[
		0.0,
		0.0,
		-0.13200000000000001,
		-0.17399999999999999,
		0.014999999999999999,
		0.56899999999999995,
		0.0
	]
}
