{
	"effort" : [ 0.0, 0.0, 0.0, 0.0, 0.0, 0.0, -0.628 ],
	"position" : 
	[
		-0.51696652444058988,
		1.7034937098235952,
		-0.58039178945804781,
		0.74406876671003475,
		-0.50996775414009443,
		-0.37800340939683647,
		0.078
	],
	"velocity" : 
	[
		0.092999999999999999,
		0.0,
		0.0,
		-0.14299999999999999,
		0.34499999999999997,
		0.0,
		0.0
	]
}
