{
	"effort" : [ 0.0, 0.0, 0.0, 0.0, 0.0, 0.0, 0.14000000000000001 ],
	"position" : 
	[
		-0.61432099011680907,
		1.2520642987953761,
		-0.39332740022934282,
		1.044178131590384,
		-0.34180528071048316,
		-0.58180550615216287,
		0.0722
	],
	"velocity" : 
	[
		0.0,
		-0.14699999999999999,
		0.084000000000000005,
		0.0,
		-0.14699999999999999,
		0.0,
		0.0
	]
}
