{
	"effort" : [ 0.0, 0.0, 0.0, 0.0, 0.0, 0.0, -1.044 ],
	"position" : 
	[
		-0.61432099011680907,
		1.614481917971907,
		-0.4095066023953261,
		0.72462579884282274,
		-0.41533600209698579,
		-0.74478435170335222,
		0.054899999999999997
	],
	"velocity" : [ 0.0, 0.0, 0.0, 0.251, 0.0, 0.318, 0.0 ]
}
