{
	"effort" : [ 0.0, 0.0, 0.0, 0.0, 0.0, 0.0, 0.02 ],
	"position" : 
	[
		-0.41994367132224958,
		0.0037175513067469832,
		-0.12164944886397405,
		1.4748904843974358,
		0.0,
		-1.8915180301408971,
		0.041099999999999998
	],
	"velocity" : [ 0.0, 0.0, -0.29599999999999999, -1.206, 0.40200000000000002, 0.0, 0.0 ]
}
