{
	"effort" : [ 0.0, 0.0, 0.0, 0.0, 0.0, 0.0, -0.65800000000000003 ],
	"position" : 
	[
		-0.51296972045352385,
		1.7034937098235952,
		-0.58039178945804781,
		0.71446798259621846,
		-0.50104912166240567,
		-0.391826417072628,
		0.078
	],
	"velocity" : 
	[
		0.014,
		0.0,
		-0.017999999999999999,
		-0.21199999999999999,
		0.0,
		-0.0070000000000000001,
		0.0
	]
}
