{
	"effort" : [ 0.0, 0.0, 0.0, 0.0, 0.0, 0.0, -0.035999999999999997 ],
	"position" : 
	[
		-0.41854740792065454,
		1.0462027135226968,
		-0.5729392335520338,
		1.7086424311169774,
		-0.33787828989349694,
		-1.895287941325204,
		0.0424
	],
	"velocity" : 
	[
		0.023,
		0.028000000000000001,
		-0.081000000000000003,
		0.85099999999999998,
		0.26000000000000001,
		-0.13600000000000001,
		0.0
	]
}
