{
	"effort" : [ 0.0, 0.0, 0.0, 0.0, 0.0, 0.0, 0.012999999999999999 ],
	"position" : 
	[
		-0.61432099011680907,
		0.054105206811810559,
		-0.36140532821037458,
		0.74982835324161468,
		0.20539034637464085,
		-0.58180550615216287,
		0.0722
	],
	"velocity" : [ 0.0, -0.82799999999999996, 0.0, -0.57299999999999995, 1.587, 0.0, 0.0 ]
}
