{
	"effort" : [ 0.0, 0.0, 0.0, 0.0, 0.0, 0.0, -0.031 ],
	"position" : 
	[
		-0.41760493012457783,
		1.0311928819555494,
		-0.57531288133474556,
		1.8193312122784298,
		-0.29297096823969421,
		-1.9536692048043991,
		0.0424
	],
	"velocity" : 
	[
		0.019,
		-0.218,
		0.0,
		0.89900000000000002,
		0.627,
		-0.65900000000000003,
		0.0
	]
}
