{
	"effort" : [ 0.0, 0.0, 0.0, 0.0, 0.0, 0.0, 0.079000000000000001 ],
	"position" : 
	[
		-0.41620866672298268,
		1.5209671766500745,
		-0.49745374340329818,
		1.2779998914800053,
		-0.7112216701875097,
		-1.3007589849260055,
		0.069599999999999995
	],
	"velocity" : 
	[
		0.0,
		0.628,
		-0.033000000000000002,
		-0.70499999999999996,
		0.0,
		0.26800000000000002,
		0.0
	]
}
