{
	"effort" : [ 0.0, 0.0, 0.0, 0.0, 0.0, 0.0, -1.0429999999999999 ],
	"position" : 
	[
		-0.61432099011680907,
		1.603870316119784,
		-0.4173256774442588,
		0.70083696113814609,
		-0.3615973144280939,
		-0.83931138399134109,
		0.054899999999999997
	],
	"velocity" : [ 0.0, 0.014999999999999999, 0.016, 0.0, -0.26000000000000001, 0.0, 0.0 ]
}
