{
	"effort" : [ 0.0, 0.0, 0.0, 0.0, 0.0, 0.0, -1.04 ],
	"position" : 
	[
		-0.58887408962273813,
		1.7723993086923142,
		-0.58236401151280082,
		0.94314102119245768,
		-0.95733054801116801,
		-0.51480231616811745,
		0.050900000000000001
	],
	"velocity" : 
	[
		-0.0080000000000000002,
		0.0,
		0.029000000000000001,
		-0.25800000000000001,
		-0.001,
		0.080000000000000002,
		0.0
	]
}
