{
	"effort" : [ 0.0, 0.0, 0.0, 0.0, 0.0, 0.0, 0.058999999999999997 ],
	"position" : 
	[
		-0.61432099011680907,
		0.31175071099114837,
		-0.36140532821037458,
		0.90420272558047399,
		-0.021642082724724222,
		-0.58180550615216287,
		0.0722
	],
	"velocity" : 
	[
		0.0,
		-1.141,
		0.0030000000000000001,
		-0.64000000000000001,
		0.095000000000000001,
		0.0,
		0.0
	]
}
