{
	"effort" : [ 0.0, 0.0, 0.0, 0.0, 0.0, 0.0, 0.14099999999999999 ],
	"position" : 
	[
		-0.61432099011680907,
		1.2473693631075125,
		-0.36569883817027948,
		1.0459409141348976,
		-0.34700636188142503,
		-0.58180550615216287,
		0.0722
	],
	"velocity" : 
	[
		0.0,
		0.0,
		0.035000000000000003,
		-0.0070000000000000001,
		-0.035999999999999997,
		0.0,
		0.0
	]
}
