{
	"effort" : [ 0.0, 0.0, 0.0, 0.0, 0.0, 0.0, -0.66000000000000003 ],
	"position" : 
	[
		-0.51296972045352385,
		1.7034937098235952,
		-0.58039178945804781,
		0.71898838535888243,
		-0.50104912166240567,
		-0.38992400818795475,
		0.078
	],
	"velocity" : 
	[
		0.0,
		0.0,
		-0.024,
		-0.17000000000000001,
		0.0,
		-0.0089999999999999993,
		0.0
	]
}
