{
	"effort" : [ 0.0, 0.0, 0.0, 0.0, 0.0, 0.0, -0.042000000000000003 ],
	"position" : 
	[
		-0.41620866672298268,
		0.93717199515063843,
		-0.53848643411767461,
		1.8815696534045319,
		-0.32464869416338327,
		-2.0211261803939631,
		0.0424
	],
	"velocity" : 
	[
		-0.002,
		0.0,
		0.0030000000000000001,
		-0.16200000000000001,
		-0.63200000000000001,
		0.0,
		0.0
	]
}
