{
	"effort" : [ 0.0, 0.0, 0.0, 0.0, 0.0, 0.0, -1.044 ],
	"position" : 
	[
		-0.48670251521101582,
		1.7833774296873559,
		-0.57540014779734538,
		0.84664176684971559,
		-1.1026292082396592,
		-0.48078584904675659,
		0.0436
	],
	"velocity" : 
	[
		0.0,
		0.0,
		0.053999999999999999,
		0.314,
		-0.014999999999999999,
		0.037999999999999999,
		0.0
	]
}
