{
	"effort" : [ 0.0, 0.0, 0.0, 0.0, 0.0, 0.0, 0.019 ],
	"position" : 
	[
		-0.41620866672298268,
		1.5663457372019158,
		-0.49974012472341017,
		1.2398993539089784,
		-0.7112216701875097,
		-1.2907757016046006,
		0.071800000000000003
	],
	"velocity" : 
	[
		-0.025000000000000001,
		0.54700000000000004,
		-0.021000000000000001,
		-0.41599999999999998,
		0.0,
		0.184,
		0.0
	]
}
