{
	"effort" : [ 0.0, 0.0, 0.0, 0.0, 0.0, 0.0, -1.0409999999999999 ],
	"position" : 
	[
		-0.61432099011680907,
		1.6079892931544897,
		-0.41304962077687374,
		0.70083696113814609,
		-0.38870227771155902,
		-0.82826344982621991,
		0.054899999999999997
	],
	"velocity" : 
	[
		0.0,
		0.089999999999999997,
		0.043999999999999997,
		0.0,
		-0.33700000000000002,
		0.375,
		0.0
	]
}
