{
	"effort" : [ 0.0, 0.0, 0.0, 0.0, 0.0, 0.0, 0.17399999999999999 ],
	"position" : 
	[
		-0.41994367132224958,
		0.0037175513067469832,
		-0.06407103684069565,
		1.6110785259305191,
		-0.035377823937916129,
		-1.8915180301408971,
		-0.0016000000000000001
	],
	"velocity" : [ 0.0, 0.0, -0.106, -0.193, 0.0, -0.0050000000000000001, 0.0 ]
}
