{
	"effort" : [ 0.0, 0.0, 0.0, 0.0, 0.0, 0.0, -0.033000000000000002 ],
	"position" : 
	[
		-0.41620866672298268,
		0.93499033358564609,
		-0.48528879851690082,
		1.8346028432333763,
		-0.46425758103037446,
		-2.0211261803939631,
		0.0424
	],
	"velocity" : 
	[
		0.0,
		0.014,
		0.42799999999999999,
		-0.496,
		-0.060999999999999999,
		0.0,
		0.0
	]
}
