{
	"effort" : [ 0.0, 0.0, 0.0, 0.0, 0.0, 0.0, -1.0369999999999999 ],
	"position" : 
	[
		-0.59674552454923058,
		1.6979435628022546,
		-0.59068923204481172,
		0.65085073136104099,
		-0.4744153972769789,
		-0.65099035770120062,
		0.057200000000000001
	],
	"velocity" : 
	[
		-0.20699999999999999,
		0.0,
		0.0,
		-0.069000000000000006,
		0.185,
		-0.45800000000000002,
		0.0
	]
}
