{
	"effort" : [ 0.0, 0.0, 0.0, 0.0, 0.0, 0.0, 0.049000000000000002 ],
	"position" : 
	[
		-0.58793161182666143,
		1.7583843147988032,
		-0.72211252471995158,
		0.97651171649058088,
		-0.49373619209655123,
		-1.0234087134916567,
		0.0722
	],
	"velocity" : 
	[
		0.0,
		0.0,
		-0.14000000000000001,
		0.34699999999999998,
		0.069000000000000006,
		-0.314,
		0.0
	]
}
