{
	"effort" : [ 0.0, 0.0, 0.0, 0.0, 0.0, 0.0, -0.54400000000000004 ],
	"position" : 
	[
		-0.52672291495923573,
		1.7126392351040434,
		-0.58039178945804781,
		0.73499305459966657,
		-0.56845373737440963,
		-0.38660788260916629,
		0.077600000000000002
	],
	"velocity" : 
	[
		0.17499999999999999,
		-0.13700000000000001,
		0.0,
		0.0070000000000000001,
		0.035999999999999997,
		0.109,
		0.0
	]
}
