{
	"effort" : [ 0.0, 0.0, 0.0, 0.0, 0.0, 0.0, -1.04 ],
	"position" : 
	[
		-0.48696431459881495,
		1.7745984235498267,
		-0.56084410183571631,
		1.1562282695683916,
		-0.95129170879926916,
		-0.57559213401506459,
		0.050700000000000002
	],
	"velocity" : 
	[
		0.0,
		0.0,
		0.0,
		-0.012999999999999999,
		0.23200000000000001,
		0.080000000000000002,
		0.0
	]
}
