{
	"effort" : [ 0.0, 0.0, 0.0, 0.0, 0.0, 0.0, -0.19600000000000001 ],
	"position" : 
	[
		-0.61432099011680907,
		0.0023212879051518723,
		-0.27748989777450839,
		0.5877919854865018,
		0.50537753820735043,
		-0.64015186304631855,
		-0.0028999999999999998
	],
	"velocity" : 
	[
		0.0,
		0.0,
		-0.025000000000000001,
		0.13800000000000001,
		-2.0009999999999999,
		-0.26600000000000001,
		0.0
	]
}
