{
	"effort" : [ 0.0, 0.0, 0.0, 0.0, 0.0, 0.0, -1.071 ],
	"position" : 
	[
		-0.5941449839637597,
		1.7809514220270841,
		-0.57042595942916274,
		0.8755967791402941,
		-0.95733054801116801,
		-0.50047316300924771,
		0.051999999999999998
	],
	"velocity" : 
	[
		-0.002,
		0.001,
		0.031,
		-0.22800000000000001,
		0.105,
		0.021000000000000001,
		0.0
	]
}
