{
	"effort" : [ 0.0, 0.0, 0.0, 0.0, 0.0, 0.0, -0.19500000000000001 ],
	"position" : 
	[
		-0.61432099011680907,
		0.0023212879051518723,
		-0.24654521013665673,
		0.62796946486740113,
		0.25418975226038998,
		-0.65788440824657646,
		-0.0028999999999999998
	],
	"velocity" : 
	[
		0.0,
		0.0,
		0.46400000000000002,
		0.034000000000000002,
		-0.59999999999999998,
		-0.097000000000000003,
		0.0
	]
}
