{
	"effort" : [ 0.0, 0.0, 0.0, 0.0, 0.0, 0.0, -0.38100000000000001 ],
	"position" : 
	[
		-0.59027035302433317,
		1.7673553071540518,
		-0.57873372666865364,
		0.69062678501398178,
		-0.58328903601635773,
		-0.40898300361972795,
		0.077200000000000005
	],
	"velocity" : 
	[
		0.215,
		-0.161,
		-0.02,
		0.057000000000000002,
		0.052999999999999999,
		0.16800000000000001,
		0.0
	]
}
