{
	"effort" : [ 0.0, 0.0, 0.0, 0.0, 0.0, 0.0, -1.0409999999999999 ],
	"position" : 
	[
		-0.48670251521101582,
		1.7833774296873559,
		-0.58597684306442821,
		0.76359900103984635,
		-1.0502693306798427,
		-0.5079257189152615,
		0.0436
	],
	"velocity" : 
	[
		-0.0030000000000000001,
		0.0,
		0.12,
		0.16600000000000001,
		-0.65900000000000003,
		0.379,
		0.0
	]
}
