{
	"effort" : [ 0.0, 0.0, 0.0, 0.0, 0.0, 0.0, -1.0389999999999999 ],
	"position" : 
	[
		-0.6258925230575284,
		1.5999956851803578,
		-0.4790754263798026,
		0.72804664417673071,
		-0.31450833120929877,
		-0.8179136473618962,
		0.057099999999999998
	],
	"velocity" : 
	[
		0.0030000000000000001,
		0.0,
		0.097000000000000003,
		-0.185,
		-0.085999999999999993,
		-0.0070000000000000001,
		0.0
	]
}
