{
	"effort" : [ 0.0, 0.0, 0.0, 0.0, 0.0, 0.0, -1.0429999999999999 ],
	"position" : 
	[
		-0.57344537903511217,
		1.7602867236834763,
		-0.73124059670787966,
		0.76958548037418539,
		-0.37943457938347142,
		-0.66870544960893852,
		0.0436
	],
	"velocity" : 
	[
		0.188,
		0.090999999999999998,
		-0.025999999999999999,
		-0.63800000000000001,
		0.51500000000000001,
		0.0,
		0.0
	]
}
