{
	"effort" : [ 0.0, 0.0, 0.0, 0.0, 0.0, 0.0, 0.045999999999999999 ],
	"position" : 
	[
		-0.58793161182666143,
		1.7583843147988032,
		-0.73223543438151617,
		1.008695587897348,
		-0.48382272194522596,
		-1.0538996155239899,
		0.0722
	],
	"velocity" : 
	[
		0.0,
		0.0,
		0.0,
		-0.0030000000000000001,
		0.216,
		-0.097000000000000003,
		0.0
	]
}
