{
	"effort" : [ 0.0, 0.0, 0.0, 0.0, 0.0, 0.0, -0.035999999999999997 ],
	"position" : 
	[
		-0.41994367132224958,
		1.0221869830152608,
		-0.54712581391504433,
		1.6265246898106647,
		-0.35175365744684839,
		-1.8931586396377713,
		0.0424
	],
	"velocity" : 
	[
		0.0,
		0.499,
		-0.40300000000000002,
		0.73399999999999999,
		-0.251,
		0.0,
		0.0
	]
}
