{
	"effort" : [ 0.0, 0.0, 0.0, 0.0, 0.0, 0.0, -0.059999999999999998 ],
	"position" : 
	[
		-0.45195300980381753,
		1.7745984235498267,
		-0.57136843722523944,
		1.1934212359283813,
		-1.0385232648139238,
		-0.55655059187581135,
		0.061400000000000003
	],
	"velocity" : 
	[
		0.23000000000000001,
		0.0,
		0.028000000000000001,
		0.10299999999999999,
		0.0,
		-0.012999999999999999,
		0.0
	]
}
