{
	"effort" : [ 0.0, 0.0, 0.0, 0.0, 0.0, 0.0, -1.04 ],
	"position" : 
	[
		-0.52991686749038447,
		1.7769371647474981,
		-0.70509556451301114,
		0.79171625528946787,
		-0.58325412943131782,
		-0.6647435522069125,
		0.0436
	],
	"velocity" : 
	[
		0.182,
		0.0,
		0.35799999999999998,
		-0.032000000000000001,
		-1.135,
		0.0,
		0.0
	]
}
