{
	"effort" : [ 0.0, 0.0, 0.0, 0.0, 0.0, 0.0, 0.109 ],
	"position" : 
	[
		-0.56103608805343563,
		1.7323789089440942,
		-0.57517325499458605,
		1.0582803919464945,
		-0.73878041907649328,
		-0.95663241631037044,
		0.0722
	],
	"velocity" : 
	[
		-0.35699999999999998,
		0.245,
		-0.29499999999999998,
		-0.27800000000000002,
		0.0,
		0.373,
		0.0
	]
}
