{
	"effort" : [ 0.0, 0.0, 0.0, 0.0, 0.0, 0.0, -0.189 ],
	"position" : 
	[
		-0.47465974337225803,
		1.7745984235498267,
		-0.56953584151064574,
		1.2138939480542696,
		-1.0051525695158006,
		-0.58730329329594355,
		0.055300000000000002
	],
	"velocity" : 
	[
		-0.090999999999999998,
		0.0,
		0.0,
		-0.44800000000000001,
		0.021000000000000001,
		-0.122,
		0.0
	]
}
