{
	"effort" : [ 0.0, 0.0, 0.0, 0.0, 0.0, 0.0, -1.0660000000000001 ],
	"position" : 
	[
		-0.59065432545977181,
		1.7748253163525856,
		-0.57817522130801557,
		0.91453507475227791,
		-0.95733054801116801,
		-0.50494120589435199,
		0.050900000000000001
	],
	"velocity" : 
	[
		0.0,
		0.014999999999999999,
		0.048000000000000001,
		-0.316,
		0.0,
		0.0,
		0.0
	]
}
