{
	"effort" : [ 0.0, 0.0, 0.0, 0.0, 0.0, 0.0, -1.044 ],
	"position" : 
	[
		-0.58887408962273813,
		1.7723993086923142,
		-0.58236401151280082,
		0.94884824784647781,
		-0.95733054801116801,
		-0.51686180468547027,
		0.050900000000000001
	],
	"velocity" : 
	[
		-0.0030000000000000001,
		0.0,
		0.014,
		-0.159,
		0.012999999999999999,
		0.157,
		0.0
	]
}
