{
	"effort" : [ 0.0, 0.0, 0.0, 0.0, 0.0, 0.0, -1.038 ],
	"position" : 
	[
		-0.62158155980510355,
		1.7070890880827028,
		-0.53990015081178955,
		0.66750117242506279,
		-0.49699995779777983,
		-0.75005524604437379,
		0.0574
	],
	"velocity" : 
	[
		0.0,
		-0.49099999999999999,
		0.042999999999999997,
		0.45000000000000001,
		0.627,
		-0.39300000000000002,
		0.0
	]
}
