{
	"effort" : [ 0.0, 0.0, 0.0, 0.0, 0.0, 0.0, -0.20100000000000001 ],
	"position" : 
	[
		-0.61432099011680907,
		0.0023212879051518723,
		-0.27748989777450839,
		0.5877919854865018,
		0.59545398090275503,
		-0.62447880636341346,
		-0.0028999999999999998
	],
	"velocity" : 
	[
		0.0,
		0.0,
		0.0080000000000000002,
		0.0,
		-1.5529999999999999,
		-0.53400000000000003,
		0.0
	]
}
