{
	"effort" : [ 0.0, 0.0, 0.0, 0.0, 0.0, 0.0, 0.14799999999999999 ],
	"position" : 
	[
		-0.61432099011680907,
		1.614481917971907,
		-0.41126938493983994,
		1.0226756752058193,
		-0.43224824254880645,
		-0.58180550615216287,
		0.060499999999999998
	],
	"velocity" : [ 0.0, 0.0, 0.037999999999999999, 0.0, 0.0, -0.001, 0.0 ]
}
