{
	"effort" : [ 0.0, 0.0, 0.0, 0.0, 0.0, 0.0, -0.056000000000000001 ],
	"position" : 
	[
		-0.47523570202541598,
		1.7745984235498267,
		-0.57136843722523944,
		1.1838742849199748,
		-1.0385232648139238,
		-0.54782394561584191,
		0.061400000000000003
	],
	"velocity" : [ 0.16200000000000001, 0.0, 0.0, 0.070000000000000007, 0.0, -0.109, 0.0 ]
}
