{
	"effort" : [ 0.0, 0.0, 0.0, 0.0, 0.0, 0.0, -0.035000000000000003 ],
	"position" : 
	[
		-0.41620866672298268,
		0.93717199515063843,
		-0.54098225494802576,
		1.9570725968457876,
		-0.12884020538218888,
		-2.0251055310885091,
		0.0424
	],
	"velocity" : [ 0.0, 0.0, 0.017999999999999999, 0.0, 0.001, 0.0, 0.0 ]
}
