{
	"effort" : [ 0.0, 0.0, 0.0, 0.0, 0.0, 0.0, -0.070999999999999994 ],
	"position" : 
	[
		-0.44483206645568246,
		1.7745984235498267,
		-0.57136843722523944,
		1.1962661226091313,
		-1.0385232648139238,
		-0.55655059187581135,
		0.061400000000000003
	],
	"velocity" : [ 0.216, 0.0, 0.014, 0.052999999999999999, 0.0, 0.0, 0.0 ]
}
