{
	"effort" : [ 0.0, 0.0, 0.0, 0.0, 0.0, 0.0, -0.031 ],
	"position" : 
	[
		-0.41620866672298268,
		0.94307120802237787,
		-0.57531288133474556,
		1.9457454100003471,
		-0.23266984258330534,
		-2.0228191497683974,
		0.0424
	],
	"velocity" : 
	[
		0.0,
		-0.11799999999999999,
		0.045999999999999999,
		0.040000000000000001,
		0.42099999999999999,
		-0.029999999999999999,
		0.0
	]
}
