{
	"effort" : [ 0.0, 0.0, 0.0, 0.0, 0.0, 0.0, -1.0109999999999999 ],
	"position" : 
	[
		-0.58159606664192354,
		1.7602867236834763,
		-0.73303828583743336,
		0.95457292779301761,
		-0.44779912618407208,
		-0.7835306610976166,
		0.044600000000000001
	],
	"velocity" : 
	[
		0.0,
		0.0,
		0.0089999999999999993,
		0.10100000000000001,
		0.058999999999999997,
		0.113,
		0.0
	]
}
