{
	"effort" : [ 0.0, 0.0, 0.0, 0.0, 0.0, 0.0, -1.048 ],
	"position" : 
	[
		-0.61512384157272615,
		1.6979435628022546,
		-0.59068923204481172,
		0.63612015247421272,
		-0.46493825943865202,
		-0.68265063033236983,
		0.056399999999999999
	],
	"velocity" : [ -0.154, 0.0, 0.0, -0.37, 0.0, -0.023, 0.0 ]
}
