{
	"effort" : [ 0.0, 0.0, 0.0, 0.0, 0.0, 0.0, -0.031 ],
	"position" : 
	[
		-0.41620866672298268,
		0.99865994469838326,
		-0.57531288133474556,
		1.887556132738871,
		-0.27234117648112643,
		-1.9976689552471654,
		0.0424
	],
	"velocity" : 
	[
		0.0,
		-0.34599999999999997,
		0.0,
		0.621,
		0.16800000000000001,
		-0.099000000000000005,
		0.0
	]
}
