{
	"effort" : [ 0.0, 0.0, 0.0, 0.0, 0.0, 0.0, -0.19 ],
	"position" : 
	[
		-0.48474774644878271,
		1.7745984235498267,
		-0.56953584151064574,
		1.1727216309997337,
		-0.97171206104759766,
		-0.58951986144597579,
		0.067900000000000002
	],
	"velocity" : [ 0.0, 0.0, 0.0, -0.0089999999999999993, 0.0, 0.0, 0.0 ]
}
