{
	"effort" : [ 0.0, 0.0, 0.0, 0.0, 0.0, 0.0, -0.078 ],
	"position" : 
	[
		-0.37826520878463554,
		1.7745984235498267,
		-0.56953584151064574,
		1.2426918807121687,
		-1.0862056599783967,
		-0.57227600843627624,
		0.061400000000000003
	],
	"velocity" : 
	[
		0.11600000000000001,
		0.0,
		0.0,
		0.23300000000000001,
		-0.087999999999999995,
		-0.105,
		0.0
	]
}
