{
	"effort" : [ 0.0, 0.0, 0.0, 0.0, 0.0, 0.0, -1.089 ],
	"position" : 
	[
		-0.62341415551969714,
		1.7363233530536004,
		-0.53794538204955644,
		0.59266145409956483,
		-0.52681018142183544,
		-0.65606926582450287,
		0.056300000000000003
	],
	"velocity" : 
	[
		0.027,
		0.17399999999999999,
		-0.034000000000000002,
		0.045999999999999999,
		-0.43099999999999999,
		-0.71999999999999997,
		0.0
	]
}
