{
	"effort" : [ 0.0, 0.0, 0.0, 0.0, 0.0, 0.0, 0.014 ],
	"position" : 
	[
		-0.61432099011680907,
		0.0062831853071780002,
		-0.36140532821037458,
		0.70436252622717377,
		0.34012976462856903,
		-0.58180550615216287,
		0.0722
	],
	"velocity" : [ 0.0, -0.16700000000000001, 0.0, -0.318, 1.2, 0.0, 0.0 ]
}
