{
	"effort" : [ 0.0, 0.0, 0.0, 0.0, 0.0, 0.0, 0.014999999999999999 ],
	"position" : 
	[
		-0.61432099011680907,
		0.2314481121069096,
		-0.36140532821037458,
		0.85194756777577696,
		0.0,
		-0.58180550615216287,
		0.0722
	],
	"velocity" : [ 0.0, -1.089, 0.0, -0.55000000000000004, 0.379, 0.0, 0.0 ]
}
