{
	"effort" : [ 0.0, 0.0, 0.0, 0.0, 0.0, 0.0, -0.51900000000000002 ],
	"position" : 
	[
		-0.41994367132224958,
		0.0037175513067469832,
		-0.056985000077600476,
		1.6404524172415762,
		-0.022602013813320859,
		-1.8915180301408971,
		-0.0041999999999999997
	],
	"velocity" : [ 0.0, 0.0, 0.0, -0.065000000000000002, -0.11600000000000001, 0.0, 0.0 ]
}
