{
	"effort" : [ 0.0, 0.0, 0.0, 0.0, 0.0, 0.0, -1.046 ],
	"position" : 
	[
		-0.58597684306442821,
		1.7602867236834763,
		-0.73303828583743336,
		0.96902425399952707,
		-0.46549676479929009,
		-0.91176000124160761,
		0.045499999999999999
	],
	"velocity" : [ 0.014, 0.0, 0.0, -0.023, 0.0, 0.874, 0.0 ]
}
