{
	"effort" : [ 0.0, 0.0, 0.0, 0.0, 0.0, 0.0, -1.044 ],
	"position" : 
	[
		-0.53639203901528187,
		1.7769371647474981,
		-0.72748813881609276,
		0.78705622618664428,
		-0.49689523804266011,
		-0.6647435522069125,
		0.0436
	],
	"velocity" : 
	[
		0.001,
		0.0,
		0.184,
		0.30399999999999999,
		-0.90600000000000003,
		0.060999999999999999,
		0.0
	]
}
