{
	"effort" : [ 0.0, 0.0, 0.0, 0.0, 0.0, 0.0, -1.0389999999999999 ],
	"position" : 
	[
		-0.62158155980510355,
		1.7277886930113504,
		-0.53990015081178955,
		0.64025658280143816,
		-0.52258648463201018,
		-0.72768012503381208,
		0.0574
	],
	"velocity" : 
	[
		0.0,
		-0.34000000000000002,
		-0.012,
		0.72599999999999998,
		0.46899999999999997,
		-0.34999999999999998,
		0.0
	]
}
