{
	"effort" : [ 0.0, 0.0, 0.0, 0.0, 0.0, 0.0, 0.13700000000000001 ],
	"position" : 
	[
		-0.61432099011680907,
		1.2378747719766656,
		-0.36360444306788681,
		1.0459409141348976,
		-0.44978880153134515,
		-0.58180550615216287,
		0.0722
	],
	"velocity" : [ 0.0, -0.20699999999999999, 0.0, 0.0, 0.032000000000000001, 0.0, 0.0 ]
}
