{
	"effort" : [ 0.0, 0.0, 0.0, 0.0, 0.0, 0.0, -0.085999999999999993 ],
	"position" : 
	[
		-0.37330847370897291,
		1.7745984235498267,
		-0.56953584151064574,
		1.2492194121146261,
		-1.0926633782107742,
		-0.57583648011034383,
		0.061400000000000003
	],
	"velocity" : [ 0.024, 0.0, 0.0, 0.099000000000000005, 0.0, 0.0, 0.0 ]
}
