{
	"effort" : [ 0.0, 0.0, 0.0, 0.0, 0.0, 0.0, -1.04 ],
	"position" : 
	[
		-0.61432099011680907,
		1.614481917971907,
		-0.4095066023953261,
		0.73186891523859743,
		-0.41582469428754404,
		-0.73928656455957131,
		0.054899999999999997
	],
	"velocity" : [ 0.0, 0.0, 0.0, 0.028000000000000001, 0.0, 0.0, 0.0 ]
}
