{
	"effort" : [ 0.0, 0.0, 0.0, 0.0, 0.0, 0.0, 0.14899999999999999 ],
	"position" : 
	[
		-0.61432099011680907,
		1.5903963742943916,
		-0.4094891491028062,
		1.0402685940659175,
		-0.4168195319611806,
		-0.58180550615216287,
		0.0722
	],
	"velocity" : [ 0.0, -0.217, 0.0, 0.058999999999999997, 0.122, 0.0, 0.0 ]
}
