{
	"effort" : [ 0.0, 0.0, 0.0, 0.0, 0.0, 0.0, -0.66100000000000003 ],
	"position" : 
	[
		-0.51296972045352385,
		1.7034937098235952,
		-0.58039178945804781,
		0.71129148335758952,
		-0.50104912166240567,
		-0.391826417072628,
		0.078
	],
	"velocity" : [ 0.0, 0.0, -0.0060000000000000001, -0.13900000000000001, 0.0, 0.0, 0.0 ]
}
