{
	"effort" : [ 0.0, 0.0, 0.0, 0.0, 0.0, 0.0, -1.0369999999999999 ],
	"position" : 
	[
		-0.48696431459881495,
		1.7745984235498267,
		-0.57337556586503236,
		1.1546923798266371,
		-0.86496772399565125,
		-0.54452527332957346,
		0.051499999999999997
	],
	"velocity" : [ 0.0, 0.0, 0.0, -0.069000000000000006, 0.0050000000000000001, 0.0, 0.0 ]
}
