{
	"effort" : [ 0.0, 0.0, 0.0, 0.0, 0.0, 0.0, -1.0429999999999999 ],
	"position" : 
	[
		-0.48427650755074431,
		1.7833774296873559,
		-0.57051322589176245,
		1.047302270951453,
		-1.1168710949359293,
		-0.45493752282472705,
		0.043499999999999997
	],
	"velocity" : 
	[
		0.128,
		0.0,
		0.035000000000000003,
		0.0030000000000000001,
		-0.097000000000000003,
		0.128,
		0.0
	]
}
