{
	"effort" : [ 0.0, 0.0, 0.0, 0.0, 0.0, 0.0, 0.053999999999999999 ],
	"position" : 
	[
		-0.48466047998618295,
		1.7812655812924432,
		-0.56300831010818864,
		1.2033172527871867,
		-1.1267845650872546,
		-0.47094219206551102,
		0.0528
	],
	"velocity" : 
	[
		-0.027,
		-0.021999999999999999,
		-0.040000000000000001,
		-0.23499999999999999,
		-0.095000000000000001,
		0.13600000000000001,
		0.0
	]
}
