{
	"effort" : [ 0.0, 0.0, 0.0, 0.0, 0.0, 0.0, -1.0409999999999999 ],
	"position" : 
	[
		-0.58444095332267354,
		1.7602867236834763,
		-0.73303828583743336,
		0.9664237134140562,
		-0.46333255652681771,
		-0.89462086798702767,
		0.045499999999999999
	],
	"velocity" : 
	[
		0.049000000000000002,
		0.0,
		0.0,
		-0.32200000000000001,
		0.075999999999999998,
		0.90800000000000003,
		0.0
	]
}
