{
	"effort" : [ 0.0, 0.0, 0.0, 0.0, 0.0, 0.0, -1.05 ],
	"position" : 
	[
		-0.61653755826684131,
		1.6020202671126706,
		-0.42408010164947507,
		0.70455451244489309,
		-0.32485813367362254,
		-0.83931138399134109,
		0.054899999999999997
	],
	"velocity" : 
	[
		0.017000000000000001,
		0.0,
		0.021000000000000001,
		-0.0089999999999999993,
		-0.34999999999999998,
		0.0,
		0.0
	]
}
