{
	"effort" : [ 0.0, 0.0, 0.0, 0.0, 0.0, 0.0, -0.628 ],
	"position" : 
	[
		-0.51759484297130764,
		1.7034937098235952,
		-0.58039178945804781,
		0.74916512812585678,
		-0.5431464632204982,
		-0.37988836498898981,
		0.077799999999999994
	],
	"velocity" : 
	[
		0.040000000000000001,
		-0.033000000000000002,
		0.0,
		0.070000000000000007,
		0.187,
		0.0,
		0.0
	]
}
