{
	"effort" : [ 0.0, 0.0, 0.0, 0.0, 0.0, 0.0, -0.40600000000000003 ],
	"position" : 
	[
		-0.55477035603877756,
		1.7320647496787354,
		-0.58039178945804781,
		0.71757466866476738,
		-0.57054813247680225,
		-0.3922976559706664,
		0.077200000000000005
	],
	"velocity" : 
	[
		0.23999999999999999,
		-0.22700000000000001,
		0.0,
		0.35999999999999999,
		0.0050000000000000001,
		0.097000000000000003,
		0.0
	]
}
