{
	"effort" : [ 0.0, 0.0, 0.0, 0.0, 0.0, 0.0, -1.0449999999999999 ],
	"position" : 
	[
		-0.59253928105192533,
		1.7770418845026177,
		-0.57208402221855692,
		0.88704613903337404,
		-0.95733054801116801,
		-0.5023057587238412,
		0.0516
	],
	"velocity" : 
	[
		-0.025000000000000001,
		0.092999999999999999,
		0.114,
		-0.38700000000000001,
		0.0,
		0.0,
		0.0
	]
}
