{
	"effort" : [ 0.0, 0.0, 0.0, 0.0, 0.0, 0.0, -0.69699999999999995 ],
	"position" : 
	[
		-0.48696431459881495,
		1.7745984235498267,
		-0.56953584151064574,
		1.1672063905634331,
		-0.97171206104759766,
		-0.58951986144597579,
		0.057200000000000001
	],
	"velocity" : [ 0.0, 0.0, 0.048000000000000001, -0.10299999999999999, 0.0, 0.001, 0.0 ]
}
