{
	"effort" : [ 0.0, 0.0, 0.0, 0.0, 0.0, 0.0, -0.070000000000000007 ],
	"position" : 
	[
		-0.41994367132224958,
		0.12477358822504313,
		-0.22958060980727615,
		1.3556844964862531,
		-0.06436774281353462,
		-1.8915180301408971,
		0.042799999999999998
	],
	"velocity" : 
	[
		0.0,
		1.0609999999999999,
		-0.435,
		0.48999999999999999,
		-0.089999999999999997,
		0.0,
		0.0
	]
}
