{
	"effort" : [ 0.0, 0.0, 0.0, 0.0, 0.0, 0.0, -0.031 ],
	"position" : 
	[
		-0.41994367132224958,
		0.44863688422502906,
		-0.32908183046344774,
		1.4443821290725829,
		-0.12562879955852013,
		-1.8915180301408971,
		0.0424
	],
	"velocity" : 
	[
		0.0,
		1.7909999999999999,
		-0.52700000000000002,
		0.23899999999999999,
		-0.60699999999999998,
		0.0,
		0.0
	]
}
