{
	"effort" : [ 0.0, 0.0, 0.0, 0.0, 0.0, 0.0, 0.016 ],
	"position" : 
	[
		-0.48488737278894223,
		1.7745984235498267,
		-0.56953584151064574,
		1.1884121409751587,
		-0.99424426169083879,
		-0.58951986144597579,
		0.058200000000000002
	],
	"velocity" : [ -0.078, 0.0, 0.0, -0.111, 0.047, -0.001, 0.0 ]
}
