{
	"effort" : [ 0.0, 0.0, 0.0, 0.0, 0.0, 0.0, 0.14799999999999999 ],
	"position" : 
	[
		-0.61432099011680907,
		1.4743319790367979,
		-0.40168752734639351,
		1.044178131590384,
		-0.37514106942356645,
		-0.58180550615216287,
		0.0722
	],
	"velocity" : [ 0.0, -0.30599999999999999, 0.0, 0.0, 0.39500000000000002, 0.0, 0.0 ]
}
