{
	"effort" : [ 0.0, 0.0, 0.0, 0.0, 0.0, 0.0, -0.88900000000000001 ],
	"position" : 
	[
		-0.62440899319333376,
		1.5999956851803578,
		-0.46804494550720122,
		0.72150165948175371,
		-0.31599186107349359,
		-0.82280056926747913,
		0.056500000000000002
	],
	"velocity" : 
	[
		0.050999999999999997,
		0.012,
		0.161,
		-0.0030000000000000001,
		0.055,
		-0.032000000000000001,
		0.0
	]
}
