{
	"effort" : [ 0.0, 0.0, 0.0, 0.0, 0.0, 0.0, -1.034 ],
	"position" : 
	[
		-0.49829150144425532,
		1.6979435628022546,
		-0.59006091351409395,
		0.66690776047938483,
		-0.51002011401765424,
		-0.42910664989521746,
		0.077200000000000005
	],
	"velocity" : 
	[
		-0.079000000000000001,
		0.0,
		-0.016,
		0.155,
		0.182,
		-0.61499999999999999,
		0.0
	]
}
