{
	"effort" : [ 0.0, 0.0, 0.0, 0.0, 0.0, 0.0, -0.27500000000000002 ],
	"position" : 
	[
		-0.60432025350288399,
		1.7809514220270841,
		-0.57047831930672244,
		0.6991265384711921,
		-0.62940063485403619,
		-0.43760640335242773,
		0.076799999999999993
	],
	"velocity" : 
	[
		0.0,
		0.0,
		0.0,
		-0.049000000000000002,
		0.028000000000000001,
		0.087999999999999995,
		0.0
	]
}
