{
	"effort" : [ 0.0, 0.0, 0.0, 0.0, 0.0, 0.0, -1.0429999999999999 ],
	"position" : 
	[
		-0.61432099011680907,
		1.614481917971907,
		-0.4095066023953261,
		0.79581777903165352,
		-0.41750021036945817,
		-0.73673838385166035,
		0.054899999999999997
	],
	"velocity" : [ 0.0, -0.001, 0.0, 0.627, -0.069000000000000006, 0.0, 0.0 ]
}
