{
	"effort" : [ 0.0, 0.0, 0.0, 0.0, 0.0, 0.0, -1.046 ],
	"position" : 
	[
		-0.61653755826684131,
		1.6020202671126706,
		-0.42559853809870984,
		0.70455451244489309,
		-0.32009338481567923,
		-0.83931138399134109,
		0.054899999999999997
	],
	"velocity" : 
	[
		0.035999999999999997,
		0.0,
		0.086999999999999994,
		0.0,
		-0.16800000000000001,
		0.017000000000000001,
		0.0
	]
}
