{
	"effort" : [ 0.0, 0.0, 0.0, 0.0, 0.0, 0.0, -1.0389999999999999 ],
	"position" : 
	[
		-0.61823052764127528,
		1.6020202671126706,
		-0.43086943243973136,
		0.70533991060829027,
		-0.30892327760291832,
		-0.83931138399134109,
		0.054899999999999997
	],
	"velocity" : 
	[
		0.014999999999999999,
		0.0,
		0.02,
		-0.001,
		-0.33700000000000002,
		0.019,
		0.0
	]
}
