{
	"effort" : [ 0.0, 0.0, 0.0, 0.0, 0.0, 0.0, -1.0409999999999999 ],
	"position" : 
	[
		-0.61432099011680907,
		1.6121257234817152,
		-0.4095066023953261,
		0.70340259513857706,
		-0.40858157789176935,
		-0.77363464423881112,
		0.054899999999999997
	],
	"velocity" : 
	[
		0.0,
		0.040000000000000001,
		0.0,
		0.115,
		-0.095000000000000001,
		0.47499999999999998,
		0.0
	]
}
