{
	"effort" : [ 0.0, 0.0, 0.0, 0.0, 0.0, 0.0, -1.0349999999999999 ],
	"position" : 
	[
		-0.62341415551969714,
		1.6894787159300844,
		-0.54326863626813782,
		0.60252256437333029,
		-0.45875979388659371,
		-0.6517233959870381,
		0.056000000000000001
	],
	"velocity" : 
	[
		0.0,
		-0.021000000000000001,
		0.17799999999999999,
		-0.082000000000000003,
		-0.0030000000000000001,
		0.024,
		0.0
	]
}
