{
	"effort" : [ 0.0, 0.0, 0.0, 0.0, 0.0, 0.0, -0.68300000000000005 ],
	"position" : 
	[
		-0.518083535161866,
		1.7034937098235952,
		-0.58039178945804781,
		0.74916512812585678,
		-0.53513540195384635,
		-0.37800340939683647,
		0.077899999999999997
	],
	"velocity" : 
	[
		0.0,
		-0.034000000000000002,
		0.0,
		0.034000000000000002,
		0.28299999999999997,
		0.0,
		0.0
	]
}
