{
	"effort" : [ 0.0, 0.0, 0.0, 0.0, 0.0, 0.0, -0.434 ],
	"position" : 
	[
		-0.61432099011680907,
		0.0023212879051518723,
		-0.33475415053242785,
		0.60454714630564321,
		0.61329124585813266,
		-0.58180550615216287,
		0.055599999999999997
	],
	"velocity" : 
	[
		0.0,
		0.0,
		0.16500000000000001,
		-0.32500000000000001,
		0.57899999999999996,
		0.0,
		0.0
	]
}
