{
	"effort" : [ 0.0, 0.0, 0.0, 0.0, 0.0, 0.0, -1.0449999999999999 ],
	"position" : 
	[
		-0.47561967446085468,
		1.7833774296873559,
		-0.57051322589176245,
		1.0543534011295084,
		-1.1414104242189633,
		-0.45493752282472705,
		0.043499999999999997
	],
	"velocity" : 
	[
		0.042999999999999997,
		0.0,
		0.0,
		0.080000000000000002,
		-0.126,
		0.049000000000000002,
		0.0
	]
}
