{
	"effort" : [ 0.0, 0.0, 0.0, 0.0, 0.0, 0.0, -0.033000000000000002 ],
	"position" : 
	[
		-0.41620866672298268,
		0.93717199515063843,
		-0.54349552907089704,
		1.9570725968457876,
		-0.14247122684026114,
		-2.0251055310885091,
		0.0424
	],
	"velocity" : [ 0.0, 0.0, 0.016, 0.0, 0.17199999999999999, 0.0, 0.0 ]
}
