{
	"effort" : [ 0.0, 0.0, 0.0, 0.0, 0.0, 0.0, 0.11 ],
	"position" : 
	[
		-0.58793161182666143,
		1.7546493101995364,
		-0.61283746025261421,
		0.99654809630347063,
		-0.70874330264967833,
		-0.92813118962531027,
		0.0722
	],
	"velocity" : 
	[
		-0.0050000000000000001,
		0.161,
		-0.189,
		-0.65500000000000003,
		0.433,
		0.23000000000000001,
		0.0
	]
}
