{
	"effort" : [ 0.0, 0.0, 0.0, 0.0, 0.0, 0.0, -0.034000000000000002 ],
	"position" : 
	[
		-0.41620866672298268,
		0.93919657708295146,
		-0.57124626417759972,
		1.9477699919326599,
		-0.2163161074921226,
		-2.0228191497683974,
		0.0424
	],
	"velocity" : 
	[
		0.019,
		-0.021000000000000001,
		0.068000000000000005,
		0.024,
		0.43099999999999999,
		0.0,
		0.0
	]
}
