{
	"effort" : [ 0.0, 0.0, 0.0, 0.0, 0.0, 0.0, -0.191 ],
	"position" : 
	[
		-0.45094071883766113,
		1.7745984235498267,
		-0.56953584151064574,
		1.2361643493097116,
		-1.019342096334511,
		-0.58351592881911685,
		0.058999999999999997
	],
	"velocity" : [ -0.32500000000000001, 0.0, 0.0, -0.055, 0.314, -0.001, 0.0 ]
}
