{
	"effort" : [ 0.0, 0.0, 0.0, 0.0, 0.0, 0.0, -1.044 ],
	"position" : 
	[
		-0.6313728569087893,
		1.6019679072351107,
		-0.52996922736794438,
		0.74644241449274651,
		-0.26837927907910031,
		-0.79555597964385449,
		0.057000000000000002
	],
	"velocity" : 
	[
		-0.023,
		0.0,
		0.0,
		0.084000000000000005,
		0.012999999999999999,
		-0.065000000000000002,
		0.0
	]
}
