{
	"effort" : [ 0.0, 0.0, 0.0, 0.0, 0.0, 0.0, -1.0469999999999999 ],
	"position" : 
	[
		-0.48670251521101582,
		1.7833774296873559,
		-0.58107246786632538,
		0.77672387701484036,
		-1.0770252281129089,
		-0.49940851216553139,
		0.0436
	],
	"velocity" : 
	[
		0.0,
		0.0,
		0.106,
		0.42699999999999999,
		-0.193,
		0.037999999999999999,
		0.0
	]
}
