{
	"effort" : [ 0.0, 0.0, 0.0, 0.0, 0.0, 0.0, 0.14399999999999999 ],
	"position" : 
	[
		-0.61432099011680907,
		1.1693356922508658,
		-0.36295867124464914,
		1.0459409141348976,
		-0.43545964837247531,
		-0.58180550615216287,
		0.0722
	],
	"velocity" : [ 0.0, -0.502, 0.0, 0.0, 0.021000000000000001, 0.0, 0.0 ]
}
