{
	"effort" : [ 0.0, 0.0, 0.0, 0.0, 0.0, 0.0, -0.17599999999999999 ],
	"position" : 
	[
		-0.41994367132224958,
		0.0037175513067469832,
		-0.15652112731881196,
		1.3710084873187596,
		0.0087790061375292612,
		-1.8915180301408971,
		0.0487
	],
	"velocity" : 
	[
		0.0,
		0.028000000000000001,
		-0.29399999999999998,
		-0.23200000000000001,
		-0.437,
		0.0,
		0.0
	]
}
