{
	"effort" : [ 0.0, 0.0, 0.0, 0.0, 0.0, 0.0, -0.035000000000000003 ],
	"position" : 
	[
		-0.41620866672298268,
		0.93577573174904338,
		-0.52010811709417892,
		1.8622139519999197,
		-0.44481461316316251,
		-2.0211261803939631,
		0.0424
	],
	"velocity" : [ 0.0, 0.0, 0.20899999999999999, -0.214, -0.13200000000000001, 0.0, 0.0 ]
}
