{
	"effort" : [ 0.0, 0.0, 0.0, 0.0, 0.0, 0.0, -1.0429999999999999 ],
	"position" : 
	[
		-0.58887408962273813,
		1.7723993086923142,
		-0.58236401151280082,
		0.94991289869019402,
		-0.95719092167100861,
		-0.52206288585641203,
		0.050900000000000001
	],
	"velocity" : 
	[
		-0.040000000000000001,
		0.0,
		0.02,
		-0.092999999999999999,
		0.0,
		0.122,
		0.0
	]
}
