{
	"effort" : [ 0.0, 0.0, 0.0, 0.0, 0.0, 0.0, -0.995 ],
	"position" : 
	[
		-0.58550560416638986,
		1.7583843147988032,
		-0.73223543438151617,
		0.99811889263026521,
		-0.47691121810733011,
		-1.0528000580952337,
		0.045499999999999999
	],
	"velocity" : 
	[
		0.070999999999999994,
		0.039,
		0.0,
		0.13800000000000001,
		0.058999999999999997,
		0.0,
		0.0
	]
}
