{
	"effort" : [ 0.0, 0.0, 0.0, 0.0, 0.0, 0.0, -1.0409999999999999 ],
	"position" : 
	[
		-0.57484164243670732,
		1.7723993086923142,
		-0.58971184766369511,
		0.95198984050006663,
		-0.96600483439357765,
		-0.52434926717652408,
		0.050900000000000001
	],
	"velocity" : 
	[
		-0.13,
		0.0,
		0.084000000000000005,
		0.0,
		0.0030000000000000001,
		0.001,
		0.0
	]
}
