{
	"effort" : [ 0.0, 0.0, 0.0, 0.0, 0.0, 0.0, -0.035999999999999997 ],
	"position" : 
	[
		-0.41620866672298268,
		0.93717199515063843,
		-0.54784139890836181,
		1.9570725968457876,
		-0.15329226820262323,
		-2.0251055310885091,
		0.0424
	],
	"velocity" : [ 0.0, 0.0, 0.080000000000000002, 0.0, 0.216, 0.0, 0.0 ]
}
