{
	"effort" : [ 0.0, 0.0, 0.0, 0.0, 0.0, 0.0, 0.115 ],
	"position" : 
	[
		-0.45265114150461505,
		1.65930197316311,
		-0.50286426408447926,
		1.1270114578900137,
		-0.72253140374043012,
		-1.1566646018813902,
		0.0722
	],
	"velocity" : 
	[
		-0.35099999999999998,
		0.40899999999999997,
		-0.058000000000000003,
		-0.60899999999999999,
		-0.245,
		1.135,
		0.0
	]
}
