{
	"effort" : [ 0.0, 0.0, 0.0, 0.0, 0.0, 0.0, -0.082000000000000003 ],
	"position" : 
	[
		-0.40140827466607443,
		1.7745984235498267,
		-0.56953584151064574,
		1.2284849006009386,
		-1.0549642663677061,
		-0.55972709111444019,
		0.061400000000000003
	],
	"velocity" : 
	[
		0.27600000000000002,
		0.0,
		0.0070000000000000001,
		0.12,
		-0.5,
		-0.20899999999999999,
		0.0
	]
}
