{
	"effort" : [ 0.0, 0.0, 0.0, 0.0, 0.0, 0.0, 0.32500000000000001 ],
	"position" : 
	[
		-0.41994367132224958,
		0.0037175513067469832,
		-0.067648961807283137,
		1.6046208076981416,
		-0.035377823937916129,
		-1.8915180301408971,
		0.00029999999999999997
	],
	"velocity" : 
	[
		0.0,
		0.0,
		-0.23200000000000001,
		-0.48299999999999998,
		-0.0030000000000000001,
		0.0,
		0.0
	]
}
