{
	"effort" : [ 0.0, 0.0, 0.0, 0.0, 0.0, 0.0, 0.113 ],
	"position" : 
	[
		-0.58793161182666143,
		1.7583843147988032,
		-0.64683647408145517,
		0.88774427073417161,
		-0.63344979871866203,
		-0.82650066728170613,
		0.0722
	],
	"velocity" : 
	[
		0.0,
		0.0,
		-0.053999999999999999,
		-0.084000000000000005,
		0.247,
		-0.047,
		0.0
	]
}
