{
	"effort" : [ 0.0, 0.0, 0.0, 0.0, 0.0, 0.0, 0.159 ],
	"position" : 
	[
		-0.61432099011680907,
		1.6103803942297212,
		-0.41126938493983994,
		1.0297791652614343,
		-0.43015384744641388,
		-0.58180550615216287,
		0.0722
	],
	"velocity" : 
	[
		0.0,
		-0.14899999999999999,
		0.0,
		0.001,
		0.0050000000000000001,
		0.0,
		0.0
	]
}
