{
	"effort" : [ 0.0, 0.0, 0.0, 0.0, 0.0, 0.0, -0.031 ],
	"position" : 
	[
		-0.41854740792065454,
		1.0462027135226968,
		-0.57375953830047111,
		1.7436188293269348,
		-0.32438689477558413,
		-1.9045207330682514,
		0.0424
	],
	"velocity" : 
	[
		0.0030000000000000001,
		-0.068000000000000005,
		-0.031,
		0.92000000000000004,
		0.60899999999999999,
		-0.27600000000000002,
		0.0
	]
}
