{
	"effort" : [ 0.0, 0.0, 0.0, 0.0, 0.0, 0.0, -1.042 ],
	"position" : 
	[
		-0.49984484447852978,
		1.7723993086923142,
		-0.59262654751452493,
		0.9989391973787024,
		-0.91402892926919954,
		-0.55213490886826677,
		0.0516
	],
	"velocity" : 
	[
		0.0,
		0.0,
		0.001,
		-0.13200000000000001,
		-0.753,
		-0.050999999999999997,
		0.0
	]
}
