{
	"effort" : [ 0.0, 0.0, 0.0, 0.0, 0.0, 0.0, 0.017999999999999999 ],
	"position" : 
	[
		-0.48474774644878271,
		1.7745984235498267,
		-0.56953584151064574,
		1.1727216309997337,
		-0.97316068432675262,
		-0.58951986144597579,
		0.068900000000000003
	],
	"velocity" : [ 0.0, 0.0, -0.0040000000000000001, 0.0, 0.0, 0.0, 0.0 ]
}
