{
	"effort" : [ 0.0, 0.0, 0.0, 0.0, 0.0, 0.0, 0.050999999999999997 ],
	"position" : 
	[
		-0.58793161182666143,
		1.7583843147988032,
		-0.72642348797237655,
		0.99544853887471452,
		-0.49151962394651899,
		-1.039011957004482,
		0.0722
	],
	"velocity" : 
	[
		0.0,
		0.0,
		-0.076999999999999999,
		0.55600000000000005,
		0.001,
		-0.20699999999999999,
		0.0
	]
}
