{
	"effort" : [ 0.0, 0.0, 0.0, 0.0, 0.0, 0.0, 0.14199999999999999 ],
	"position" : 
	[
		-0.61432099011680907,
		1.1022277825117006,
		-0.36295867124464914,
		1.0459409141348976,
		-0.39847612152272477,
		-0.58180550615216287,
		0.0722
	],
	"velocity" : [ 0.0, -0.38700000000000001, 0.0, 0.0, 0.40600000000000003, 0.0, 0.0 ]
}
