{
	"effort" : [ 0.0, 0.0, 0.0, 0.0, 0.0, 0.0, -1.0389999999999999 ],
	"position" : 
	[
		-0.5478937587859215,
		1.7723993086923142,
		-0.59262654751452493,
		0.95198984050006663,
		-0.96808177620345026,
		-0.54044120287990771,
		0.050999999999999997
	],
	"velocity" : [ -0.219, 0.0, 0.002, 0.0, 0.0, 0.47099999999999997, 0.0 ]
}
