{
	"effort" : [ 0.0, 0.0, 0.0, 0.0, 0.0, 0.0, -0.65200000000000002 ],
	"position" : 
	[
		-0.49408525794695002,
		1.7018705536192411,
		-0.58259090431556015,
		0.66313784929507802,
		-0.5561317128553328,
		-0.40938442934768654,
		0.078
	],
	"velocity" : [ 0.0, 0.0, 0.0, 0.0, 0.43099999999999999, 0.0, 0.0 ]
}
