{
	"effort" : [ 0.0, 0.0, 0.0, 0.0, 0.0, 0.0, -0.057000000000000002 ],
	"position" : 
	[
		-0.47054076633755243,
		1.7745984235498267,
		-0.57136843722523944,
		1.1840313645526543,
		-1.0385232648139238,
		-0.54897586292215783,
		0.061400000000000003
	],
	"velocity" : [ 0.23599999999999999, 0.0, 0.0, 0.107, 0.0, -0.097000000000000003, 0.0 ]
}
