{
	"effort" : [ 0.0, 0.0, 0.0, 0.0, 0.0, 0.0, -1.0309999999999999 ],
	"position" : 
	[
		-0.58204985224744199,
		1.7602867236834763,
		-0.73303828583743336,
		0.95457292779301761,
		-0.45057419969474233,
		-0.80796527062553103,
		0.045400000000000003
	],
	"velocity" : 
	[
		0.0030000000000000001,
		0.0,
		0.0,
		-0.045999999999999999,
		0.0050000000000000001,
		0.308,
		0.0
	]
}
