{
	"effort" : [ 0.0, 0.0, 0.0, 0.0, 0.0, 0.0, -0.033000000000000002 ],
	"position" : 
	[
		-0.41620866672298268,
		0.93345444384389153,
		-0.36835173863331022,
		1.6656898782254077,
		-0.42343432982623741,
		-2.0211261803939631,
		0.0424
	],
	"velocity" : 
	[
		0.0,
		0.0,
		0.32500000000000001,
		-0.57699999999999996,
		0.45800000000000002,
		0.0,
		0.0
	]
}
