{
	"effort" : [ 0.0, 0.0, 0.0, 0.0, 0.0, 0.0, -1.044 ],
	"position" : 
	[
		-0.62341415551969714,
		1.6935278797947102,
		-0.5562189793179324,
		0.60891046943562788,
		-0.45694465146452001,
		-0.65877452616509335,
		0.056000000000000001
	],
	"velocity" : 
	[
		0.0040000000000000001,
		-0.10000000000000001,
		0.13300000000000001,
		-0.017000000000000001,
		0.0,
		0.097000000000000003,
		0.0
	]
}
