{
	"effort" : [ 0.0, 0.0, 0.0, 0.0, 0.0, 0.0, -0.64900000000000002 ],
	"position" : 
	[
		-0.49408525794695002,
		1.7018705536192411,
		-0.58259090431556015,
		0.6666634143841057,
		-0.56142006048887427,
		-0.40938442934768654,
		0.078
	],
	"velocity" : [ 0.0, 0.0, 0.0, 0.0, 0.0, -0.019, 0.0 ]
}
