{
	"effort" : [ 0.0, 0.0, 0.0, 0.0, 0.0, 0.0, -0.035000000000000003 ],
	"position" : 
	[
		-0.41620866672298268,
		1.0633243934847569,
		-0.33541737564818558,
		1.5735888535976901,
		-0.47900561320972279,
		-1.9085000837627977,
		0.0424
	],
	"velocity" : 
	[
		0.0,
		0.69699999999999995,
		-0.014,
		-0.373,
		-0.17399999999999999,
		1.1559999999999999,
		0.0
	]
}
