{
	"effort" : [ 0.0, 0.0, 0.0, 0.0, 0.0, 0.0, -1.04 ],
	"position" : 
	[
		-0.48696431459881495,
		1.7745984235498267,
		-0.56271160413534971,
		1.1583750245483442,
		-0.89914127074969186,
		-0.55655059187581135,
		0.050700000000000002
	],
	"velocity" : 
	[
		0.001,
		0.0,
		-0.058000000000000003,
		0.001,
		0.097000000000000003,
		0.034000000000000002,
		0.0
	]
}
