{
	"effort" : [ 0.0, 0.0, 0.0, 0.0, 0.0, 0.0, 0.20300000000000001 ],
	"position" : 
	[
		-0.41620866672298268,
		1.3103059359344122,
		-0.42432444774475431,
		1.403122545555447,
		-0.61041145259234264,
		-1.5157660954791328,
		0.0424
	],
	"velocity" : 
	[
		0.0,
		0.81599999999999995,
		-0.45100000000000001,
		-0.41599999999999998,
		-0.78600000000000003,
		1.474,
		0.0
	]
}
