{
	"effort" : [ 0.0, 0.0, 0.0, 0.0, 0.0, 0.0, 0.14299999999999999 ],
	"position" : 
	[
		-0.61432099011680907,
		0.80749403172749257,
		-0.36140532821037458,
		1.0320131867039866,
		-0.21444860519248915,
		-0.58180550615216287,
		0.0722
	],
	"velocity" : [ 0.0, -1.1990000000000001, 0.0, -0.47499999999999998, 1.24, 0.0, 0.0 ]
}
