{
	"effort" : [ 0.0, 0.0, 0.0, 0.0, 0.0, 0.0, 0.14099999999999999 ],
	"position" : 
	[
		-0.61432099011680907,
		0.47176249681394822,
		-0.36140532821037458,
		0.96815158937353007,
		-0.031922072018968226,
		-0.58180550615216287,
		0.0722
	],
	"velocity" : 
	[
		0.0,
		-1.3500000000000001,
		0.0,
		-0.0089999999999999993,
		0.11799999999999999,
		0.0,
		0.0
	]
}
