{
	"effort" : [ 0.0, 0.0, 0.0, 0.0, 0.0, 0.0, -0.63400000000000001 ],
	"position" : 
	[
		-0.518083535161866,
		1.7034937098235952,
		-0.58039178945804781,
		0.74916512812585678,
		-0.53513540195384635,
		-0.37800340939683647,
		0.078
	],
	"velocity" : [ 0.0, 0.0, 0.0, 0.034000000000000002, 0.28299999999999997, 0.0, 0.0 ]
}
