{
	"effort" : [ 0.0, 0.0, 0.0, 0.0, 0.0, 0.0, -1.0429999999999999 ],
	"position" : 
	[
		-0.62341415551969714,
		1.6894787159300844,
		-0.5412615076283448,
		0.60260983083593,
		-0.46067965606378691,
		-0.6517233959870381,
		0.056000000000000001
	],
	"velocity" : 
	[
		0.0,
		-0.0070000000000000001,
		0.109,
		-0.13900000000000001,
		-0.010999999999999999,
		0.0,
		0.0
	]
}
