{
	"effort" : [ 0.0, 0.0, 0.0, 0.0, 0.0, 0.0, -0.64700000000000002 ],
	"position" : 
	[
		-0.49408525794695002,
		1.7018705536192411,
		-0.58662261488766587,
		0.66313784929507802,
		-0.53038810638842293,
		-0.40938442934768654,
		0.078
	],
	"velocity" : [ 0.0, 0.0, -0.041000000000000002, 0.0, 0.24099999999999999, 0.0, 0.0 ]
}
