{
	"effort" : [ 0.0, 0.0, 0.0, 0.0, 0.0, 0.0, -0.28899999999999998 ],
	"position" : 
	[
		-0.60432025350288399,
		1.7809514220270841,
		-0.57437040353866886,
		0.68827059052379014,
		-0.60643210189779673,
		-0.41819834207025569,
		0.076799999999999993
	],
	"velocity" : 
	[
		0.043999999999999997,
		-0.001,
		-0.031,
		0.0,
		0.025999999999999999,
		0.13900000000000001,
		0.0
	]
}
