{
	"effort" : [ 0.0, 0.0, 0.0, 0.0, 0.0, 0.0, 0.152 ],
	"position" : 
	[
		-0.61432099011680907,
		1.5555596024245935,
		-0.4094891491028062,
		1.044178131590384,
		-0.41476004344382778,
		-0.58180550615216287,
		0.0722
	],
	"velocity" : [ 0.0, -0.112, 0.0, 0.109, 0.0, 0.0, 0.0 ]
}
