{
	"effort" : [ 0.0, 0.0, 0.0, 0.0, 0.0, 0.0, -0.083000000000000004 ],
	"position" : 
	[
		-0.37994072486654967,
		1.7745984235498267,
		-0.56953584151064574,
		1.2426918807121687,
		-1.086153300100837,
		-0.56971037443584527,
		0.061400000000000003
	],
	"velocity" : 
	[
		0.19,
		0.0,
		0.0,
		0.13900000000000001,
		-0.52700000000000002,
		-0.087999999999999995,
		0.0
	]
}
