{
	"effort" : [ 0.0, 0.0, 0.0, 0.0, 0.0, 0.0, -0.19900000000000001 ],
	"position" : 
	[
		-0.61432099011680907,
		0.0023212879051518723,
		-0.27748989777450839,
		0.5877919854865018,
		0.6164677450967615,
		-0.61423372365420925,
		-0.0028999999999999998
	],
	"velocity" : 
	[
		0.0,
		0.0,
		0.001,
		-0.029999999999999999,
		-1.4470000000000001,
		-0.41399999999999998,
		0.0
	]
}
