{
	"effort" : [ 0.0, 0.0, 0.0, 0.0, 0.0, 0.0, -1.0469999999999999 ],
	"position" : 
	[
		-0.62158155980510355,
		1.7319251233385757,
		-0.53990015081178955,
		0.63146012337138901,
		-0.52913146932698729,
		-0.72019266254275827,
		0.0574
	],
	"velocity" : 
	[
		0.021999999999999999,
		-0.30399999999999999,
		-0.001,
		0.65000000000000002,
		0.22800000000000001,
		-0.53600000000000003,
		0.0
	]
}
