{
	"effort" : [ 0.0, 0.0, 0.0, 0.0, 0.0, 0.0, -0.624 ],
	"position" : 
	[
		-0.518083535161866,
		1.7034937098235952,
		-0.58039178945804781,
		0.75071847116013135,
		-0.52955034834746584,
		-0.37800340939683647,
		0.078
	],
	"velocity" : 
	[
		0.0050000000000000001,
		0.0,
		0.0080000000000000002,
		0.0,
		0.182,
		0.0050000000000000001,
		0.0
	]
}
