{
	"effort" : [ 0.0, 0.0, 0.0, 0.0, 0.0, 0.0, -1.05 ],
	"position" : 
	[
		-0.52878240347658856,
		1.7723993086923142,
		-0.59262654751452493,
		0.95349082365678139,
		-0.97228801970075551,
		-0.55604444639273309,
		0.051299999999999998
	],
	"velocity" : 
	[
		-0.14499999999999999,
		0.0,
		0.0,
		-0.13200000000000001,
		0.22600000000000001,
		0.0,
		0.0
	]
}
