{
	"effort" : [ 0.0, 0.0, 0.0, 0.0, 0.0, 0.0, -1.0449999999999999 ],
	"position" : 
	[
		-0.63210589519462668,
		1.6019679072351107,
		-0.52996922736794438,
		0.75298739918772351,
		-0.26026349805732873,
		-0.80655155393141598,
		0.057000000000000002
	],
	"velocity" : 
	[
		0.0,
		0.021999999999999999,
		0.0,
		0.0,
		0.0089999999999999993,
		-0.14499999999999999,
		0.0
	]
}
