{
	"effort" : [ 0.0, 0.0, 0.0, 0.0, 0.0, 0.0, -1.046 ],
	"position" : 
	[
		-0.59688515088938998,
		1.7809514220270841,
		-0.55292030703166395,
		0.80943134719720589,
		-0.82330671475055717,
		-0.47532296848801575,
		0.054100000000000002
	],
	"velocity" : [ 0.0, 0.0, 0.075999999999999998, -0.128, 0.13400000000000001, 0.0, 0.0 ]
}
