{
	"effort" : [ 0.0, 0.0, 0.0, 0.0, 0.0, 0.0, -1.04 ],
	"position" : 
	[
		-0.63367669152142125,
		1.6019679072351107,
		-0.50199159945848237,
		0.74071773454620649,
		-0.27735027143434887,
		-0.81630794445006183,
		0.057000000000000002
	],
	"velocity" : 
	[
		0.0080000000000000002,
		-0.033000000000000002,
		0.12,
		-0.11600000000000001,
		-0.029999999999999999,
		-0.084000000000000005,
		0.0
	]
}
