{
	"effort" : [ 0.0, 0.0, 0.0, 0.0, 0.0, 0.0, -0.035000000000000003 ],
	"position" : 
	[
		-0.41760493012457783,
		1.0255903750566491,
		-0.57531288133474556,
		1.8357198539546522,
		-0.28853783193962967,
		-1.9651360179899993,
		0.0424
	],
	"velocity" : 
	[
		0.071999999999999995,
		-0.29599999999999999,
		0.0,
		0.751,
		0.20999999999999999,
		-0.58399999999999996,
		0.0
	]
}
