{
	"effort" : [ 0.0, 0.0, 0.0, 0.0, 0.0, 0.0, -1.091 ],
	"position" : 
	[
		-0.59020053985425347,
		1.6979435628022546,
		-0.59068923204481172,
		0.65435884315754878,
		-0.48097783526447591,
		-0.63704517697776941,
		0.0574
	],
	"velocity" : 
	[
		-0.25900000000000001,
		0.0,
		0.0,
		-0.115,
		0.14499999999999999,
		-0.50600000000000001,
		0.0
	]
}
