{
	"effort" : [ 0.0, 0.0, 0.0, 0.0, 0.0, 0.0, -0.034000000000000002 ],
	"position" : 
	[
		-0.41994367132224958,
		1.0146297073541273,
		-0.54421111406421452,
		1.6175013375778564,
		-0.34934510307909677,
		-1.8931586396377713,
		0.0424
	],
	"velocity" : 
	[
		0.0,
		0.57399999999999995,
		-0.41899999999999998,
		0.58799999999999997,
		-0.035999999999999997,
		-0.124,
		0.0
	]
}
