{
	"effort" : [ 0.0, 0.0, 0.0, 0.0, 0.0, 0.0, -1.044 ],
	"position" : 
	[
		-0.58597684306442821,
		1.7602867236834763,
		-0.73303828583743336,
		0.99194042707820684,
		-0.47691121810733011,
		-1.0276149569889619,
		0.045499999999999999
	],
	"velocity" : 
	[
		0.0,
		0.0,
		-0.045999999999999999,
		0.0,
		0.073999999999999996,
		0.51700000000000002,
		0.0
	]
}
