{
	"effort" : [ 0.0, 0.0, 0.0, 0.0, 0.0, 0.0, -1.0449999999999999 ],
	"position" : 
	[
		-0.53866096704287392,
		1.7769371647474981,
		-0.73124059670787966,
		0.64325854911486768,
		-0.36770596681007256,
		-0.6647435522069125,
		0.0436
	],
	"velocity" : 
	[
		0.14799999999999999,
		0.001,
		0.0,
		-0.50600000000000001,
		-0.0070000000000000001,
		0.0,
		0.0
	]
}
