{
	"effort" : [ 0.0, 0.0, 0.0, 0.0, 0.0, 0.0, -0.50800000000000001 ],
	"position" : 
	[
		-0.41994367132224958,
		0.0037175513067469832,
		0.0,
		1.6711353054916285,
		0.06654940437852698,
		-1.7149256164241551,
		-0.0041999999999999997
	],
	"velocity" : [ 0.0, 0.0, 0.0, 0.0, -0.45600000000000002, -0.099000000000000005, 0.0 ]
}
