{
	"effort" : [ 0.0, 0.0, 0.0, 0.0, 0.0, 0.0, -1.0389999999999999 ],
	"position" : 
	[
		-0.62009802994090879,
		1.6979435628022546,
		-0.59068923204481172,
		0.62929591509891658,
		-0.46303585055397872,
		-0.68952722758522556,
		0.056300000000000003
	],
	"velocity" : 
	[
		-0.086999999999999994,
		0.0,
		0.002,
		-0.021000000000000001,
		0.111,
		-0.0030000000000000001,
		0.0
	]
}
