{
	"effort" : [ 0.0, 0.0, 0.0, 0.0, 0.0, 0.0, -1.0429999999999999 ],
	"position" : 
	[
		-0.61432099011680907,
		1.614481917971907,
		-0.4095066023953261,
		0.84425066577448382,
		-0.42165409398920362,
		-0.73251468706183509,
		0.054899999999999997
	],
	"velocity" : [ 0.0, 0.0, 0.0, 0.59999999999999998, -0.014999999999999999, 0.115, 0.0 ]
}
