{
	"effort" : [ 0.0, 0.0, 0.0, 0.0, 0.0, 0.0, 0.14899999999999999 ],
	"position" : 
	[
		-0.61432099011680907,
		1.5941837387712181,
		-0.4094891491028062,
		1.0385058115214039,
		-0.41900119352617293,
		-0.58180550615216287,
		0.0722
	],
	"velocity" : 
	[
		0.0,
		-0.16700000000000001,
		0.0,
		0.0050000000000000001,
		0.017000000000000001,
		0.0,
		0.0
	]
}
