{
	"effort" : [ 0.0, 0.0, 0.0, 0.0, 0.0, 0.0, -0.044999999999999998 ],
	"position" : 
	[
		-0.41994367132224958,
		0.03436553297175967,
		-0.18992672920197498,
		1.3510593739684693,
		-0.031939525311488172,
		-1.8915180301408971,
		0.044299999999999999
	],
	"velocity" : 
	[
		0.0,
		0.626,
		-0.42199999999999999,
		-0.0050000000000000001,
		-0.46400000000000002,
		0.0,
		0.0
	]
}
