{
	"effort" : [ 0.0, 0.0, 0.0, 0.0, 0.0, 0.0, 0.14399999999999999 ],
	"position" : 
	[
		-0.61432099011680907,
		1.125824633998658,
		-0.36295867124464914,
		1.0459409141348976,
		-0.42093850899588603,
		-0.58180550615216287,
		0.0722
	],
	"velocity" : [ 0.0, -0.41299999999999998, 0.0, 0.0, 0.218, 0.0, 0.0 ]
}
