{
	"effort" : [ 0.0, 0.0, 0.0, 0.0, 0.0, 0.0, -1.044 ],
	"position" : 
	[
		-0.59688515088938998,
		1.7809514220270841,
		-0.55717891040652912,
		0.81131630278935918,
		-0.829101207867177,
		-0.47532296848801575,
		0.054100000000000002
	],
	"velocity" : 
	[
		0.0,
		0.0050000000000000001,
		0.109,
		0.021000000000000001,
		0.13,
		0.0,
		0.0
	]
}
