{
	"effort" : [ 0.0, 0.0, 0.0, 0.0, 0.0, 0.0, 0.14499999999999999 ],
	"position" : 
	[
		-0.61432099011680907,
		1.5390138811156915,
		-0.40369465598618653,
		1.044178131590384,
		-0.43902012004654284,
		-0.58180550615216287,
		0.0722
	],
	"velocity" : [ 0.0, -0.192, 0.0070000000000000001, 0.0, -0.308, 0.0, 0.0 ]
}
