{
	"effort" : [ 0.0, 0.0, 0.0, 0.0, 0.0, 0.0, -1.04 ],
	"position" : 
	[
		-0.58597684306442821,
		1.7602867236834763,
		-0.73223543438151617,
		0.99811889263026521,
		-0.47691121810733011,
		-1.0547548268574667,
		0.045499999999999999
	],
	"velocity" : 
	[
		-0.028000000000000001,
		0.021000000000000001,
		0.0,
		-0.13900000000000001,
		-0.097000000000000003,
		0.27400000000000002,
		0.0
	]
}
