{
	"effort" : [ 0.0, 0.0, 0.0, 0.0, 0.0, 0.0, -1.0429999999999999 ],
	"position" : 
	[
		-0.48670251521101582,
		1.7833774296873559,
		-0.57548741425994498,
		0.83318527831684264,
		-1.1011456783754645,
		-0.48326421658458785,
		0.0436
	],
	"velocity" : 
	[
		0.0,
		0.0,
		0.053999999999999999,
		0.52100000000000002,
		-0.055,
		0.122,
		0.0
	]
}
