{
	"effort" : [ 0.0, 0.0, 0.0, 0.0, 0.0, 0.0, -0.035000000000000003 ],
	"position" : 
	[
		-0.41994367132224958,
		0.69013809282342353,
		-0.40434042780942425,
		1.4836694905349648,
		-0.22136010903038492,
		-1.8915180301408971,
		0.0424
	],
	"velocity" : 
	[
		0.0,
		1.9019999999999999,
		-0.67100000000000004,
		0.67800000000000005,
		-0.85299999999999998,
		0.0,
		0.0
	]
}
