{
	"effort" : [ 0.0, 0.0, 0.0, 0.0, 0.0, 0.0, -0.058000000000000003 ],
	"position" : 
	[
		-0.48703412776889465,
		1.7745984235498267,
		-0.57136843722523944,
		1.1708541287001002,
		-1.1376056064496169,
		-0.46300094396893882,
		0.061400000000000003
	],
	"velocity" : [ 0.0, 0.0, 0.0, 0.075999999999999998, 0.0, 0.0, 0.0 ]
}
