{
	"effort" : [ 0.0, 0.0, 0.0, 0.0, 0.0, 0.0, -1.0389999999999999 ],
	"position" : 
	[
		-0.48696431459881495,
		1.7745984235498267,
		-0.57337556586503236,
		1.1562108162758715,
		-0.86657342690748573,
		-0.54452527332957346,
		0.051400000000000001
	],
	"velocity" : 
	[
		0.0,
		0.0,
		0.0,
		-0.023,
		0.012999999999999999,
		0.052999999999999999,
		0.0
	]
}
