{
	"effort" : [ 0.0, 0.0, 0.0, 0.0, 0.0, 0.0, -0.034000000000000002 ],
	"position" : 
	[
		-0.41994367132224958,
		0.62248913101614034,
		-0.38217474630910175,
		1.464767574735871,
		-0.1942900523319597,
		-1.8915180301408971,
		0.0424
	],
	"velocity" : 
	[
		0.0,
		1.925,
		-0.66200000000000003,
		0.46500000000000002,
		-0.69699999999999995,
		0.0,
		0.0
	]
}
