{
	"effort" : [ 0.0, 0.0, 0.0, 0.0, 0.0, 0.0, -1.046 ],
	"position" : 
	[
		-0.4953244417158657,
		1.7723993086923142,
		-0.58735565317350347,
		1.0994352557085105,
		-0.86559604252636924,
		-0.55213490886826677,
		0.0516
	],
	"velocity" : 
	[
		-0.11600000000000001,
		0.0,
		-0.031,
		-0.66100000000000003,
		-0.084000000000000005,
		0.0,
		0.0
	]
}
