{
	"effort" : [ 0.0, 0.0, 0.0, 0.0, 0.0, 0.0, -0.037999999999999999 ],
	"position" : 
	[
		-0.41994367132224958,
		0.66303312953995841,
		-0.39531707557661583,
		1.4720281444241659,
		-0.2054252529596807,
		-1.8915180301408971,
		0.0424
	],
	"velocity" : 
	[
		0.0,
		1.911,
		-0.63300000000000001,
		0.47299999999999998,
		-0.81100000000000005,
		0.0,
		0.0
	]
}
