{
	"effort" : [ 0.0, 0.0, 0.0, 0.0, 0.0, 0.0, -1.044 ],
	"position" : 
	[
		-0.58508672514591142,
		1.7602867236834763,
		-0.73303828583743336,
		0.88943724010860581,
		-0.42029273717264837,
		-0.73202599487127695,
		0.0436
	],
	"velocity" : 
	[
		-0.034000000000000002,
		0.0,
		0.0,
		-0.78400000000000003,
		0.245,
		0.38900000000000001,
		0.0
	]
}
