{
	"effort" : [ 0.0, 0.0, 0.0, 0.0, 0.0, 0.0, -1.044 ],
	"position" : 
	[
		-0.57904788593401246,
		1.7723993086923142,
		-0.58822831779950036,
		0.95198984050006663,
		-0.9636835464884258,
		-0.52434926717652408,
		0.050900000000000001
	],
	"velocity" : [ -0.125, 0.0, 0.051999999999999998, 0.0, 0.187, 0.0, 0.0 ]
}
