{
	"effort" : [ 0.0, 0.0, 0.0, 0.0, 0.0, 0.0, -1.0409999999999999 ],
	"position" : 
	[
		-0.58159606664192354,
		1.7602867236834763,
		-0.73303828583743336,
		0.94431039179129361,
		-0.43380158558308113,
		-0.75909605156970217,
		0.0436
	],
	"velocity" : 
	[
		-0.050999999999999997,
		0.0,
		0.0,
		-0.32900000000000001,
		0.021000000000000001,
		0.012999999999999999,
		0.0
	]
}
