{
	"effort" : [ 0.0, 0.0, 0.0, 0.0, 0.0, 0.0, 0.11700000000000001 ],
	"position" : 
	[
		-0.49448668367490861,
		1.6953604755093039,
		-0.52403510791116514,
		1.0940596416123693,
		-0.73453926899414801,
		-1.0581233123138152,
		0.0722
	],
	"velocity" : 
	[
		-0.52500000000000002,
		0.33600000000000002,
		-0.29999999999999999,
		-0.26400000000000001,
		-0.113,
		1.133,
		0.0
	]
}
