{
	"effort" : [ 0.0, 0.0, 0.0, 0.0, 0.0, 0.0, -0.52000000000000002 ],
	"position" : 
	[
		-0.41994367132224958,
		0.0037175513067469832,
		-0.056985000077600476,
		1.6590750803603511,
		-0.0083426738245307892,
		-1.8915180301408971,
		-0.0041999999999999997
	],
	"velocity" : [ 0.0, 0.0, 0.0, -0.34799999999999998, -0.47099999999999997, 0.0, 0.0 ]
}
