{
	"effort" : [ 0.0, 0.0, 0.0, 0.0, 0.0, 0.0, -0.65500000000000003 ],
	"position" : 
	[
		-0.51296972045352385,
		1.7034937098235952,
		-0.58039178945804781,
		0.72108278046127516,
		-0.50104912166240567,
		-0.38765508016036265,
		0.078
	],
	"velocity" : [ 0.0, 0.0, 0.0, -0.067000000000000004, 0.0, -0.078, 0.0 ]
}
