{
	"effort" : [ 0.0, 0.0, 0.0, 0.0, 0.0, 0.0, -1.044 ],
	"position" : 
	[
		-0.63367669152142125,
		1.6019679072351107,
		-0.5060058567380683,
		0.74515087084627096,
		-0.27296949501184425,
		-0.81557490616422434,
		0.057000000000000002
	],
	"velocity" : 
	[
		0.0030000000000000001,
		0.0,
		0.13,
		-0.023,
		-0.073999999999999996,
		0.0,
		0.0
	]
}
