{
	"effort" : [ 0.0, 0.0, 0.0, 0.0, 0.0, 0.0, -0.056000000000000001 ],
	"position" : 
	[
		-0.48703412776889465,
		1.7769720713325383,
		-0.56520742496570098,
		1.1851832818589703,
		-1.1360871700003823,
		-0.46931903586115675,
		0.059499999999999997
	],
	"velocity" : 
	[
		0.0,
		-0.025000000000000001,
		-0.0040000000000000001,
		-0.16600000000000001,
		-0.20100000000000001,
		0.0089999999999999993,
		0.0
	]
}
