{
	"effort" : [ 0.0, 0.0, 0.0, 0.0, 0.0, 0.0, -0.035000000000000003 ],
	"position" : 
	[
		-0.41620866672298268,
		0.93577573174904338,
		-0.51630329932483221,
		1.8602940898227265,
		-0.44935246921834665,
		-2.0211261803939631,
		0.0424
	],
	"velocity" : 
	[
		0.0,
		0.0,
		0.27400000000000002,
		-0.095000000000000001,
		-0.52300000000000002,
		0.0,
		0.0
	]
}
