{
	"effort" : [ 0.0, 0.0, 0.0, 0.0, 0.0, 0.0, -1.0409999999999999 ],
	"position" : 
	[
		-0.61653755826684131,
		1.6020202671126706,
		-0.42854814453457946,
		0.70455451244489309,
		-0.31450833120929877,
		-0.83931138399134109,
		0.054899999999999997
	],
	"velocity" : 
	[
		0.0050000000000000001,
		0.0,
		0.097000000000000003,
		-0.124,
		-0.435,
		0.0,
		0.0
	]
}
