{
	"effort" : [ 0.0, 0.0, 0.0, 0.0, 0.0, 0.0, -1.042 ],
	"position" : 
	[
		-0.53670619828064081,
		1.7769371647474981,
		-0.73124059670787966,
		0.62934827497647627,
		-0.38042941705710798,
		-0.6647435522069125,
		0.0436
	],
	"velocity" : [ 0.0, 0.0, 0.0, 0.014999999999999999, -0.058999999999999997, 0.0, 0.0 ]
}
