{
	"effort" : [ 0.0, 0.0, 0.0, 0.0, 0.0, 0.0, 0.21199999999999999 ],
	"position" : 
	[
		-0.41620866672298268,
		1.4316237722405072,
		-0.48185049989047285,
		1.347743248389681,
		-0.69640382483808172,
		-1.333222109013092,
		0.055100000000000003
	],
	"velocity" : 
	[
		0.0,
		0.71299999999999997,
		-0.20599999999999999,
		-0.312,
		-0.21199999999999999,
		0.64600000000000002,
		0.0
	]
}
