{
	"effort" : [ 0.0, 0.0, 0.0, 0.0, 0.0, 0.0, -0.036999999999999998 ],
	"position" : 
	[
		-0.41620866672298268,
		0.93717199515063843,
		-0.54026666995470829,
		1.9341040638895479,
		-0.15493287769949754,
		-2.0211261803939631,
		0.0424
	],
	"velocity" : [ 0.0, 0.0, 0.0, -0.19900000000000001, -0.41199999999999998, 0.0, 0.0 ]
}
