{
	"effort" : [ 0.0, 0.0, 0.0, 0.0, 0.0, 0.0, -0.062 ],
	"position" : 
	[
		-0.48703412776889465,
		1.7745984235498267,
		-0.57136843722523944,
		1.1727914441698135,
		-1.1180055589497255,
		-0.46300094396893882,
		0.061400000000000003
	],
	"velocity" : [ 0.0, 0.0, -0.002, 0.0, 0.41199999999999998, 0.0, 0.0 ]
}
