{
	"effort" : [ 0.0, 0.0, 0.0, 0.0, 0.0, 0.0, -1.0509999999999999 ],
	"position" : 
	[
		-0.62341415551969714,
		1.7232857435412061,
		-0.53613023962748274,
		0.59486056895707717,
		-0.50481903284671248,
		-0.64104198096483545,
		0.056000000000000001
	],
	"velocity" : 
	[
		0.0,
		0.313,
		-0.029000000000000001,
		-0.029999999999999999,
		-0.33300000000000002,
		-0.001,
		0.0
	]
}
