{
	"effort" : [ 0.0, 0.0, 0.0, 0.0, 0.0, 0.0, -0.76800000000000002 ],
	"position" : 
	[
		-0.59688515088938998,
		1.7809514220270841,
		-0.55251888130370541,
		0.79644609756237139,
		-0.79920371778052157,
		-0.47085492560291137,
		0.054100000000000002
	],
	"velocity" : 
	[
		-0.029999999999999999,
		0.0,
		0.0,
		-0.14299999999999999,
		0.11799999999999999,
		0.20699999999999999,
		0.0
	]
}
