{
	"effort" : [ 0.0, 0.0, 0.0, 0.0, 0.0, 0.0, -1.046 ],
	"position" : 
	[
		-0.61432099011680907,
		1.614481917971907,
		-0.4095066023953261,
		0.72268848337310942,
		-0.41533600209698579,
		-0.74677402705062512,
		0.054899999999999997
	],
	"velocity" : 
	[
		0.0,
		0.0,
		0.0,
		0.069000000000000006,
		-0.060999999999999999,
		0.185,
		0.0
	]
}
