{
	"effort" : [ 0.0, 0.0, 0.0, 0.0, 0.0, 0.0, -0.0030000000000000001 ],
	"position" : 
	[
		-0.59857812026382407,
		1.7809514220270841,
		-0.55733599003920853,
		0.71080279116703116,
		-0.73010613269408364,
		-0.45921357949211206,
		0.075200000000000003
	],
	"velocity" : 
	[
		-0.017000000000000001,
		0.0,
		0.001,
		-0.13400000000000001,
		0.247,
		0.035999999999999997,
		0.0
	]
}
