{
	"effort" : [ 0.0, 0.0, 0.0, 0.0, 0.0, 0.0, -0.28199999999999997 ],
	"position" : 
	[
		-0.60432025350288399,
		1.7809514220270841,
		-0.57047831930672244,
		0.70092422760074569,
		-0.63346725201118204,
		-0.44172538038713333,
		0.076799999999999993
	],
	"velocity" : [ 0.0, 0.0, 0.0, -0.025999999999999999, 0.001, 0.111, 0.0 ]
}
