{
	"effort" : [ 0.0, 0.0, 0.0, 0.0, 0.0, 0.0, 0.112 ],
	"position" : 
	[
		-0.58793161182666143,
		1.7583843147988032,
		-0.65725608971585869,
		0.87653925693637091,
		-0.57304395330715352,
		-0.84990553255094403,
		0.0722
	],
	"velocity" : 
	[
		0.0,
		0.0,
		-0.063,
		-0.001,
		0.66700000000000004,
		-0.032000000000000001,
		0.0
	]
}
