{
	"effort" : [ 0.0, 0.0, 0.0, 0.0, 0.0, 0.0, -1.0529999999999999 ],
	"position" : 
	[
		-0.62341415551969714,
		1.6979435628022546,
		-0.58428387368999413,
		0.62156410651258365,
		-0.45694465146452001,
		-0.68952722758522556,
		0.056000000000000001
	],
	"velocity" : 
	[
		0.0,
		0.0,
		0.053999999999999999,
		-0.122,
		0.0,
		-0.067000000000000004,
		0.0
	]
}
