{
	"effort" : [ 0.0, 0.0, 0.0, 0.0, 0.0, 0.0, -1.0369999999999999 ],
	"position" : 
	[
		-0.61432099011680907,
		1.614481917971907,
		-0.4095066023953261,
		0.90083424012412572,
		-0.42591269736406867,
		-0.69153435622501869,
		0.054899999999999997
	],
	"velocity" : [ 0.0, 0.0, 0.0, 0.45800000000000002, 0.0, 0.77800000000000002, 0.0 ]
}
