{
	"effort" : [ 0.0, 0.0, 0.0, 0.0, 0.0, 0.0, -1.046 ],
	"position" : 
	[
		-0.48696431459881495,
		1.7745984235498267,
		-0.58323667613879793,
		1.1474667167233823,
		-0.85695666272899951,
		-0.54216907883938159,
		0.051499999999999997
	],
	"velocity" : 
	[
		0.0,
		0.0,
		-0.023,
		-0.128,
		0.010999999999999999,
		-0.14099999999999999,
		0.0
	]
}
