{
	"effort" : [ 0.0, 0.0, 0.0, 0.0, 0.0, 0.0, -1.0429999999999999 ],
	"position" : 
	[
		-0.61432099011680907,
		1.614481917971907,
		-0.4095066023953261,
		1.0178760197628358,
		-0.43224824254880645,
		-0.58180550615216287,
		0.054899999999999997
	],
	"velocity" : [ 0.0, 0.0, -0.01, 0.070000000000000007, 0.0, 0.0, 0.0 ]
}
