{
	"effort" : [ 0.0, 0.0, 0.0, 0.0, 0.0, 0.0, 0.050000000000000003 ],
	"position" : 
	[
		-0.58793161182666143,
		1.7583843147988032,
		-0.73223543438151617,
		1.0182076323207148,
		-0.49305551368827355,
		-1.055522771728344,
		0.0722
	],
	"velocity" : 
	[
		0.0,
		0.0,
		0.0,
		-0.34699999999999998,
		0.067000000000000004,
		0.014999999999999999,
		0.0
	]
}
