{
	"effort" : [ 0.0, 0.0, 0.0, 0.0, 0.0, 0.0, -1.04 ],
	"position" : 
	[
		-0.50450487358135354,
		1.6979435628022546,
		-0.59068923204481172,
		0.66931631484713638,
		-0.50748938660226317,
		-0.44827036508211038,
		0.076399999999999996
	],
	"velocity" : 
	[
		-0.13100000000000001,
		0.0,
		0.0,
		0.0,
		0.17999999999999999,
		-0.76600000000000001,
		0.0
	]
}
