{
	"effort" : [ 0.0, 0.0, 0.0, 0.0, 0.0, 0.0, 0.105 ],
	"position" : 
	[
		-0.57292178025951401,
		1.7400409043603475,
		-0.58559287062898957,
		1.051613234203878,
		-0.73878041907649328,
		-0.94745198444488254,
		0.0722
	],
	"velocity" : 
	[
		-0.33900000000000002,
		0.22500000000000001,
		-0.26000000000000001,
		-0.39500000000000002,
		0.092999999999999999,
		0.36799999999999999,
		0.0
	]
}
