{
	"effort" : [ 0.0, 0.0, 0.0, 0.0, 0.0, 0.0, 0.13900000000000001 ],
	"position" : 
	[
		-0.61432099011680907,
		0.82374304706355572,
		-0.36140532821037458,
		1.0362019769087718,
		-0.23106413967147096,
		-0.58180550615216287,
		0.0722
	],
	"velocity" : [ 0.029999999999999999, -1.153, 0.0, -0.189, 1.087, 0.0, 0.0 ]
}
