{
	"effort" : [ 0.0, 0.0, 0.0, 0.0, 0.0, 0.0, -1.0409999999999999 ],
	"position" : 
	[
		-0.48408452133302499,
		1.7833774296873559,
		-0.57072266540200178,
		1.1836822987022553,
		-1.1582004916231448,
		-0.47544514153565526,
		0.043499999999999997
	],
	"velocity" : 
	[
		0.0,
		0.0,
		0.017000000000000001,
		0.091999999999999998,
		0.023,
		-0.014999999999999999,
		0.0
	]
}
