{
	"effort" : [ 0.0, 0.0, 0.0, 0.0, 0.0, 0.0, -1.0409999999999999 ],
	"position" : 
	[
		-0.48696431459881495,
		1.7745984235498267,
		-0.56518997167318108,
		1.1583575712558241,
		-0.97171206104759766,
		-0.58257345102304015,
		0.050700000000000002
	],
	"velocity" : 
	[
		0.0,
		0.0,
		0.094,
		-0.070000000000000007,
		0.0,
		0.021000000000000001,
		0.0
	]
}
