{
	"effort" : [ 0.0, 0.0, 0.0, 0.0, 0.0, 0.0, -1.0429999999999999 ],
	"position" : 
	[
		-0.48670251521101582,
		1.7833774296873559,
		-0.57407369756583004,
		0.85458301494628774,
		-1.10521229553261,
		-0.478970706624683,
		0.0436
	],
	"velocity" : 
	[
		0.0,
		0.0,
		0.028000000000000001,
		0.087999999999999995,
		-0.055,
		0.0,
		0.0
	]
}
