{
	"effort" : [ 0.0, 0.0, 0.0, 0.0, 0.0, 0.0, -0.65500000000000003 ],
	"position" : 
	[
		-0.51296972045352385,
		1.7034937098235952,
		-0.58039178945804781,
		0.72310736239358797,
		-0.50104912166240567,
		-0.38781215979304212,
		0.078
	],
	"velocity" : 
	[
		0.0040000000000000001,
		0.0,
		0.0,
		-0.126,
		0.0,
		-0.075999999999999998,
		0.0
	]
}
