{
	"effort" : [ 0.0, 0.0, 0.0, 0.0, 0.0, 0.0, -1.044 ],
	"position" : 
	[
		-0.59688515088938998,
		1.7809514220270841,
		-0.56119316768611505,
		0.81131630278935918,
		-0.83154466881996836,
		-0.47532296848801575,
		0.054100000000000002
	],
	"velocity" : [ 0.0, 0.0, 0.10299999999999999, 0.0, 0.29099999999999998, 0.0, 0.0 ]
}
