{
	"effort" : [ 0.0, 0.0, 0.0, 0.0, 0.0, 0.0, -1.0389999999999999 ],
	"position" : 
	[
		-0.58358574198919655,
		1.7602867236834763,
		-0.73303828583743336,
		0.93286103189821368,
		-0.43163737731060869,
		-0.7520798279766866,
		0.0436
	],
	"velocity" : 
	[
		-0.029000000000000001,
		0.0,
		0.0,
		-0.69699999999999995,
		0.087999999999999995,
		0.29899999999999999,
		0.0
	]
}
