{
	"effort" : [ 0.0, 0.0, 0.0, 0.0, 0.0, 0.0, -0.64700000000000002 ],
	"position" : 
	[
		-0.49408525794695002,
		1.7018705536192411,
		-0.58648298854750658,
		0.66313784929507802,
		-0.52752576641515292,
		-0.40938442934768654,
		0.078
	],
	"velocity" : 
	[
		-0.051999999999999998,
		0.0,
		-0.028000000000000001,
		0.0,
		0.17199999999999999,
		0.0,
		0.0
	]
}
