{
	"effort" : [ 0.0, 0.0, 0.0, 0.0, 0.0, 0.0, -1.046 ],
	"position" : 
	[
		-0.48696431459881495,
		1.7745984235498267,
		-0.57337556586503236,
		1.1546923798266371,
		-0.86390307315193504,
		-0.54216907883938159,
		0.051499999999999997
	],
	"velocity" : [ 0.0, 0.0, -0.063, -0.0030000000000000001, 0.0, 0.0, 0.0 ]
}
