{
	"effort" : [ 0.0, 0.0, 0.0, 0.0, 0.0, 0.0, -1.038 ],
	"position" : 
	[
		-0.62208770528818191,
		1.6979435628022546,
		-0.59068923204481172,
		0.62723642658156387,
		-0.4605225764311075,
		-0.68952722758522556,
		0.056300000000000003
	],
	"velocity" : 
	[
		-0.025000000000000001,
		0.0,
		0.0,
		-0.085999999999999993,
		0.012999999999999999,
		0.0,
		0.0
	]
}
