{
	"effort" : [ 0.0, 0.0, 0.0, 0.0, 0.0, 0.0, -0.036999999999999998 ],
	"position" : 
	[
		-0.41994367132224958,
		0.95808103958952529,
		-0.51146873729680908,
		1.5813555687690632,
		-0.33154274470875911,
		-1.8915180301408971,
		0.0424
	],
	"velocity" : 
	[
		0.0,
		1.024,
		-0.56699999999999995,
		0.39100000000000001,
		-0.13900000000000001,
		0.0,
		0.0
	]
}
