{
	"effort" : [ 0.0, 0.0, 0.0, 0.0, 0.0, 0.0, -1.0369999999999999 ],
	"position" : 
	[
		-0.49289843405559414,
		1.7723993086923142,
		-0.58534852453371033,
		1.1199079678343986,
		-0.86311767498853798,
		-0.55213490886826677,
		0.0516
	],
	"velocity" : 
	[
		-0.069000000000000006,
		0.0,
		-0.060999999999999999,
		-0.54800000000000004,
		-0.045999999999999999,
		0.0,
		0.0
	]
}
