{
	"effort" : [ 0.0, 0.0, 0.0, 0.0, 0.0, 0.0, -1.032 ],
	"position" : 
	[
		-0.62341415551969714,
		1.6979435628022546,
		-0.59068923204481172,
		0.62547364403705008,
		-0.45694465146452001,
		-0.68952722758522556,
		0.056099999999999997
	],
	"velocity" : [ -0.02, 0.0, 0.024, 0.0, 0.0, 0.13200000000000001, 0.0 ]
}
