{
	"effort" : [ 0.0, 0.0, 0.0, 0.0, 0.0, 0.0, 0.051999999999999998 ],
	"position" : 
	[
		-0.58793161182666143,
		1.7583843147988032,
		-0.72647584784993624,
		1.000701979923216,
		-0.49151962394651899,
		-1.0443177579305436,
		0.0722
	],
	"velocity" : 
	[
		0.0,
		0.0,
		-0.040000000000000001,
		0.071999999999999995,
		0.0,
		-0.27400000000000002,
		0.0
	]
}
