{
	"effort" : [ 0.0, 0.0, 0.0, 0.0, 0.0, 0.0, 0.14199999999999999 ],
	"position" : 
	[
		-0.61432099011680907,
		0.9925687456089245,
		-0.36295867124464914,
		1.0459409141348976,
		-0.34382986264279608,
		-0.58180550615216287,
		0.0722
	],
	"velocity" : [ 0.0, -0.58999999999999997, 0.0, 0.0, 0.128, 0.0, 0.0 ]
}
