{
	"effort" : [ 0.0, 0.0, 0.0, 0.0, 0.0, 0.0, -1.0429999999999999 ],
	"position" : 
	[
		-0.58358574198919655,
		1.7602867236834763,
		-0.73303828583743336,
		0.93725926161323825,
		-0.43369686582796146,
		-0.75225436090188602,
		0.0436
	],
	"velocity" : 
	[
		-0.037999999999999999,
		0.0,
		0.0,
		-0.29899999999999999,
		0.10100000000000001,
		0.35799999999999998,
		0.0
	]
}
