{
	"effort" : [ 0.0, 0.0, 0.0, 0.0, 0.0, 0.0, -1.0409999999999999 ],
	"position" : 
	[
		-0.5143310772700791,
		1.7784556011967327,
		-0.67774625513426701,
		0.78145371928774376,
		-0.68813096418363051,
		-0.66289350319979889,
		0.0436
	],
	"velocity" : 
	[
		0.25,
		0.017999999999999999,
		0.441,
		-0.17000000000000001,
		-1.5700000000000001,
		0.021000000000000001,
		0.0
	]
}
