{
	"effort" : [ 0.0, 0.0, 0.0, 0.0, 0.0, 0.0, -1.048 ],
	"position" : 
	[
		-0.48466047998618295,
		1.7833774296873559,
		-0.56532959801334048,
		1.2123056984349552,
		-1.1475888897710218,
		-0.48289769744166922,
		0.043499999999999997
	],
	"velocity" : 
	[
		0.0,
		0.0,
		0.025999999999999999,
		0.084000000000000005,
		-0.097000000000000003,
		0.012999999999999999,
		0.0
	]
}
