{
	"effort" : [ 0.0, 0.0, 0.0, 0.0, 0.0, 0.0, -1.0349999999999999 ],
	"position" : 
	[
		-0.61882393958695325,
		1.6020202671126706,
		-0.43591343397799365,
		0.70818479728904038,
		-0.29508281663460678,
		-0.83767077449446692,
		0.054899999999999997
	],
	"velocity" : 
	[
		0.014999999999999999,
		0.0,
		0.122,
		-0.014999999999999999,
		-0.0089999999999999993,
		-0.001,
		0.0
	]
}
