{
	"effort" : [ 0.0, 0.0, 0.0, 0.0, 0.0, 0.0, 0.14199999999999999 ],
	"position" : 
	[
		-0.61432099011680907,
		1.2473693631075125,
		-0.36519269268720128,
		1.0459409141348976,
		-0.36730454108211397,
		-0.58180550615216287,
		0.0722
	],
	"velocity" : [ 0.0, 0.0, 0.051999999999999998, 0.0, -0.46899999999999997, 0.0, 0.0 ]
}
