{
	"effort" : [ 0.0, 0.0, 0.0, 0.0, 0.0, 0.0, -0.031 ],
	"position" : 
	[
		-0.41620866672298268,
		1.2451353416649602,
		-0.39030798062339339,
		1.4394253939969199,
		-0.56347954900622699,
		-1.6187579746392922,
		0.0424
	],
	"velocity" : 
	[
		0.0,
		0.86899999999999999,
		-0.46899999999999997,
		-0.44600000000000001,
		-0.79300000000000004,
		1.2210000000000001,
		0.0
	]
}
