{
	"effort" : [ 0.0, 0.0, 0.0, 0.0, 0.0, 0.0, 0.14799999999999999 ],
	"position" : 
	[
		-0.61432099011680907,
		1.4653958932665889,
		-0.40168752734639351,
		1.044178131590384,
		-0.36313320416984851,
		-0.58180550615216287,
		0.0722
	],
	"velocity" : [ 0.0, -0.33300000000000002, 0.0, 0.0, 0.33300000000000002, 0.0, 0.0 ]
}
