{
	"effort" : [ 0.0, 0.0, 0.0, 0.0, 0.0, 0.0, -0.080000000000000002 ],
	"position" : 
	[
		-0.59857812026382407,
		1.7809514220270841,
		-0.55906386599868241,
		0.70867348947959863,
		-0.72497486469322148,
		-0.45621161317868258,
		0.076200000000000004
	],
	"velocity" : [ 0.0, 0.0, 0.0, 0.0, 0.0, 0.0, 0.0 ]
}
