{
	"effort" : [ 0.0, 0.0, 0.0, 0.0, 0.0, 0.0, -1.0129999999999999 ],
	"position" : 
	[
		-0.48696431459881495,
		1.7745984235498267,
		-0.57337556586503236,
		1.1585146508885036,
		-0.86926123395555632,
		-0.54421111406421452,
		0.051400000000000001
	],
	"velocity" : 
	[
		0.0,
		0.0,
		-0.0080000000000000002,
		-0.10100000000000001,
		0.19500000000000001,
		0.0089999999999999993,
		0.0
	]
}
