{
	"effort" : [ 0.0, 0.0, 0.0, 0.0, 0.0, 0.0, -0.621 ],
	"position" : 
	[
		-0.51543063469883521,
		1.7034937098235952,
		-0.58039178945804781,
		0.73696527665441969,
		-0.50270718445179985,
		-0.37800340939683647,
		0.078
	],
	"velocity" : [ 0.0, 0.0, 0.0, -0.017000000000000001, 0.124, 0.0, 0.0 ]
}
