{
	"effort" : [ 0.0, 0.0, 0.0, 0.0, 0.0, 0.0, 0.13700000000000001 ],
	"position" : 
	[
		-0.61432099011680907,
		1.1588113568613425,
		-0.36295867124464914,
		1.0459409141348976,
		-0.43326053351496296,
		-0.58180550615216287,
		0.0722
	],
	"velocity" : [ 0.0, -0.47999999999999998, 0.0, 0.0, 0.122, 0.0, 0.0 ]
}
