{
	"effort" : [ 0.0, 0.0, 0.0, 0.0, 0.0, 0.0, -0.076999999999999999 ],
	"position" : 
	[
		-0.41994367132224958,
		0.19716984559774964,
		-0.25329963434187308,
		1.3847616818244712,
		-0.069551370691956466,
		-1.8915180301408971,
		0.042700000000000002
	],
	"velocity" : 
	[
		0.0,
		1.2969999999999999,
		-0.47399999999999998,
		0.67800000000000005,
		-0.0050000000000000001,
		0.0,
		0.0
	]
}
