{
	"effort" : [ 0.0, 0.0, 0.0, 0.0, 0.0, 0.0, -0.033000000000000002 ],
	"position" : 
	[
		-0.41620866672298268,
		0.93919657708295146,
		-0.57067030552444187,
		1.9477699919326599,
		-0.21629865419960265,
		-2.0228191497683974,
		0.0424
	],
	"velocity" : 
	[
		0.0,
		-0.031,
		0.14799999999999999,
		0.019,
		0.43099999999999999,
		0.0,
		0.0
	]
}
