{
	"effort" : [ 0.0, 0.0, 0.0, 0.0, 0.0, 0.0, 0.10299999999999999 ],
	"position" : 
	[
		-0.47033132682731316,
		1.6768774387306886,
		-0.50991539426253452,
		1.1083189816011594,
		-0.72830844356452995,
		-1.1099421378055137,
		0.0722
	],
	"velocity" : 
	[
		-0.46899999999999997,
		0.40600000000000003,
		-0.24199999999999999,
		-0.48699999999999999,
		-0.11600000000000001,
		1.077,
		0.0
	]
}
