{
	"effort" : [ 0.0, 0.0, 0.0, 0.0, 0.0, 0.0, -0.52100000000000002 ],
	"position" : 
	[
		-0.5357462671920441,
		1.7197601784521785,
		-0.58039178945804781,
		0.72710416638065412,
		-0.56876789663976857,
		-0.3894702225824363,
		0.077399999999999997
	],
	"velocity" : 
	[
		0.28599999999999998,
		-0.20599999999999999,
		0.0,
		0.057000000000000002,
		0.0,
		0.010999999999999999,
		0.0
	]
}
