{
	"effort" : [ 0.0, 0.0, 0.0, 0.0, 0.0, 0.0, 0.14099999999999999 ],
	"position" : 
	[
		-0.61432099011680907,
		0.75520396733775574,
		-0.36140532821037458,
		1.016985901844319,
		-0.16388641676222618,
		-0.58180550615216287,
		0.0722
	],
	"velocity" : 
	[
		0.0,
		-1.306,
		0.0,
		-0.109,
		1.2769999999999999,
		0.067000000000000004,
		0.0
	]
}
