{
	"effort" : [ 0.0, 0.0, 0.0, 0.0, 0.0, 0.0, 0.0040000000000000001 ],
	"position" : 
	[
		-0.61432099011680907,
		0.0023212879051518723,
		-0.30721285493596434,
		0.59353411872556172,
		0.65036203917048274,
		-0.58180550615216287,
		0.0041999999999999997
	],
	"velocity" : [ 0.0, 0.0, 0.12, 0.0, 0.0, 0.0, 0.0 ]
}
