{
	"effort" : [ 0.0, 0.0, 0.0, 0.0, 0.0, 0.0, -1.0449999999999999 ],
	"position" : 
	[
		-0.53670619828064081,
		1.7769371647474981,
		-0.73124059670787966,
		0.63388613103166058,
		-0.36957346910970601,
		-0.6647435522069125,
		0.0436
	],
	"velocity" : 
	[
		0.028000000000000001,
		0.0,
		0.0,
		-0.22800000000000001,
		-0.073999999999999996,
		0.0,
		0.0
	]
}
