{
	"effort" : [ 0.0, 0.0, 0.0, 0.0, 0.0, 0.0, -1.03 ],
	"position" : 
	[
		-0.50480157955419247,
		1.6979435628022546,
		-0.59068923204481172,
		0.66931631484713638,
		-0.50740212013966335,
		-0.45409976478377007,
		0.075999999999999998
	],
	"velocity" : 
	[
		-0.13900000000000001,
		0.0,
		0.0,
		0.0,
		0.0089999999999999993,
		-0.433,
		0.0
	]
}
