{
	"effort" : [ 0.0, 0.0, 0.0, 0.0, 0.0, 0.0, -1.046 ],
	"position" : 
	[
		-0.50892055658889801,
		1.7784556011967327,
		-0.66552895037030968,
		0.77656679738216083,
		-0.72455598567274315,
		-0.65884433933517317,
		0.0436
	],
	"velocity" : 
	[
		0.29999999999999999,
		0.019,
		0.47299999999999998,
		-0.40999999999999998,
		-1.7749999999999999,
		0.24099999999999999,
		0.0
	]
}
