{
	"effort" : [ 0.0, 0.0, 0.0, 0.0, 0.0, 0.0, 0.13900000000000001 ],
	"position" : 
	[
		-0.61432099011680907,
		1.2473693631075125,
		-0.36360444306788681,
		1.0459409141348976,
		-0.41938516596161157,
		-0.58180550615216287,
		0.0722
	],
	"velocity" : [ 0.0, 0.0, 0.0, 0.0, -0.78600000000000003, 0.0, 0.0 ]
}
