{
	"effort" : [ 0.0, 0.0, 0.0, 0.0, 0.0, 0.0, 0.30599999999999999 ],
	"position" : 
	[
		-0.41994367132224958,
		0.0037175513067469832,
		-0.098558742860094917,
		1.5573921981391869,
		-0.029286624848457451,
		-1.8915180301408971,
		0.020299999999999999
	],
	"velocity" : [ 0.0, 0.0, -0.314, -0.57299999999999995, 0.34799999999999998, 0.0, 0.0 ]
}
