{
	"effort" : [ 0.0, 0.0, 0.0, 0.0, 0.0, 0.0, -0.034000000000000002 ],
	"position" : 
	[
		-0.41620866672298268,
		0.93717199515063843,
		-0.56073938208059659,
		1.9530059796886419,
		-0.17856463577149478,
		-2.0251055310885091,
		0.0424
	],
	"velocity" : 
	[
		0.0,
		0.0,
		0.18099999999999999,
		0.019,
		0.47299999999999998,
		-0.0070000000000000001,
		0.0
	]
}
