{
	"effort" : [ 0.0, 0.0, 0.0, 0.0, 0.0, 0.0, -0.254 ],
	"position" : 
	[
		-0.60285417693120913,
		1.7809514220270841,
		-0.56210073889715184,
		0.70464177890749269,
		-0.67167250933732825,
		-0.45481534977708754,
		0.076499999999999999
	],
	"velocity" : 
	[
		-0.045999999999999999,
		0.0,
		-0.033000000000000002,
		0.0,
		0.25800000000000001,
		0.0,
		0.0
	]
}
