{
	"effort" : [ 0.0, 0.0, 0.0, 0.0, 0.0, 0.0, -1.0449999999999999 ],
	"position" : 
	[
		-0.61882393958695325,
		1.6020202671126706,
		-0.43343506644016233,
		0.70717250632288386,
		-0.2971073985669197,
		-0.83931138399134109,
		0.054899999999999997
	],
	"velocity" : 
	[
		0.0,
		0.0,
		0.056000000000000001,
		0.0,
		-0.087999999999999995,
		-0.092999999999999999,
		0.0
	]
}
