{
	"effort" : [ 0.0, 0.0, 0.0, 0.0, 0.0, 0.0, -1.0369999999999999 ],
	"position" : 
	[
		-0.6313728569087893,
		1.6019679072351107,
		-0.52996922736794438,
		0.74097953393400551,
		-0.26841418566414016,
		-0.77991782954598909,
		0.057000000000000002
	],
	"velocity" : 
	[
		0.0,
		0.0,
		-0.025999999999999999,
		0.001,
		0.078,
		-0.14299999999999999,
		0.0
	]
}
