{
	"effort" : [ 0.0, 0.0, 0.0, 0.0, 0.0, 0.0, 0.13900000000000001 ],
	"position" : 
	[
		-0.61432099011680907,
		0.86269879596805943,
		-0.36140532821037458,
		1.0415950442974331,
		-0.267890586888542,
		-0.58180550615216287,
		0.0722
	],
	"velocity" : [ 0.0, -1.0649999999999999, 0.0, -0.069000000000000006, 1.022, 0.0, 0.0 ]
}
