{
	"effort" : [ 0.0, 0.0, 0.0, 0.0, 0.0, 0.0, -0.64700000000000002 ],
	"position" : 
	[
		-0.49408525794695002,
		1.7018705536192411,
		-0.58648298854750658,
		0.66313784929507802,
		-0.52749085983011301,
		-0.40938442934768654,
		0.078
	],
	"velocity" : 
	[
		-0.034000000000000002,
		-0.001,
		-0.039,
		0.0089999999999999993,
		0.111,
		0.0,
		0.0
	]
}
