{
	"effort" : [ 0.0, 0.0, 0.0, 0.0, 0.0, 0.0, 0.069000000000000006 ],
	"position" : 
	[
		-0.41620866672298268,
		1.4757980556084727,
		-0.49275880771543462,
		1.3182471840309842,
		-0.70605549560160785,
		-1.3112135071454489,
		0.062799999999999995
	],
	"velocity" : 
	[
		0.0,
		0.67800000000000005,
		-0.10000000000000001,
		-0.72599999999999998,
		-0.122,
		0.040000000000000001,
		0.0
	]
}
