{
	"effort" : [ 0.0, 0.0, 0.0, 0.0, 0.0, 0.0, 0.105 ],
	"position" : 
	[
		-0.58793161182666143,
		1.7583843147988032,
		-0.70347240830865687,
		0.91107932283332993,
		-0.50249774494156052,
		-0.97080448983656076,
		0.0722
	],
	"velocity" : 
	[
		0.023,
		0.0,
		-0.20599999999999999,
		0.53800000000000003,
		0.0,
		-0.44800000000000001,
		0.0
	]
}
