{
	"effort" : [ 0.0, 0.0, 0.0, 0.0, 0.0, 0.0, 0.154 ],
	"position" : 
	[
		-0.61432099011680907,
		1.5203039515343166,
		-0.40346776318342731,
		1.044178131590384,
		-0.4494048290959064,
		-0.58180550615216287,
		0.0722
	],
	"velocity" : [ 0.0, -0.157, 0.0, 0.0, -0.19900000000000001, 0.0, 0.0 ]
}
