{
	"effort" : [ 0.0, 0.0, 0.0, 0.0, 0.0, 0.0, 0.016 ],
	"position" : 
	[
		-0.61432099011680907,
		0.034033920413880828,
		-0.36140532821037458,
		0.73537702703510521,
		0.24694663586461532,
		-0.58180550615216287,
		0.0722
	],
	"velocity" : 
	[
		0.0,
		-0.63400000000000001,
		0.0,
		-0.67100000000000004,
		1.4970000000000001,
		0.0,
		0.0
	]
}
