{
	"effort" : [ 0.0, 0.0, 0.0, 0.0, 0.0, 0.0, 0.032000000000000001 ],
	"position" : 
	[
		-0.41994367132224958,
		0.0037175513067469832,
		-0.13288936924681469,
		1.4353762301322941,
		0.0084823001646902995,
		-1.8915180301408971,
		0.046300000000000001
	],
	"velocity" : 
	[
		0.0,
		0.0,
		-0.25,
		-0.999,
		0.34699999999999998,
		-0.0030000000000000001,
		0.0
	]
}
