{
	"effort" : [ 0.0, 0.0, 0.0, 0.0, 0.0, 0.0, -0.042000000000000003 ],
	"position" : 
	[
		-0.41620866672298268,
		0.93577573174904338,
		-0.51008992718773394,
		1.8524924680663137,
		-0.45706682451215963,
		-2.0211261803939631,
		0.0424
	],
	"velocity" : 
	[
		-0.017999999999999999,
		0.0,
		0.28399999999999997,
		-0.28699999999999998,
		-0.107,
		0.0,
		0.0
	]
}
