{
	"effort" : [ 0.0, 0.0, 0.0, 0.0, 0.0, 0.0, -0.27700000000000002 ],
	"position" : 
	[
		-0.60432025350288399,
		1.7809514220270841,
		-0.5682966577417301,
		0.70284408977793911,
		-0.64507369153694138,
		-0.45481534977708754,
		0.076799999999999993
	],
	"velocity" : [ 0.0, 0.0, -0.113, 0.0, 0.41799999999999998, 0.0, 0.0 ]
}
