{
	"effort" : [ 0.0, 0.0, 0.0, 0.0, 0.0, 0.0, -1.048 ],
	"position" : 
	[
		-0.61882393958695325,
		1.6020202671126706,
		-0.4326322149842452,
		0.70717250632288386,
		-0.30197686717998268,
		-0.83931138399134109,
		0.054899999999999997
	],
	"velocity" : [ 0.012, 0.0, 0.063, 0.0, -0.057000000000000002, 0.0, 0.0 ]
}
