{
	"effort" : [ 0.0, 0.0, 0.0, 0.0, 0.0, 0.0, -1.0389999999999999 ],
	"position" : 
	[
		-0.53438491037548885,
		1.7769371647474981,
		-0.71560244661001426,
		0.79171625528946787,
		-0.5430766500504185,
		-0.6647435522069125,
		0.0436
	],
	"velocity" : 
	[
		0.014,
		0.0,
		0.29999999999999999,
		-0.070000000000000007,
		-1.1499999999999999,
		0.0,
		0.0
	]
}
