{
	"effort" : [ 0.0, 0.0, 0.0, 0.0, 0.0, 0.0, -1.044 ],
	"position" : 
	[
		-0.54492669905753199,
		1.7723993086923142,
		-0.59262654751452493,
		0.95198984050006663,
		-0.96808177620345026,
		-0.54557247088076977,
		0.050999999999999997
	],
	"velocity" : 
	[
		-0.20499999999999999,
		0.0,
		0.0,
		0.029999999999999999,
		0.055,
		0.187,
		0.0
	]
}
