{
	"effort" : [ 0.0, 0.0, 0.0, 0.0, 0.0, 0.0, -1.0429999999999999 ],
	"position" : 
	[
		-0.47767916297820745,
		1.7833774296873559,
		-0.56897733615000778,
		1.1042349111514935,
		-1.1724598316119348,
		-0.45493752282472705,
		0.043499999999999997
	],
	"velocity" : 
	[
		-0.14299999999999999,
		0.0,
		0.0,
		0.34999999999999998,
		-0.13800000000000001,
		0.0,
		0.0
	]
}
