{
	"effort" : [ 0.0, 0.0, 0.0, 0.0, 0.0, 0.0, -1.042 ],
	"position" : 
	[
		-0.61432099011680907,
		1.614481917971907,
		-0.4095066023953261,
		1.0162528635584815,
		-0.4303109270790933,
		-0.58180550615216287,
		0.054899999999999997
	],
	"velocity" : [ 0.0, 0.0, 0.0, 0.23300000000000001, 0.0, 0.0, 0.0 ]
}
