{
	"effort" : [ 0.0, 0.0, 0.0, 0.0, 0.0, 0.0, -0.66000000000000003 ],
	"position" : 
	[
		-0.50279445091439945,
		1.7018705536192411,
		-0.58259090431556015,
		0.67975338377405992,
		-0.52139966074065436,
		-0.40179224710151318,
		0.078
	],
	"velocity" : 
	[
		0.021000000000000001,
		0.0,
		0.0,
		-0.19700000000000001,
		-0.17599999999999999,
		-0.0050000000000000001,
		0.0
	]
}
