{
	"effort" : [ 0.0, 0.0, 0.0, 0.0, 0.0, 0.0, 0.112 ],
	"position" : 
	[
		-0.42755330686094289,
		1.6240288689803135,
		-0.49974012472341017,
		1.1708715819926203,
		-0.7130717191946232,
		-1.2293750185194554,
		0.0722
	],
	"velocity" : 
	[
		-0.22700000000000001,
		0.47199999999999998,
		-0.0040000000000000001,
		-0.71499999999999997,
		-0.010999999999999999,
		0.98499999999999999,
		0.0
	]
}
