{
	"effort" : [ 0.0, 0.0, 0.0, 0.0, 0.0, 0.0, -1.034 ],
	"position" : 
	[
		-0.49984484447852978,
		1.7723993086923142,
		-0.59262654751452493,
		1.0060426874343174,
		-0.90373148668243575,
		-0.55213490886826677,
		0.0516
	],
	"velocity" : 
	[
		0.0,
		0.0,
		0.0,
		-0.23300000000000001,
		-0.35599999999999998,
		-0.001,
		0.0
	]
}
