{
	"effort" : [ 0.0, 0.0, 0.0, 0.0, 0.0, 0.0, 0.14699999999999999 ],
	"position" : 
	[
		-0.59857812026382407,
		1.7809514220270841,
		-0.55251888130370541,
		0.76862554928558879,
		-0.78234383720626077,
		-0.47082001901787146,
		0.059900000000000002
	],
	"velocity" : [ 0.0, 0.0, 0.0, -0.71899999999999997, 0.060999999999999999, 0.0, 0.0 ]
}
