{
	"effort" : [ 0.0, 0.0, 0.0, 0.0, 0.0, 0.0, -1.0429999999999999 ],
	"position" : 
	[
		-0.52391293486352553,
		1.7723993086923142,
		-0.59262654751452493,
		0.95755744081392713,
		-0.97865847147053331,
		-0.55604444639273309,
		0.051299999999999998
	],
	"velocity" : 
	[
		-0.22,
		0.0,
		0.0,
		-0.0050000000000000001,
		0.113,
		-0.028000000000000001,
		0.0
	]
}
