{
	"effort" : [ 0.0, 0.0, 0.0, 0.0, 0.0, 0.0, -0.079000000000000001 ],
	"position" : 
	[
		-0.61432099011680907,
		0.0023212879051518723,
		-0.32337460380942773,
		0.59768800234530717,
		0.64226371144123118,
		-0.58180550615216287,
		0.035099999999999999
	],
	"velocity" : [ 0.0, 0.0, 0.159, -0.014999999999999999, 0.126, 0.0, 0.0 ]
}
