{
	"effort" : [ 0.0, 0.0, 0.0, 0.0, 0.0, 0.0, -0.626 ],
	"position" : 
	[
		-0.51543063469883521,
		1.7034937098235952,
		-0.58039178945804781,
		0.73696527665441969,
		-0.50490629930931208,
		-0.37800340939683647,
		0.078
	],
	"velocity" : 
	[
		0.0,
		0.0,
		0.0,
		-0.0050000000000000001,
		0.012999999999999999,
		-0.010999999999999999,
		0.0
	]
}
