{
	"effort" : [ 0.0, 0.0, 0.0, 0.0, 0.0, 0.0, -1.0169999999999999 ],
	"position" : 
	[
		-0.58204985224744199,
		1.7602867236834763,
		-0.73303828583743336,
		0.95457292779301761,
		-0.45057419969474233,
		-0.78873174226855836,
		0.044900000000000002
	],
	"velocity" : [ 0.02, 0.0, 0.0, 0.0, 0.0, 0.014999999999999999, 0.0 ]
}
