{
	"effort" : [ 0.0, 0.0, 0.0, 0.0, 0.0, 0.0, 0.084000000000000005 ],
	"position" : 
	[
		-0.41620866672298268,
		1.3331522958430122,
		-0.43748423030478817,
		1.3919349850501663,
		-0.63344979871866203,
		-1.4739305533088394,
		0.043099999999999999
	],
	"velocity" : 
	[
		0.0,
		0.82199999999999995,
		-0.46200000000000002,
		-0.28100000000000003,
		-0.65100000000000002,
		1.5009999999999999,
		0.0
	]
}
