{
	"effort" : [ 0.0, 0.0, 0.0, 0.0, 0.0, 0.0, -1.042 ],
	"position" : 
	[
		-0.48408452133302499,
		1.7833774296873559,
		-0.57072266540200178,
		1.1765788086466402,
		-1.1644662236378027,
		-0.47102945852811068,
		0.043499999999999997
	],
	"velocity" : 
	[
		0.0,
		0.0,
		0.0089999999999999993,
		0.105,
		0.092999999999999999,
		-0.010999999999999999,
		0.0
	]
}
