{
	"effort" : [ 0.0, 0.0, 0.0, 0.0, 0.0, 0.0, 0.14099999999999999 ],
	"position" : 
	[
		-0.61432099011680907,
		1.0762921898270716,
		-0.36295867124464914,
		1.0459409141348976,
		-0.37114426543650053,
		-0.58180550615216287,
		0.0722
	],
	"velocity" : [ 0.0, -0.33100000000000002, 0.0, 0.0, 0.48799999999999999, 0.0, 0.0 ]
}
