{
	"effort" : [ 0.0, 0.0, 0.0, 0.0, 0.0, 0.0, 0.14099999999999999 ],
	"position" : 
	[
		-0.61432099011680907,
		0.58246873126792054,
		-0.36140532821037458,
		0.98474967055999196,
		-0.05040510879758351,
		-0.58180550615216287,
		0.0722
	],
	"velocity" : [ 0.0, -1.3859999999999999, 0.0, -0.12, 0.66700000000000004, 0.0, 0.0 ]
}
