{
	"effort" : [ 0.0, 0.0, 0.0, 0.0, 0.0, 0.0, -0.035999999999999997 ],
	"position" : 
	[
		-0.41620866672298268,
		0.93717199515063843,
		-0.53871332692043372,
		1.8773459566147064,
		-0.34866442467081915,
		-2.0211261803939631,
		0.0424
	],
	"velocity" : [ 0.0, 0.0, 0.0, -0.109, -0.67300000000000004, 0.0, 0.0 ]
}
