{
	"effort" : [ 0.0, 0.0, 0.0, 0.0, 0.0, 0.0, 0.113 ],
	"position" : 
	[
		-0.58609901611206794,
		1.7474411003888015,
		-0.60287163022372914,
		1.0228676614235386,
		-0.72502722457078128,
		-0.93504269346320601,
		0.0722
	],
	"velocity" : 
	[
		-0.126,
		0.090999999999999998,
		-0.22500000000000001,
		-0.77400000000000002,
		0.29299999999999998,
		0.216,
		0.0
	]
}
