{
	"effort" : [ 0.0, 0.0, 0.0, 0.0, 0.0, 0.0, -0.039 ],
	"position" : 
	[
		-0.41620866672298268,
		1.0476687900943715,
		-0.33541737564818558,
		1.5834499638714554,
		-0.47685885822977025,
		-1.9317304161068365,
		0.0424
	],
	"velocity" : 
	[
		0.0,
		0.69299999999999995,
		0.0,
		-0.17199999999999999,
		-0.16400000000000001,
		1.004,
		0.0
	]
}
