{
	"effort" : [ 0.0, 0.0, 0.0, 0.0, 0.0, 0.0, -1.0820000000000001 ],
	"position" : 
	[
		-0.5941449839637597,
		1.7809514220270841,
		-0.57042595942916274,
		0.87341511757530177,
		-0.95192002732998682,
		-0.49761082303597765,
		0.052200000000000003
	],
	"velocity" : 
	[
		-0.001,
		0.0030000000000000001,
		0.032000000000000001,
		-0.021000000000000001,
		0.41199999999999998,
		0.097000000000000003,
		0.0
	]
}
