{
	"effort" : [ 0.0, 0.0, 0.0, 0.0, 0.0, 0.0, -1.042 ],
	"position" : 
	[
		-0.58597684306442821,
		1.7602867236834763,
		-0.73223543438151617,
		0.99632120350071141,
		-0.47691121810733011,
		-1.0470055649786139,
		0.045499999999999999
	],
	"velocity" : 
	[
		0.0030000000000000001,
		0.0,
		-0.023,
		-0.052999999999999999,
		0.0,
		0.187,
		0.0
	]
}
