{
	"effort" : [ 0.0, 0.0, 0.0, 0.0, 0.0, 0.0, -1.046 ],
	"position" : 
	[
		-0.5941449839637597,
		1.7809514220270841,
		-0.56981509419096488,
		0.81981605624656961,
		-0.89350385726575154,
		-0.47853437431168444,
		0.054100000000000002
	],
	"velocity" : 
	[
		-0.010999999999999999,
		0.0,
		0.0,
		-0.017000000000000001,
		0.128,
		0.014999999999999999,
		0.0
	]
}
