{
	"effort" : [ 0.0, 0.0, 0.0, 0.0, 0.0, 0.0, -0.073999999999999996 ],
	"position" : 
	[
		-0.41994367132224958,
		0.05527457741064646,
		-0.20116664958481564,
		1.3493140447164755,
		-0.044575709095923913,
		-1.8915180301408971,
		0.043499999999999997
	],
	"velocity" : 
	[
		0.0,
		0.78000000000000003,
		-0.39100000000000001,
		0.0,
		-0.17799999999999999,
		0.13600000000000001,
		0.0
	]
}
