{
	"effort" : [ 0.0, 0.0, 0.0, 0.0, 0.0, 0.0, -1.04 ],
	"position" : 
	[
		-0.48909361628624742,
		1.7808816088570043,
		-0.62006312335586888,
		0.76408769323040471,
		-0.91556481901095421,
		-0.59014817997669367,
		0.0436
	],
	"velocity" : 
	[
		0.099000000000000005,
		0.0,
		0.40600000000000003,
		-0.14699999999999999,
		-1.649,
		1.1000000000000001,
		0.0
	]
}
