{
	"effort" : [ 0.0, 0.0, 0.0, 0.0, 0.0, 0.0, -1.0409999999999999 ],
	"position" : 
	[
		-0.53064990577622195,
		1.7723993086923142,
		-0.59262654751452493,
		0.95349082365678139,
		-0.97249745921099495,
		-0.55604444639273309,
		0.051299999999999998
	],
	"velocity" : 
	[
		-0.17599999999999999,
		0.0,
		0.0,
		-0.0070000000000000001,
		0.024,
		0.047,
		0.0
	]
}
