{
	"effort" : [ 0.0, 0.0, 0.0, 0.0, 0.0, 0.0, -0.036999999999999998 ],
	"position" : 
	[
		-0.41620866672298268,
		0.93717199515063843,
		-0.53871332692043372,
		1.879510164887179,
		-0.34866442467081915,
		-2.0211261803939631,
		0.0424
	],
	"velocity" : [ 0.0, 0.0, 0.0, -0.097000000000000003, -0.67300000000000004, 0.0, 0.0 ]
}
