{
	"effort" : [ 0.0, 0.0, 0.0, 0.0, 0.0, 0.0, 0.14999999999999999 ],
	"position" : 
	[
		-0.61432099011680907,
		1.4677869943418207,
		-0.40168752734639351,
		1.044178131590384,
		-0.36590827768051881,
		-0.58180550615216287,
		0.0722
	],
	"velocity" : [ 0.0, -0.314, 0.0, 0.0, 0.34999999999999998, 0.0, 0.0 ]
}
