{
	"effort" : [ 0.0, 0.0, 0.0, 0.0, 0.0, 0.0, -0.65500000000000003 ],
	"position" : 
	[
		-0.50499356577191179,
		1.7018705536192411,
		-0.58259090431556015,
		0.68743283248283304,
		-0.51338859947400239,
		-0.40128610161843492,
		0.078
	],
	"velocity" : 
	[
		0.014,
		0.0,
		0.0,
		-0.153,
		-0.17199999999999999,
		-0.0089999999999999993,
		0.0
	]
}
