{
	"effort" : [ 0.0, 0.0, 0.0, 0.0, 0.0, 0.0, 0.045999999999999999 ],
	"position" : 
	[
		-0.58793161182666143,
		1.7583843147988032,
		-0.73068209134724171,
		1.0227978482534588,
		-0.49385836514419079,
		-1.0573553674429379,
		0.0722
	],
	"velocity" : [ 0.0, 0.0, -0.036999999999999998, 0.0, 0.0, 0.0, 0.0 ]
}
