{
	"effort" : [ 0.0, 0.0, 0.0, 0.0, 0.0, 0.0, 0.14499999999999999 ],
	"position" : 
	[
		-0.61432099011680907,
		1.5913737586755079,
		-0.4094891491028062,
		1.0402685940659175,
		-0.41919317974389225,
		-0.58180550615216287,
		0.0722
	],
	"velocity" : [ 0.0, -0.20999999999999999, 0.0, 0.0, 0.097000000000000003, 0.0, 0.0 ]
}
