{
	"effort" : [ 0.0, 0.0, 0.0, 0.0, 0.0, 0.0, 0.050000000000000003 ],
	"position" : 
	[
		-0.58793161182666143,
		1.7583843147988032,
		-0.72647584784993624,
		0.99544853887471452,
		-0.49151962394651899,
		-1.039011957004482,
		0.0722
	],
	"velocity" : 
	[
		0.0,
		0.0,
		-0.051999999999999998,
		0.55600000000000005,
		0.0,
		-0.20699999999999999,
		0.0
	]
}
