{
	"effort" : [ 0.0, 0.0, 0.0, 0.0, 0.0, 0.0, -1.0409999999999999 ],
	"position" : 
	[
		-0.49754100986589794,
		1.7723993086923142,
		-0.58967694107865531,
		1.0670768513765438,
		-0.87081457698983089,
		-0.55213490886826677,
		0.0516
	],
	"velocity" : 
	[
		-0.017000000000000001,
		0.0,
		-0.10100000000000001,
		-0.79300000000000004,
		-0.122,
		0.0,
		0.0
	]
}
