{
	"effort" : [ 0.0, 0.0, 0.0, 0.0, 0.0, 0.0, 0.13900000000000001 ],
	"position" : 
	[
		-0.61432099011680907,
		1.1139563950850995,
		-0.36295867124464914,
		1.0459409141348976,
		-0.40863393776932921,
		-0.58180550615216287,
		0.0722
	],
	"velocity" : [ 0.0, -0.38700000000000001, 0.0, 0.0, 0.41799999999999998, 0.0, 0.0 ]
}
