{
	"effort" : [ 0.0, 0.0, 0.0, 0.0, 0.0, 0.0, -0.0040000000000000001 ],
	"position" : 
	[
		-0.41620866672298268,
		1.2867090844474547,
		-0.41086795921188135,
		1.4167186604284794,
		-0.59533180785511541,
		-1.5478452471307804,
		0.0424
	],
	"velocity" : 
	[
		0.0,
		0.83799999999999997,
		-0.45500000000000002,
		-0.47099999999999997,
		-0.61099999999999999,
		1.3899999999999999,
		0.0
	]
}
