{
	"effort" : [ 0.0, 0.0, 0.0, 0.0, 0.0, 0.0, 0.111 ],
	"position" : 
	[
		-0.58793161182666143,
		1.7563422795739703,
		-0.6136228584160115,
		0.98916535356753643,
		-0.70342004843109696,
		-0.92809628304027036,
		0.0722
	],
	"velocity" : 
	[
		0.0,
		0.078,
		-0.23300000000000001,
		-0.58399999999999996,
		0.47899999999999998,
		0.16200000000000001,
		0.0
	]
}
