{
	"effort" : [ 0.0, 0.0, 0.0, 0.0, 0.0, 0.0, -1.0389999999999999 ],
	"position" : 
	[
		-0.48466047998618295,
		1.7833774296873559,
		-0.57072266540200178,
		1.1977147458882862,
		-1.1521267458262059,
		-0.47780133602584707,
		0.043499999999999997
	],
	"velocity" : 
	[
		0.0,
		0.0,
		0.0,
		0.13800000000000001,
		0.0050000000000000001,
		-0.037999999999999999,
		0.0
	]
}
