{
	"effort" : [ 0.0, 0.0, 0.0, 0.0, 0.0, 0.0, 0.151 ],
	"position" : 
	[
		-0.61432099011680907,
		1.5061493313006464,
		-0.40346776318342731,
		1.044178131590384,
		-0.4494048290959064,
		-0.58180550615216287,
		0.0722
	],
	"velocity" : [ 0.0, -0.13100000000000001, 0.0, 0.0, 0.0, 0.0, 0.0 ]
}
