{
	"effort" : [ 0.0, 0.0, 0.0, 0.0, 0.0, 0.0, 0.14799999999999999 ],
	"position" : 
	[
		-0.61432099011680907,
		1.5554723359619935,
		-0.40598103730629848,
		1.044178131590384,
		-0.42191589337700264,
		-0.58180550615216287,
		0.0722
	],
	"velocity" : [ 0.0, -0.051999999999999998, 0.0, 0.0, -0.151, 0.0, 0.0 ]
}
