{
	"effort" : [ 0.0, 0.0, 0.0, 0.0, 0.0, 0.0, -0.20499999999999999 ],
	"position" : 
	[
		-0.61432099011680907,
		0.0023212879051518723,
		-0.28907888400774778,
		0.59353411872556172,
		0.6684960100986993,
		-0.58180550615216287,
		-0.0027000000000000001
	],
	"velocity" : [ 0.0, 0.0, 0.14499999999999999, 0.0, 0.10299999999999999, 0.0, 0.0 ]
}
