{
	"effort" : [ 0.0, 0.0, 0.0, 0.0, 0.0, 0.0, -1.0429999999999999 ],
	"position" : 
	[
		-0.48696431459881495,
		1.7745984235498267,
		-0.56330501608102768,
		1.1583575712558241,
		-0.97171206104759766,
		-0.57988564397496967,
		0.050700000000000002
	],
	"velocity" : 
	[
		0.0030000000000000001,
		0.0,
		0.066000000000000003,
		0.0,
		0.021000000000000001,
		0.019,
		0.0
	]
}
