{
	"effort" : [ 0.0, 0.0, 0.0, 0.0, 0.0, 0.0, 0.112 ],
	"position" : 
	[
		-0.42781510624874203,
		1.6207127434015254,
		-0.49974012472341017,
		1.1804534395860669,
		-0.7112216701875097,
		-1.2414177903582133,
		0.0722
	],
	"velocity" : 
	[
		-0.16400000000000001,
		0.48399999999999999,
		0.0,
		-0.70299999999999996,
		-0.019,
		0.95599999999999996,
		0.0
	]
}
