{
	"effort" : [ 0.0, 0.0, 0.0, 0.0, 0.0, 0.0, -0.036999999999999998 ],
	"position" : 
	[
		-0.41620866672298268,
		1.1456341210087886,
		-0.34217179985340196,
		1.5143872853700575,
		-0.50085713544468635,
		-1.7766928186522191,
		0.0424
	],
	"velocity" : 
	[
		0.0,
		0.76300000000000001,
		-0.186,
		-0.42299999999999999,
		-0.40400000000000003,
		1.2150000000000001,
		0.0
	]
}
