{
	"effort" : [ 0.0, 0.0, 0.0, 0.0, 0.0, 0.0, 0.183 ],
	"position" : 
	[
		-0.41994367132224958,
		0.0037175513067469832,
		-0.06705554986160521,
		1.6077100404741707,
		-0.035377823937916129,
		-1.8915180301408971,
		-0.00029999999999999997
	],
	"velocity" : [ 0.0, 0.0, -0.26300000000000001, -0.316, 0.0, 0.0, 0.0 ]
}
