{
	"effort" : [ 0.0, 0.0, 0.0, 0.0, 0.0, 0.0, -0.98799999999999999 ],
	"position" : 
	[
		-0.54852207731663938,
		1.6979435628022546,
		-0.59068923204481172,
		0.66889743582665795,
		-0.49317768673591322,
		-0.56093136829831591,
		0.065600000000000006
	],
	"velocity" : 
	[
		-0.27600000000000002,
		0.0,
		0.0,
		-0.080000000000000002,
		0.001,
		-0.57899999999999996,
		0.0
	]
}
