{
	"effort" : [ 0.0, 0.0, 0.0, 0.0, 0.0, 0.0, 0.12 ],
	"position" : 
	[
		-0.41620866672298268,
		1.3273927093114322,
		-0.43427282448111942,
		1.3919000784651263,
		-0.62899920912607765,
		-1.4739305533088394,
		0.042799999999999998
	],
	"velocity" : 
	[
		0.0,
		0.80700000000000005,
		-0.441,
		-0.28100000000000003,
		-0.71699999999999997,
		1.5009999999999999,
		0.0
	]
}
