{
	"effort" : [ 0.0, 0.0, 0.0, 0.0, 0.0, 0.0, -1.042 ],
	"position" : 
	[
		-0.49289843405559414,
		1.7745984235498267,
		-0.58534852453371033,
		1.1199254211269187,
		-0.86311767498853798,
		-0.55213490886826677,
		0.0516
	],
	"velocity" : 
	[
		-0.069000000000000006,
		0.0,
		-0.059999999999999998,
		-0.54800000000000004,
		-0.045999999999999999,
		-0.012999999999999999,
		0.0
	]
}
