{
	"effort" : [ 0.0, 0.0, 0.0, 0.0, 0.0, 0.0, -1.0469999999999999 ],
	"position" : 
	[
		-0.48438122730586403,
		1.7833774296873559,
		-0.57131607734767964,
		1.0443352112230633,
		-1.1167314685957699,
		-0.45493752282472705,
		0.043499999999999997
	],
	"velocity" : 
	[
		0.096000000000000002,
		-0.0080000000000000002,
		0.014,
		0.40999999999999998,
		-0.17599999999999999,
		-0.126,
		0.0
	]
}
