{
	"effort" : [ 0.0, 0.0, 0.0, 0.0, 0.0, 0.0, -1.0409999999999999 ],
	"position" : 
	[
		-0.48408452133302499,
		1.7833774296873559,
		-0.57072266540200178,
		1.1598760077050587,
		-1.1792317091096709,
		-0.47102945852811068,
		0.043499999999999997
	],
	"velocity" : [ 0.0, 0.0, 0.0, 0.111, 0.128, 0.050999999999999997, 0.0 ]
}
