{
	"effort" : [ 0.0, 0.0, 0.0, 0.0, 0.0, 0.0, -0.042000000000000003 ],
	"position" : 
	[
		-0.41620866672298268,
		1.0166368359939204,
		-0.57531288133474556,
		1.8562449259581004,
		-0.28267352565293025,
		-1.9757301665496019,
		0.0424
	],
	"velocity" : 
	[
		0.0,
		-0.32000000000000001,
		0.0,
		0.65100000000000002,
		0.33300000000000002,
		-0.41599999999999998,
		0.0
	]
}
