{
	"effort" : [ 0.0, 0.0, 0.0, 0.0, 0.0, 0.0, -0.623 ],
	"position" : 
	[
		-0.51543063469883521,
		1.7034937098235952,
		-0.58039178945804781,
		0.74391168707735522,
		-0.5096710481672555,
		-0.37800340939683647,
		0.078
	],
	"velocity" : 
	[
		0.024,
		0.0,
		0.0,
		-0.10299999999999999,
		0.0030000000000000001,
		0.017000000000000001,
		0.0
	]
}
