{
	"effort" : [ 0.0, 0.0, 0.0, 0.0, 0.0, 0.0, -0.035999999999999997 ],
	"position" : 
	[
		-0.41620866672298268,
		1.1293676523802056,
		-0.34112460230220559,
		1.5231837448001067,
		-0.49624946621942245,
		-1.795559827866273,
		0.0424
	],
	"velocity" : 
	[
		0.0,
		0.78700000000000003,
		-0.17199999999999999,
		-0.61899999999999999,
		-0.44400000000000001,
		1.286,
		0.0
	]
}
