{
	"effort" : [ 0.0, 0.0, 0.0, 0.0, 0.0, 0.0, -1.036 ],
	"position" : 
	[
		-0.48670251521101582,
		1.7833774296873559,
		-0.57131607734767964,
		1.0379647594532855,
		-1.1145498070307776,
		-0.45493752282472705,
		0.043499999999999997
	],
	"velocity" : 
	[
		0.0,
		0.0,
		0.087999999999999995,
		0.441,
		-0.084000000000000005,
		0.0,
		0.0
	]
}
