{
	"effort" : [ 0.0, 0.0, 0.0, 0.0, 0.0, 0.0, -1.048 ],
	"position" : 
	[
		-0.48408452133302499,
		1.7833774296873559,
		-0.57072266540200178,
		1.1598760077050587,
		-1.1807850521439454,
		-0.47102945852811068,
		0.043499999999999997
	],
	"velocity" : [ 0.0, 0.0, 0.0, 0.0, 0.028000000000000001, 0.055, 0.0 ]
}
