{
	"effort" : [ 0.0, 0.0, 0.0, 0.0, 0.0, 0.0, -0.65100000000000002 ],
	"position" : 
	[
		-0.51296972045352385,
		1.7034937098235952,
		-0.58039178945804781,
		0.72310736239358797,
		-0.50104912166240567,
		-0.38604937724852828,
		0.078
	],
	"velocity" : 
	[
		0.0,
		0.0,
		-0.010999999999999999,
		-0.001,
		0.0,
		-0.24299999999999999,
		0.0
	]
}
