{
	"effort" : [ 0.0, 0.0, 0.0, 0.0, 0.0, 0.0, -1.05 ],
	"position" : 
	[
		-0.59688515088938998,
		1.7809514220270841,
		-0.56587065008145865,
		0.81131630278935918,
		-0.8438841466315653,
		-0.47532296848801575,
		0.054100000000000002
	],
	"velocity" : 
	[
		0.0,
		0.0,
		0.043999999999999997,
		-0.0030000000000000001,
		0.33300000000000002,
		0.0,
		0.0
	]
}
