{
	"effort" : [ 0.0, 0.0, 0.0, 0.0, 0.0, 0.0, -0.19700000000000001 ],
	"position" : 
	[
		-0.61432099011680907,
		0.0023212879051518723,
		-0.27138124539252978,
		0.61418136377664945,
		0.30925489016079716,
		-0.65549330717134491,
		-0.0028999999999999998
	],
	"velocity" : 
	[
		0.0,
		0.0,
		0.16,
		0.29099999999999998,
		-1.3919999999999999,
		-0.070000000000000007,
		0.0
	]
}
