{
	"effort" : [ 0.0, 0.0, 0.0, 0.0, 0.0, 0.0, -1.01 ],
	"position" : 
	[
		-0.5941449839637597,
		1.7809514220270841,
		-0.57042595942916274,
		0.87051787101699196,
		-0.94600336116572759,
		-0.49761082303597765,
		0.052600000000000001
	],
	"velocity" : 
	[
		0.0,
		0.0,
		0.0,
		-0.071999999999999995,
		0.58999999999999997,
		0.073999999999999996,
		0.0
	]
}
