{
	"effort" : [ 0.0, 0.0, 0.0, 0.0, 0.0, 0.0, -0.35599999999999998 ],
	"position" : 
	[
		-0.41994367132224958,
		0.0037175513067469832,
		-0.058730329329594363,
		1.6238194294700745,
		-0.033423055175682968,
		-1.8915180301408971,
		-0.0041999999999999997
	],
	"velocity" : 
	[
		0.0,
		0.0,
		-0.033000000000000002,
		-0.0050000000000000001,
		0.0,
		-0.0030000000000000001,
		0.0
	]
}
