{
	"effort" : [ 0.0, 0.0, 0.0, 0.0, 0.0, 0.0, -0.20300000000000001 ],
	"position" : 
	[
		-0.61432099011680907,
		0.0023212879051518723,
		-0.35690237874023034,
		0.63172192275918804,
		0.52757812629271272,
		-0.58180550615216287,
		0.071999999999999995
	],
	"velocity" : [ 0.0, 0.0, 0.112, -0.23499999999999999, 0.91800000000000004, 0.0, 0.0 ]
}
