{
	"effort" : [ 0.0, 0.0, 0.0, 0.0, 0.0, 0.0, 0.13800000000000001 ],
	"position" : 
	[
		-0.41994367132224958,
		0.0037175513067469832,
		-0.070127329345114453,
		1.6027009455209484,
		-0.035377823937916129,
		-1.8915180301408971,
		0.0011999999999999999
	],
	"velocity" : 
	[
		0.0,
		0.0,
		-0.24199999999999999,
		-0.33900000000000002,
		-0.0030000000000000001,
		0.0,
		0.0
	]
}
