{
	"effort" : [ 0.0, 0.0, 0.0, 0.0, 0.0, 0.0, -0.087999999999999995 ],
	"position" : 
	[
		-0.37578684124680423,
		1.7745984235498267,
		-0.56953584151064574,
		1.2467584978693145,
		-1.0906911561560211,
		-0.57412605744338974,
		0.061400000000000003
	],
	"velocity" : 
	[
		0.025000000000000001,
		0.0,
		0.0,
		0.105,
		-0.113,
		-0.0070000000000000001,
		0.0
	]
}
