{
	"effort" : [ 0.0, 0.0, 0.0, 0.0, 0.0, 0.0, -1.0660000000000001 ],
	"position" : 
	[
		-0.61255820757229518,
		1.6979435628022546,
		-0.59068923204481172,
		0.63859852001204398,
		-0.46525241870401096,
		-0.67516316784131591,
		0.056599999999999998
	],
	"velocity" : 
	[
		-0.17799999999999999,
		0.0,
		0.0,
		-0.23300000000000001,
		0.0050000000000000001,
		-0.27000000000000002,
		0.0
	]
}
