{
	"effort" : [ 0.0, 0.0, 0.0, 0.0, 0.0, 0.0, -0.085999999999999993 ],
	"position" : 
	[
		-0.37564721490664466,
		1.7745984235498267,
		-0.56953584151064574,
		1.2603371594498269,
		-1.0926633782107742,
		-0.57960639129465064,
		0.061400000000000003
	],
	"velocity" : [ -0.070999999999999994, 0.0, 0.0, 0.0, 0.067000000000000004, 0.0, 0.0 ]
}
