{
	"effort" : [ 0.0, 0.0, 0.0, 0.0, 0.0, 0.0, 0.112 ],
	"position" : 
	[
		-0.58793161182666143,
		1.7583843147988032,
		-0.65306729951107334,
		0.87856383886868372,
		-0.60105648780165544,
		-0.83671084340587021,
		0.0722
	],
	"velocity" : 
	[
		0.0,
		0.0,
		-0.053999999999999999,
		-0.012999999999999999,
		0.30199999999999999,
		-0.050999999999999997,
		0.0
	]
}
