{
	"effort" : [ 0.0, 0.0, 0.0, 0.0, 0.0, 0.0, -1.042 ],
	"position" : 
	[
		-0.53639203901528187,
		1.7769371647474981,
		-0.73124059670787966,
		0.75745544207282778,
		-0.44930010934078679,
		-0.6647435522069125,
		0.0436
	],
	"velocity" : 
	[
		0.0,
		0.0,
		0.0080000000000000002,
		0.72599999999999998,
		-0.29099999999999998,
		0.0,
		0.0
	]
}
