{
	"effort" : [ 0.0, 0.0, 0.0, 0.0, 0.0, 0.0, 0.052999999999999999 ],
	"position" : 
	[
		-0.58793161182666143,
		1.7583843147988032,
		-0.72848297648972926,
		1.0033199738012069,
		-0.49151962394651899,
		-1.0480353092372903,
		0.0722
	],
	"velocity" : 
	[
		0.0,
		0.0,
		-0.040000000000000001,
		0.41199999999999998,
		-0.019,
		-0.17000000000000001,
		0.0
	]
}
