{
	"effort" : [ 0.0, 0.0, 0.0, 0.0, 0.0, 0.0, -0.035000000000000003 ],
	"position" : 
	[
		-0.41994367132224958,
		0.69013809282342353,
		-0.4043229745169043,
		1.478869835091982,
		-0.21516419018580663,
		-1.8915180301408971,
		0.0424
	],
	"velocity" : 
	[
		0.0,
		1.9019999999999999,
		-0.67100000000000004,
		0.55400000000000005,
		-0.56299999999999994,
		0.0,
		0.0
	]
}
