{
	"effort" : [ 0.0, 0.0, 0.0, 0.0, 0.0, 0.0, -0.031 ],
	"position" : 
	[
		-0.41620866672298268,
		0.93577573174904338,
		-0.51822316150202552,
		1.8603639029928059,
		-0.44935246921834665,
		-2.0211261803939631,
		0.0424
	],
	"velocity" : 
	[
		0.0,
		0.0,
		0.28999999999999998,
		-0.14899999999999999,
		-0.52300000000000002,
		0.0,
		0.0
	]
}
