{
	"effort" : [ 0.0, 0.0, 0.0, 0.0, 0.0, 0.0, -1.044 ],
	"position" : 
	[
		-0.48696431459881495,
		1.7745984235498267,
		-0.56515506508814117,
		1.1583575712558241,
		-0.97171206104759766,
		-0.58257345102304015,
		0.050700000000000002
	],
	"velocity" : [ 0.0, 0.0, 0.035999999999999997, -0.012999999999999999, 0.0, 0.0, 0.0 ]
}
