{
	"effort" : [ 0.0, 0.0, 0.0, 0.0, 0.0, 0.0, -1.046 ],
	"position" : 
	[
		-0.48670251521101582,
		1.7833774296873559,
		-0.57131607734767964,
		1.0403035006509573,
		-1.1142705543504585,
		-0.45493752282472705,
		0.043499999999999997
	],
	"velocity" : 
	[
		0.0080000000000000002,
		0.0,
		0.014,
		0.27200000000000002,
		-0.055,
		0.0,
		0.0
	]
}
