{
	"effort" : [ 0.0, 0.0, 0.0, 0.0, 0.0, 0.0, 0.105 ],
	"position" : 
	[
		-0.58793161182666143,
		1.7583843147988032,
		-0.64222880485619127,
		0.93153458166669822,
		-0.64800584468029099,
		-0.86207047743734155,
		0.0722
	],
	"velocity" : 
	[
		0.0,
		0.0,
		-0.042999999999999997,
		-0.14899999999999999,
		0.159,
		0.33100000000000002,
		0.0
	]
}
