{
	"effort" : [ 0.0, 0.0, 0.0, 0.0, 0.0, 0.0, -0.036999999999999998 ],
	"position" : 
	[
		-0.41620866672298268,
		0.93345444384389153,
		-0.34749505407198328,
		1.6319875703694058,
		-0.40830232521145032,
		-2.0211261803939631,
		0.0424
	],
	"velocity" : 
	[
		0.0,
		0.0,
		0.19900000000000001,
		-0.16800000000000001,
		0.20999999999999999,
		0.0,
		0.0
	]
}
