{
	"effort" : [ 0.0, 0.0, 0.0, 0.0, 0.0, 0.0, -1.042 ],
	"position" : 
	[
		-0.61432099011680907,
		1.6061566974398962,
		-0.41507420270918666,
		0.70083696113814609,
		-0.37721801123343918,
		-0.83634432426295147,
		0.054899999999999997
	],
	"velocity" : 
	[
		0.0,
		0.021000000000000001,
		0.067000000000000004,
		0.0,
		-0.40999999999999998,
		0.17199999999999999,
		0.0
	]
}
