{
	"effort" : [ 0.0, 0.0, 0.0, 0.0, 0.0, 0.0, -0.036999999999999998 ],
	"position" : 
	[
		-0.41620866672298268,
		0.93717199515063843,
		-0.54026666995470829,
		1.9486775631436968,
		-0.13372712728777178,
		-2.0211261803939631,
		0.0424
	],
	"velocity" : 
	[
		0.0080000000000000002,
		0.0,
		0.0,
		-0.38900000000000001,
		-0.36799999999999999,
		-0.11600000000000001,
		0.0
	]
}
