{
	"effort" : [ 0.0, 0.0, 0.0, 0.0, 0.0, 0.0, -0.058999999999999997 ],
	"position" : 
	[
		-0.46204101288034216,
		1.7745984235498267,
		-0.57136843722523944,
		1.1883074212200393,
		-1.0385232648139238,
		-0.55379297165766095,
		0.061400000000000003
	],
	"velocity" : [ 0.251, 0.0, 0.0, 0.185, 0.0, -0.0089999999999999993, 0.0 ]
}
