{
	"effort" : [ 0.0, 0.0, 0.0, 0.0, 0.0, 0.0, 0.029000000000000001 ],
	"position" : 
	[
		-0.41994367132224958,
		0.0037175513067469832,
		-0.12767083478335298,
		1.4511190999852792,
		0.0,
		-1.8915180301408971,
		0.0436
	],
	"velocity" : 
	[
		0.0,
		0.0,
		-0.28000000000000003,
		-1.0680000000000001,
		0.47099999999999997,
		0.0,
		0.0
	]
}
