{
	"effort" : [ 0.0, 0.0, 0.0, 0.0, 0.0, 0.0, -1.044 ],
	"position" : 
	[
		-0.52616440959859767,
		1.7723993086923142,
		-0.59262654751452493,
		0.95565503192925394,
		-0.97682587575593971,
		-0.55604444639273309,
		0.051299999999999998
	],
	"velocity" : 
	[
		-0.16500000000000001,
		0.0,
		0.0,
		-0.097000000000000003,
		0.222,
		0.0,
		0.0
	]
}
