{
	"effort" : [ 0.0, 0.0, 0.0, 0.0, 0.0, 0.0, 0.16 ],
	"position" : 
	[
		-0.59857812026382407,
		1.7809514220270841,
		-0.55251888130370541,
		0.78264054317909959,
		-0.78962186018707525,
		-0.47082001901787146,
		0.057000000000000002
	],
	"velocity" : 
	[
		-0.0080000000000000002,
		0.0,
		0.0,
		-0.56899999999999995,
		0.38900000000000001,
		0.0030000000000000001,
		0.0
	]
}
