{
	"effort" : [ 0.0, 0.0, 0.0, 0.0, 0.0, 0.0, -1.04 ],
	"position" : 
	[
		-0.62341415551969714,
		1.6457756714601575,
		-0.53157493027977876,
		0.70931926130283629,
		-0.39547415520929524,
		-0.77138316950373909,
		0.057000000000000002
	],
	"velocity" : 
	[
		-0.034000000000000002,
		-0.53300000000000003,
		0.089999999999999997,
		0.26600000000000001,
		1.0389999999999999,
		-0.067000000000000004,
		0.0
	]
}
