{
	"effort" : [ 0.0, 0.0, 0.0, 0.0, 0.0, 0.0, -0.025000000000000001 ],
	"position" : 
	[
		-0.41620866672298268,
		0.93345444384389153,
		-0.34573227152746949,
		1.6273799011441419,
		-0.40554470499330003,
		-2.0211261803939631,
		0.0424
	],
	"velocity" : [ 0.0, 0.0, 0.20100000000000001, -0.055, 0.14299999999999999, 0.0, 0.0 ]
}
