{
	"effort" : [ 0.0, 0.0, 0.0, 0.0, 0.0, 0.0, 0.050000000000000003 ],
	"position" : 
	[
		-0.58793161182666143,
		1.7583843147988032,
		-0.73223543438151617,
		1.0156943581978435,
		-0.49090875870832112,
		-1.0537425358913104,
		0.0722
	],
	"velocity" : 
	[
		0.0,
		0.0,
		0.0,
		-0.0089999999999999993,
		0.065000000000000002,
		0.13200000000000001,
		0.0
	]
}
