{
	"effort" : [ 0.0, 0.0, 0.0, 0.0, 0.0, 0.0, 0.124 ],
	"position" : 
	[
		-0.61432099011680907,
		1.2672137567026829,
		-0.39971530529164045,
		1.044178131590384,
		-0.34180528071048316,
		-0.58180550615216287,
		0.0722
	],
	"velocity" : [ 0.0, -0.28100000000000003, 0.035000000000000003, 0.0, 0.0, 0.0, 0.0 ]
}
