{
	"effort" : [ 0.0, 0.0, 0.0, 0.0, 0.0, 0.0, -0.062 ],
	"position" : 
	[
		-0.45532149526016574,
		1.7745984235498267,
		-0.57136843722523944,
		1.1921995054519858,
		-1.0385232648139238,
		-0.55379297165766095,
		0.061400000000000003
	],
	"velocity" : [ 0.23699999999999999, 0.0, 0.0, 0.075999999999999998, 0.0, 0.0, 0.0 ]
}
