{
	"effort" : [ 0.0, 0.0, 0.0, 0.0, 0.0, 0.0, 0.19500000000000001 ],
	"position" : 
	[
		-0.41994367132224958,
		0.0037175513067469832,
		-0.09428268619270988,
		1.5667820695149139,
		-0.029146998508297942,
		-1.8915180301408971,
		0.016899999999999998
	],
	"velocity" : 
	[
		0.0,
		0.0,
		-0.28000000000000003,
		-0.60399999999999998,
		0.46500000000000002,
		0.0,
		0.0
	]
}
