{
	"effort" : [ 0.0, 0.0, 0.0, 0.0, 0.0, 0.0, -1.044 ],
	"position" : 
	[
		-0.48466047998618295,
		1.7833774296873559,
		-0.56716219372793419,
		1.2117471930743171,
		-1.1475888897710218,
		-0.48478265303382262,
		0.043499999999999997
	],
	"velocity" : [ 0.0, 0.0, 0.068000000000000005, 0.0070000000000000001, 0.0, 0.13, 0.0 ]
}
