{
	"effort" : [ 0.0, 0.0, 0.0, 0.0, 0.0, 0.0, -1.044 ],
	"position" : 
	[
		-0.58159606664192354,
		1.7602867236834763,
		-0.73303828583743336,
		0.95457292779301761,
		-0.43587852739295385,
		-0.76194093825045206,
		0.0436
	],
	"velocity" : [ -0.024, 0.0, 0.0, 0.0, 0.113, 0.055, 0.0 ]
}
