{
	"effort" : [ 0.0, 0.0, 0.0, 0.0, 0.0, 0.0, -0.28499999999999998 ],
	"position" : 
	[
		-0.42683772186762542,
		1.7745984235498267,
		-0.56953584151064574,
		1.2405102191471764,
		-1.0449111698762215,
		-0.58351592881911685,
		0.061400000000000003
	],
	"velocity" : 
	[
		-0.32300000000000001,
		0.0,
		0.0,
		-0.084000000000000005,
		0.26000000000000001,
		-0.001,
		0.0
	]
}
