{
	"effort" : [ 0.0, 0.0, 0.0, 0.0, 0.0, 0.0, -0.034000000000000002 ],
	"position" : 
	[
		-0.41620866672298268,
		1.0122909661564554,
		-0.33541737564818558,
		1.5969413589893684,
		-0.46781805270444199,
		-1.9748924085086452,
		0.0424
	],
	"velocity" : 
	[
		0.0,
		0.65400000000000003,
		0.0,
		-0.23000000000000001,
		-0.14699999999999999,
		0.55700000000000005,
		0.0
	]
}
