{
	"effort" : [ 0.0, 0.0, 0.0, 0.0, 0.0, 0.0, -0.20100000000000001 ],
	"position" : 
	[
		-0.61432099011680907,
		0.0023212879051518723,
		-0.27817057618278601,
		0.58920570218061696,
		0.66861818314633881,
		-0.59121283082040987,
		-0.0028999999999999998
	],
	"velocity" : 
	[
		0.0,
		0.0,
		0.031,
		-0.12,
		-0.55900000000000005,
		-0.32400000000000001,
		0.0
	]
}
