{
	"effort" : [ 0.0, 0.0, 0.0, 0.0, 0.0, 0.0, 0.111 ],
	"position" : 
	[
		-0.43655920580123148,
		1.6370664784927078,
		-0.5004906163017675,
		1.1526503446018042,
		-0.71352550480014165,
		-1.2021653354808708,
		0.0722
	],
	"velocity" : 
	[
		-0.26300000000000001,
		0.443,
		-0.021000000000000001,
		-0.64800000000000002,
		-0.060999999999999999,
		1.056,
		0.0
	]
}
