{
	"effort" : [ 0.0, 0.0, 0.0, 0.0, 0.0, 0.0, -1.0469999999999999 ],
	"position" : 
	[
		-0.49984484447852978,
		1.7723993086923142,
		-0.59262654751452493,
		1.0255031085940491,
		-0.884794664298302,
		-0.55213490886826677,
		0.0516
	],
	"velocity" : 
	[
		0.0,
		0.0,
		-0.0080000000000000002,
		-0.42699999999999999,
		-0.070000000000000007,
		0.10100000000000001,
		0.0
	]
}
