{
	"effort" : [ 0.0, 0.0, 0.0, 0.0, 0.0, 0.0, 0.13200000000000001 ],
	"position" : 
	[
		-0.61432099011680907,
		0.37995817815906963,
		-0.36140532821037458,
		0.93547902577620445,
		-0.027872908154342405,
		-0.58180550615216287,
		0.0722
	],
	"velocity" : 
	[
		0.0,
		-1.2230000000000001,
		0.0,
		-0.61899999999999999,
		0.014999999999999999,
		0.0,
		0.0
	]
}
