{
	"effort" : [ 0.0, 0.0, 0.0, 0.0, 0.0, 0.0, -0.035000000000000003 ],
	"position" : 
	[
		-0.41620866672298268,
		0.94462455105665244,
		-0.33541737564818558,
		1.6000480450579175,
		-0.42250930532268055,
		-1.9995539108393188,
		0.0424
	],
	"velocity" : 
	[
		0.0,
		0.27900000000000003,
		-0.002,
		-0.001,
		-0.26600000000000001,
		0.001,
		0.0
	]
}
