{
	"effort" : [ 0.0, 0.0, 0.0, 0.0, 0.0, 0.0, 0.014999999999999999 ],
	"position" : 
	[
		-0.61432099011680907,
		0.15036011505927352,
		-0.36140532821037458,
		0.80817471013577036,
		0.062395520758781527,
		-0.58180550615216287,
		0.0722
	],
	"velocity" : 
	[
		0.0,
		-0.97299999999999998,
		0.0,
		-0.53300000000000003,
		0.92800000000000005,
		0.0,
		0.0
	]
}
