{
	"effort" : [ 0.0, 0.0, 0.0, 0.0, 0.0, 0.0, 0.153 ],
	"position" : 
	[
		-0.61432099011680907,
		1.4901970219374223,
		-0.40168752734639351,
		1.044178131590384,
		-0.40821505874885061,
		-0.58180550615216287,
		0.0722
	],
	"velocity" : [ 0.0, -0.111, 0.0, 0.0, 0.502, 0.0, 0.0 ]
}
