{
	"effort" : [ 0.0, 0.0, 0.0, 0.0, 0.0, 0.0, -1.0329999999999999 ],
	"position" : 
	[
		-0.62791710498984132,
		1.5999956851803578,
		-0.4893030557964867,
		0.73237506072167569,
		-0.29569368187280465,
		-0.8179136473618962,
		0.057099999999999998
	],
	"velocity" : 
	[
		0.036999999999999998,
		0.0,
		0.021000000000000001,
		-0.019,
		-0.191,
		0.0,
		0.0
	]
}
