{
	"effort" : [ 0.0, 0.0, 0.0, 0.0, 0.0, 0.0, 0.108 ],
	"position" : 
	[
		-0.41620866672298268,
		1.3389293356671119,
		-0.44390704195212571,
		1.3870480631445832,
		-0.63779566855612679,
		-1.4538592669109094,
		0.043400000000000001
	],
	"velocity" : 
	[
		0.0,
		0.80500000000000005,
		-0.44500000000000001,
		-0.13600000000000001,
		-0.58599999999999997,
		1.4950000000000001,
		0.0
	]
}
