{
	"effort" : [ 0.0, 0.0, 0.0, 0.0, 0.0, 0.0, 0.17999999999999999 ],
	"position" : 
	[
		-0.41620866672298268,
		1.558561568738023,
		-0.49974012472341017,
		1.2431456663176872,
		-0.7112216701875097,
		-1.2929399098770729,
		0.071499999999999994
	],
	"velocity" : 
	[
		0.0,
		0.54300000000000004,
		-0.029999999999999999,
		-0.53800000000000003,
		0.0,
		0.17000000000000001,
		0.0
	]
}
