{
	"effort" : [ 0.0, 0.0, 0.0, 0.0, 0.0, 0.0, -0.031 ],
	"position" : 
	[
		-0.41674971879110079,
		1.0313499615882289,
		-0.57531288133474556,
		1.8193486655709497,
		-0.29562386870272489,
		-1.9489568158240158,
		0.0424
	],
	"velocity" : 
	[
		0.019,
		-0.218,
		0.0,
		0.89900000000000002,
		0.16200000000000001,
		-0.38300000000000001,
		0.0
	]
}
