{
	"effort" : [ 0.0, 0.0, 0.0, 0.0, 0.0, 0.0, -1.044 ],
	"position" : 
	[
		-0.58444095332267354,
		1.7602867236834763,
		-0.73303828583743336,
		0.95659750972533053,
		-0.45734607719247861,
		-0.84953901340802529,
		0.045499999999999999
	],
	"velocity" : 
	[
		0.021999999999999999,
		0.0,
		0.0,
		-0.224,
		0.097000000000000003,
		0.68400000000000005,
		0.0
	]
}
