{
	"effort" : [ 0.0, 0.0, 0.0, 0.0, 0.0, 0.0, 0.113 ],
	"position" : 
	[
		-0.58793161182666143,
		1.7583843147988032,
		-0.62194807894802229,
		0.96853556180896871,
		-0.6851988110402808,
		-0.92427401197840375,
		0.0722
	],
	"velocity" : 
	[
		0.0,
		0.0,
		-0.155,
		-0.35799999999999998,
		0.34300000000000003,
		0.10100000000000001,
		0.0
	]
}
