{
	"effort" : [ 0.0, 0.0, 0.0, 0.0, 0.0, 0.0, -0.035000000000000003 ],
	"position" : 
	[
		-0.41994367132224958,
		1.0105805434895014,
		-0.54143604055354422,
		1.6132252809104715,
		-0.34934510307909677,
		-1.8931586396377713,
		0.0424
	],
	"velocity" : 
	[
		0.0,
		0.61499999999999999,
		-0.40300000000000002,
		0.58799999999999997,
		-0.0070000000000000001,
		-0.124,
		0.0
	]
}
