{
	"effort" : [ 0.0, 0.0, 0.0, 0.0, 0.0, 0.0, -0.071999999999999995 ],
	"position" : 
	[
		-0.41994367132224958,
		0.025935592684629191,
		-0.1840624229152755,
		1.3512862667712287,
		-0.024591689160593896,
		-1.8915180301408971,
		0.044999999999999998
	],
	"velocity" : 
	[
		0.0,
		0.54500000000000004,
		-0.42499999999999999,
		-0.021000000000000001,
		-0.57899999999999996,
		0.0,
		0.0
	]
}
