{
	"effort" : [ 0.0, 0.0, 0.0, 0.0, 0.0, 0.0, -0.27500000000000002 ],
	"position" : 
	[
		-0.60432025350288399,
		1.7809514220270841,
		-0.57047831930672244,
		0.69718922300147879,
		-0.62753313255440268,
		-0.43760640335242773,
		0.076799999999999993
	],
	"velocity" : 
	[
		0.0,
		0.0,
		-0.0050000000000000001,
		-0.0070000000000000001,
		0.034000000000000002,
		0.065000000000000002,
		0.0
	]
}
