{
	"effort" : [ 0.0, 0.0, 0.0, 0.0, 0.0, 0.0, -1.044 ],
	"position" : 
	[
		-0.59688515088938998,
		1.7809514220270841,
		-0.55251888130370541,
		0.8095535202448455,
		-0.80431753248886384,
		-0.47532296848801575,
		0.054100000000000002
	],
	"velocity" : [ 0.0, 0.0, 0.0, 0.0, 0.193, 0.0, 0.0 ]
}
