{
	"effort" : [ 0.0, 0.0, 0.0, 0.0, 0.0, 0.0, -1.0669999999999999 ],
	"position" : 
	[
		-0.55295521361670386,
		1.6979435628022546,
		-0.59068923204481172,
		0.66884507594909814,
		-0.49317768673591322,
		-0.57019906662640352,
		0.063200000000000006
	],
	"velocity" : 
	[
		-0.32700000000000001,
		0.0,
		0.0,
		-0.063,
		0.043999999999999997,
		-0.69899999999999995,
		0.0
	]
}
