{
	"effort" : [ 0.0, 0.0, 0.0, 0.0, 0.0, 0.0, 0.014 ],
	"position" : 
	[
		-0.61432099011680907,
		0.071680672379389021,
		-0.36140532821037458,
		0.75820593365118516,
		0.17320647496787353,
		-0.58180550615216287,
		0.0722
	],
	"velocity" : 
	[
		0.0,
		-0.84999999999999998,
		0.0,
		-0.40799999999999997,
		1.4299999999999999,
		0.0,
		0.0
	]
}
