{
	"effort" : [ 0.0, 0.0, 0.0, 0.0, 0.0, 0.0, -1.0389999999999999 ],
	"position" : 
	[
		-0.57185712941579769,
		1.7723993086923142,
		-0.59262654751452493,
		0.95198984050006663,
		-0.96600483439357765,
		-0.52434926717652408,
		0.050900000000000001
	],
	"velocity" : [ -0.23200000000000001, 0.0, 0.10199999999999999, 0.0, 0.0, 0.0, 0.0 ]
}
