{
	"effort" : [ 0.0, 0.0, 0.0, 0.0, 0.0, 0.0, -0.19800000000000001 ],
	"position" : 
	[
		-0.61432099011680907,
		0.0023212879051518723,
		-0.18158405537744421,
		0.63264694726274484,
		0.23739968485620874,
		-0.66270151698207957,
		-0.0028999999999999998
	],
	"velocity" : 
	[
		0.0,
		0.0,
		0.80000000000000004,
		0.0,
		-0.073999999999999996,
		-0.105,
		0.0
	]
}
