{
	"effort" : [ 0.0, 0.0, 0.0, 0.0, 0.0, 0.0, 0.049000000000000002 ],
	"position" : 
	[
		-0.58793161182666143,
		1.7583843147988032,
		-0.73223543438151617,
		1.0227978482534588,
		-0.49525462854578595,
		-1.055522771728344,
		0.0722
	],
	"velocity" : [ 0.0, 0.0, 0.0, -0.021000000000000001, 0.001, 0.0, 0.0 ]
}
