{
	"effort" : [ 0.0, 0.0, 0.0, 0.0, 0.0, 0.0, 0.016 ],
	"position" : 
	[
		-0.61432099011680907,
		0.20114919629229569,
		-0.36140532821037458,
		0.83718208230390867,
		0.018605209826254857,
		-0.58180550615216287,
		0.0722
	],
	"velocity" : 
	[
		0.0,
		-1.0589999999999999,
		0.0,
		-0.78800000000000003,
		0.71499999999999997,
		0.0,
		0.0
	]
}
