{
	"effort" : [ 0.0, 0.0, 0.0, 0.0, 0.0, 0.0, 0.012 ],
	"position" : 
	[
		-0.61432099011680907,
		0.13641493433584234,
		-0.36140532821037458,
		0.79977967643367964,
		0.070144782637634392,
		-0.58180550615216287,
		0.0722
	],
	"velocity" : [ 0.0, -0.98699999999999999, 0.0, -0.498, 1.052, 0.0, 0.0 ]
}
