{
	"effort" : [ 0.0, 0.0, 0.0, 0.0, 0.0, 0.0, -0.997 ],
	"position" : 
	[
		-0.62412974051301462,
		1.5999956851803578,
		-0.46884779696311835,
		0.72122240680143479,
		-0.32239721942831118,
		-0.82033965502216766,
		0.057000000000000002
	],
	"velocity" : 
	[
		0.025000000000000001,
		0.0,
		0.159,
		-0.092999999999999999,
		0.193,
		-0.14699999999999999,
		0.0
	]
}
