{
	"effort" : [ 0.0, 0.0, 0.0, 0.0, 0.0, 0.0, -0.51400000000000001 ],
	"position" : 
	[
		-0.41994367132224958,
		0.0037175513067469832,
		0.0,
		1.6711353054916285,
		0.059376101152832095,
		-1.7264273361947953,
		-0.0041999999999999997
	],
	"velocity" : [ 0.0, 0.0, 0.0, 0.0, -0.13800000000000001, -0.48099999999999998, 0.0 ]
}
