{
	"effort" : [ 0.0, 0.0, 0.0, 0.0, 0.0, 0.0, -0.036999999999999998 ],
	"position" : 
	[
		-0.41620866672298268,
		1.1012503981305841,
		-0.33541737564818558,
		1.5446687478921515,
		-0.48757517983701282,
		-1.8441847008268228,
		0.0424
	],
	"velocity" : 
	[
		0.0,
		0.76300000000000001,
		-0.049000000000000002,
		-0.65500000000000003,
		-0.153,
		1.4550000000000001,
		0.0
	]
}
