{
	"effort" : [ 0.0, 0.0, 0.0, 0.0, 0.0, 0.0, -0.037999999999999999 ],
	"position" : 
	[
		-0.41994367132224958,
		0.47457247690965831,
		-0.33693581209742024,
		1.4466510571001745,
		-0.13505357751928712,
		-1.8915180301408971,
		0.0424
	],
	"velocity" : 
	[
		0.0,
		1.8919999999999999,
		-0.56000000000000005,
		0.20499999999999999,
		-0.68799999999999994,
		0.0,
		0.0
	]
}
