{
	"effort" : [ 0.0, 0.0, 0.0, 0.0, 0.0, 0.0, 0.095000000000000001 ],
	"position" : 
	[
		-0.41620866672298268,
		1.4850483006440405,
		-0.49298570051819385,
		1.3052968409811896,
		-0.70856876972447891,
		-1.3076181288863415,
		0.064600000000000005
	],
	"velocity" : 
	[
		0.0,
		0.64200000000000002,
		-0.049000000000000002,
		-0.75700000000000001,
		-0.155,
		0.39600000000000002,
		0.0
	]
}
