{
	"effort" : [ 0.0, 0.0, 0.0, 0.0, 0.0, 0.0, -1.0489999999999999 ],
	"position" : 
	[
		-0.59644881857639165,
		1.7809514220270841,
		-0.56981509419096488,
		0.81348051106183161,
		-0.87538733963005488,
		-0.47532296848801575,
		0.054100000000000002
	],
	"velocity" : [ 0.0, 0.0, 0.0, -0.073999999999999996, 0.0, 0.0, 0.0 ]
}
