{
	"effort" : [ 0.0, 0.0, 0.0, 0.0, 0.0, 0.0, -1.0369999999999999 ],
	"position" : 
	[
		-0.47389179850138069,
		1.7833774296873559,
		-0.57051322589176245,
		1.0617710504504823,
		-1.1573627335821877,
		-0.45493752282472705,
		0.043499999999999997
	],
	"velocity" : 
	[
		0.0,
		0.0,
		0.001,
		0.021000000000000001,
		-0.052999999999999999,
		-0.057000000000000002,
		0.0
	]
}
