{
	"effort" : [ 0.0, 0.0, 0.0, 0.0, 0.0, 0.0, 0.045999999999999999 ],
	"position" : 
	[
		-0.58793161182666143,
		1.7583843147988032,
		-0.72424182640738421,
		0.9861110273765471,
		-0.49151962394651899,
		-1.0322575327992656,
		0.0722
	],
	"velocity" : 
	[
		-0.012,
		0.0,
		-0.085999999999999993,
		0.56499999999999995,
		0.0,
		-0.53600000000000003,
		0.0
	]
}
