{
	"effort" : [ 0.0, 0.0, 0.0, 0.0, 0.0, 0.0, -0.20100000000000001 ],
	"position" : 
	[
		-0.46780059941192204,
		1.7745984235498267,
		-0.56953584151064574,
		1.2253084013623097,
		-1.0076658436386718,
		-0.58531361794867065,
		0.0557
	],
	"velocity" : 
	[
		-0.23100000000000001,
		0.0,
		0.0,
		-0.185,
		0.182,
		-0.073999999999999996,
		0.0
	]
}
