{
	"effort" : [ 0.0, 0.0, 0.0, 0.0, 0.0, 0.0, -0.037999999999999999 ],
	"position" : 
	[
		-0.41994367132224958,
		1.0285923413700784,
		-0.55457836982105813,
		1.6396670190781788,
		-0.35177111073936829,
		-1.8931586396377713,
		0.0424
	],
	"velocity" : 
	[
		0.0,
		0.41099999999999998,
		-0.35999999999999999,
		0.79900000000000004,
		0.0,
		-0.014999999999999999,
		0.0
	]
}
