{
	"effort" : [ 0.0, 0.0, 0.0, 0.0, 0.0, 0.0, -1.0409999999999999 ],
	"position" : 
	[
		-0.61432099011680907,
		1.6020202671126706,
		-0.42121776167620512,
		0.70083696113814609,
		-0.34210198668332215,
		-0.83931138399134109,
		0.054899999999999997
	],
	"velocity" : [ 0.0, 0.001, 0.019, 0.0, -0.099000000000000005, 0.0, 0.0 ]
}
