{
	"effort" : [ 0.0, 0.0, 0.0, 0.0, 0.0, 0.0, -0.66500000000000004 ],
	"position" : 
	[
		-0.51296972045352385,
		1.7034937098235952,
		-0.58039178945804781,
		0.71931999791676127,
		-0.50104912166240567,
		-0.38981928843283509,
		0.078
	],
	"velocity" : 
	[
		0.0,
		0.0,
		-0.021999999999999999,
		-0.012999999999999999,
		0.0,
		-0.097000000000000003,
		0.0
	]
}
