{
	"effort" : [ 0.0, 0.0, 0.0, 0.0, 0.0, 0.0, -0.24399999999999999 ],
	"position" : 
	[
		-0.60086450158393612,
		1.7809514220270841,
		-0.56161204670659359,
		0.70464177890749269,
		-0.68683942053715508,
		-0.45481534977708754,
		0.076399999999999996
	],
	"velocity" : 
	[
		-0.0089999999999999993,
		0.0,
		-0.071999999999999995,
		0.0,
		0.40400000000000003,
		0.0,
		0.0
	]
}
