{
	"effort" : [ 0.0, 0.0, 0.0, 0.0, 0.0, 0.0, -1.0409999999999999 ],
	"position" : 
	[
		-0.4953244417158657,
		1.7723993086923142,
		-0.58735565317350347,
		1.1042523644440134,
		-0.86542150960116981,
		-0.55213490886826677,
		0.0516
	],
	"velocity" : 
	[
		-0.079000000000000001,
		0.0,
		-0.071999999999999995,
		-0.61499999999999999,
		-0.092999999999999999,
		0.0,
		0.0
	]
}
