{
	"effort" : [ 0.0, 0.0, 0.0, 0.0, 0.0, 0.0, -0.51300000000000001 ],
	"position" : 
	[
		-0.41994367132224958,
		0.0037175513067469832,
		-0.014276793281310011,
		1.6711353054916285,
		0.055361843873246157,
		-1.8556340607199024,
		-0.0041999999999999997
	],
	"velocity" : [ 0.0, 0.0, -0.24099999999999999, 0.0, 0.0, -0.44400000000000001, 0.0 ]
}
