{
	"effort" : [ 0.0, 0.0, 0.0, 0.0, 0.0, 0.0, 0.115 ],
	"position" : 
	[
		-0.58793161182666143,
		1.7545096838593768,
		-0.61021946637462332,
		1.00529219585596,
		-0.71382221077298058,
		-0.93078409008834084,
		0.0722
	],
	"velocity" : 
	[
		-0.048000000000000001,
		0.122,
		-0.223,
		-0.39300000000000002,
		0.38700000000000001,
		0.012999999999999999,
		0.0
	]
}
