{
	"effort" : [ 0.0, 0.0, 0.0, 0.0, 0.0, 0.0, -1.0429999999999999 ],
	"position" : 
	[
		-0.61432099011680907,
		1.614481917971907,
		-0.4095066023953261,
		0.86687013288032466,
		-0.42428954115971435,
		-0.72019266254275827,
		0.054899999999999997
	],
	"velocity" : 
	[
		0.0,
		0.0,
		0.0,
		0.40799999999999997,
		-0.095000000000000001,
		0.52500000000000002,
		0.0
	]
}
