{
	"effort" : [ 0.0, 0.0, 0.0, 0.0, 0.0, 0.0, -0.105 ],
	"position" : 
	[
		-0.58793161182666143,
		1.7583843147988032,
		-0.73223543438151617,
		0.99974204883461948,
		-0.47970374491052031,
		-1.0538996155239899,
		0.053199999999999997
	],
	"velocity" : [ 0.0, 0.0, 0.0, 0.0, 0.0, 0.067000000000000004, 0.0 ]
}
