{
	"effort" : [ 0.0, 0.0, 0.0, 0.0, 0.0, 0.0, -1.046 ],
	"position" : 
	[
		-0.62341415551969714,
		1.691328764937198,
		-0.53613023962748274,
		0.5988399196516232,
		-0.46862090416035923,
		-0.64598126274797818,
		0.056000000000000001
	],
	"velocity" : 
	[
		0.0,
		0.13600000000000001,
		0.0050000000000000001,
		0.0,
		-0.017000000000000001,
		0.021000000000000001,
		0.0
	]
}
