{
	"effort" : [ 0.0, 0.0, 0.0, 0.0, 0.0, 0.0, -0.069000000000000006 ],
	"position" : 
	[
		-0.39673079227073094,
		1.7745984235498267,
		-0.56953584151064574,
		1.254682292673367,
		-1.0750704593506757,
		-0.58168333310452336,
		0.061400000000000003
	],
	"velocity" : 
	[
		-0.26300000000000001,
		0.0,
		0.0,
		-0.035999999999999997,
		0.48499999999999999,
		0.0,
		0.0
	]
}
