{
	"effort" : [ 0.0, 0.0, 0.0, 0.0, 0.0, 0.0, -1.0600000000000001 ],
	"position" : 
	[
		-0.59253928105192533,
		1.7787697604620916,
		-0.57199675575595732,
		0.88114692616163481,
		-0.95733054801116801,
		-0.5023057587238412,
		0.051700000000000003
	],
	"velocity" : 
	[
		-0.028000000000000001,
		0.058000000000000003,
		0.072999999999999995,
		-0.14699999999999999,
		0.153,
		0.001,
		0.0
	]
}
