{
	"effort" : [ 0.0, 0.0, 0.0, 0.0, 0.0, 0.0, -0.034000000000000002 ],
	"position" : 
	[
		-0.41854740792065454,
		1.0447715435360618,
		-0.57074011869452157,
		1.6808567894252346,
		-0.34737288102434366,
		-1.8931586396377713,
		0.0424
	],
	"velocity" : 
	[
		0.0,
		0.113,
		-0.16600000000000001,
		0.68999999999999995,
		0.109,
		-0.001,
		0.0
	]
}
