{
	"effort" : [ 0.0, 0.0, 0.0, 0.0, 0.0, 0.0, -0.052999999999999999 ],
	"position" : 
	[
		-0.4787263605294037,
		1.7745984235498267,
		-0.57136843722523944,
		1.1817275299400223,
		-1.0385232648139238,
		-0.54028412324722819,
		0.061400000000000003
	],
	"velocity" : 
	[
		0.13900000000000001,
		0.0,
		0.017000000000000001,
		0.045999999999999999,
		0.0,
		-0.014999999999999999,
		0.0
	]
}
