{
	"effort" : [ 0.0, 0.0, 0.0, 0.0, 0.0, 0.0, 0.14199999999999999 ],
	"position" : 
	[
		-0.61432099011680907,
		0.96862282827156843,
		-0.36295867124464914,
		1.044178131590384,
		-0.33833207549901539,
		-0.58180550615216287,
		0.0722
	],
	"velocity" : [ 0.0, -0.70599999999999996, 0.0, 0.0, 0.22, 0.0, 0.0 ]
}
