{
	"effort" : [ 0.0, 0.0, 0.0, 0.0, 0.0, 0.0, -0.64200000000000002 ],
	"position" : 
	[
		-0.49408525794695002,
		1.7018705536192411,
		-0.5830272366285586,
		0.66313784929507802,
		-0.5404237495873877,
		-0.40938442934768654,
		0.078
	],
	"velocity" : [ 0.0, 0.0, -0.042999999999999997, 0.0, 0.20999999999999999, 0.0, 0.0 ]
}
