{
	"effort" : [ 0.0, 0.0, 0.0, 0.0, 0.0, 0.0, -0.995 ],
	"position" : 
	[
		-0.52693235446947495,
		1.6979435628022546,
		-0.59068923204481172,
		0.67079984471133125,
		-0.49541170817846536,
		-0.51637311249491191,
		0.071400000000000005
	],
	"velocity" : [ -0.22700000000000001, 0.0, 0.0, 0.0, 0.055, -0.59799999999999998, 0.0 ]
}
