{
	"effort" : [ 0.0, 0.0, 0.0, 0.0, 0.0, 0.0, -0.29099999999999998 ],
	"position" : 
	[
		-0.44162066063201372,
		1.7745984235498267,
		-0.56953584151064574,
		1.2386776234325829,
		-1.0315419478059482,
		-0.58351592881911685,
		0.060299999999999999
	],
	"velocity" : 
	[
		-0.32700000000000001,
		0.0,
		0.0,
		-0.040000000000000001,
		0.35199999999999998,
		0.0,
		0.0
	]
}
