{
	"effort" : [ 0.0, 0.0, 0.0, 0.0, 0.0, 0.0, -0.034000000000000002 ],
	"position" : 
	[
		-0.41994367132224958,
		0.62248913101614034,
		-0.38217474630910175,
		1.4615212623271627,
		-0.18912387774605782,
		-1.8915180301408971,
		0.0424
	],
	"velocity" : 
	[
		0.0,
		1.925,
		-0.66200000000000003,
		0.49399999999999999,
		-0.78800000000000003,
		0.0,
		0.0
	]
}
