{
	"effort" : [ 0.0, 0.0, 0.0, 0.0, 0.0, 0.0, -1.0429999999999999 ],
	"position" : 
	[
		-0.48670251521101582,
		1.7833774296873559,
		-0.57316612635479314,
		0.99827597226294462,
		-1.1073415972200427,
		-0.45493752282472705,
		0.0436
	],
	"velocity" : [ 0.0, 0.0, 0.0, 0.092999999999999999, 0.0, 0.0, 0.0 ]
}
