{
	"effort" : [ 0.0, 0.0, 0.0, 0.0, 0.0, 0.0, 0.104 ],
	"position" : 
	[
		-0.42530183212587086,
		1.6138012395636294,
		-0.49974012472341017,
		1.1853578147841697,
		-0.7112216701875097,
		-1.2477882421279909,
		0.0722
	],
	"velocity" : 
	[
		-0.16600000000000001,
		0.47699999999999998,
		0.0,
		-0.745,
		0.0,
		0.88200000000000001,
		0.0
	]
}
