{
	"effort" : [ 0.0, 0.0, 0.0, 0.0, 0.0, 0.0, -0.041000000000000002 ],
	"position" : 
	[
		-0.41620866672298268,
		0.93717199515063843,
		-0.54026666995470829,
		1.9489393625314961,
		-0.13379694045785154,
		-2.0211261803939631,
		0.0424
	],
	"velocity" : [ 0.0, 0.0, 0.0, -0.253, -0.36799999999999999, 0.189, 0.0 ]
}
