{
	"effort" : [ 0.0, 0.0, 0.0, 0.0, 0.0, 0.0, -1.0409999999999999 ],
	"position" : 
	[
		-0.58159606664192354,
		1.7602867236834763,
		-0.73303828583743336,
		0.94745198444488254,
		-0.43587852739295385,
		-0.75909605156970217,
		0.0436
	],
	"velocity" : 
	[
		-0.029000000000000001,
		0.0,
		0.0,
		-0.33900000000000002,
		0.124,
		0.122,
		0.0
	]
}
