{
	"effort" : [ 0.0, 0.0, 0.0, 0.0, 0.0, 0.0, -1.0429999999999999 ],
	"position" : 
	[
		-0.52482050607456232,
		1.778734853877052,
		-0.69200559512305704,
		0.78960440689455524,
		-0.62189571907046248,
		-0.66289350319979889,
		0.0436
	],
	"velocity" : 
	[
		0.221,
		0.027,
		0.45100000000000001,
		-0.052999999999999999,
		-1.5049999999999999,
		0.0,
		0.0
	]
}
