{
	"effort" : [ 0.0, 0.0, 0.0, 0.0, 0.0, 0.0, -1.044 ],
	"position" : 
	[
		-0.53859115387279421,
		1.7769371647474981,
		-0.73124059670787966,
		0.64112924742743516,
		-0.36770596681007256,
		-0.6647435522069125,
		0.0436
	],
	"velocity" : 
	[
		0.11700000000000001,
		0.0,
		0.0,
		-0.435,
		-0.012999999999999999,
		0.0,
		0.0
	]
}
