{
	"effort" : [ 0.0, 0.0, 0.0, 0.0, 0.0, 0.0, -0.64100000000000001 ],
	"position" : 
	[
		-0.49408525794695002,
		1.7018705536192411,
		-0.58477256588055249,
		0.66313784929507802,
		-0.5320985290553768,
		-0.40938442934768654,
		0.078
	],
	"velocity" : [ -0.002, 0.0, -0.055, 0.047, 0.224, 0.0, 0.0 ]
}
