{
	"effort" : [ 0.0, 0.0, 0.0, 0.0, 0.0, 0.0, -1.0449999999999999 ],
	"position" : 
	[
		-0.62341415551969714,
		1.740948475571384,
		-0.53990015081178955,
		0.59686769759687008,
		-0.53202871588529721,
		-0.67366218468460115,
		0.056899999999999999
	],
	"velocity" : 
	[
		0.021000000000000001,
		0.019,
		-0.069000000000000006,
		0.126,
		-0.0089999999999999993,
		-0.58399999999999996,
		0.0
	]
}
