{
	"effort" : [ 0.0, 0.0, 0.0, 0.0, 0.0, 0.0, -0.031 ],
	"position" : 
	[
		-0.41620866672298268,
		0.93345444384389153,
		-0.33541737564818558,
		1.6000480450579175,
		-0.40310124404050862,
		-2.0015086796015518,
		0.0424
	],
	"velocity" : 
	[
		0.0,
		0.041000000000000002,
		0.0,
		-0.049000000000000002,
		-0.21199999999999999,
		0.26200000000000001,
		0.0
	]
}
