{
	"effort" : [ 0.0, 0.0, 0.0, 0.0, 0.0, 0.0, -0.028000000000000001 ],
	"position" : 
	[
		-0.48289769744166922,
		1.7745984235498267,
		-0.56953584151064574,
		1.1908381486354305,
		-0.99574524484755345,
		-0.58951986144597579,
		0.057200000000000001
	],
	"velocity" : 
	[
		-0.042999999999999997,
		0.0,
		0.0,
		-0.35599999999999998,
		0.0070000000000000001,
		-0.001,
		0.0
	]
}
