{
	"effort" : [ 0.0, 0.0, 0.0, 0.0, 0.0, 0.0, 0.11600000000000001 ],
	"position" : 
	[
		-0.58793161182666143,
		1.7583843147988032,
		-0.6462256088432573,
		0.88776172402669162,
		-0.63344979871866203,
		-0.82650066728170613,
		0.0722
	],
	"velocity" : 
	[
		0.0,
		0.0,
		-0.029999999999999999,
		-0.084000000000000005,
		0.25600000000000001,
		-0.047,
		0.0
	]
}
