{
	"effort" : [ 0.0, 0.0, 0.0, 0.0, 0.0, 0.0, 0.13 ],
	"position" : 
	[
		-0.61432099011680907,
		1.614481917971907,
		-0.41126938493983994,
		1.0283130886897593,
		-0.43224824254880645,
		-0.58180550615216287,
		0.070199999999999999
	],
	"velocity" : [ 0.031, 0.0, 0.0, 0.087999999999999995, 0.0, 0.0, 0.0 ]
}
