{
	"effort" : [ 0.0, 0.0, 0.0, 0.0, 0.0, 0.0, -0.028000000000000001 ],
	"position" : 
	[
		-0.41620866672298268,
		0.93345444384389153,
		-0.3454006589695906,
		1.6294917495390544,
		-0.40498619963266203,
		-2.0211261803939631,
		0.0424
	],
	"velocity" : 
	[
		0.0,
		0.0,
		0.13700000000000001,
		-0.20699999999999999,
		0.14299999999999999,
		0.0,
		0.0
	]
}
