{
	"effort" : [ 0.0, 0.0, 0.0, 0.0, 0.0, 0.0, -0.037999999999999999 ],
	"position" : 
	[
		-0.41620866672298268,
		0.97330031066691214,
		-0.57531288133474556,
		1.9198098173157181,
		-0.26370179668375671,
		-2.0131325724198308,
		0.0424
	],
	"velocity" : 
	[
		0.0,
		-0.32600000000000001,
		-0.002,
		0.23699999999999999,
		0.0089999999999999993,
		-0.47699999999999998,
		0.0
	]
}
