{
	"effort" : [ 0.0, 0.0, 0.0, 0.0, 0.0, 0.0, 0.01 ],
	"position" : 
	[
		-0.61432099011680907,
		0.0023212879051518723,
		-0.3588920540875033,
		0.65289276658587403,
		0.48436377401334396,
		-0.58180550615216287,
		0.0722
	],
	"velocity" : 
	[
		0.0,
		0.0,
		0.043999999999999997,
		-0.087999999999999995,
		0.97499999999999998,
		0.0,
		0.0
	]
}
