{
	"effort" : [ 0.0, 0.0, 0.0, 0.0, 0.0, 0.0, -1.0469999999999999 ],
	"position" : 
	[
		-0.61432099011680907,
		1.614481917971907,
		-0.4095066023953261,
		0.98780399675098129,
		-0.42833870502434024,
		-0.58376027491439608,
		0.054899999999999997
	],
	"velocity" : 
	[
		0.0089999999999999993,
		0.0,
		-0.002,
		0.20300000000000001,
		-0.001,
		0.0,
		0.0
	]
}
