{
	"effort" : [ 0.0, 0.0, 0.0, 0.0, 0.0, 0.0, 0.14699999999999999 ],
	"position" : 
	[
		-0.61432099011680907,
		1.4924484966724945,
		-0.40165262076135372,
		1.044178131590384,
		-0.41983895156712997,
		-0.58180550615216287,
		0.0722
	],
	"velocity" : [ 0.0, -0.154, 0.023, 0.0, 0.44800000000000001, 0.0, 0.0 ]
}
