{
	"effort" : [ 0.0, 0.0, 0.0, 0.0, 0.0, 0.0, 0.017999999999999999 ],
	"position" : 
	[
		-0.61432099011680907,
		0.23151792527698936,
		-0.36140532821037458,
		0.85585710530024328,
		0.0,
		-0.58180550615216287,
		0.0722
	],
	"velocity" : [ 0.0, -1.089, 0.0, -0.623, 0.27600000000000002, 0.0, 0.0 ]
}
