{
	"effort" : [ 0.0, 0.0, 0.0, 0.0, 0.0, 0.0, -0.51200000000000001 ],
	"position" : 
	[
		-0.41994367132224958,
		0.0037175513067469832,
		-0.047054076633755243,
		1.6711353054916285,
		0.054628805587408721,
		-1.8794578050096191,
		-0.0041999999999999997
	],
	"velocity" : [ 0.0, 0.0, -0.16400000000000001, 0.0, 0.0, -0.0030000000000000001, 0.0 ]
}
