{
	"effort" : [ 0.0, 0.0, 0.0, 0.0, 0.0, 0.0, -1.0469999999999999 ],
	"position" : 
	[
		-0.53639203901528187,
		1.7769371647474981,
		-0.73124059670787966,
		0.77742200871563794,
		-0.46410050139769504,
		-0.6647435522069125,
		0.0436
	],
	"velocity" : 
	[
		0.0,
		0.0,
		0.0089999999999999993,
		0.56699999999999995,
		-0.67100000000000004,
		0.0,
		0.0
	]
}
