{
	"effort" : [ 0.0, 0.0, 0.0, 0.0, 0.0, 0.0, 0.14099999999999999 ],
	"position" : 
	[
		-0.61432099011680907,
		1.1622496554877704,
		-0.36295867124464914,
		1.0459409141348976,
		-0.43343506644016233,
		-0.58180550615216287,
		0.0722
	],
	"velocity" : [ 0.0, -0.48099999999999998, 0.0, 0.0, 0.113, 0.0, 0.0 ]
}
