{
	"effort" : [ 0.0, 0.0, 0.0, 0.0, 0.0, 0.0, -0.036999999999999998 ],
	"position" : 
	[
		-0.41620866672298268,
		0.94696329225432418,
		-0.33541737564818558,
		1.6000480450579175,
		-0.42596505724162848,
		-1.9995539108393188,
		0.0424
	],
	"velocity" : [ 0.0, 0.29299999999999998, 0.0, -0.019, -0.496, 0.0, 0.0 ]
}
