{
	"effort" : [ 0.0, 0.0, 0.0, 0.0, 0.0, 0.0, -1.04 ],
	"position" : 
	[
		-0.61653755826684131,
		1.6020202671126706,
		-0.42378339567663609,
		0.7028789963629789,
		-0.32936108314376672,
		-0.83931138399134109,
		0.054899999999999997
	],
	"velocity" : 
	[
		0.0050000000000000001,
		0.0,
		0.047,
		-0.001,
		-0.089999999999999997,
		0.0,
		0.0
	]
}
