{
	"effort" : [ 0.0, 0.0, 0.0, 0.0, 0.0, 0.0, -1.044 ],
	"position" : 
	[
		-0.53639203901528187,
		1.7769371647474981,
		-0.73124059670787966,
		0.74748961204394282,
		-0.43919465297174221,
		-0.6647435522069125,
		0.0436
	],
	"velocity" : 
	[
		0.0,
		0.0,
		0.0040000000000000001,
		0.76300000000000001,
		-0.72999999999999998,
		0.028000000000000001,
		0.0
	]
}
