{
	"effort" : [ 0.0, 0.0, 0.0, 0.0, 0.0, 0.0, 0.012999999999999999 ],
	"position" : 
	[
		-0.61432099011680907,
		0.004049163864625822,
		-0.36140532821037458,
		0.69661326434832083,
		0.38063885656734725,
		-0.58180550615216287,
		0.0722
	],
	"velocity" : 
	[
		0.012999999999999999,
		-0.066000000000000003,
		0.0,
		-0.161,
		1.079,
		0.0,
		0.0
	]
}
