{
	"effort" : [ 0.0, 0.0, 0.0, 0.0, 0.0, 0.0, -0.65900000000000003 ],
	"position" : 
	[
		-0.51296972045352385,
		1.7034937098235952,
		-0.58039178945804781,
		0.7269819933330145,
		-0.50104912166240567,
		-0.38402479531621536,
		0.078
	],
	"velocity" : [ 0.0, 0.0, 0.0, -0.055, 0.0, 0.0, 0.0 ]
}
