{
	"effort" : [ 0.0, 0.0, 0.0, 0.0, 0.0, 0.0, -0.19800000000000001 ],
	"position" : 
	[
		-0.61432099011680907,
		0.0023212879051518723,
		-0.18720401556886454,
		0.63264694726274484,
		0.23720769863848945,
		-0.66312039600255812,
		-0.0028999999999999998
	],
	"velocity" : 
	[
		0.0,
		0.0,
		0.79200000000000004,
		0.0,
		-0.082000000000000003,
		-0.060999999999999999,
		0.0
	]
}
