{
	"effort" : [ 0.0, 0.0, 0.0, 0.0, 0.0, 0.0, -0.039 ],
	"position" : 
	[
		-0.41620866672298268,
		0.93717199515063843,
		-0.55784213552228679,
		1.9530059796886419,
		-0.17264796960723547,
		-2.0251055310885091,
		0.0424
	],
	"velocity" : [ 0.0, 0.0, 0.17000000000000001, 0.023, 0.23899999999999999, 0.0, 0.0 ]
}
