{
	"effort" : [ 0.0, 0.0, 0.0, 0.0, 0.0, 0.0, -0.072999999999999995 ],
	"position" : 
	[
		-0.61432099011680907,
		0.0023212879051518723,
		-0.30276226534337997,
		0.59353411872556172,
		0.65252624744295518,
		-0.58180550615216287,
		-0.0001
	],
	"velocity" : [ 0.0, 0.0, 0.151, 0.0, 0.055, 0.001, 0.0 ]
}
