{
	"effort" : [ 0.0, 0.0, 0.0, 0.0, 0.0, 0.0, -0.54600000000000004 ],
	"position" : 
	[
		-0.52019538355677863,
		1.7057277312661474,
		-0.58039178945804781,
		0.7417474788048829,
		-0.55969218452940028,
		-0.37988836498898981,
		0.077700000000000005
	],
	"velocity" : 
	[
		0.049000000000000002,
		-0.044999999999999998,
		0.0,
		0.122,
		0.028000000000000001,
		0.0070000000000000001,
		0.0
	]
}
