{
	"effort" : [ 0.0, 0.0, 0.0, 0.0, 0.0, 0.0, -1.042 ],
	"position" : 
	[
		-0.50204395933604218,
		1.7723993086923142,
		-0.59262654751452493,
		0.97745419428665758,
		-0.97420788187794882,
		-0.55381042495018085,
		0.051400000000000001
	],
	"velocity" : 
	[
		-0.14599999999999999,
		0.0,
		0.0,
		-0.13600000000000001,
		-0.441,
		0.019,
		0.0
	]
}
