{
	"effort" : [ 0.0, 0.0, 0.0, 0.0, 0.0, 0.0, 0.113 ],
	"position" : 
	[
		-0.58793161182666143,
		1.7583843147988032,
		-0.63708008356280932,
		0.93849844538215388,
		-0.65202010195987692,
		-0.88521354331878055,
		0.0722
	],
	"velocity" : 
	[
		0.019,
		0.0,
		-0.108,
		-0.22,
		0.19900000000000001,
		0.68799999999999994,
		0.0
	]
}
