{
	"effort" : [ 0.0, 0.0, 0.0, 0.0, 0.0, 0.0, -0.92900000000000005 ],
	"position" : 
	[
		-0.49590040036902361,
		1.6979435628022546,
		-0.59006091351409395,
		0.66313784929507802,
		-0.51511647543347638,
		-0.41407936503555021,
		0.078
	],
	"velocity" : 
	[
		-0.0030000000000000001,
		-0.023,
		-0.0030000000000000001,
		0.014999999999999999,
		0.13,
		-0.043999999999999997,
		0.0
	]
}
