{
	"effort" : [ 0.0, 0.0, 0.0, 0.0, 0.0, 0.0, -1.044 ],
	"position" : 
	[
		-0.62865014327567881,
		1.6019679072351107,
		-0.52996922736794438,
		0.73691291677685977,
		-0.28300513821080908,
		-0.77133080962617939,
		0.057000000000000002
	],
	"velocity" : 
	[
		-0.029000000000000001,
		-0.014999999999999999,
		0.0,
		0.029999999999999999,
		0.191,
		0.0,
		0.0
	]
}
