{
	"effort" : [ 0.0, 0.0, 0.0, 0.0, 0.0, 0.0, -0.76900000000000002 ],
	"position" : 
	[
		-0.48696431459881495,
		1.7745984235498267,
		-0.56953584151064574,
		1.164134611079924,
		-0.97171206104759766,
		-0.58951986144597579,
		0.054100000000000002
	],
	"velocity" : [ 0.0, 0.0, 0.047, -0.13600000000000001, 0.0, 0.0, 0.0 ]
}
