{
	"effort" : [ 0.0, 0.0, 0.0, 0.0, 0.0, 0.0, 0.080000000000000002 ],
	"position" : 
	[
		-0.48703412776889465,
		1.7761517665841009,
		-0.56674331470745554,
		1.1728438040473734,
		-1.1376056064496169,
		-0.46677085515324562,
		0.060999999999999999
	],
	"velocity" : 
	[
		0.0,
		0.0,
		-0.019,
		-0.085999999999999993,
		0.0,
		0.0089999999999999993,
		0.0
	]
}
