{
	"effort" : [ 0.0, 0.0, 0.0, 0.0, 0.0, 0.0, -0.065000000000000002 ],
	"position" : 
	[
		-0.47321112009310307,
		1.7745984235498267,
		-0.57136843722523944,
		1.1840313645526543,
		-1.0385232648139238,
		-0.54946455511271608,
		0.061400000000000003
	],
	"velocity" : [ 0.111, 0.0, 0.0, 0.12, 0.0, -0.441, 0.0 ]
}
