{
	"effort" : [ 0.0, 0.0, 0.0, 0.0, 0.0, 0.0, -1.0489999999999999 ],
	"position" : 
	[
		-0.62037728262122782,
		1.6020202671126706,
		-0.44600143705451839,
		0.70818479728904038,
		-0.29801496977795655,
		-0.83763586790942712,
		0.054899999999999997
	],
	"velocity" : 
	[
		0.074999999999999997,
		0.0,
		0.25800000000000001,
		-0.185,
		0.35999999999999999,
		-0.34100000000000003,
		0.0
	]
}
