{
	"effort" : [ 0.0, 0.0, 0.0, 0.0, 0.0, 0.0, -0.041000000000000002 ],
	"position" : 
	[
		-0.48703412776889465,
		1.7761517665841009,
		-0.56674331470745554,
		1.1775910996127967,
		-1.1376056064496169,
		-0.46677085515324562,
		0.060900000000000003
	],
	"velocity" : [ 0.0, 0.0, 0.0, -0.19500000000000001, 0.0, 0.070000000000000007, 0.0 ]
}
