{
	"effort" : [ 0.0, 0.0, 0.0, 0.0, 0.0, 0.0, 0.109 ],
	"position" : 
	[
		-0.58793161182666143,
		1.7583843147988032,
		-0.64461990593142282,
		0.92176073785553259,
		-0.64545766397238002,
		-0.838264186440145,
		0.0722
	],
	"velocity" : 
	[
		0.0,
		0.0,
		-0.049000000000000002,
		-0.216,
		0.091999999999999998,
		0.155,
		0.0
	]
}
