{
	"effort" : [ 0.0, 0.0, 0.0, 0.0, 0.0, 0.0, -1.0489999999999999 ],
	"position" : 
	[
		-0.62341415551969714,
		1.729848181528703,
		-0.53794538204955644,
		0.59266145409956483,
		-0.51185270973224783,
		-0.64273495033926953,
		0.056000000000000001
	],
	"velocity" : 
	[
		0.0050000000000000001,
		0.29399999999999998,
		-0.01,
		-0.045999999999999999,
		-0.45200000000000001,
		-0.019,
		0.0
	]
}
