{
	"effort" : [ 0.0, 0.0, 0.0, 0.0, 0.0, 0.0, -0.035999999999999997 ],
	"position" : 
	[
		-0.41620866672298268,
		0.93345444384389153,
		-0.35857789482214447,
		1.6469624953515134,
		-0.41318924711703325,
		-2.0211261803939631,
		0.0424
	],
	"velocity" : 
	[
		0.0,
		0.0,
		0.22800000000000001,
		-0.52500000000000002,
		0.40799999999999997,
		0.0,
		0.0
	]
}
