{
	"effort" : [ 0.0, 0.0, 0.0, 0.0, 0.0, 0.0, -1.0409999999999999 ],
	"position" : 
	[
		-0.62341415551969714,
		1.6909622457942795,
		-0.54833009109892017,
		0.60494857203360186,
		-0.45875979388659371,
		-0.65404468389218984,
		0.056000000000000001
	],
	"velocity" : 
	[
		0.0,
		-0.040000000000000001,
		0.14799999999999999,
		-0.021000000000000001,
		-0.001,
		0.10299999999999999,
		0.0
	]
}
