{
	"effort" : [ 0.0, 0.0, 0.0, 0.0, 0.0, 0.0, -1.0449999999999999 ],
	"position" : 
	[
		-0.47767916297820745,
		1.7833774296873559,
		-0.56897733615000778,
		1.1079873690432804,
		-1.1724598316119348,
		-0.45493752282472705,
		0.043499999999999997
	],
	"velocity" : [ -0.14299999999999999, 0.0, 0.0, 0.57699999999999996, -0.128, 0.0, 0.0 ]
}
