{
	"effort" : [ 0.0, 0.0, 0.0, 0.0, 0.0, 0.0, -1.042 ],
	"position" : 
	[
		-0.63367669152142125,
		1.6019679072351107,
		-0.5134060527665224,
		0.74694855997582454,
		-0.26822219944642084,
		-0.81557490616422434,
		0.057000000000000002
	],
	"velocity" : [ 0.014, 0.0, 0.13600000000000001, -0.115, -0.047, 0.0, 0.0 ]
}
