{
	"effort" : [ 0.0, 0.0, 0.0, 0.0, 0.0, 0.0, -0.33600000000000002 ],
	"position" : 
	[
		-0.60140555365205417,
		1.7788570269246915,
		-0.57655206510366119,
		0.68827059052379014,
		-0.604355160087924,
		-0.4158945074576238,
		0.076899999999999996
	],
	"velocity" : 
	[
		0.069000000000000006,
		-0.089999999999999997,
		-0.014999999999999999,
		0.0,
		0.107,
		0.0070000000000000001,
		0.0
	]
}
