{
	"effort" : [ 0.0, 0.0, 0.0, 0.0, 0.0, 0.0, -0.19600000000000001 ],
	"position" : 
	[
		-0.61432099011680907,
		0.0023212879051518723,
		-0.22530455313989112,
		0.63255968080014524,
		0.24445081503426408,
		-0.66043258895448764,
		-0.0028999999999999998
	],
	"velocity" : 
	[
		0.0,
		0.0,
		0.69499999999999995,
		0.107,
		-0.17000000000000001,
		-0.001,
		0.0
	]
}
