{
	"effort" : [ 0.0, 0.0, 0.0, 0.0, 0.0, 0.0, -0.51300000000000001 ],
	"position" : 
	[
		-0.41994367132224958,
		0.0037175513067469832,
		0.0,
		1.6711353054916285,
		0.057735491655957843,
		-1.7393427726595496,
		-0.0041999999999999997
	],
	"velocity" : [ 0.0, 0.0, 0.0, 0.0, -0.042000000000000003, -0.33900000000000002, 0.0 ]
}
