{
	"effort" : [ 0.0, 0.0, 0.0, 0.0, 0.0, 0.0, 0.098000000000000004 ],
	"position" : 
	[
		-0.58793161182666143,
		1.7583843147988032,
		-0.64461990593142282,
		0.92542592928471978,
		-0.64832000394564993,
		-0.84294166883548849,
		0.0722
	],
	"velocity" : [ 0.0, 0.0, -0.014999999999999999, -0.019, 0.0, 0.124, 0.0 ]
}
