{
	"effort" : [ 0.0, 0.0, 0.0, 0.0, 0.0, 0.0, 0.113 ],
	"position" : 
	[
		-0.58793161182666143,
		1.7583843147988032,
		-0.65516169461346596,
		0.87821477301828499,
		-0.58918824888809707,
		-0.83985243605945925,
		0.0722
	],
	"velocity" : 
	[
		0.028000000000000001,
		0.0,
		-0.094,
		-0.084000000000000005,
		0.57999999999999996,
		-0.182,
		0.0
	]
}
