{
	"effort" : [ 0.0, 0.0, 0.0, 0.0, 0.0, 0.0, -1.0409999999999999 ],
	"position" : 
	[
		-0.62788219840480153,
		1.5999956851803578,
		-0.4893030557964867,
		0.7317292888984378,
		-0.29909707391419271,
		-0.8179136473618962,
		0.057099999999999998
	],
	"velocity" : 
	[
		0.024,
		0.0,
		0.042999999999999997,
		-0.014999999999999999,
		-0.253,
		0.0,
		0.0
	]
}
