{
	"effort" : [ 0.0, 0.0, 0.0, 0.0, 0.0, 0.0, 0.11600000000000001 ],
	"position" : 
	[
		-0.58793161182666143,
		1.7583843147988032,
		-0.6879738845509511,
		0.87233301343906566,
		-0.50954887511961588,
		-0.93540921260612475,
		0.0722
	],
	"velocity" : 
	[
		0.0,
		0.0,
		-0.216,
		0.069000000000000006,
		0.017000000000000001,
		-0.22,
		0.0
	]
}
