{
	"effort" : [ 0.0, 0.0, 0.0, 0.0, 0.0, 0.0, -0.071999999999999995 ],
	"position" : 
	[
		-0.40926225630004703,
		1.7745984235498267,
		-0.57136843722523944,
		1.2227253140693588,
		-1.0465168727880558,
		-0.55655059187581135,
		0.061400000000000003
	],
	"velocity" : 
	[
		0.25600000000000001,
		0.0,
		0.0050000000000000001,
		0.080000000000000002,
		-0.441,
		-0.001,
		0.0
	]
}
