{
	"effort" : [ 0.0, 0.0, 0.0, 0.0, 0.0, 0.0, -1.0429999999999999 ],
	"position" : 
	[
		-0.48204248610819217,
		1.7833774296873559,
		-0.57051322589176245,
		1.047302270951453,
		-1.1222467090320705,
		-0.45493752282472705,
		0.043499999999999997
	],
	"velocity" : 
	[
		0.071999999999999995,
		0.0,
		0.001,
		0.001,
		-0.13900000000000001,
		-0.001,
		0.0
	]
}
