{
	"effort" : [ 0.0, 0.0, 0.0, 0.0, 0.0, 0.0, -0.622 ],
	"position" : 
	[
		-0.51543063469883521,
		1.7034937098235952,
		-0.58039178945804781,
		0.74214890453284144,
		-0.5077860925751021,
		-0.37800340939683647,
		0.078
	],
	"velocity" : 
	[
		0.014,
		-0.0040000000000000001,
		0.0,
		0.0,
		0.0050000000000000001,
		0.0,
		0.0
	]
}
