{
	"effort" : [ 0.0, 0.0, 0.0, 0.0, 0.0, 0.0, -0.61899999999999999 ],
	"position" : 
	[
		-0.518083535161866,
		1.7034937098235952,
		-0.58039178945804781,
		0.75071847116013135,
		-0.53049282614354254,
		-0.37800340939683647,
		0.078
	],
	"velocity" : [ 0.0, 0.0, 0.025999999999999999, 0.0, 0.182, 0.014999999999999999, 0.0 ]
}
