{
	"effort" : [ 0.0, 0.0, 0.0, 0.0, 0.0, 0.0, -0.19800000000000001 ],
	"position" : 
	[
		-0.61432099011680907,
		0.0023212879051518723,
		-0.27855454861822471,
		0.59130009728300958,
		0.68080058132525623,
		-0.58180550615216287,
		-0.0028
	],
	"velocity" : 
	[
		0.0,
		0.0,
		0.057000000000000002,
		-0.019,
		0.0030000000000000001,
		0.0,
		0.0
	]
}
