{
	"effort" : [ 0.0, 0.0, 0.0, 0.0, 0.0, 0.0, -1.0449999999999999 ],
	"position" : 
	[
		-0.59065432545977181,
		1.7723993086923142,
		-0.58019980324032849,
		0.93446673481004805,
		-0.95733054801116801,
		-0.50949651524205608,
		0.050900000000000001
	],
	"velocity" : 
	[
		-0.002,
		0.014,
		0.028000000000000001,
		-0.51500000000000001,
		0.0,
		0.16800000000000001,
		0.0
	]
}
