{
	"effort" : [ 0.0, 0.0, 0.0, 0.0, 0.0, 0.0, -0.035999999999999997 ],
	"position" : 
	[
		-0.41620866672298268,
		0.93717199515063843,
		-0.5450314188126516,
		1.9570725968457876,
		-0.14667747033756642,
		-2.0251055310885091,
		0.0424
	],
	"velocity" : [ 0.0, 0.0, 0.047, 0.0, 0.23300000000000001, 0.0, 0.0 ]
}
